{
  "type": "FeatureCollection",
  "name": "map",
  "crs": {
    "type": "name",
    "properties": {
      "name": "urn:ogc:def:crs:OGC:1.3:CRS84"
    }
  },
  "features": [
    {
      "type": "Feature",
      "properties": {
        "district_id": "3578010",
        "province": "Jawa Timur",
        "regency": "Surabaya",
        "district": "Karang Pilang",
        "pria": 37291,
        "wanita": 38212,
        "total_penduduk": 75503
      },
      "geometry": {
        "type": "Polygon",
        "coordinates": [[[112.69914680000011, -7.340676599999938], [112.6992034000001, -7.340621299999952], [112.69946830000004, -7.340354399999967], [112.69947470000011, -7.340348], [112.7005385000001, -7.339276199999972], [112.70063440000001, -7.33922119999994], [112.70112180000001, -7.338941899999952], [112.701126, -7.338939499999981], [112.70261370000003, -7.338115499999958], [112.702932, -7.337834399999963], [112.70312110000009, -7.33766739999993], [112.70371240000009, -7.337145199999952], [112.70372850000001, -7.337128799999959], [112.70375810000007, -7.337098699999956], [112.70404240000005, -7.336809699999947], [112.70459470000003, -7.336248399999931], [112.70461000000012, -7.33623], [112.7046600000001, -7.33617], [112.70467470000006, -7.336152799999979], [112.70472, -7.3361], [112.70478790000004, -7.336012699999969], [112.70479000000012, -7.33601], [112.7048400000001, -7.33594], [112.70489, -7.33588], [112.7049300000001, -7.33583], [112.70498, -7.33577], [112.70503, -7.33571], [112.70507, -7.33566], [112.7051100000001, -7.33561], [112.70515000000012, -7.33556], [112.70519, -7.33551], [112.70524000000012, -7.33545], [112.70528, -7.3354], [112.70533000000012, -7.33534], [112.70537, -7.33529], [112.70541, -7.33524], [112.70545, -7.33519], [112.70548, -7.33514], [112.70551000000012, -7.33509], [112.70552050000003, -7.335077399999932], [112.7055600000001, -7.33503], [112.70562, -7.33495], [112.7056318000001, -7.334928799999943], [112.70563670000001, -7.334919899999932], [112.70567, -7.33486], [112.70573, -7.33478], [112.70577, -7.33471], [112.70582, -7.33465], [112.70588, -7.33456], [112.70593, -7.33448], [112.70599, -7.3344], [112.70605, -7.33432], [112.70609, -7.33425], [112.70612, -7.3342], [112.70615, -7.33415], [112.7061900000001, -7.3341], [112.70623, -7.33404], [112.70627, -7.33398], [112.70631, -7.33391], [112.70635, -7.33384], [112.7064, -7.33378], [112.70644, -7.33371], [112.70648, -7.33364], [112.70652, -7.33357], [112.70656, -7.3335], [112.7066, -7.33343], [112.7066400000001, -7.33336], [112.70668, -7.33329], [112.7067300000001, -7.33321], [112.70675140000003, -7.333172599999955], [112.70677, -7.33314], [112.70681, -7.33306], [112.7068461, -7.333002199999953], [112.70686, -7.33298], [112.70691000000011, -7.3329], [112.70695, -7.33281], [112.70700000000011, -7.33273], [112.70705, -7.33265], [112.70709250000004, -7.332582], [112.7071, -7.33257], [112.70710570000006, -7.33255859999997], [112.70714, -7.33249], [112.70718000000011, -7.33242], [112.70722, -7.33235], [112.70726, -7.33229], [112.7073, -7.33223], [112.70733, -7.33218], [112.70735760000002, -7.332134], [112.70736000000011, -7.33213], [112.7074, -7.33208], [112.70745000000011, -7.33201], [112.70752, -7.33192], [112.7076, -7.33183], [112.70768, -7.33174], [112.70775, -7.33167], [112.70779, -7.33162], [112.70784, -7.33157], [112.70789, -7.33152], [112.70794, -7.33146], [112.708, -7.33141], [112.70803920000003, -7.331370799999945], [112.70806, -7.33135], [112.70812, -7.33128], [112.70816030000003, -7.331245499999966], [112.70819, -7.33122], [112.70827, -7.33115], [112.70835000000011, -7.33107], [112.70844000000011, -7.33099], [112.70853000000011, -7.33091], [112.70863, -7.33083], [112.7086842000001, -7.330781799999954], [112.70872, -7.33075], [112.70881, -7.33067], [112.70889000000011, -7.3306], [112.70897, -7.33053], [112.70905, -7.33047], [112.70911, -7.33041], [112.70917, -7.33036], [112.70922, -7.33031], [112.70927, -7.33026], [112.70932, -7.33022], [112.71000650000008, -7.32945559999996], [112.7102900000001, -7.32914], [112.71030240000005, -7.329106499999966], [112.71034730000008, -7.328985199999977], [112.71049, -7.3286], [112.71045680000009, -7.327711199999953], [112.7104485000001, -7.327488799999969], [112.71044, -7.32726], [112.71038620000002, -7.326869199999976], [112.7103598000001, -7.326677399999937], [112.71028950000004, -7.326167], [112.71021, -7.32559], [112.71019070000011, -7.325261499999954], [112.71018, -7.32508], [112.71016050000003, -7.324742399999934], [112.7101100000001, -7.32387], [112.71011070000009, -7.323863199999948], [112.71014, -7.32358], [112.71021040000005, -7.322735799999975], [112.71026, -7.32214], [112.71041330000003, -7.32137819999997], [112.71052530000009, -7.320822], [112.71053630000006, -7.320767199999977], [112.71058, -7.32055], [112.71060940000007, -7.320452299999943], [112.7107181, -7.320091599999955], [112.7108912000001, -7.31951719999995], [112.71097590000011, -7.319236099999955], [112.71102270000006, -7.319080499999927], [112.71105000000011, -7.31899], [112.7110695, -7.318874199999925], [112.7112, -7.3181], [112.71120250000001, -7.318038499999943], [112.71121170000004, -7.317807499999958], [112.7112317000001, -7.317306899999949], [112.71125770000003, -7.316656799999976], [112.7112800000001, -7.3161], [112.71128640000006, -7.315901699999927], [112.711287, -7.315882299999942], [112.71132160000002, -7.314811199999951], [112.71133940000004, -7.314259799999945], [112.71134, -7.31424], [112.71134330000007, -7.313747], [112.71134530000006, -7.313455699999963], [112.71135, -7.31275], [112.71133180000004, -7.312750599999958], [112.71132470000009, -7.312750899999969], [112.7096696000001, -7.312809], [112.70964, -7.31281], [112.70938, -7.31278], [112.7092838000001, -7.312772], [112.70926, -7.31277], [112.70919, -7.31277], [112.7091, -7.31283], [112.70893340000009, -7.312820199999976], [112.70893, -7.31282], [112.70849810000004, -7.312808599999926], [112.70779, -7.31279], [112.7077, -7.31279], [112.70709650000003, -7.312817699999925], [112.70684460000007, -7.312829299999976], [112.70683, -7.31283], [112.7066, -7.31286], [112.70623, -7.3129], [112.70588820000012, -7.312934699999971], [112.70554, -7.31297], [112.70538350000004, -7.312994699999933], [112.70535, -7.313], [112.70477040000003, -7.313074499999971], [112.70474, -7.313756199999943], [112.7045002000001, -7.313758], [112.70384130000002, -7.313763], [112.70377750000011, -7.313763], [112.70377320000011, -7.313763], [112.70378270000003, -7.313931399999944], [112.70379360000004, -7.31412389999997], [112.703777, -7.31412389999997], [112.7033034000001, -7.31412389999997], [112.70317410000007, -7.314157899999941], [112.70316730000002, -7.314620899999966], [112.70279280000011, -7.314791099999979], [112.70272470000009, -7.314838699999939], [112.70278740000003, -7.315177399999925], [112.70279280000011, -7.315206399999965], [112.7026591, -7.315264499999955], [112.70263620000003, -7.31527449999993], [112.70231550000005, -7.315284299999973], [112.70165630000008, -7.315304499999968], [112.70164710000006, -7.315304799999979], [112.70162, -7.31535], [112.70159, -7.3154], [112.70156, -7.31545], [112.70153, -7.3155], [112.7015, -7.31555], [112.70147, -7.3156], [112.70143, -7.31566], [112.7014, -7.31571], [112.70137000000011, -7.31577], [112.70134, -7.31583], [112.7013, -7.31589], [112.70128530000011, -7.315919299999962], [112.70127, -7.31595], [112.70123, -7.31601], [112.70119000000011, -7.31607], [112.70116, -7.31613], [112.70112, -7.31619], [112.70108, -7.31626], [112.70104, -7.31632], [112.70101000000011, -7.31638], [112.70097, -7.31644], [112.70094, -7.31649], [112.70091, -7.31655], [112.70088, -7.3166], [112.70084, -7.31668], [112.70079, -7.31675], [112.70076, -7.31681], [112.70072, -7.31688], [112.70069, -7.31694], [112.70065000000011, -7.317], [112.70062, -7.31705], [112.70058, -7.31711], [112.70053, -7.31719], [112.70048, -7.31728], [112.70043910000004, -7.31733719999994], [112.70043, -7.31735], [112.7004, -7.31742], [112.70034, -7.31751], [112.70028, -7.3176], [112.70024, -7.31766], [112.70021880000002, -7.317697099999975], [112.70020000000011, -7.31773], [112.70017, -7.31779], [112.70013, -7.31784], [112.70009, -7.31791], [112.70005, -7.31798], [112.70002000000011, -7.31804], [112.69998, -7.31811], [112.69994, -7.31819], [112.6999, -7.31824], [112.69987, -7.31829], [112.69983, -7.31836], [112.69977, -7.31842], [112.6997689000001, -7.318421599999965], [112.69972, -7.31849], [112.69967, -7.31855], [112.69963, -7.3186], [112.6996, -7.31865], [112.69956, -7.3187], [112.69952, -7.31875], [112.6995088000001, -7.318763899999965], [112.69948000000011, -7.3188], [112.69944, -7.31885], [112.6994, -7.3189], [112.69935, -7.31896], [112.69928, -7.31904], [112.69922, -7.31911], [112.69918, -7.31916], [112.69914, -7.31922], [112.69908, -7.3193], [112.69906650000007, -7.319313499999964], [112.69905870000002, -7.319321299999956], [112.699, -7.31938], [112.69893, -7.31946], [112.69893, -7.31955], [112.69897, -7.31965], [112.69891, -7.32005], [112.69884, -7.32063], [112.69878, -7.32105], [112.69866, -7.322], [112.69863, -7.32206], [112.69855, -7.32204], [112.6984000000001, -7.32199], [112.69815, -7.32189], [112.69806, -7.32202], [112.69799, -7.32218], [112.69790000000012, -7.32249], [112.69776, -7.32317], [112.69766, -7.32369], [112.69765550000011, -7.323696799999937], [112.6976, -7.32378], [112.69737, -7.32374], [112.69704, -7.32365], [112.69686980000006, -7.323604499999931], [112.69603, -7.32338], [112.69531, -7.32319], [112.69421000000011, -7.32291], [112.69384, -7.3228], [112.69345, -7.32272], [112.69287, -7.32261], [112.69280640000011, -7.322609199999931], [112.69206, -7.3226], [112.69149, -7.32251], [112.69096, -7.32241], [112.69075350000003, -7.322379199999943], [112.69072470000003, -7.322528499999976], [112.69072430000006, -7.322528499999976], [112.69060390000004, -7.322932499999979], [112.69055060000005, -7.323111499999925], [112.69030250000003, -7.324314799999968], [112.69034340000007, -7.324323699999979], [112.69118950000006, -7.324507099999948], [112.69119180000007, -7.324492299999974], [112.6912324000001, -7.324237599999947], [112.69125770000005, -7.324079099999949], [112.69127070000002, -7.324081099999944], [112.6919845000001, -7.324190899999962], [112.692622, -7.324289], [112.69263290000004, -7.324290699999949], [112.69259000000011, -7.32478], [112.69255370000008, -7.325035399999933], [112.69250780000004, -7.325358699999981], [112.69531780000011, -7.326368199999933], [112.69535140000005, -7.32638019999996], [112.69505060000006, -7.327493599999968], [112.69502890000001, -7.327558499999952], [112.695015, -7.327600399999938], [112.69501330000003, -7.327605299999959], [112.69501950000006, -7.327760299999966], [112.6950058000001, -7.327813599999956], [112.69487690000005, -7.328312299999936], [112.69487960000004, -7.328318299999978], [112.6949327000001, -7.32843639999993], [112.69485210000005, -7.328647299999943], [112.69503820000011, -7.328938799999946], [112.69532040000001, -7.329363699999931], [112.69540720000009, -7.329462899999953], [112.69537, -7.329946699999937], [112.69530180000004, -7.330145199999947], [112.69523970000012, -7.33023819999994], [112.6951901000001, -7.330405699999972], [112.69542960000001, -7.330437599999925], [112.69546920000005, -7.33044289999998], [112.6955809000001, -7.33051729999994], [112.69576640000002, -7.33057249999996], [112.69581040000003, -7.330585599999949], [112.69622590000006, -7.330684799999972], [112.69630970000003, -7.330725099999938], [112.69630450000011, -7.331229499999949], [112.69630440000003, -7.331241199999965], [112.69630720000009, -7.331241899999952], [112.69628470000009, -7.331380899999942], [112.69632790000003, -7.331605399999944], [112.69632360000003, -7.331642799999941], [112.69628470000009, -7.331985299999928], [112.69600320000006, -7.332955799999979], [112.69595670000001, -7.333116199999949], [112.695689, -7.333781], [112.69568530000004, -7.333794399999931], [112.695511, -7.334423299999969], [112.69470680000006, -7.334344599999952], [112.69405620000009, -7.334160099999963], [112.6934639000001, -7.333956199999932], [112.69218790000002, -7.333445799999936], [112.69195880000007, -7.333354099999951], [112.69134710000003, -7.333169599999962], [112.69039540000006, -7.332956], [112.68999730000007, -7.332839499999977], [112.68916090000005, -7.332689399999936], [112.68886120000002, -7.332635599999946], [112.6873561000001, -7.332373399999938], [112.68704060000005, -7.332377399999928], [112.6863393000001, -7.332168399999944], [112.68611, -7.3321], [112.68549, -7.33192], [112.6853, -7.33185], [112.68452, -7.33157], [112.68442, -7.33165], [112.6843487000001, -7.33173249999993], [112.68427, -7.33173249999993], [112.6841032000001, -7.33173249999993], [112.68362730000001, -7.332053], [112.68230670000003, -7.332674399999974], [112.68167580000011, -7.33298549999995], [112.68092790000003, -7.333354099999951], [112.68012190000002, -7.333664899999974], [112.67983060000006, -7.333771699999943], [112.67945190000012, -7.333878499999969], [112.67920920000006, -7.333868799999948], [112.679138, -7.33385439999995], [112.67839350000008, -7.333703699999944], [112.67699520000008, -7.333519199999955], [112.67590760000007, -7.333441499999935], [112.67557750000003, -7.333373599999959], [112.67517870000006, -7.333181299999978], [112.67518030000008, -7.333175399999959], [112.67499750000002, -7.333104], [112.6749162000001, -7.333185299999968], [112.67487460000007, -7.333222299999932], [112.67483760000005, -7.33325], [112.674796, -7.333296299999972], [112.6747405000001, -7.333504399999981], [112.67473590000009, -7.333754099999965], [112.67463410000005, -7.334170299999926], [112.67462950000004, -7.334244299999966], [112.67466190000005, -7.334327499999972], [112.67462490000003, -7.334507899999949], [112.67465730000004, -7.334577299999978], [112.67468960000008, -7.334637399999963], [112.67468550000001, -7.334681299999943], [112.67463, -7.33466], [112.67353, -7.33414], [112.67306, -7.33403], [112.67276, -7.33402], [112.67245, -7.33404], [112.67185, -7.33417], [112.67164, -7.33416], [112.671636, -7.334187699999973], [112.67163, -7.33423], [112.67169, -7.33447], [112.67173, -7.33465], [112.67171, -7.3348], [112.67172, -7.33494], [112.67171, -7.33508], [112.67168, -7.33551], [112.67175, -7.33601], [112.67177, -7.33621], [112.6713, -7.33665], [112.67079, -7.3366], [112.67018, -7.33622], [112.66955, -7.33568], [112.66912, -7.33542], [112.66855, -7.33524], [112.66849160000004, -7.335212], [112.66807, -7.33501], [112.66786, -7.335], [112.6673300000001, -7.33497], [112.66727, -7.33498], [112.66720120000002, -7.334992199999931], [112.66648, -7.33512], [112.66606, -7.33514], [112.6658000000001, -7.33512], [112.6656200000001, -7.33517], [112.6653500000001, -7.33532], [112.66525, -7.33546], [112.66523, -7.33558], [112.66519, -7.3359], [112.66513, -7.33598], [112.6645, -7.33564], [112.66414, -7.3354], [112.66386000000011, -7.33524], [112.6634, -7.33503], [112.66329, -7.33497], [112.66321, -7.33486], [112.66246, -7.33462], [112.66215000000011, -7.33461], [112.66172, -7.33482], [112.66114, -7.33551], [112.66088030000003, -7.335969399999954], [112.660881, -7.335970199999963], [112.660942, -7.336213899999962], [112.66115560000003, -7.336422299999981], [112.66123190000008, -7.336566299999959], [112.66125480000005, -7.33665069999995], [112.66139210000006, -7.336758], [112.66142270000012, -7.337001599999951], [112.66151420000006, -7.337203399999964], [112.6616821, -7.337388799999928], [112.66224660000012, -7.337757899999929], [112.66241450000007, -7.337957699999947], [112.66271960000006, -7.338460299999952], [112.66308590000006, -7.339082099999928], [112.66319270000008, -7.339341499999932], [112.66318510000008, -7.339468799999963], [112.66315450000002, -7.339545299999941], [112.66341410000007, -7.339651799999956], [112.66360980000002, -7.33973009999994], [112.66371160000006, -7.339808399999981], [112.66386040000009, -7.339855399999976], [112.66395440000008, -7.339910199999963], [112.66404840000007, -7.339925899999969], [112.66418150000004, -7.339957199999958], [112.6643616, -7.339965], [112.66441650000002, -7.339941499999952], [112.66447130000006, -7.339871099999925], [112.66460440000003, -7.340019799999936], [112.66480800000011, -7.340192099999967], [112.66497250000009, -7.340348799999958], [112.66501950000008, -7.340403599999945], [112.66512910000006, -7.340395699999931], [112.6652544000001, -7.340403599999945], [112.66525, -7.340448799999933], [112.6651998000001, -7.340964799999938], [112.66514970000003, -7.341479099999958], [112.66507790000003, -7.342216699999938], [112.66505080000002, -7.34249449999993], [112.66497170000002, -7.343322299999954], [112.66488970000012, -7.344180799999947], [112.6649076000001, -7.344190099999935], [112.66478410000002, -7.345680099999981], [112.66470090000007, -7.346757799999978], [112.66463310000006, -7.34763659999993], [112.664614, -7.347665699999936], [112.664601, -7.348407799999961], [112.6645995, -7.348488599999939], [112.66460760000007, -7.348913899999957], [112.66465570000003, -7.349114499999928], [112.66468780000002, -7.349395299999969], [112.66469250000011, -7.349519599999951], [112.66470390000006, -7.34982059999993], [112.66458350000005, -7.350847699999974], [112.66458220000004, -7.350902899999937], [112.66456920000007, -7.351440499999967], [112.66480680000006, -7.351431199999979], [112.66553490000001, -7.351402599999972], [112.66597740000009, -7.351337099999967], [112.66619870000011, -7.351304399999947], [112.66731750000008, -7.351102099999935], [112.6676503000001, -7.351041899999927], [112.66770170000007, -7.35103259999994], [112.66854640000008, -7.351037699999949], [112.66881560000002, -7.351039399999934], [112.66903680000007, -7.351040699999942], [112.66980280000007, -7.351213399999949], [112.66989130000002, -7.351233299999933], [112.6705985000001, -7.35129569999998], [112.670667, -7.351301699999965], [112.671173, -7.351346399999954], [112.67147310000007, -7.351354399999934], [112.67154850000009, -7.351356399999929], [112.67182920000005, -7.351364], [112.67182930000001, -7.351364], [112.6725507000001, -7.351383799999951], [112.67327110000008, -7.351403499999947], [112.6736896000001, -7.351377099999979], [112.6738289000001, -7.351368299999933], [112.67449840000006, -7.351326099999937], [112.67480460000002, -7.351306799999975], [112.67534840000008, -7.351210699999967], [112.67592760000002, -7.35110839999993], [112.676357, -7.35103259999994], [112.67646780000007, -7.351013], [112.6769306000001, -7.350877499999967], [112.67714880000005, -7.350813599999981], [112.67773430000011, -7.350642], [112.6783028000001, -7.350450099999932], [112.67835990000003, -7.35043079999997], [112.67859350000003, -7.350293399999941], [112.6792243000001, -7.34992219999998], [112.67927980000002, -7.349889599999926], [112.67928310000002, -7.349887699999954], [112.67954710000004, -7.349732599999925], [112.68001550000008, -7.349457599999937], [112.68030040000008, -7.349217199999941], [112.681076, -7.34856259999998], [112.6815583, -7.348270699999944], [112.68175930000007, -7.348149099999944], [112.68177020000007, -7.348142499999938], [112.68177180000009, -7.34814149999994], [112.6821337, -7.347919299999944], [112.68231360000004, -7.347833599999944], [112.6828339000001, -7.347633199999962], [112.683792, -7.347264099999961], [112.68524920000004, -7.346815499999934], [112.68535940000004, -7.346781599999929], [112.68563840000002, -7.346695699999941], [112.68633260000001, -7.346495], [112.68633380000006, -7.346494799999959], [112.68638990000011, -7.346482599999945], [112.68712430000005, -7.346323499999926], [112.68795770000008, -7.346143099999949], [112.68850320000001, -7.345982499999934], [112.68872150000004, -7.345918299999937], [112.6894936000001, -7.345691], [112.68987780000009, -7.345578], [112.689921, -7.345565299999976], [112.69023890000005, -7.345471699999962], [112.69101200000011, -7.34516549999995], [112.69147210000006, -7.344983299999967], [112.69152050000002, -7.34496409999997], [112.69163910000009, -7.344917099999975], [112.6916427000001, -7.344915699999945], [112.6916801000001, -7.344898], [112.692414, -7.344549799999982], [112.69268190000003, -7.344422799999961], [112.69270630000005, -7.344411199999968], [112.69338980000009, -7.344087], [112.69341520000012, -7.344077099999936], [112.69349060000002, -7.344047799999942], [112.69402130000003, -7.343841399999974], [112.69405870000003, -7.343826899999954], [112.69406150000009, -7.343825799999934], [112.69469440000012, -7.343579599999941], [112.6952056, -7.343425599999932], [112.6952073000001, -7.343424599999935], [112.69521040000006, -7.34342289999995], [112.69522450000011, -7.343414899999971], [112.69522620000009, -7.343413899999973], [112.69522920000009, -7.343412199999932], [112.69563290000008, -7.343182899999931], [112.6961179000001, -7.342924399999958], [112.69612460000008, -7.342920799999945], [112.69700300000011, -7.342452699999967], [112.69702240000004, -7.342442299999959], [112.6970672000001, -7.342418499999951], [112.69763480000006, -7.342025099999944], [112.69775490000006, -7.341941799999972], [112.69807430000003, -7.341720399999929], [112.69809390000012, -7.341701299999954], [112.69829360000006, -7.341507], [112.6983044000001, -7.341496499999948], [112.69914240000003, -7.340680899999938], [112.69914680000011, -7.340676599999938]]] 
      }
    },
    {
      "type": "Feature",
      "properties": {
        "district_id": "3578020",
        "province": "Jawa Timur",
        "regency": "Surabaya",
        "district": "Jambangan",
        "pria": 26828,
        "wanita": 27384,
        "total_penduduk": 54212
      },
      "geometry": {
        "type": "Polygon",
        "coordinates": [[[112.71014, -7.32358], [112.71011070000009, -7.323863199999948], [112.7101100000001, -7.32387], [112.71016050000003, -7.324742399999934], [112.71018, -7.32508], [112.71019070000011, -7.325261499999954], [112.71021, -7.32559], [112.71028950000004, -7.326167], [112.7103598000001, -7.326677399999937], [112.71038620000002, -7.326869199999976], [112.71044, -7.32726], [112.7104485000001, -7.327488799999969], [112.71045680000009, -7.327711199999953], [112.71049, -7.3286], [112.71034730000008, -7.328985199999977], [112.71030240000005, -7.329106499999966], [112.7102900000001, -7.32914], [112.71000650000008, -7.32945559999996], [112.70932, -7.33022], [112.70927, -7.33026], [112.70922, -7.33031], [112.70917, -7.33036], [112.70911, -7.33041], [112.70905, -7.33047], [112.70897, -7.33053], [112.70889000000011, -7.3306], [112.70881, -7.33067], [112.70872, -7.33075], [112.7086842000001, -7.330781799999954], [112.70863, -7.33083], [112.70853000000011, -7.33091], [112.70844000000011, -7.33099], [112.70835000000011, -7.33107], [112.70827, -7.33115], [112.70819, -7.33122], [112.70816030000003, -7.331245499999966], [112.70812, -7.33128], [112.70806, -7.33135], [112.70803920000003, -7.331370799999945], [112.708, -7.33141], [112.70794, -7.33146], [112.70789, -7.33152], [112.70784, -7.33157], [112.70779, -7.33162], [112.70775, -7.33167], [112.70768, -7.33174], [112.7076, -7.33183], [112.70752, -7.33192], [112.70745000000011, -7.33201], [112.7074, -7.33208], [112.70736000000011, -7.33213], [112.70735760000002, -7.332134], [112.70733, -7.33218], [112.7073, -7.33223], [112.70726, -7.33229], [112.70722, -7.33235], [112.70718000000011, -7.33242], [112.70714, -7.33249], [112.70710570000006, -7.33255859999997], [112.7071, -7.33257], [112.70709250000004, -7.332582], [112.70705, -7.33265], [112.70700000000011, -7.33273], [112.70695, -7.33281], [112.70691000000011, -7.3329], [112.70686, -7.33298], [112.7068461, -7.333002199999953], [112.70681, -7.33306], [112.70677, -7.33314], [112.70675140000003, -7.333172599999955], [112.7067300000001, -7.33321], [112.70668, -7.33329], [112.7066400000001, -7.33336], [112.7066, -7.33343], [112.70656, -7.3335], [112.70652, -7.33357], [112.70648, -7.33364], [112.70644, -7.33371], [112.7064, -7.33378], [112.70635, -7.33384], [112.70631, -7.33391], [112.70627, -7.33398], [112.70623, -7.33404], [112.7061900000001, -7.3341], [112.70615, -7.33415], [112.70612, -7.3342], [112.70609, -7.33425], [112.70605, -7.33432], [112.70599, -7.3344], [112.70593, -7.33448], [112.70588, -7.33456], [112.70582, -7.33465], [112.70577, -7.33471], [112.70573, -7.33478], [112.70567, -7.33486], [112.70563670000001, -7.334919899999932], [112.7056318000001, -7.334928799999943], [112.70562, -7.33495], [112.7055600000001, -7.33503], [112.70552050000003, -7.335077399999932], [112.70551000000012, -7.33509], [112.70548, -7.33514], [112.70545, -7.33519], [112.70541, -7.33524], [112.70537, -7.33529], [112.70533000000012, -7.33534], [112.70528, -7.3354], [112.70524000000012, -7.33545], [112.70519, -7.33551], [112.70515000000012, -7.33556], [112.7051100000001, -7.33561], [112.70507, -7.33566], [112.70503, -7.33571], [112.70498, -7.33577], [112.7049300000001, -7.33583], [112.70489, -7.33588], [112.7048400000001, -7.33594], [112.70479000000012, -7.33601], [112.70478790000004, -7.336012699999969], [112.70472, -7.3361], [112.70467470000006, -7.336152799999979], [112.70477760000006, -7.336216499999978], [112.70484150000004, -7.336256299999945], [112.70505520000006, -7.336389399999973], [112.70513630000005, -7.336441699999966], [112.70542140000009, -7.336625899999945], [112.70564260000003, -7.336758399999951], [112.70566, -7.336765399999933], [112.70587910000006, -7.33685289999994], [112.70631690000005, -7.336982199999966], [112.7070007000001, -7.337184299999933], [112.70726380000008, -7.337236699999949], [112.70753470000011, -7.33729059999996], [112.70793910000009, -7.337315399999966], [112.70810070000005, -7.337337899999966], [112.70810690000008, -7.337338699999975], [112.708084, -7.337380699999926], [112.708023, -7.337470399999972], [112.70803820000003, -7.337534799999958], [112.70811450000008, -7.337582899999973], [112.70852650000006, -7.33769209999997], [112.70858110000006, -7.33771], [112.7092513, -7.337929599999939], [112.70951840000009, -7.338007299999958], [112.70973960000003, -7.338055], [112.70996850000006, -7.338117399999931], [112.71027370000002, -7.338199499999973], [112.71033360000001, -7.338226], [112.71035760000007, -7.338236699999925], [112.71049490000007, -7.338299599999971], [112.7109756000001, -7.338396399999965], [112.71121970000002, -7.338480799999957], [112.711647, -7.338604299999929], [112.7121734000001, -7.338788299999976], [112.71289820000004, -7.338997699999936], [112.71311180000009, -7.339054399999952], [112.71311950000006, -7.339057099999934], [112.7134397000001, -7.339169899999945], [112.7134400000001, -7.33917], [112.7135300000001, -7.33919], [112.71373, -7.33923], [112.71388, -7.33928], [112.71463, -7.33951], [112.71484, -7.33957], [112.7151, -7.33964], [112.71568, -7.3398], [112.71610110000006, -7.339933], [112.71625, -7.33998], [112.71656, -7.34009], [112.71695000000011, -7.34021], [112.71705550000001, -7.340241], [112.71743030000005, -7.340351299999952], [112.71746, -7.34036], [112.71747, -7.34028], [112.71755210000003, -7.33988759999994], [112.71756, -7.33985], [112.71766, -7.33942], [112.71768570000006, -7.339265799999964], [112.71769, -7.33924], [112.71773, -7.33907], [112.71782940000003, -7.338592899999981], [112.71783, -7.33859], [112.71774, -7.33856], [112.71734, -7.33848], [112.717, -7.3384], [112.71655, -7.3383], [112.71636310000008, -7.338259799999946], [112.71639670000002, -7.338066699999956], [112.71646640000006, -7.337544099999946], [112.7164762000001, -7.337477], [112.71661740000002, -7.336510399999952], [112.71662450000008, -7.336446299999977], [112.71664870000006, -7.336278899999968], [112.71675610000011, -7.335478099999932], [112.71675860000005, -7.335459599999979], [112.71678070000007, -7.335294399999952], [112.71689910000009, -7.335311299999944], [112.71690170000011, -7.335311699999977], [112.71703, -7.33533], [112.71740000000011, -7.3354], [112.71811, -7.33554], [112.71863, -7.33565], [112.71883480000008, -7.335682299999974], [112.7192017000001, -7.333264399999962], [112.71947050000006, -7.331085499999972], [112.71947570000009, -7.331059099999948], [112.71947580000005, -7.33105889999996], [112.71948010000006, -7.331037099999946], [112.7195038000001, -7.330339299999935], [112.71974110000008, -7.328781699999979], [112.71963, -7.32877], [112.71905, -7.32868], [112.7185611000001, -7.32862], [112.71848000000011, -7.32861], [112.71801390000007, -7.328550499999949], [112.71801, -7.32855], [112.71824, -7.32827], [112.71894, -7.3274], [112.71921, -7.32705], [112.71981, -7.32625], [112.72, -7.326], [112.72008560000006, -7.325900599999954], [112.72023920000004, -7.325722299999939], [112.7208700000001, -7.32499], [112.72156, -7.32407], [112.72163, -7.32398], [112.72169, -7.32391], [112.72170660000006, -7.32389], [112.72171670000012, -7.323877899999957], [112.72174, -7.32385], [112.72188, -7.32369], [112.72225, -7.32326], [112.72235810000006, -7.323131099999955], [112.72248350000007, -7.322981599999935], [112.72251, -7.32295], [112.72323660000006, -7.321988], [112.72359, -7.32152], [112.72374, -7.32133], [112.72396020000008, -7.321058099999959], [112.72405980000008, -7.320935099999929], [112.72472, -7.32012], [112.72513, -7.31962], [112.72522, -7.31950269999993], [112.7253617, -7.319318], [112.72602, -7.31846], [112.72618000000011, -7.31824], [112.72642, -7.31795], [112.7264603000001, -7.317896299999973], [112.72648, -7.31787], [112.72629820000009, -7.317813199999932], [112.72616, -7.31777], [112.72588, -7.31767], [112.72557, -7.31757], [112.72529, -7.31747], [112.72427, -7.31709], [112.72399410000003, -7.31698549999993], [112.72258000000011, -7.31645], [112.72251, -7.31643], [112.72251210000002, -7.316419599999961], [112.7224867000001, -7.31641389999993], [112.72222490000001, -7.316355199999975], [112.72222760000011, -7.316340399999945], [112.72224130000006, -7.316264099999955], [112.72235020000005, -7.315655799999945], [112.7224020000001, -7.31513149999995], [112.72284960000002, -7.312495399999932], [112.72312020000004, -7.310212399999955], [112.7230866000001, -7.310203099999967], [112.72327010000004, -7.307683899999972], [112.7230780000001, -7.307687899999962], [112.72298, -7.30769], [112.72126870000011, -7.307933299999945], [112.7208, -7.308], [112.71803000000011, -7.30804859999995], [112.71795, -7.30805], [112.71707130000004, -7.307922099999928], [112.7163418, -7.30781589999998], [112.71540440000001, -7.307679399999927], [112.71537230000001, -7.307674799999972], [112.71489350000002, -7.307605099999932], [112.71479000000011, -7.30759], [112.71422880000011, -7.307677199999944], [112.71410770000011, -7.307696], [112.71387860000004, -7.307731599999954], [112.71376, -7.30775], [112.71307360000003, -7.308207599999946], [112.71289, -7.30833], [112.71262070000012, -7.308603099999971], [112.71251560000007, -7.308709699999952], [112.7121800000001, -7.30905], [112.7118124000001, -7.309634299999971], [112.711694, -7.310311399999932], [112.7115338000001, -7.311098799999968], [112.711427, -7.31200629999995], [112.71135790000005, -7.312509299999931], [112.71133180000004, -7.312750599999958], [112.71135, -7.31275], [112.71134530000006, -7.313455699999963], [112.71134330000007, -7.313747], [112.71134, -7.31424], [112.71133940000004, -7.314259799999945], [112.71132160000002, -7.314811199999951], [112.711287, -7.315882299999942], [112.71128640000006, -7.315901699999927], [112.7112800000001, -7.3161], [112.71125770000003, -7.316656799999976], [112.7112317000001, -7.317306899999949], [112.71121170000004, -7.317807499999958], [112.71120250000001, -7.318038499999943], [112.7112, -7.3181], [112.7110695, -7.318874199999925], [112.71105000000011, -7.31899], [112.71102270000006, -7.319080499999927], [112.71097590000011, -7.319236099999955], [112.7108912000001, -7.31951719999995], [112.7107181, -7.320091599999955], [112.71060940000007, -7.320452299999943], [112.71058, -7.32055], [112.71053630000006, -7.320767199999977], [112.71052530000009, -7.320822], [112.71041330000003, -7.32137819999997], [112.71026, -7.32214], [112.71021040000005, -7.322735799999975], [112.71014, -7.32358]]] 
      }
    },
    {
      "type": "Feature",
      "properties": {
        "district_id": "3578030",
        "province": "Jawa Timur",
        "regency": "Surabaya",
        "district": "Gayungan",
        "pria": 21399,
        "wanita": 22447,
        "total_penduduk": 43846
      },
      "geometry": {
        "type": "Polygon",
        "coordinates": [[[112.72932, -7.339503699999966], [112.72932, -7.33823], [112.72932960000003, -7.338096199999939], [112.72933, -7.33809], [112.72937, -7.33732], [112.72940110000002, -7.337320499999976], [112.72941490000005, -7.337266299999953], [112.729673, -7.336246599999981], [112.72996210000008, -7.335104799999954], [112.73028010000007, -7.333848599999953], [112.7308878, -7.331448099999932], [112.73098840000011, -7.331050699999935], [112.73113, -7.33033], [112.73121, -7.32999], [112.731221, -7.329940599999929], [112.73125850000008, -7.329771699999981], [112.73129, -7.32963], [112.73137820000011, -7.329198699999949], [112.7314043, -7.329071299999953], [112.73147, -7.32875], [112.7316, -7.32814], [112.73171, -7.32756], [112.73174, -7.32738], [112.73175170000002, -7.327350799999977], [112.7318, -7.32723], [112.73198, -7.32656], [112.73204710000005, -7.32620959999997], [112.73206030000006, -7.326140599999974], [112.73225, -7.32515], [112.73232, -7.32479], [112.73252590000004, -7.323998199999949], [112.73258, -7.32379], [112.73281, -7.32248], [112.7329, -7.32209], [112.73297, -7.3218], [112.733, -7.32164], [112.73309360000007, -7.32114729999995], [112.73315, -7.32085], [112.7334, -7.31986], [112.73351, -7.31935], [112.73352000000011, -7.31927], [112.73352000000011, -7.3192], [112.73354, -7.3191], [112.7335422000001, -7.319088099999931], [112.73355040000001, -7.319042599999932], [112.73356, -7.31899], [112.73371, -7.31825], [112.73388000000011, -7.31748], [112.7341, -7.31654], [112.73416, -7.31633], [112.73422, -7.31593], [112.73424380000006, -7.315803], [112.73437, -7.31513], [112.7343816, -7.315070399999968], [112.73444, -7.31477], [112.7346619000001, -7.313751099999934], [112.73470840000005, -7.313537199999928], [112.73471, -7.31353], [112.73478290000003, -7.31319869999993], [112.7348005, -7.313118599999939], [112.73482, -7.31303], [112.73492390000001, -7.31256929999995], [112.73505000000011, -7.31201], [112.7351900000001, -7.31134], [112.73519420000002, -7.311318799999981], [112.7352241000001, -7.311167099999977], [112.73534, -7.31058], [112.73525, -7.31055], [112.73502, -7.31052], [112.7344700000001, -7.3104], [112.73418, -7.31035], [112.7341603000001, -7.310346699999968], [112.73406000000011, -7.31033], [112.73365550000005, -7.31026259999993], [112.73298000000011, -7.31015], [112.73292960000003, -7.310139899999967], [112.73278, -7.31011], [112.73269, -7.31007], [112.73259, -7.31001], [112.73258370000008, -7.310006699999974], [112.7325383000001, -7.309982599999955], [112.73242, -7.30992], [112.73208000000011, -7.30983], [112.73175, -7.30977], [112.73146, -7.30974], [112.7314, -7.30974], [112.73075, -7.30968], [112.73053, -7.30972], [112.73031, -7.30981], [112.73023, -7.30985], [112.73001550000004, -7.309945299999981], [112.72995060000005, -7.309974199999942], [112.72987, -7.31001], [112.7298618000001, -7.310009399999956], [112.7297400000001, -7.31], [112.72916, -7.3098], [112.72909, -7.30977], [112.7288400000001, -7.3097], [112.72873020000009, -7.309666], [112.72842, -7.30957], [112.72833, -7.30954], [112.72796, -7.30936], [112.7277, -7.3092], [112.72739, -7.30903], [112.727357, -7.309013099999959], [112.72702, -7.30884], [112.72658, -7.30861], [112.72653830000002, -7.30858829999994], [112.72635, -7.30849], [112.726311, -7.308466099999976], [112.72604, -7.3083], [112.7259600000001, -7.30828], [112.72577, -7.30822], [112.72560410000006, -7.30816139999996], [112.7256, -7.30816], [112.72471340000004, -7.307839299999955], [112.7246990000001, -7.30783409999998], [112.72466, -7.30782], [112.7245, -7.30776], [112.72399, -7.30768], [112.72395930000005, -7.307674899999938], [112.72393000000011, -7.30767], [112.72327010000004, -7.307683899999972], [112.7230866000001, -7.310203099999967], [112.72312020000004, -7.310212399999955], [112.72284960000002, -7.312495399999932], [112.7224020000001, -7.31513149999995], [112.72235020000005, -7.315655799999945], [112.72224130000006, -7.316264099999955], [112.72222760000011, -7.316340399999945], [112.72222490000001, -7.316355199999975], [112.7224867000001, -7.31641389999993], [112.72251210000002, -7.316419599999961], [112.72251, -7.31643], [112.72258000000011, -7.31645], [112.72399410000003, -7.31698549999993], [112.72427, -7.31709], [112.72529, -7.31747], [112.72557, -7.31757], [112.72588, -7.31767], [112.72616, -7.31777], [112.72629820000009, -7.317813199999932], [112.72648, -7.31787], [112.7264603000001, -7.317896299999973], [112.72642, -7.31795], [112.72618000000011, -7.31824], [112.72602, -7.31846], [112.7253617, -7.319318], [112.72522, -7.31950269999993], [112.72513, -7.31962], [112.72472, -7.32012], [112.72405980000008, -7.320935099999929], [112.72396020000008, -7.321058099999959], [112.72374, -7.32133], [112.72359, -7.32152], [112.72323660000006, -7.321988], [112.72251, -7.32295], [112.72248350000007, -7.322981599999935], [112.72235810000006, -7.323131099999955], [112.72225, -7.32326], [112.72188, -7.32369], [112.72174, -7.32385], [112.72171670000012, -7.323877899999957], [112.72170660000006, -7.32389], [112.72169, -7.32391], [112.72163, -7.32398], [112.72156, -7.32407], [112.7208700000001, -7.32499], [112.72023920000004, -7.325722299999939], [112.72008560000006, -7.325900599999954], [112.72, -7.326], [112.71981, -7.32625], [112.71921, -7.32705], [112.71894, -7.3274], [112.71824, -7.32827], [112.71801, -7.32855], [112.71801390000007, -7.328550499999949], [112.71848000000011, -7.32861], [112.7185611000001, -7.32862], [112.71905, -7.32868], [112.71963, -7.32877], [112.71974110000008, -7.328781699999979], [112.7195038000001, -7.330339299999935], [112.71948010000006, -7.331037099999946], [112.71947580000005, -7.33105889999996], [112.71947570000009, -7.331059099999948], [112.71947050000006, -7.331085499999972], [112.7192017000001, -7.333264399999962], [112.71883480000008, -7.335682299999974], [112.71863, -7.33565], [112.71811, -7.33554], [112.71740000000011, -7.3354], [112.71703, -7.33533], [112.71690170000011, -7.335311699999977], [112.71689910000009, -7.335311299999944], [112.71678070000007, -7.335294399999952], [112.71675860000005, -7.335459599999979], [112.71675610000011, -7.335478099999932], [112.71664870000006, -7.336278899999968], [112.71662450000008, -7.336446299999977], [112.71661740000002, -7.336510399999952], [112.7164762000001, -7.337477], [112.71646640000006, -7.337544099999946], [112.71639670000002, -7.338066699999956], [112.71636310000008, -7.338259799999946], [112.71655, -7.3383], [112.717, -7.3384], [112.71734, -7.33848], [112.71774, -7.33856], [112.71783, -7.33859], [112.71782940000003, -7.338592899999981], [112.71773, -7.33907], [112.71769, -7.33924], [112.71768570000006, -7.339265799999964], [112.71766, -7.33942], [112.71756, -7.33985], [112.71755210000003, -7.33988759999994], [112.71747, -7.34028], [112.71746, -7.34036], [112.71743030000005, -7.340351299999952], [112.71705550000001, -7.340241], [112.71695000000011, -7.34021], [112.71656, -7.34009], [112.71625, -7.33998], [112.71610110000006, -7.339933], [112.71609350000006, -7.339968], [112.7160378000001, -7.340088799999933], [112.7160378000001, -7.340200299999935], [112.71593560000008, -7.340460499999949], [112.71588910000003, -7.340729899999928], [112.71584270000005, -7.341045899999926], [112.71577920000004, -7.341091199999937], [112.71572450000008, -7.341130299999975], [112.71570080000004, -7.341307], [112.71569050000005, -7.34138379999996], [112.71568840000009, -7.341448799999966], [112.71568290000005, -7.34161649999993], [112.71568290000005, -7.341811], [112.7156801000001, -7.341827499999965], [112.7156963000001, -7.341831699999943], [112.716075, -7.341907], [112.71690440000009, -7.342146599999978], [112.7170824000001, -7.342198], [112.7172144000001, -7.34223609999998], [112.71791270000006, -7.342416399999934], [112.719499, -7.342864899999938], [112.7198423000001, -7.342963899999972], [112.720026, -7.343075399999975], [112.71996180000008, -7.343299899999977], [112.71996090000005, -7.343301799999949], [112.71995540000012, -7.343329799999935], [112.719818, -7.343819399999973], [112.71974950000003, -7.344182299999943], [112.71970360000012, -7.344425499999943], [112.71972650000009, -7.34449989999996], [112.71979520000002, -7.344510899999932], [112.72000880000007, -7.344554699999946], [112.72121420000008, -7.344885599999941], [112.72174830000006, -7.345033], [112.7226257000001, -7.345295699999951], [112.723091, -7.34543309999998], [112.72317120000002, -7.345456599999977], [112.72343440000009, -7.345534099999952], [112.72345760000007, -7.345543], [112.7234578, -7.345543299999974], [112.72350250000011, -7.345560399999954], [112.72395570000003, -7.345734399999969], [112.72420710000006, -7.345895199999973], [112.724215, -7.346508099999937], [112.72423870000011, -7.346911099999943], [112.72441020000008, -7.346927], [112.72446560000003, -7.34694339999993], [112.72446990000003, -7.346990099999971], [112.72448870000005, -7.347191799999962], [112.7246556, -7.347439599999973], [112.72479460000011, -7.347532499999943], [112.72487740000008, -7.347587799999928], [112.72489280000002, -7.347589599999935], [112.724891, -7.347598399999981], [112.72489070000006, -7.347598799999957], [112.724891, -7.347599099999968], [112.72525690000009, -7.347894599999961], [112.72530260000008, -7.34799049999998], [112.72536530000002, -7.348037099999942], [112.72551070000009, -7.348145099999954], [112.72559760000001, -7.348209599999961], [112.72581120000007, -7.348281399999962], [112.72584690000008, -7.348293399999932], [112.72717680000005, -7.348378699999955], [112.72718930000008, -7.34844389999995], [112.7271899000001, -7.34844389999995], [112.72745510000004, -7.34845619999993], [112.72771450000005, -7.348426599999925], [112.72829430000002, -7.348362299999962], [112.72879020000005, -7.348312199999953], [112.72893570000008, -7.348291599999925], [112.7290316000001, -7.348278], [112.72907250000003, -7.34827219999994], [112.7293472, -7.348234], [112.72935880000011, -7.348234], [112.72943110000006, -7.348233499999935], [112.72955320000005, -7.348233499999935], [112.72959890000004, -7.348231599999963], [112.7312621000001, -7.348153], [112.73292890000005, -7.348141099999964], [112.7330703, -7.348140099999966], [112.73315420000006, -7.348126699999966], [112.7331924, -7.347996599999931], [112.73329920000003, -7.347316599999942], [112.73339070000009, -7.346821099999943], [112.73342890000004, -7.346590299999946], [112.73387140000011, -7.346511699999951], [112.73472010000012, -7.346376], [112.73526760000004, -7.346288499999957], [112.73583910000002, -7.346268], [112.73607630000004, -7.346259399999951], [112.73623650000002, -7.346255099999951], [112.73631280000006, -7.346227499999941], [112.73631960000012, -7.34618949999998], [112.73632040000007, -7.346185], [112.73633570000004, -7.346129699999949], [112.73634140000001, -7.346048799999949], [112.73637540000004, -7.345571299999961], [112.7363815000001, -7.345486], [112.736408, -7.345347], [112.73644250000007, -7.345166499999948], [112.73652640000012, -7.344977699999959], [112.7366561, -7.344856599999957], [112.73677060000011, -7.344796499999973], [112.73696890000008, -7.344782699999939], [112.73718250000002, -7.344800299999974], [112.737564, -7.344932399999948], [112.73771660000011, -7.344944599999963], [112.7377517000001, -7.344947499999932], [112.73766180000007, -7.344709299999977], [112.7376422000001, -7.344707699999958], [112.7373, -7.34468], [112.73722, -7.34467], [112.73718, -7.3446], [112.73719, -7.34447], [112.73727, -7.34402], [112.73732, -7.34373], [112.73746, -7.34328], [112.7375300000001, -7.34288], [112.73756, -7.34226], [112.73766, -7.34149], [112.73777460000008, -7.340534799999944], [112.73746430000006, -7.340534799999944], [112.737232, -7.340534799999944], [112.73708340000007, -7.340516199999968], [112.73702760000003, -7.340441899999973], [112.736786, -7.340441899999973], [112.73664660000009, -7.340460499999949], [112.73660020000011, -7.340516199999968], [112.73633070000005, -7.340497599999935], [112.73598690000006, -7.340451199999961], [112.735829, -7.340414], [112.73577320000004, -7.34030249999995], [112.73562460000005, -7.340256099999976], [112.73521570000003, -7.340228199999956], [112.73495560000003, -7.340172399999972], [112.73452820000011, -7.340070199999957], [112.73421220000012, -7.339995899999963], [112.73375690000012, -7.339921599999968], [112.7333853, -7.339810099999966], [112.73324470000011, -7.339788099999964], [112.73279060000004, -7.339717099999973], [112.73231670000007, -7.339661399999954], [112.73199610000006, -7.339647799999966], [112.73193060000006, -7.339645], [112.73188, -7.339642799999979], [112.73145260000001, -7.339614899999958], [112.73080220000008, -7.339614899999958], [112.73068410000008, -7.339608599999963], [112.73045840000009, -7.339596399999948], [112.7302261000001, -7.339596399999948], [112.72932, -7.339503699999966]]] 
      }
    },
    {
      "type": "Feature",
      "properties": {
        "district_id": "3578040",
        "province": "Jawa Timur",
        "regency": "Surabaya",
        "district": "Wonocolo",
        "pria": 39485,
        "wanita": 40549,
        "total_penduduk": 80034
      },
      "geometry": {
        "type": "Polygon",
        "coordinates": [[[112.73898930000007, -7.312021399999935], [112.73898880000002, -7.312024399999927], [112.73793020000005, -7.31177589999993], [112.73654010000007, -7.311463099999969], [112.7352241000001, -7.311167099999977], [112.73519420000002, -7.311318799999981], [112.7351900000001, -7.31134], [112.73505000000011, -7.31201], [112.73492390000001, -7.31256929999995], [112.73482, -7.31303], [112.7348005, -7.313118599999939], [112.73478290000003, -7.31319869999993], [112.73471, -7.31353], [112.73470840000005, -7.313537199999928], [112.7346619000001, -7.313751099999934], [112.73444, -7.31477], [112.7343816, -7.315070399999968], [112.73437, -7.31513], [112.73424380000006, -7.315803], [112.73422, -7.31593], [112.73416, -7.31633], [112.7341, -7.31654], [112.73388000000011, -7.31748], [112.73371, -7.31825], [112.73356, -7.31899], [112.73355040000001, -7.319042599999932], [112.7335422000001, -7.319088099999931], [112.73354, -7.3191], [112.73352000000011, -7.3192], [112.73352000000011, -7.31927], [112.73351, -7.31935], [112.7334, -7.31986], [112.73315, -7.32085], [112.73309360000007, -7.32114729999995], [112.733, -7.32164], [112.73297, -7.3218], [112.7329, -7.32209], [112.73281, -7.32248], [112.73258, -7.32379], [112.73252590000004, -7.323998199999949], [112.73232, -7.32479], [112.73225, -7.32515], [112.73206030000006, -7.326140599999974], [112.73204710000005, -7.32620959999997], [112.73198, -7.32656], [112.7318, -7.32723], [112.73175170000002, -7.327350799999977], [112.73174, -7.32738], [112.73171, -7.32756], [112.7316, -7.32814], [112.73147, -7.32875], [112.7314043, -7.329071299999953], [112.73137820000011, -7.329198699999949], [112.73129, -7.32963], [112.73125850000008, -7.329771699999981], [112.731221, -7.329940599999929], [112.73121, -7.32999], [112.73113, -7.33033], [112.73098840000011, -7.331050699999935], [112.7308878, -7.331448099999932], [112.73028010000007, -7.333848599999953], [112.72996210000008, -7.335104799999954], [112.729673, -7.336246599999981], [112.72941490000005, -7.337266299999953], [112.72940110000002, -7.337320499999976], [112.72937, -7.33732], [112.72933, -7.33809], [112.72932960000003, -7.338096199999939], [112.72932, -7.33823], [112.72932, -7.339503699999966], [112.7302261000001, -7.339596399999948], [112.73045840000009, -7.339596399999948], [112.73068410000008, -7.339608599999963], [112.73080220000008, -7.339614899999958], [112.73145260000001, -7.339614899999958], [112.73188, -7.339642799999979], [112.73193060000006, -7.339645], [112.73199610000006, -7.339647799999966], [112.73231670000007, -7.339661399999954], [112.73279060000004, -7.339717099999973], [112.73324470000011, -7.339788099999964], [112.7333853, -7.339810099999966], [112.73375690000012, -7.339921599999968], [112.73421220000012, -7.339995899999963], [112.73452820000011, -7.340070199999957], [112.73495560000003, -7.340172399999972], [112.73521570000003, -7.340228199999956], [112.73562460000005, -7.340256099999976], [112.73577320000004, -7.34030249999995], [112.735829, -7.340414], [112.73598690000006, -7.340451199999961], [112.73633070000005, -7.340497599999935], [112.73660020000011, -7.340516199999968], [112.73664660000009, -7.340460499999949], [112.736786, -7.340441899999973], [112.73702760000003, -7.340441899999973], [112.73708340000007, -7.340516199999968], [112.737232, -7.340534799999944], [112.73746430000006, -7.340534799999944], [112.73777460000008, -7.340534799999944], [112.73766, -7.34149], [112.73756, -7.34226], [112.7375300000001, -7.34288], [112.73746, -7.34328], [112.73732, -7.34373], [112.73727, -7.34402], [112.73719, -7.34447], [112.73718, -7.3446], [112.73722, -7.34467], [112.7373, -7.34468], [112.7376422000001, -7.344707699999958], [112.73766180000007, -7.344709299999977], [112.7377517000001, -7.344947499999932], [112.73776950000001, -7.344948899999963], [112.73777760000007, -7.34494959999995], [112.73786210000003, -7.344956299999978], [112.73893730000009, -7.345042499999977], [112.7397155000001, -7.345090199999959], [112.74017330000004, -7.345120299999962], [112.74042870000005, -7.345135399999947], [112.74060810000003, -7.345146], [112.7408683000001, -7.345162], [112.74112690000004, -7.345178], [112.74161520000007, -7.345219399999962], [112.741867, -7.345225599999935], [112.74188970000012, -7.345220899999958], [112.7419814000001, -7.345201799999927], [112.74204250000003, -7.34497529999993], [112.7421035000001, -7.344669199999942], [112.74229420000006, -7.343860399999926], [112.7423248, -7.343713599999944], [112.74239340000008, -7.343322599999965], [112.74242390000006, -7.343157499999961], [112.7424962, -7.34276559999995], [112.74256130000003, -7.342413299999976], [112.74256340000011, -7.342402599999957], [112.74264490000007, -7.342000699999971], [112.74273670000002, -7.341547799999944], [112.74273690000007, -7.34154719999998], [112.7427666000001, -7.341410499999938], [112.74282830000004, -7.34112719999996], [112.74285670000006, -7.341035], [112.74288170000011, -7.340953699999943], [112.742958, -7.34085349999998], [112.74296760000004, -7.34084809999996], [112.7428824000001, -7.340838899999937], [112.74288110000009, -7.340838699999949], [112.74285340000006, -7.340835699999957], [112.742748, -7.340824299999952], [112.742477, -7.34078349999993], [112.74221580000005, -7.340735699999925], [112.74214580000012, -7.340726299999972], [112.7420274000001, -7.340705799999967], [112.74193730000002, -7.340672099999949], [112.74195550000002, -7.340171899999973], [112.74195590000011, -7.340162499999963], [112.74196830000005, -7.339908299999934], [112.74198510000008, -7.339563599999963], [112.74200330000008, -7.339191299999925], [112.742003, -7.339177899999981], [112.74200110000004, -7.339098], [112.741996, -7.338876699999958], [112.741996, -7.33887029999994], [112.74199170000009, -7.338674399999945], [112.74232790000008, -7.338650399999949], [112.74232140000004, -7.338605], [112.74229240000011, -7.338402299999927], [112.74229190000005, -7.338398499999926], [112.74229060000005, -7.33839839999996], [112.74224960000004, -7.338377899999955], [112.74223540000003, -7.33836969999993], [112.742234, -7.338370099999963], [112.74223350000011, -7.338370199999929], [112.74221980000004, -7.338373599999954], [112.74221860000011, -7.338373899999965], [112.7422156, -7.33835739999995], [112.7422150000001, -7.338353099999949], [112.74220930000001, -7.338313199999959], [112.74220770000011, -7.33796469999993], [112.74220770000011, -7.337845], [112.74226780000004, -7.337472399999967], [112.74232660000007, -7.337163199999964], [112.74234500000011, -7.337066599999957], [112.742366, -7.33697669999998], [112.742366, -7.336632799999961], [112.74237140000002, -7.336509599999943], [112.74238420000006, -7.336325], [112.74239640000008, -7.336180099999979], [112.7424095, -7.335958099999971], [112.7424095, -7.335957599999972], [112.74241, -7.33595], [112.742416, -7.335949299999982], [112.7424148, -7.335919799999942], [112.74241440000003, -7.335909], [112.742412, -7.335849699999926], [112.74239290000003, -7.335601], [112.74237590000007, -7.335237399999926], [112.7423725000001, -7.335163699999953], [112.74234510000008, -7.335133599999949], [112.74228110000001, -7.335063599999955], [112.74228220000009, -7.335058599999968], [112.7423755000001, -7.334685499999978], [112.7424784000001, -7.334341799999947], [112.7425148000001, -7.334223299999962], [112.74253220000003, -7.334166799999934], [112.74259010000003, -7.334186099999954], [112.74261, -7.3341], [112.7428069, -7.333485699999926], [112.74286, -7.33332], [112.74294670000006, -7.333028299999967], [112.74297320000005, -7.332943599999965], [112.74301890000004, -7.332793399999957], [112.74306540000009, -7.332566899999961], [112.74308, -7.3325], [112.74310180000009, -7.332394699999952], [112.74320000000012, -7.33192], [112.74331830000006, -7.331367899999975], [112.74332, -7.33136], [112.74331710000001, -7.331359299999974], [112.74328960000003, -7.331352699999968], [112.7432606000001, -7.331345699999929], [112.74331280000001, -7.331006499999944], [112.7434187, -7.330340599999943], [112.74344570000005, -7.33017609999996], [112.74346870000011, -7.330021199999976], [112.74352610000005, -7.329652599999974], [112.74353890000009, -7.329547599999955], [112.74356530000011, -7.329330499999969], [112.74356910000006, -7.329330599999935], [112.743571, -7.329330699999957], [112.74359570000001, -7.329331299999978], [112.74372, -7.32934], [112.7437222000001, -7.329340099999968], [112.74372240000002, -7.32933479999997], [112.7437225000001, -7.329329599999937], [112.74372440000002, -7.329238799999928], [112.743722, -7.329117199999928], [112.74372850000009, -7.328836399999943], [112.74378070000012, -7.328405499999974], [112.74361650000003, -7.328408399999944], [112.74356920000002, -7.328410699999949], [112.743529, -7.328412699999944], [112.74355760000003, -7.328145399999926], [112.74356310000007, -7.328087699999969], [112.74356920000002, -7.328030899999931], [112.74364360000004, -7.327336799999955], [112.74368860000004, -7.326832299999978], [112.74370670000008, -7.326629399999945], [112.74374160000002, -7.326250699999946], [112.7437797, -7.325638699999956], [112.7437873, -7.325517199999979], [112.74382430000003, -7.324753199999975], [112.74384390000012, -7.324340399999926], [112.74385030000008, -7.324206799999956], [112.74385340000003, -7.324142199999926], [112.74386130000005, -7.323976199999947], [112.74368270000002, -7.323963399999968], [112.74367840000002, -7.323963099999958], [112.74374810000006, -7.323623599999962], [112.74387330000002, -7.32301039999993], [112.7438972000001, -7.322890799999925], [112.74389870000005, -7.322891], [112.74390260000007, -7.322872699999948], [112.74396210000009, -7.322688299999982], [112.74398750000012, -7.322604799999965], [112.74398890000009, -7.322605099999976], [112.74398970000004, -7.32260279999997], [112.74399260000007, -7.322603199999946], [112.74427350000008, -7.322648], [112.7451420000001, -7.322786299999962], [112.74525870000002, -7.322804599999927], [112.74535350000008, -7.32281949999998], [112.74536, -7.32279], [112.74536110000008, -7.322780099999932], [112.74581910000006, -7.32290219999993], [112.74586160000001, -7.322913299999925], [112.74588110000002, -7.322918399999935], [112.74606740000002, -7.322951499999931], [112.74656610000011, -7.323034599999971], [112.74673870000004, -7.323062], [112.74676870000008, -7.32296649999995], [112.74693460000003, -7.322439499999973], [112.74696940000001, -7.322291499999949], [112.74704340000005, -7.322187099999951], [112.74704310000004, -7.322186199999976], [112.74691890000008, -7.321850099999949], [112.7468947000001, -7.32178579999993], [112.7467818, -7.321648399999958], [112.74673020000012, -7.32158789999994], [112.74675690000004, -7.321571899999981], [112.7467597000001, -7.321569599999975], [112.74672310000005, -7.32152039999994], [112.74655730000006, -7.32129759999998], [112.7464427000001, -7.321144599999968], [112.74642310000002, -7.321118399999932], [112.74626640000008, -7.320861499999978], [112.74627220000002, -7.320858299999941], [112.7471696, -7.320363099999952], [112.747593, -7.320112599999959], [112.7480968000001, -7.319814599999972], [112.7480213, -7.319678199999942], [112.74776170000007, -7.319209499999943], [112.74776050000003, -7.319209499999943], [112.74746130000005, -7.319205199999942], [112.74746160000007, -7.319204199999945], [112.747456, -7.319204199999945], [112.74752740000008, -7.318954], [112.74754, -7.31891], [112.74765900000011, -7.318496099999948], [112.74775080000006, -7.318167], [112.74786180000001, -7.317746899999975], [112.74796630000003, -7.317516199999943], [112.7479737000001, -7.317504199999973], [112.74798, -7.31749], [112.74800460000006, -7.317454399999974], [112.74806640000008, -7.317355099999929], [112.74813170000004, -7.317324599999949], [112.74827530000005, -7.317350699999963], [112.74844860000007, -7.31741569999997], [112.74843730000009, -7.317382], [112.74844250000001, -7.317383199999938], [112.74891660000003, -7.317484699999966], [112.7490888000001, -7.317529499999978], [112.74955340000008, -7.317650299999968], [112.74969140000007, -7.31769769999994], [112.7497227, -7.317709899999954], [112.7497624, -7.317722199999935], [112.749961, -7.317790399999978], [112.75008470000012, -7.317857899999979], [112.75010580000003, -7.317870899999946], [112.75032350000004, -7.317884], [112.75046630000008, -7.317895199999953], [112.7505413, -7.317901], [112.7507379000001, -7.317930499999932], [112.75084070000003, -7.318088099999954], [112.75087770000005, -7.318149], [112.75088070000004, -7.31815389999997], [112.7509156000001, -7.318126899999982], [112.75140560000011, -7.317748799999947], [112.75147, -7.3177], [112.75164, -7.31756], [112.75167350000004, -7.317529799999932], [112.75188620000006, -7.317339899999979], [112.75210390000007, -7.317144], [112.75226150000003, -7.317003099999965], [112.75226480000003, -7.317000199999939], [112.7525544, -7.316741299999933], [112.75276440000005, -7.316552399999978], [112.75314, -7.31621819999998], [112.7535157000001, -7.31588389999996], [112.75369880000005, -7.315733399999942], [112.75373, -7.31571], [112.75385460000007, -7.315605299999959], [112.75400550000006, -7.315481299999931], [112.75413, -7.31539], [112.75423130000001, -7.315300599999944], [112.754231, -7.315300099999945], [112.75422810000009, -7.315298299999938], [112.75422820000006, -7.315298299999938], [112.75413680000008, -7.315241699999945], [112.75408020000009, -7.315162399999963], [112.7540729000001, -7.315150299999971], [112.754072, -7.315151], [112.7540715, -7.315150199999948], [112.75384080000003, -7.315346099999942], [112.75365840000006, -7.315300599999944], [112.75365680000004, -7.315300099999945], [112.7535319000001, -7.315266799999961], [112.75356520000003, -7.315225199999929], [112.75356180000006, -7.315224699999931], [112.75356220000003, -7.315224199999932], [112.75334630000009, -7.31518269999998], [112.75332690000005, -7.315176299999962], [112.75330970000005, -7.315167699999961], [112.75329920000001, -7.315167], [112.7532989, -7.315166899999952], [112.7532357, -7.315159], [112.75323230000004, -7.314793299999963], [112.75323230000004, -7.314682299999959], [112.75331620000009, -7.314495099999931], [112.75333360000002, -7.314294899999936], [112.75332650000007, -7.314193299999943], [112.75332390000005, -7.314143299999955], [112.75332090000006, -7.314113799999973], [112.75331620000009, -7.314046699999949], [112.75331070000004, -7.314011799999946], [112.75330720000011, -7.313976799999978], [112.75329110000007, -7.313876], [112.75327390000007, -7.313768699999969], [112.753265, -7.313720899999964], [112.75325530000009, -7.313659299999927], [112.75323790000004, -7.31356349999993], [112.75317040000004, -7.313374199999942], [112.75314860000003, -7.313230499999975], [112.75314, -7.313167299999975], [112.75314, -7.31311], [112.75314, -7.313063899999975], [112.75314420000007, -7.312996099999964], [112.75315, -7.31295], [112.75316, -7.31286], [112.75316020000002, -7.312857699999938], [112.75317, -7.31276], [112.75319, -7.31266], [112.75320920000001, -7.312564099999975], [112.75321330000008, -7.312550199999976], [112.75324, -7.31247], [112.75324670000009, -7.312436599999955], [112.75324880000005, -7.312429599999973], [112.75324890000002, -7.312425399999938], [112.75325580000003, -7.312391099999957], [112.7532443, -7.31229339999993], [112.75324250000006, -7.312271299999964], [112.75323790000004, -7.312214099999949], [112.75322240000003, -7.312096199999928], [112.75321710000003, -7.312017799999978], [112.75321850000012, -7.311976199999947], [112.753224, -7.311937799999953], [112.753224, -7.311811599999942], [112.75322460000007, -7.311794099999929], [112.75327390000007, -7.311604899999963], [112.75341220000007, -7.311517499999979], [112.7534329, -7.311505099999977], [112.75358190000009, -7.311513299999945], [112.75378160000002, -7.311546599999929], [112.7538283, -7.311566], [112.75385170000004, -7.311578499999939], [112.75386050000009, -7.311579299999948], [112.75386750000007, -7.311582199999975], [112.75386990000004, -7.311580099999958], [112.75399260000006, -7.311590599999931], [112.75429, -7.31166], [112.7542989000001, -7.311662099999978], [112.75435270000003, -7.311675], [112.75440450000008, -7.31168729999996], [112.75440970000011, -7.311688199999935], [112.75446000000011, -7.3117], [112.75475030000007, -7.311741499999926], [112.75489, -7.311763299999939], [112.7550371000001, -7.311812399999951], [112.75512060000005, -7.311841899999934], [112.75550370000008, -7.312120499999935], [112.7555099000001, -7.312119899999971], [112.75551, -7.31212], [112.75551470000005, -7.312119499999937], [112.75559940000005, -7.312111799999968], [112.75567340000009, -7.312081299999932], [112.7556843000001, -7.311983399999974], [112.75571, -7.31181], [112.75596, -7.31166], [112.75601410000002, -7.311666], [112.75602170000002, -7.311667799999952], [112.75602980000008, -7.311667799999952], [112.75605, -7.31167], [112.75614970000004, -7.31167], [112.7561521, -7.311670899999967], [112.75622, -7.3117], [112.75624140000002, -7.311906799999974], [112.756248, -7.311998599999981], [112.75628290000009, -7.312076899999965], [112.7564135, -7.312155299999972], [112.756643, -7.312222099999929], [112.75674, -7.31229], [112.75677690000009, -7.31231589999993], [112.7567772000001, -7.312315599999977], [112.75678130000006, -7.312318499999947], [112.757091, -7.311960499999941], [112.75717340000006, -7.311867199999938], [112.75719880000008, -7.311835799999926], [112.75719920000006, -7.31183539999995], [112.75748220000003, -7.311487099999965], [112.75773460000005, -7.311178], [112.75782750000008, -7.311058599999967], [112.7578506000001, -7.311029899999937], [112.75791830000003, -7.310941599999978], [112.75820480000004, -7.310572899999954], [112.75856610000005, -7.310107199999948], [112.75863190000007, -7.310024699999929], [112.75903260000007, -7.309527799999955], [112.75907210000003, -7.309473099999934], [112.75911670000005, -7.309417199999928], [112.75931090000006, -7.30914249999995], [112.7593528000001, -7.309084499999926], [112.75944290000007, -7.308955699999956], [112.75944550000008, -7.308952], [112.75952590000009, -7.308838199999968], [112.75922560000004, -7.308812099999955], [112.75919090000002, -7.308818199999962], [112.75893410000003, -7.308862899999951], [112.75883220000003, -7.308814899999959], [112.75878870000008, -7.308792799999935], [112.75884, -7.30822], [112.75888, -7.30775], [112.75891, -7.30768], [112.75897, -7.30753], [112.75897020000002, -7.30752629999995], [112.75897310000005, -7.307519199999945], [112.75897770000006, -7.307398499999977], [112.75899, -7.30719], [112.75903280000011, -7.30691029999997], [112.75909720000004, -7.306920699999978], [112.75909720000004, -7.306917299999952], [112.75909720000004, -7.306537599999956], [112.75909170000011, -7.306525199999953], [112.75912, -7.30634], [112.75916, -7.3054], [112.75907030000008, -7.305374399999948], [112.75902, -7.30536], [112.75879440000006, -7.305294199999935], [112.75878000000012, -7.30529], [112.75853, -7.30521], [112.7583446000001, -7.305160099999966], [112.75827, -7.30514], [112.75804060000007, -7.305080499999974], [112.7577702000001, -7.304999299999963], [112.75774, -7.30499], [112.75773290000006, -7.304988099999946], [112.7577066, -7.304980199999932], [112.75764170000002, -7.304963499999928], [112.7574800000001, -7.30492], [112.75724830000001, -7.30486209999998], [112.7570009000001, -7.304783399999963], [112.75681720000011, -7.304746199999954], [112.75680160000002, -7.30474259999994], [112.75679, -7.30474], [112.75679, -7.304740699999968], [112.75680000000011, -7.30503], [112.75681, -7.30515], [112.75671000000011, -7.30556], [112.75661060000004, -7.305957699999965], [112.75661, -7.30596], [112.7563752000001, -7.305932], [112.75619, -7.30591], [112.75611, -7.3059], [112.75602, -7.30589], [112.75591, -7.30588], [112.75579, -7.30586], [112.75565, -7.30584], [112.75551, -7.30582], [112.75546580000002, -7.305814099999964], [112.75536000000011, -7.3058], [112.75525450000009, -7.305784899999935], [112.75522, -7.30578], [112.75509000000011, -7.30576], [112.75497, -7.30574], [112.75487, -7.30573], [112.75477, -7.30572], [112.75469, -7.30571], [112.75461, -7.3057], [112.75453, -7.30569], [112.75445, -7.30569], [112.75437000000011, -7.30569], [112.75427, -7.30569], [112.75418760000002, -7.305697499999951], [112.75418410000009, -7.305697799999962], [112.75416, -7.3057], [112.75404, -7.3057], [112.75391, -7.30571], [112.75377, -7.30572], [112.75362, -7.30573], [112.7534700000001, -7.30575], [112.75331, -7.30576], [112.75315, -7.30577], [112.75302970000007, -7.305777499999976], [112.75299, -7.30578], [112.75283, -7.3058], [112.75267, -7.30581], [112.75258870000005, -7.305814799999951], [112.7525, -7.30582], [112.75234000000012, -7.30583], [112.75216000000012, -7.30584], [112.75199, -7.30585], [112.75181, -7.30586], [112.75162000000012, -7.30587], [112.7515982000001, -7.305871099999933], [112.75143, -7.30588], [112.75123, -7.30589], [112.7511369, -7.305894399999943], [112.75102, -7.3059], [112.75079, -7.3059], [112.75055, -7.3059], [112.75052230000006, -7.305892399999948], [112.75033, -7.30584], [112.75000000000011, -7.30583], [112.7499891000001, -7.30583], [112.7497, -7.30583], [112.74966790000008, -7.30583], [112.74937000000011, -7.30583], [112.74908, -7.30586], [112.74901000000011, -7.30587], [112.74896820000004, -7.305871599999932], [112.74875, -7.30588], [112.74793000000011, -7.3059], [112.74751540000011, -7.305916599999932], [112.74741070000005, -7.305919599999982], [112.74739650000004, -7.30592], [112.74716, -7.30592], [112.74703000000011, -7.30593], [112.74697660000004, -7.305931799999939], [112.74673, -7.30594], [112.74629, -7.30596], [112.7455979, -7.305944099999977], [112.74498, -7.30593], [112.7449176, -7.30593], [112.74472970000011, -7.30593], [112.74446000000012, -7.30593], [112.74425, -7.30593], [112.74419810000006, -7.305927399999973], [112.74405, -7.30592], [112.74359, -7.30591], [112.74344910000002, -7.30591], [112.74335, -7.30591], [112.74330120000002, -7.30590669999998], [112.74328380000009, -7.30590559999996], [112.74320000000012, -7.3059], [112.74302000000012, -7.3059], [112.74252, -7.3059], [112.7424, -7.30589], [112.74237360000006, -7.30589], [112.74208260000012, -7.30589], [112.74208050000004, -7.305888], [112.74205340000003, -7.305886699999974], [112.74180110000009, -7.30587479999997], [112.7417478000001, -7.305872299999976], [112.74174650000009, -7.305879599999969], [112.74160930000005, -7.306644], [112.74156190000008, -7.306907499999966], [112.74139560000003, -7.307743], [112.74137770000004, -7.307826399999954], [112.74123910000003, -7.308470899999975], [112.74110990000008, -7.308431799999937], [112.7411092000001, -7.308435399999951], [112.74104140000009, -7.308762499999943], [112.74083690000009, -7.309764599999937], [112.74057570000002, -7.311044099999947], [112.74041080000006, -7.31102809999993], [112.7398607, -7.310975], [112.73917660000006, -7.310909], [112.73898930000007, -7.312021399999935]]] 
      }
    },
    {
      "type": "Feature",
      "properties": {
        "district_id": "3578050",
        "province": "Jawa Timur",
        "regency": "Surabaya",
        "district": "Tenggilis Mejoyo",
        "pria": 28982,
        "wanita": 29950,
        "total_penduduk": 58932
      },
      "geometry": {
        "type": "Polygon",
        "coordinates": [[[112.75968820000003, -7.326045699999952], [112.7598, -7.32583], [112.75994, -7.32556], [112.76007, -7.32529], [112.76019, -7.32504], [112.7603, -7.32481], [112.76041, -7.3246], [112.7605, -7.3244], [112.76059, -7.32422], [112.76067, -7.32405], [112.76077, -7.32392], [112.76089430000002, -7.323786799999937], [112.76090820000002, -7.32377189999994], [112.76091, -7.32377], [112.76091730000007, -7.323748], [112.7609298000001, -7.323710699999936], [112.761, -7.3235], [112.76106360000006, -7.323388799999975], [112.76106830000003, -7.323380499999928], [112.7610800000001, -7.32336], [112.7614400000001, -7.32267], [112.76152220000006, -7.32249429999996], [112.76166, -7.3222], [112.76179, -7.32193], [112.76227790000007, -7.320954099999938], [112.76232, -7.32087], [112.76250960000004, -7.320468199999937], [112.762515, -7.320456699999966], [112.76274, -7.31998], [112.76283450000005, -7.319783], [112.7628724000001, -7.319704199999933], [112.76294910000001, -7.319544299999961], [112.76298, -7.31948], [112.76344, -7.31861], [112.76357810000002, -7.318315299999938], [112.76367160000007, -7.31811579999993], [112.76368080000009, -7.318096299999979], [112.76374, -7.31797], [112.76382790000002, -7.31779419999998], [112.76393050000001, -7.317588899999976], [112.76414000000011, -7.31717], [112.76474, -7.31591], [112.76477280000006, -7.315844499999969], [112.7647634000001, -7.31583969999997], [112.76418540000009, -7.315544599999953], [112.76406640000005, -7.315792399999964], [112.76392270000008, -7.316084799999942], [112.76387810000006, -7.31606], [112.76347180000005, -7.315881599999955], [112.76336770000012, -7.315901399999973], [112.762996, -7.315858], [112.76298610000003, -7.315856799999949], [112.7629353000001, -7.315765899999974], [112.762892, -7.315688299999977], [112.76270860000011, -7.315544599999953], [112.76251530000002, -7.315539699999931], [112.76229230000001, -7.315425699999935], [112.7620644000001, -7.315257199999962], [112.76196750000008, -7.315134399999977], [112.76191570000003, -7.315068899999972], [112.76179180000008, -7.314850799999931], [112.76172570000006, -7.314718599999935], [112.76173, -7.31468], [112.76174280000009, -7.314675299999976], [112.7618020000001, -7.314653799999974], [112.76191270000004, -7.314692599999944], [112.76210420000007, -7.314684199999931], [112.762254, -7.314534399999957], [112.76232060000007, -7.31444289999996], [112.76236390000008, -7.314404399999944], [112.76239, -7.3144], [112.76245, -7.3144], [112.76251, -7.3144], [112.76259, -7.31441], [112.76265, -7.31442], [112.76268880000009, -7.314427799999976], [112.76291150000009, -7.314567699999941], [112.76309050000009, -7.314671699999963], [112.76316950000012, -7.314717499999972], [112.76331090000008, -7.314850699999965], [112.76357730000007, -7.314950599999975], [112.76382690000003, -7.314992199999949], [112.76406660000009, -7.314992199999949], [112.76410160000012, -7.314992199999949], [112.76427640000009, -7.31478409999994], [112.76439290000008, -7.314492799999925], [112.76442620000012, -7.314318], [112.76441780000005, -7.314234799999952], [112.7642264000001, -7.314093299999968], [112.76409330000001, -7.314010099999962], [112.76400610000007, -7.313978399999939], [112.76391020000005, -7.313943499999937], [112.76385190000008, -7.313802], [112.76389350000011, -7.313627299999951], [112.76391850000005, -7.313460799999973], [112.76393050000001, -7.31339689999993], [112.76401, -7.31343], [112.76407, -7.31346], [112.76449, -7.31366], [112.76478, -7.31384], [112.76499, -7.31401], [112.76535, -7.31437], [112.76541330000009, -7.314426899999944], [112.76544840000008, -7.314458599999966], [112.7654500000001, -7.31446], [112.76551, -7.3145], [112.76564, -7.31463], [112.7657200000001, -7.31472], [112.7658, -7.31474], [112.76594000000011, -7.31467], [112.76648000000012, -7.3145], [112.76686, -7.31437], [112.76724, -7.31423], [112.76733930000012, -7.314139], [112.7676, -7.3139], [112.76767, -7.31385], [112.76777, -7.31386], [112.76780070000007, -7.313875399999972], [112.76791, -7.31393], [112.76803, -7.31403], [112.76803280000001, -7.314030799999955], [112.76814, -7.31406], [112.76826, -7.31406], [112.76885, -7.31382], [112.76894, -7.31371], [112.7689600000001, -7.31354], [112.76895190000005, -7.313404799999944], [112.76893, -7.31304], [112.76882, -7.31281], [112.7688061, -7.312786799999969], [112.76867, -7.31256], [112.76852050000002, -7.31235769999995], [112.7685, -7.31233], [112.76839, -7.31208], [112.76838, -7.31192], [112.7684200000001, -7.31165], [112.76845240000011, -7.31156679999998], [112.76849, -7.31147], [112.76853040000003, -7.31136239999995], [112.76856470000007, -7.311270799999932], [112.76858, -7.31123], [112.76864, -7.31059], [112.76874, -7.31051], [112.76884790000008, -7.310471499999949], [112.76888, -7.31046], [112.76918, -7.31039], [112.76950450000004, -7.310276399999964], [112.76958, -7.31025], [112.76966, -7.31022], [112.76987, -7.31023], [112.76998, -7.31029], [112.77021, -7.31041], [112.77050830000007, -7.310608899999977], [112.77057550000006, -7.310653699999932], [112.77101590000007, -7.308630199999925], [112.77096, -7.30862], [112.77085000000011, -7.30859], [112.7707865000001, -7.308568799999932], [112.77073, -7.30855], [112.7706, -7.30852], [112.77047, -7.30848], [112.77032, -7.30844], [112.77016, -7.30839], [112.76999, -7.30835], [112.76981, -7.3083], [112.76962, -7.30824], [112.76956, -7.30823], [112.76941000000011, -7.30819], [112.76919, -7.30813], [112.76897, -7.30807], [112.76873, -7.308], [112.76849330000005, -7.307943199999954], [112.76848, -7.30794], [112.7684435000001, -7.30793019999993], [112.76822, -7.30787], [112.76796, -7.3078], [112.76768, -7.30773], [112.76741, -7.30765], [112.7672040000001, -7.307593199999928], [112.76712, -7.30757], [112.76683, -7.30749], [112.76654, -7.3074], [112.76624, -7.30732], [112.76594000000011, -7.30723], [112.7656300000001, -7.30715], [112.76532, -7.30706], [112.76501, -7.30697], [112.76469, -7.30689], [112.76458480000008, -7.306859399999951], [112.76438, -7.3068], [112.76407, -7.30672], [112.76385070000003, -7.306661499999962], [112.76383790000011, -7.306658099999936], [112.76377, -7.30664], [112.76348, -7.30657], [112.76321510000002, -7.306501299999979], [112.76321, -7.3065], [112.76297000000011, -7.30644], [112.76275, -7.30638], [112.76261280000006, -7.306343899999945], [112.76256, -7.30633], [112.76242430000002, -7.30629609999994], [112.7624, -7.30629], [112.76225000000011, -7.30625], [112.76194, -7.30616], [112.76188460000003, -7.306149299999959], [112.76168, -7.30611], [112.76167020000003, -7.306107699999927], [112.76155, -7.30608], [112.76142, -7.30605], [112.76128, -7.30601], [112.76113, -7.30598], [112.76098, -7.30594], [112.760922, -7.305925499999944], [112.76082, -7.3059], [112.76077810000004, -7.305889499999978], [112.76066, -7.30586], [112.7605, -7.30581], [112.76034, -7.30577], [112.76017, -7.30572], [112.7600000000001, -7.30566], [112.75983, -7.30561], [112.75965, -7.30555], [112.75945, -7.30549], [112.75924, -7.30543], [112.75916, -7.3054], [112.75912, -7.30634], [112.75909170000011, -7.306525199999953], [112.75909720000004, -7.306537599999956], [112.75909720000004, -7.306917299999952], [112.75909720000004, -7.306920699999978], [112.75903280000011, -7.30691029999997], [112.75899, -7.30719], [112.75897770000006, -7.307398499999977], [112.75897310000005, -7.307519199999945], [112.75897020000002, -7.30752629999995], [112.75897, -7.30753], [112.75891, -7.30768], [112.75888, -7.30775], [112.75884, -7.30822], [112.75878870000008, -7.308792799999935], [112.75883220000003, -7.308814899999959], [112.75893410000003, -7.308862899999951], [112.75919090000002, -7.308818199999962], [112.75922560000004, -7.308812099999955], [112.75952590000009, -7.308838199999968], [112.75944550000008, -7.308952], [112.75944290000007, -7.308955699999956], [112.7593528000001, -7.309084499999926], [112.75931090000006, -7.30914249999995], [112.75911670000005, -7.309417199999928], [112.75907210000003, -7.309473099999934], [112.75903260000007, -7.309527799999955], [112.75863190000007, -7.310024699999929], [112.75856610000005, -7.310107199999948], [112.75820480000004, -7.310572899999954], [112.75791830000003, -7.310941599999978], [112.7578506000001, -7.311029899999937], [112.75782750000008, -7.311058599999967], [112.75773460000005, -7.311178], [112.75748220000003, -7.311487099999965], [112.75719920000006, -7.31183539999995], [112.75719880000008, -7.311835799999926], [112.75717340000006, -7.311867199999938], [112.757091, -7.311960499999941], [112.75678130000006, -7.312318499999947], [112.7567772000001, -7.312315599999977], [112.75677690000009, -7.31231589999993], [112.75674, -7.31229], [112.756643, -7.312222099999929], [112.7564135, -7.312155299999972], [112.75628290000009, -7.312076899999965], [112.756248, -7.311998599999981], [112.75624140000002, -7.311906799999974], [112.75622, -7.3117], [112.7561521, -7.311670899999967], [112.75614970000004, -7.31167], [112.75605, -7.31167], [112.75602980000008, -7.311667799999952], [112.75602170000002, -7.311667799999952], [112.75601410000002, -7.311666], [112.75596, -7.31166], [112.75571, -7.31181], [112.7556843000001, -7.311983399999974], [112.75567340000009, -7.312081299999932], [112.75559940000005, -7.312111799999968], [112.75551470000005, -7.312119499999937], [112.75551, -7.31212], [112.7555099000001, -7.312119899999971], [112.75550370000008, -7.312120499999935], [112.75512060000005, -7.311841899999934], [112.7550371000001, -7.311812399999951], [112.75489, -7.311763299999939], [112.75475030000007, -7.311741499999926], [112.75446000000011, -7.3117], [112.75440970000011, -7.311688199999935], [112.75440450000008, -7.31168729999996], [112.75435270000003, -7.311675], [112.7542989000001, -7.311662099999978], [112.75429, -7.31166], [112.75399260000006, -7.311590599999931], [112.75386990000004, -7.311580099999958], [112.75386750000007, -7.311582199999975], [112.75386050000009, -7.311579299999948], [112.75385170000004, -7.311578499999939], [112.7538283, -7.311566], [112.75378160000002, -7.311546599999929], [112.75358190000009, -7.311513299999945], [112.7534329, -7.311505099999977], [112.75341220000007, -7.311517499999979], [112.75327390000007, -7.311604899999963], [112.75322460000007, -7.311794099999929], [112.753224, -7.311811599999942], [112.753224, -7.311937799999953], [112.75321850000012, -7.311976199999947], [112.75321710000003, -7.312017799999978], [112.75322240000003, -7.312096199999928], [112.75323790000004, -7.312214099999949], [112.75324250000006, -7.312271299999964], [112.7532443, -7.31229339999993], [112.75325580000003, -7.312391099999957], [112.75324890000002, -7.312425399999938], [112.75324880000005, -7.312429599999973], [112.75324670000009, -7.312436599999955], [112.75324, -7.31247], [112.75321330000008, -7.312550199999976], [112.75320920000001, -7.312564099999975], [112.75319, -7.31266], [112.75317, -7.31276], [112.75316020000002, -7.312857699999938], [112.75316, -7.31286], [112.75315, -7.31295], [112.75314420000007, -7.312996099999964], [112.75314, -7.313063899999975], [112.75314, -7.31311], [112.75314, -7.313167299999975], [112.75314860000003, -7.313230499999975], [112.75317040000004, -7.313374199999942], [112.75323790000004, -7.31356349999993], [112.75325530000009, -7.313659299999927], [112.753265, -7.313720899999964], [112.75327390000007, -7.313768699999969], [112.75329110000007, -7.313876], [112.75330720000011, -7.313976799999978], [112.75331070000004, -7.314011799999946], [112.75331620000009, -7.314046699999949], [112.75332090000006, -7.314113799999973], [112.75332390000005, -7.314143299999955], [112.75332650000007, -7.314193299999943], [112.75333360000002, -7.314294899999936], [112.75331620000009, -7.314495099999931], [112.75323230000004, -7.314682299999959], [112.75323230000004, -7.314793299999963], [112.7532357, -7.315159], [112.7532989, -7.315166899999952], [112.75329920000001, -7.315167], [112.75330970000005, -7.315167699999961], [112.75332690000005, -7.315176299999962], [112.75334630000009, -7.31518269999998], [112.75356220000003, -7.315224199999932], [112.75356180000006, -7.315224699999931], [112.75356520000003, -7.315225199999929], [112.7535319000001, -7.315266799999961], [112.75365680000004, -7.315300099999945], [112.75365840000006, -7.315300599999944], [112.75384080000003, -7.315346099999942], [112.7540715, -7.315150199999948], [112.754072, -7.315151], [112.7540729000001, -7.315150299999971], [112.75408020000009, -7.315162399999963], [112.75413680000008, -7.315241699999945], [112.75422820000006, -7.315298299999938], [112.75422810000009, -7.315298299999938], [112.754231, -7.315300099999945], [112.75423130000001, -7.315300599999944], [112.75413, -7.31539], [112.75400550000006, -7.315481299999931], [112.75385460000007, -7.315605299999959], [112.75373, -7.31571], [112.75369880000005, -7.315733399999942], [112.7535157000001, -7.31588389999996], [112.75314, -7.31621819999998], [112.75276440000005, -7.316552399999978], [112.7525544, -7.316741299999933], [112.75226480000003, -7.317000199999939], [112.75226150000003, -7.317003099999965], [112.75210390000007, -7.317144], [112.75188620000006, -7.317339899999979], [112.75167350000004, -7.317529799999932], [112.75164, -7.31756], [112.75147, -7.3177], [112.75140560000011, -7.317748799999947], [112.7509156000001, -7.318126899999982], [112.75088070000004, -7.31815389999997], [112.75087770000005, -7.318149], [112.75084070000003, -7.318088099999954], [112.7507379000001, -7.317930499999932], [112.7505413, -7.317901], [112.75046630000008, -7.317895199999953], [112.75032350000004, -7.317884], [112.75010580000003, -7.317870899999946], [112.75008470000012, -7.317857899999979], [112.749961, -7.317790399999978], [112.7497624, -7.317722199999935], [112.7497227, -7.317709899999954], [112.74969140000007, -7.31769769999994], [112.74955340000008, -7.317650299999968], [112.7490888000001, -7.317529499999978], [112.74891660000003, -7.317484699999966], [112.74844250000001, -7.317383199999938], [112.74843730000009, -7.317382], [112.74844860000007, -7.31741569999997], [112.74827530000005, -7.317350699999963], [112.74813170000004, -7.317324599999949], [112.74806640000008, -7.317355099999929], [112.74800460000006, -7.317454399999974], [112.74798, -7.31749], [112.7479737000001, -7.317504199999973], [112.74796630000003, -7.317516199999943], [112.74786180000001, -7.317746899999975], [112.74775080000006, -7.318167], [112.74765900000011, -7.318496099999948], [112.74754, -7.31891], [112.74752740000008, -7.318954], [112.747456, -7.319204199999945], [112.74746160000007, -7.319204199999945], [112.74746130000005, -7.319205199999942], [112.74776050000003, -7.319209499999943], [112.74776170000007, -7.319209499999943], [112.7480213, -7.319678199999942], [112.7480968000001, -7.319814599999972], [112.747593, -7.320112599999959], [112.7471696, -7.320363099999952], [112.74627220000002, -7.320858299999941], [112.74626640000008, -7.320861499999978], [112.74642310000002, -7.321118399999932], [112.7464427000001, -7.321144599999968], [112.74655730000006, -7.32129759999998], [112.74672310000005, -7.32152039999994], [112.7467597000001, -7.321569599999975], [112.74675690000004, -7.321571899999981], [112.74673020000012, -7.32158789999994], [112.7467818, -7.321648399999958], [112.7468947000001, -7.32178579999993], [112.74691890000008, -7.321850099999949], [112.74704310000004, -7.322186199999976], [112.74704340000005, -7.322187099999951], [112.74696940000001, -7.322291499999949], [112.74693460000003, -7.322439499999973], [112.74676870000008, -7.32296649999995], [112.74673870000004, -7.323062], [112.74656610000011, -7.323034599999971], [112.74606740000002, -7.322951499999931], [112.74588110000002, -7.322918399999935], [112.74586160000001, -7.322913299999925], [112.74581910000006, -7.32290219999993], [112.74536110000008, -7.322780099999932], [112.74536, -7.32279], [112.74535350000008, -7.32281949999998], [112.74525870000002, -7.322804599999927], [112.7451420000001, -7.322786299999962], [112.74427350000008, -7.322648], [112.74399260000007, -7.322603199999946], [112.74398970000004, -7.32260279999997], [112.74398890000009, -7.322605099999976], [112.74398750000012, -7.322604799999965], [112.74396210000009, -7.322688299999982], [112.74390260000007, -7.322872699999948], [112.74389870000005, -7.322891], [112.7438972000001, -7.322890799999925], [112.74387330000002, -7.32301039999993], [112.74374810000006, -7.323623599999962], [112.74367840000002, -7.323963099999958], [112.74368270000002, -7.323963399999968], [112.74386130000005, -7.323976199999947], [112.74385340000003, -7.324142199999926], [112.74385030000008, -7.324206799999956], [112.74384390000012, -7.324340399999926], [112.74382430000003, -7.324753199999975], [112.7437873, -7.325517199999979], [112.7437797, -7.325638699999956], [112.74374160000002, -7.326250699999946], [112.74370670000008, -7.326629399999945], [112.74368860000004, -7.326832299999978], [112.74364360000004, -7.327336799999955], [112.74356920000002, -7.328030899999931], [112.74356310000007, -7.328087699999969], [112.74355760000003, -7.328145399999926], [112.743529, -7.328412699999944], [112.74356920000002, -7.328410699999949], [112.74361650000003, -7.328408399999944], [112.74378070000012, -7.328405499999974], [112.74372850000009, -7.328836399999943], [112.743722, -7.329117199999928], [112.74372440000002, -7.329238799999928], [112.7437225000001, -7.329329599999937], [112.74372240000002, -7.32933479999997], [112.7437222000001, -7.329340099999968], [112.74372, -7.32934], [112.74359570000001, -7.329331299999978], [112.743571, -7.329330699999957], [112.74356910000006, -7.329330599999935], [112.74356530000011, -7.329330499999969], [112.74353890000009, -7.329547599999955], [112.74352610000005, -7.329652599999974], [112.74346870000011, -7.330021199999976], [112.74344570000005, -7.33017609999996], [112.7434187, -7.330340599999943], [112.74331280000001, -7.331006499999944], [112.7432606000001, -7.331345699999929], [112.74328960000003, -7.331352699999968], [112.74331710000001, -7.331359299999974], [112.74332, -7.33136], [112.74331830000006, -7.331367899999975], [112.74320000000012, -7.33192], [112.74310180000009, -7.332394699999952], [112.74308, -7.3325], [112.74306540000009, -7.332566899999961], [112.74301890000004, -7.332793399999957], [112.74297320000005, -7.332943599999965], [112.74294670000006, -7.333028299999967], [112.74286, -7.33332], [112.7428069, -7.333485699999926], [112.74261, -7.3341], [112.74259010000003, -7.334186099999954], [112.74253220000003, -7.334166799999934], [112.7425148000001, -7.334223299999962], [112.7424784000001, -7.334341799999947], [112.7423755000001, -7.334685499999978], [112.74228220000009, -7.335058599999968], [112.74228110000001, -7.335063599999955], [112.74234510000008, -7.335133599999949], [112.7423725000001, -7.335163699999953], [112.74237590000007, -7.335237399999926], [112.74239290000003, -7.335601], [112.742412, -7.335849699999926], [112.74241440000003, -7.335909], [112.7424148, -7.335919799999942], [112.742416, -7.335949299999982], [112.74241, -7.33595], [112.7424095, -7.335957599999972], [112.7424095, -7.335958099999971], [112.74239640000008, -7.336180099999979], [112.74238420000006, -7.336325], [112.74237140000002, -7.336509599999943], [112.742366, -7.336632799999961], [112.742366, -7.33697669999998], [112.74234500000011, -7.337066599999957], [112.74232660000007, -7.337163199999964], [112.74226780000004, -7.337472399999967], [112.74220770000011, -7.337845], [112.74220770000011, -7.33796469999993], [112.74220930000001, -7.338313199999959], [112.7422150000001, -7.338353099999949], [112.7422156, -7.33835739999995], [112.74221860000011, -7.338373899999965], [112.74221980000004, -7.338373599999954], [112.74223350000011, -7.338370199999929], [112.742234, -7.338370099999963], [112.74223540000003, -7.33836969999993], [112.74224960000004, -7.338377899999955], [112.74229060000005, -7.33839839999996], [112.74229190000005, -7.338398499999926], [112.74229240000011, -7.338402299999927], [112.74232140000004, -7.338605], [112.74232790000008, -7.338650399999949], [112.74199170000009, -7.338674399999945], [112.741996, -7.33887029999994], [112.741996, -7.338876699999958], [112.74200110000004, -7.339098], [112.742003, -7.339177899999981], [112.74200330000008, -7.339191299999925], [112.74198510000008, -7.339563599999963], [112.74196830000005, -7.339908299999934], [112.74195590000011, -7.340162499999963], [112.74195550000002, -7.340171899999973], [112.74193730000002, -7.340672099999949], [112.7420274000001, -7.340705799999967], [112.74214580000012, -7.340726299999972], [112.74221580000005, -7.340735699999925], [112.742477, -7.34078349999993], [112.742748, -7.340824299999952], [112.74285340000006, -7.340835699999957], [112.74288110000009, -7.340838699999949], [112.7428824000001, -7.340838899999937], [112.74296760000004, -7.34084809999996], [112.74302670000009, -7.340814899999941], [112.74312580000003, -7.340875899999958], [112.74313110000003, -7.340879199999961], [112.7434310000001, -7.341065199999946], [112.7438049000001, -7.341202099999975], [112.74410240000009, -7.341281199999969], [112.74425530000008, -7.341322099999957], [112.74432370000011, -7.341340399999979], [112.7446718000001, -7.341446599999927], [112.74477380000008, -7.341477699999928], [112.74529260000008, -7.341636], [112.74568250000004, -7.341733699999963], [112.7464599000001, -7.34192829999995], [112.74646980000011, -7.341931099999954], [112.7470168000001, -7.342087099999958], [112.7471872000001, -7.34214309999993], [112.74748980000004, -7.342242599999963], [112.74782560000006, -7.342369899999937], [112.74806210000008, -7.342395099999976], [112.74857320000001, -7.342296399999952], [112.74891650000006, -7.342193899999927], [112.74905390000004, -7.342199799999946], [112.7491073000001, -7.342202], [112.74945060000005, -7.34223019999996], [112.7499084000001, -7.342264], [112.74999990000003, -7.34226689999997], [112.7501373, -7.342271199999971], [112.75049580000007, -7.342322599999932], [112.75132750000012, -7.342340799999931], [112.75160420000009, -7.342342499999972], [112.75171650000004, -7.342343199999959], [112.751831, -7.342346499999962], [112.7524108, -7.342364199999963], [112.75249410000004, -7.342359399999964], [112.7526855000001, -7.342348399999935], [112.75332630000003, -7.342267299999946], [112.75346370000011, -7.34223019999996], [112.75356820000002, -7.34213909999994], [112.75357050000002, -7.342137199999968], [112.75360680000006, -7.342074299999979], [112.75360910000006, -7.342070299999932], [112.7536391000001, -7.342018399999972], [112.753662, -7.341753299999937], [112.753662, -7.34173549999997], [112.753662, -7.341676799999959], [112.753662, -7.341671299999973], [112.753662, -7.341666699999962], [112.753662, -7.341180399999928], [112.753662, -7.34117729999997], [112.7536636000001, -7.341161199999931], [112.75369260000002, -7.340872099999956], [112.7537536000001, -7.340700899999945], [112.7538565000001, -7.340572299999963], [112.75391380000008, -7.34050069999995], [112.753925, -7.340485699999931], [112.75399770000001, -7.340388599999926], [112.754074, -7.340098699999942], [112.75407450000012, -7.340057199999933], [112.7540864, -7.339066199999934], [112.754089, -7.338853599999936], [112.75408930000003, -7.338827], [112.75410450000004, -7.33876349999997], [112.7541572, -7.33850149999995], [112.754158, -7.338497899999936], [112.75450890000002, -7.337748799999929], [112.7545857, -7.337584099999958], [112.75460810000004, -7.337536199999931], [112.75469360000011, -7.337358699999982], [112.75477590000003, -7.337187599999936], [112.75479120000011, -7.337157099999956], [112.75487510000005, -7.337010699999951], [112.7550887000001, -7.336820899999964], [112.7550903, -7.336820199999977], [112.75509000000011, -7.33682], [112.75482000000011, -7.3366], [112.75479, -7.33652], [112.75476, -7.33646], [112.75474, -7.33639], [112.75472, -7.33632], [112.75473000000011, -7.33626], [112.75474, -7.3362], [112.75477, -7.33614], [112.75479, -7.33607], [112.75482000000011, -7.33602], [112.75485, -7.33595], [112.75489, -7.33587], [112.75494, -7.33577], [112.75499, -7.33564], [112.75507, -7.33548], [112.75515, -7.3353], [112.75526, -7.33507], [112.75538, -7.3348], [112.75550730000009, -7.334509], [112.75552, -7.33448], [112.75569, -7.33411], [112.75589, -7.33367], [112.75605, -7.33334], [112.75613, -7.33316], [112.7564, -7.33258], [112.75671000000011, -7.33192], [112.75707000000011, -7.33117], [112.7575, -7.33032], [112.75791, -7.3295], [112.75824000000011, -7.32886], [112.7585, -7.32837], [112.75869000000012, -7.32799], [112.75884, -7.32771], [112.75896000000012, -7.32748], [112.75907, -7.32728], [112.75916, -7.3271], [112.7592800000001, -7.32687], [112.7594, -7.32663], [112.75953, -7.32637], [112.75966, -7.3261], [112.75968820000003, -7.326045699999952]]] 
      }
    },
    {
      "type": "Feature",
      "properties": {
        "district_id": "3578060",
        "province": "Jawa Timur",
        "regency": "Surabaya",
        "district": "Gunung Anyar",
        "pria": 30785,
        "wanita": 31557,
        "total_penduduk": 62342
      },
      "geometry": {
        "type": "Polygon",
        "coordinates": [[[112.79730210000002, -7.345303399999978], [112.79730980000011, -7.34530239999998], [112.79737080000007, -7.345295699999951], [112.7974319000001, -7.345289499999978], [112.79749290000007, -7.345282399999974], [112.79755220000004, -7.345276599999977], [112.79756150000003, -7.345275699999945], [112.79763790000004, -7.345269499999972], [112.79770650000012, -7.345262799999944], [112.79777520000005, -7.345256599999971], [112.79784390000009, -7.34525089999994], [112.79790490000005, -7.34524609999994], [112.7979659, -7.345241399999964], [112.79801930000008, -7.345237599999962], [112.79805750000003, -7.345234699999935], [112.798088, -7.345232299999964], [112.7981185000001, -7.345229899999936], [112.79815670000005, -7.345225099999936], [112.79817960000003, -7.34521849999993], [112.79820240000004, -7.345207], [112.79822530000001, -7.34518989999998], [112.7982482000001, -7.345167499999945], [112.79827870000008, -7.345138799999972], [112.79831690000003, -7.345105], [112.7983398, -7.345086399999957], [112.79836260000002, -7.345067299999926], [112.79838550000011, -7.345048199999951], [112.79840840000008, -7.345029199999942], [112.79843130000006, -7.345011099999965], [112.79845420000004, -7.344993899999963], [112.79847710000001, -7.344978099999935], [112.7985000000001, -7.344964799999957], [112.79853810000009, -7.344942899999978], [112.79857630000004, -7.344927599999949], [112.79861440000002, -7.344917099999975], [112.79865260000008, -7.344908499999974], [112.79868310000006, -7.344906199999969], [112.79871360000004, -7.344908499999974], [112.79874410000002, -7.344913299999973], [112.79878230000008, -7.344920899999977], [112.79882040000007, -7.34493139999995], [112.79884330000004, -7.344938599999978], [112.79886620000002, -7.344946199999981], [112.79888910000011, -7.344955199999958], [112.79891960000009, -7.344965299999956], [112.79894250000007, -7.344976199999962], [112.798973, -7.344988199999932], [112.79900350000003, -7.345000599999935], [112.79902640000012, -7.345013399999971], [112.7990569000001, -7.345025899999939], [112.79907980000007, -7.345038699999975], [112.79910270000005, -7.345050599999979], [112.79912560000002, -7.345062599999949], [112.7991297000001, -7.345064599999944], [112.79914850000011, -7.345074], [112.799179, -7.345097899999928], [112.79920950000007, -7.34512449999994], [112.79924010000002, -7.345157399999948], [112.79925530000003, -7.345177], [112.79927060000011, -7.345198499999981], [112.7992858, -7.345220899999958], [112.7993011000001, -7.345243799999935], [112.7993163000001, -7.345267099999944], [112.79933160000007, -7.34529], [112.79934690000005, -7.345312399999955], [112.79936210000005, -7.34533289999996], [112.799385, -7.34536959999997], [112.7994079, -7.345400199999972], [112.7994308000001, -7.345425399999954], [112.79945370000007, -7.345446399999958], [112.79947660000005, -7.345464], [112.79949940000006, -7.345478799999967], [112.79952990000004, -7.345491199999969], [112.79955280000001, -7.345501699999943], [112.79958340000007, -7.345510299999944], [112.79961390000005, -7.345517399999949], [112.799652, -7.345522199999948], [112.7996902000001, -7.345525099999975], [112.79975880000006, -7.345523199999946], [112.79981220000002, -7.345515099999943], [112.79985040000008, -7.345508399999972], [112.79988090000006, -7.345499299999972], [112.79992670000001, -7.345487399999968], [112.79996480000011, -7.345473099999936], [112.80001060000006, -7.345456399999932], [112.80005640000002, -7.345438799999954], [112.80010980000009, -7.345419699999979], [112.80015550000007, -7.345400599999948], [112.80020900000011, -7.345382], [112.8002547000001, -7.345364399999937], [112.80030050000005, -7.345348599999966], [112.80033870000011, -7.345335299999931], [112.8003768000001, -7.34532379999996], [112.800415, -7.345314299999927], [112.80045310000003, -7.345306199999925], [112.80049130000009, -7.3453], [112.80052180000007, -7.345294299999978], [112.80055990000005, -7.345289499999978], [112.80059040000003, -7.345285199999978], [112.8006286000001, -7.345280899999977], [112.80066670000008, -7.345277599999974], [112.80070490000003, -7.345274299999971], [112.800743, -7.345271399999945], [112.80078880000008, -7.345269499999972], [112.80082690000006, -7.345268099999942], [112.80087270000001, -7.345268099999942], [112.80092610000008, -7.345269], [112.80097190000004, -7.345270899999946], [112.8010253000001, -7.345273799999973], [112.80107110000006, -7.345277599999974], [112.80112450000001, -7.345281899999975], [112.80117030000008, -7.345286199999975], [112.80121610000003, -7.345291], [112.80125420000002, -7.345295199999953], [112.80129240000008, -7.345299499999953], [112.80132290000006, -7.345303399999978], [112.80136860000005, -7.345310499999925], [112.80141440000011, -7.345319599999925], [112.8014525000001, -7.345333899999957], [112.80148310000004, -7.345343899999932], [112.80151360000002, -7.345356299999935], [112.8015517, -7.345370599999967], [112.80158990000007, -7.345386299999973], [112.801628, -7.345403499999975], [112.80167380000012, -7.345421599999952], [112.80171960000007, -7.345440199999928], [112.80176540000002, -7.345459299999959], [112.8018111, -7.345477899999935], [112.8018535000001, -7.345494199999962], [112.80185690000008, -7.34549549999997], [112.80190270000003, -7.345513199999971], [112.8019485000001, -7.345529399999975], [112.80198660000008, -7.345545099999981], [112.80202480000003, -7.345559399999956], [112.80206290000001, -7.345572299999958], [112.8020934000001, -7.345584199999962], [112.80212390000008, -7.345594699999936], [112.80214680000006, -7.345603299999937], [112.80216970000004, -7.345610399999941], [112.80220020000002, -7.345620899999972], [112.80223070000011, -7.345625699999971], [112.80226890000006, -7.34562619999997], [112.8023071, -7.345622399999968], [112.80235280000011, -7.345615199999941], [112.80238330000009, -7.34561], [112.80241390000003, -7.345604199999968], [112.80244440000001, -7.345598], [112.80248250000011, -7.345590899999934], [112.8024971000001, -7.345588], [112.80252070000006, -7.34558329999993], [112.80256650000001, -7.345575199999928], [112.80260460000011, -7.345567], [112.80265040000006, -7.345558499999981], [112.80269620000001, -7.345550399999979], [112.80273430000011, -7.345542699999953], [112.80274340000005, -7.345541299999979], [112.80278010000006, -7.345535599999948], [112.80281820000005, -7.345529399999975], [112.80284870000003, -7.345524099999977], [112.80288690000009, -7.345519799999977], [112.80291740000007, -7.345516], [112.80297080000003, -7.345510799999943], [112.8030013, -7.345508399999972], [112.80304710000007, -7.345505099999968], [112.80310050000003, -7.345501699999943], [112.803131, -7.345500299999969], [112.8031615000001, -7.345499299999972], [112.80319210000005, -7.34549839999994], [112.80323020000003, -7.34549839999994], [112.80326070000001, -7.34549839999994], [112.80330650000008, -7.34549979999997], [112.80335230000003, -7.345501699999943], [112.803398, -7.345505099999968], [112.80345910000005, -7.345510299999944], [112.80352770000002, -7.345518399999946], [112.80360410000003, -7.34553029999995], [112.80369560000008, -7.345546099999979], [112.80380240000011, -7.345566099999928], [112.8039169000001, -7.345591799999966], [112.80411520000007, -7.345639], [112.804367, -7.34570059999993], [112.80440940000005, -7.345711199999926], [112.80443460000004, -7.345717499999978], [112.8048387, -7.345755199999928], [112.8058205000001, -7.34600359999996], [112.80617440000003, -7.34600219999993], [112.80626270000005, -7.345983899999965], [112.80656770000007, -7.345920899999953], [112.80662810000001, -7.345908399999928], [112.80664050000007, -7.345876], [112.80665580000004, -7.345844599999964], [112.80667870000002, -7.345819799999958], [112.8066940000001, -7.34579969999993], [112.80671690000008, -7.345784], [112.8067397000001, -7.345764899999949], [112.80676260000007, -7.345754], [112.80679310000005, -7.345744899999943], [112.80682370000011, -7.345736799999941], [112.80686180000009, -7.34572959999997], [112.80689230000007, -7.345726799999966], [112.80692280000005, -7.345724399999938], [112.80695340000011, -7.345722499999965], [112.8069915000001, -7.345721099999935], [112.80703730000005, -7.345720599999936], [112.807083, -7.345721099999935], [112.8071364000001, -7.345721499999968], [112.8071804000001, -7.345722599999931], [112.80719750000003, -7.345723], [112.8072585000001, -7.345724399999938], [112.80732720000003, -7.345726299999967], [112.80739590000007, -7.34572819999994], [112.80746450000004, -7.345730099999969], [112.80753320000008, -7.345731599999965], [112.80760950000001, -7.34573249999994], [112.80767810000009, -7.345733399999972], [112.80774680000002, -7.345733899999971], [112.80781550000006, -7.345733899999971], [112.80787650000002, -7.345734399999969], [112.8079375000001, -7.345733899999971], [112.80799860000002, -7.345733899999971], [112.808052, -7.345733899999971], [112.80810540000004, -7.345733399999972], [112.80815120000011, -7.345733399999972], [112.8081969000001, -7.345733399999972], [112.80823510000005, -7.345733399999972], [112.80827320000003, -7.345733899999971], [112.80830370000001, -7.345734399999969], [112.80833430000007, -7.345735399999967], [112.80838, -7.345738199999971], [112.8084258, -7.345743], [112.808464, -7.345748199999946], [112.80849450000005, -7.345754499999941], [112.808525, -7.345760599999949], [112.80855550000001, -7.345768699999951], [112.8085784000001, -7.345774499999948], [112.80861660000005, -7.345791599999927], [112.80863950000003, -7.345804], [112.80864110000005, -7.34580509999995], [112.8087723000001, -7.345799899999975], [112.80983540000011, -7.346043699999939], [112.810503, -7.34619669999995], [112.81062120000001, -7.346234], [112.81062310000004, -7.346233199999972], [112.81066120000003, -7.346216], [112.81069180000009, -7.346207], [112.81071470000006, -7.346201699999938], [112.81075280000005, -7.346198899999933], [112.81079090000003, -7.346201699999938], [112.81082150000009, -7.346206], [112.81084440000006, -7.346213099999943], [112.81087490000004, -7.346221799999967], [112.81090540000002, -7.346231799999941], [112.81092590000003, -7.346242], [112.81202660000008, -7.346311599999979], [112.81204630000002, -7.346316], [112.8120848000001, -7.34632449999998], [112.81209790000003, -7.346314499999949], [112.81210320000002, -7.346310399999936], [112.81213370000012, -7.346294199999932], [112.8121642000001, -7.346283699999958], [112.81218710000007, -7.346277499999928], [112.81221760000005, -7.346274199999925], [112.81225580000012, -7.346277499999928], [112.81227870000009, -7.346282799999926], [112.81231680000008, -7.346290899999929], [112.81234210000002, -7.346298199999978], [112.812355, -7.346301899999958], [112.81237570000008, -7.346306399999946], [112.81268610000006, -7.346287899999936], [112.81278980000002, -7.346281], [112.81280980000008, -7.346290899999929], [112.81281270000011, -7.346289], [112.81282610000005, -7.346280899999954], [112.81293570000003, -7.346280399999955], [112.81330470000012, -7.346156], [112.8133269000001, -7.346130799999969], [112.8133544000001, -7.346136899999976], [112.81336350000004, -7.346138499999938], [112.81411060000005, -7.34587769999996], [112.81421910000006, -7.345869299999947], [112.81423180000002, -7.345859299999972], [112.81427760000008, -7.345822599999963], [112.81431570000007, -7.345785399999954], [112.81436150000002, -7.34574779999997], [112.81440730000008, -7.345710599999961], [112.81444540000007, -7.345674299999928], [112.81449120000002, -7.345639499999947], [112.81452930000012, -7.345607099999938], [112.81455990000006, -7.345577099999957], [112.814598, -7.345548899999926], [112.81462850000003, -7.345522699999947], [112.814659, -7.345497899999941], [112.81468960000007, -7.345474599999932], [112.81472010000005, -7.345451199999957], [112.81475060000002, -7.34542829999998], [112.8147811, -7.345404899999949], [112.81481930000007, -7.345381599999939], [112.81485740000005, -7.345357199999967], [112.81489550000003, -7.345332], [112.8149337000001, -7.345305799999949], [112.81497950000005, -7.345278599999972], [112.81502520000004, -7.345250399999941], [112.8150710000001, -7.345220899999958], [112.81512440000006, -7.34518989999998], [112.81517780000001, -7.345157899999947], [112.81523120000008, -7.345125], [112.81528460000004, -7.345092099999931], [112.81533800000011, -7.345059699999979], [112.81539150000003, -7.345028199999945], [112.8154449000001, -7.344998699999962], [112.81549070000005, -7.344971], [112.81552880000004, -7.34494669999998], [112.81556690000002, -7.344925699999976], [112.81559750000008, -7.344908], [112.81562040000006, -7.344893299999967], [112.81565090000004, -7.344880399999965], [112.81567370000005, -7.344868899999938], [112.81569660000002, -7.344859399999962], [112.81571950000011, -7.344849899999929], [112.81574240000009, -7.344841299999928], [112.81577290000007, -7.344832199999928], [112.81580340000005, -7.344822699999952], [112.81583400000011, -7.344813199999976], [112.81587210000009, -7.344803199999944], [112.81590260000007, -7.344792199999972], [112.81594080000002, -7.344781199999943], [112.8159865, -7.344769299999939], [112.81602470000007, -7.344756899999936], [112.81606280000005, -7.344743499999936], [112.81610100000012, -7.344729199999961], [112.81614680000007, -7.34471439999993], [112.81618490000005, -7.344698699999981], [112.81622310000012, -7.344683], [112.81626890000007, -7.344666299999972], [112.816307, -7.34464909999997], [112.81635280000012, -7.344631499999934], [112.8163909000001, -7.344613399999957], [112.816429, -7.344594799999925], [112.81647480000004, -7.344575199999952], [112.8165130000001, -7.344554199999948], [112.81655870000009, -7.344532299999969], [112.81660450000004, -7.344508499999961], [112.8166503000001, -7.344482699999958], [112.81670370000006, -7.344454599999949], [112.81674950000001, -7.344424499999946], [112.81680290000008, -7.344392599999935], [112.81685630000004, -7.344359699999927], [112.81690970000011, -7.344326799999976], [112.81696310000007, -7.344294399999967], [112.81701650000002, -7.344262899999933], [112.81706230000009, -7.344233799999927], [112.81710810000004, -7.344207099999949], [112.81714620000002, -7.344183699999974], [112.8171767, -7.344163699999967], [112.81719690000011, -7.344152099999974], [112.8172072000001, -7.344146099999932], [112.81723010000007, -7.344131299999958], [112.817253, -7.344118899999955], [112.81729120000011, -7.344098799999927], [112.8173293000001, -7.344084099999975], [112.81736750000005, -7.344073599999945], [112.817398, -7.344066], [112.8174361, -7.344061699999941], [112.81752190000009, -7.344018299999959], [112.817801, -7.343907899999977], [112.8180771000001, -7.343779], [112.81837770000004, -7.343653299999971], [112.81849590000002, -7.34360479999998], [112.81868530000008, -7.343537899999944], [112.818756, -7.343544099999974], [112.818756, -7.34353619999996], [112.81875790000004, -7.343519799999967], [112.8190045, -7.343523599999969], [112.8191395, -7.34348069999993], [112.8196249, -7.343326199999979], [112.81964870000002, -7.343334], [112.81967150000003, -7.34334309999997], [112.81970210000009, -7.343351199999972], [112.819725, -7.343357899999944], [112.81975550000004, -7.343364], [112.81977830000005, -7.343369299999949], [112.8198241, -7.343376899999953], [112.81987750000008, -7.343381199999953], [112.819908, -7.343382199999951], [112.81993860000011, -7.343382199999951], [112.8199767000001, -7.343380699999955], [112.82001490000005, -7.343378799999925], [112.82006060000003, -7.343376], [112.8201064000001, -7.343371699999977], [112.82015980000006, -7.343366899999978], [112.8202209000001, -7.343361699999946], [112.82028190000005, -7.343355899999949], [112.8203506000001, -7.343349699999976], [112.82041920000006, -7.34334309999997], [112.8204879000001, -7.343336399999941], [112.82056420000004, -7.34332969999997], [112.82064050000008, -7.343323099999964], [112.82071680000001, -7.343316399999935], [112.82078540000009, -7.343310599999938], [112.82086170000002, -7.343304899999964], [112.82092280000006, -7.343299699999932], [112.82098380000002, -7.343294899999933], [112.82103720000009, -7.343291099999931], [112.821083, -7.343288199999961], [112.82112110000003, -7.343286299999932], [112.82115930000009, -7.343285399999957], [112.82118980000007, -7.343284899999958], [112.82122030000005, -7.343286299999932], [112.82125080000003, -7.343288199999961], [112.821289, -7.34329159999993], [112.82132710000008, -7.343296299999963], [112.82138050000003, -7.343302499999936], [112.8214339000001, -7.343309699999963], [112.82150260000003, -7.343317799999966], [112.82157130000007, -7.343326899999965], [112.82163990000004, -7.343336399999941], [112.82172380000009, -7.343345899999974], [112.8218078000001, -7.343355499999973], [112.82189170000004, -7.343365], [112.82198320000009, -7.343374099999949], [112.82207480000011, -7.343382599999927], [112.82216640000001, -7.343391199999928], [112.82226550000007, -7.343399399999953], [112.8223723000001, -7.343407499999955], [112.82247920000009, -7.343415599999958], [112.8225936, -7.34342369999996], [112.822708, -7.343432299999961], [112.82283780000012, -7.343440399999963], [112.8229675, -7.343448899999942], [112.8230972, -7.343457], [112.82323450000001, -7.343464199999971], [112.82337940000002, -7.343471299999976], [112.8235168000001, -7.343477099999973], [112.82366170000012, -7.34348179999995], [112.8238143000001, -7.343485199999975], [112.82395930000007, -7.343487099999948], [112.82410420000008, -7.343487499999981], [112.82424920000005, -7.343486599999949], [112.82438650000006, -7.343485199999975], [112.82450860000006, -7.343482799999947], [112.82463070000006, -7.343479399999978], [112.82473750000008, -7.343476099999975], [112.824829, -7.343472799999972], [112.824913, -7.343469], [112.82497400000011, -7.343465099999946], [112.825035, -7.343460399999969], [112.82508080000002, -7.343454599999973], [112.82512660000009, -7.343447499999968], [112.82518, -7.343438399999968], [112.82522570000003, -7.343427], [112.82528680000007, -7.343413199999929], [112.82534780000003, -7.343396], [112.82542410000008, -7.343376], [112.825508, -7.343353599999944], [112.825592, -7.343328299999939], [112.82568350000008, -7.343300199999931], [112.82592000000011, -7.343214299999943], [112.82592000000011, -7.343285499999979], [112.82604390000006, -7.343245899999943], [112.8263392, -7.343189399999972], [112.82663120000007, -7.343308599999943], [112.82699290000005, -7.342585199999974], [112.82752830000004, -7.340681599999925], [112.82782570000006, -7.338004799999965], [112.8305845000001, -7.33466679999998], [112.82808680000005, -7.332987799999955], [112.82703530000003, -7.332865099999935], [112.82679, -7.33261], [112.82672, -7.33253], [112.82666, -7.33245], [112.8266, -7.33237], [112.82655000000011, -7.33229], [112.8265, -7.33222], [112.82646000000011, -7.33215], [112.82642, -7.33208], [112.82639, -7.33201], [112.82635, -7.33195], [112.82632, -7.33188], [112.8263, -7.33182], [112.82626, -7.33173], [112.82622, -7.33165], [112.82619000000011, -7.33156], [112.82616, -7.33148], [112.82612, -7.33139], [112.82608, -7.33131], [112.82605, -7.33125], [112.82602, -7.33119], [112.82599, -7.33114], [112.82596, -7.33109], [112.82592000000011, -7.33103], [112.82586, -7.33101], [112.82532, -7.33086], [112.8249, -7.33083], [112.82430000000011, -7.33086], [112.82355, -7.33092], [112.82337, -7.33085], [112.82257, -7.33046], [112.82228, -7.33034], [112.82213, -7.33034], [112.82198, -7.33039], [112.82167, -7.3305], [112.82139, -7.33051], [112.82104, -7.3305], [112.82076, -7.33049], [112.82019, -7.3305], [112.8196200000001, -7.33056], [112.81894000000011, -7.33071], [112.81842, -7.33079], [112.81811, -7.33074], [112.81775, -7.33062], [112.81749, -7.33057], [112.81726, -7.33059], [112.81631, -7.33063], [112.81566, -7.33062], [112.81527, -7.33061], [112.8148900000001, -7.33053], [112.8147100000001, -7.33055], [112.81433, -7.33059], [112.81396, -7.33065], [112.81377, -7.33068], [112.81344, -7.33074], [112.81244, -7.33087], [112.81148, -7.33093], [112.81011290000004, -7.331017599999939], [112.80992, -7.33103], [112.80978, -7.33104], [112.8092, -7.33105], [112.80888, -7.33106], [112.80863000000011, -7.33107], [112.80851370000005, -7.331079699999975], [112.8082700000001, -7.3311], [112.80806, -7.33112], [112.80772, -7.33123], [112.80702, -7.33144], [112.8067, -7.33146], [112.8057500000001, -7.33149], [112.80553, -7.33155], [112.80532, -7.33164], [112.80501090000007, -7.331797399999971], [112.80477, -7.33192], [112.8045, -7.332], [112.80415, -7.33207], [112.80345260000001, -7.332169599999929], [112.80338, -7.33218], [112.80161, -7.33247], [112.80123, -7.33254], [112.80028, -7.33265], [112.80023870000002, -7.33265659999995], [112.8000300000001, -7.33269], [112.79964650000011, -7.332759199999941], [112.79942, -7.3328], [112.7993100000001, -7.33282], [112.79842, -7.33293], [112.7978700000001, -7.33299], [112.79766280000001, -7.333017299999938], [112.79749, -7.33304], [112.79685, -7.33314], [112.7960766000001, -7.333245099999942], [112.79582, -7.33328], [112.79577730000005, -7.33328], [112.79576, -7.33328], [112.79574490000005, -7.333282], [112.79545, -7.33332], [112.79476000000011, -7.33337], [112.7943, -7.3333], [112.79399, -7.33326], [112.79219, -7.33305], [112.79189010000005, -7.333015899999964], [112.7916967000001, -7.332993899999963], [112.79131, -7.33295], [112.79054, -7.33278], [112.7904, -7.33275], [112.78898, -7.33241], [112.78835, -7.33227], [112.7882800000001, -7.33226], [112.78812, -7.3322], [112.78803, -7.33208], [112.78794, -7.332], [112.78782, -7.33195], [112.78754, -7.33193], [112.78736760000004, -7.331924099999981], [112.78725, -7.33192], [112.78718, -7.33191], [112.78674, -7.33188], [112.78626, -7.33186], [112.78595160000009, -7.331853299999977], [112.78580000000011, -7.33185], [112.785334, -7.331853899999942], [112.78461, -7.33186], [112.7843600000001, -7.33186], [112.7840000000001, -7.33186], [112.78359000000012, -7.33184], [112.78316, -7.33182], [112.7830100000001, -7.33182], [112.78251000000012, -7.33178], [112.78219, -7.33176], [112.78205080000009, -7.33175179999995], [112.78175580000004, -7.331734499999925], [112.78151, -7.33172], [112.78147490000003, -7.331718499999965], [112.78124530000002, -7.331708499999934], [112.78117640000005, -7.331705499999941], [112.78105, -7.3317], [112.78103360000011, -7.331699499999957], [112.7807735, -7.331690799999933], [112.78045, -7.33168], [112.77996, -7.33168], [112.77956, -7.33167], [112.77938, -7.33167], [112.77926950000005, -7.331665], [112.77898280000011, -7.33165189999994], [112.77894, -7.33165], [112.77873190000003, -7.331638299999952], [112.77805, -7.3316], [112.77764, -7.33158], [112.77701, -7.33155], [112.77696360000004, -7.331548399999974], [112.77643, -7.33153], [112.7759400000001, -7.33149], [112.77592690000006, -7.331489499999975], [112.77566, -7.33148], [112.77539310000009, -7.33148], [112.77539, -7.33148], [112.77534260000004, -7.331479099999967], [112.77484, -7.33147], [112.77476850000005, -7.331465599999945], [112.77304, -7.33136], [112.77273, -7.33134], [112.77237, -7.3313], [112.77236, -7.331299699999931], [112.772281, -7.331297], [112.77193180000006, -7.331285099999945], [112.77178, -7.33128], [112.77124060000006, -7.331246699999951], [112.77123950000009, -7.331246599999929], [112.77097, -7.33123], [112.77067690000001, -7.331222499999967], [112.77058000000011, -7.33122], [112.77052, -7.33122], [112.77024, -7.33125], [112.76965, -7.33132], [112.76948630000004, -7.331312199999957], [112.76942050000002, -7.331309099999942], [112.76881, -7.33128], [112.76874870000006, -7.331278399999974], [112.768745, -7.331278299999951], [112.7684200000001, -7.33127], [112.76828, -7.33137], [112.76815950000002, -7.331524899999977], [112.76814, -7.33155], [112.76791, -7.3318], [112.76787510000008, -7.331807], [112.76781, -7.33182], [112.76749, -7.33185], [112.76735710000003, -7.331894299999931], [112.76722, -7.33194], [112.76698940000006, -7.33201379999997], [112.76697, -7.33202], [112.76691140000003, -7.332010199999957], [112.76668390000009, -7.331972299999961], [112.76667, -7.33197], [112.76654680000001, -7.331933], [112.766205, -7.331830499999967], [112.7661700000001, -7.33182], [112.76587, -7.3317], [112.76582180000003, -7.331680699999936], [112.76542, -7.33152], [112.76535660000002, -7.331494499999962], [112.7647, -7.33123], [112.76433, -7.33116], [112.7643144000001, -7.331155799999976], [112.76418, -7.33112], [112.76361, -7.33095], [112.7635, -7.33093], [112.76338, -7.33087], [112.76332, -7.33084], [112.76312, -7.33079], [112.76248, -7.33074], [112.76168, -7.33072], [112.76136, -7.33067], [112.76069, -7.33061], [112.76023, -7.33057], [112.75949, -7.33049], [112.7592800000001, -7.33046], [112.758, -7.33036], [112.7575, -7.33032], [112.75707000000011, -7.33117], [112.75671000000011, -7.33192], [112.7564, -7.33258], [112.75613, -7.33316], [112.75605, -7.33334], [112.75589, -7.33367], [112.75569, -7.33411], [112.75552, -7.33448], [112.75550730000009, -7.334509], [112.75538, -7.3348], [112.75526, -7.33507], [112.75515, -7.3353], [112.75507, -7.33548], [112.75499, -7.33564], [112.75494, -7.33577], [112.75489, -7.33587], [112.75485, -7.33595], [112.75482000000011, -7.33602], [112.75479, -7.33607], [112.75477, -7.33614], [112.75474, -7.3362], [112.75473000000011, -7.33626], [112.75472, -7.33632], [112.75474, -7.33639], [112.75476, -7.33646], [112.75479, -7.33652], [112.75482000000011, -7.3366], [112.75509000000011, -7.33682], [112.7550903, -7.336820199999977], [112.75523370000008, -7.336756099999945], [112.75540920000003, -7.336743199999944], [112.7557220000001, -7.336817099999962], [112.75594320000005, -7.336877199999947], [112.75638570000001, -7.336899099999926], [112.75683590000006, -7.336954899999967], [112.75714870000002, -7.337032099999931], [112.7576064000001, -7.337150399999928], [112.75932310000007, -7.337545699999964], [112.75985710000009, -7.337685399999941], [112.76005830000008, -7.337738], [112.76018520000002, -7.337771199999963], [112.76053610000008, -7.337817499999971], [112.7606277000001, -7.337829899999974], [112.76068110000006, -7.337834199999975], [112.76094050000006, -7.33791], [112.7617110000001, -7.33812839999996], [112.7624892, -7.338466899999958], [112.7627639000001, -7.338478899999927], [112.7631454000001, -7.338508], [112.7631507000001, -7.338508], [112.7632129000001, -7.338507799999945], [112.76334380000003, -7.338507499999935], [112.7634048000001, -7.338507499999935], [112.7643127, -7.338431199999945], [112.764438, -7.338420599999949], [112.76445260000003, -7.338419399999964], [112.76450050000005, -7.338415399999974], [112.76483910000002, -7.338386799999967], [112.76495610000006, -7.338332899999955], [112.7649841000001, -7.338320099999976], [112.76509850000002, -7.338331499999981], [112.76517120000005, -7.338359499999967], [112.765335, -7.338422599999944], [112.7656555000001, -7.338575699999978], [112.7657656, -7.338569499999949], [112.7658080000001, -7.338567099999977], [112.76599880000003, -7.338498399999935], [112.76640310000005, -7.338361099999929], [112.76641330000007, -7.338358699999958], [112.7664138, -7.338358599999935], [112.76650990000007, -7.33833629999998], [112.766514, -7.338346699999931], [112.76652520000005, -7.33837589999996], [112.76653280000005, -7.338608099999931], [112.76654810000002, -7.33865579999997], [112.76657100000011, -7.338702499999954], [112.7665862, -7.338746899999933], [112.7666091000001, -7.338787399999944], [112.76662440000007, -7.338825499999928], [112.766632, -7.338860799999964], [112.76664730000005, -7.338894699999969], [112.76666250000005, -7.338927599999977], [112.76667020000002, -7.338961], [112.76667780000002, -7.338994299999968], [112.76669310000011, -7.339029599999947], [112.76670070000011, -7.339067299999954], [112.7667083, -7.339110199999936], [112.766716, -7.339160799999945], [112.76672360000009, -7.339222199999938], [112.7667312000001, -7.339297599999952], [112.7667388000001, -7.339388699999972], [112.76674570000011, -7.339489399999934], [112.7667464000001, -7.339499799999942], [112.76675200000011, -7.339596], [112.76675410000007, -7.339632299999948], [112.76676170000007, -7.339788699999929], [112.766777, -7.339963299999965], [112.76678460000005, -7.340149699999927], [112.76679220000005, -7.340341399999943], [112.76679990000002, -7.340531599999963], [112.76681510000003, -7.340713799999946], [112.76682280000011, -7.340882099999931], [112.76683040000012, -7.341029], [112.76684560000001, -7.341150099999936], [112.7668533000001, -7.341246899999931], [112.7668609000001, -7.341322699999978], [112.7668761000001, -7.341380399999935], [112.76688380000007, -7.341423299999974], [112.76689140000008, -7.341454799999951], [112.76690670000005, -7.341478199999926], [112.76692190000006, -7.341512499999965], [112.76695250000012, -7.341540599999973], [112.7669982000001, -7.341566399999977], [112.76702870000008, -7.341579299999978], [112.76707450000004, -7.341592599999956], [112.76713550000011, -7.34160739999993], [112.76720420000004, -7.341622699999959], [112.76728050000008, -7.34163929999994], [112.7673721000001, -7.341657], [112.76747130000001, -7.341674099999977], [112.76757810000004, -7.341691799999978], [112.76768490000006, -7.341708499999982], [112.76779930000009, -7.341724699999929], [112.76787130000002, -7.341734699999961], [112.7679061, -7.34173949999996], [112.76803740000003, -7.341743399999928], [112.76803390000009, -7.341578299999981], [112.76813590000006, -7.341582399999936], [112.76819290000003, -7.341582399999936], [112.76827450000008, -7.341582399999936], [112.7683234000001, -7.341553799999929], [112.76837640000008, -7.341509], [112.768405, -7.341464099999939], [112.76844170000004, -7.341403], [112.76847840000005, -7.341358099999979], [112.76851510000006, -7.34123169999998], [112.76855180000007, -7.340999299999964], [112.76857220000011, -7.340864699999941], [112.76860070000009, -7.340750599999978], [112.76861960000008, -7.340703299999973], [112.76862520000009, -7.340689399999974], [112.76863780000008, -7.340670799999941], [112.76868630000001, -7.340599699999927], [112.76868630000001, -7.340562], [112.76875970000003, -7.340522199999953], [112.76880630000005, -7.340532], [112.76893310000003, -7.340558599999952], [112.76903670000002, -7.340131699999972], [112.769057, -7.340041], [112.76908540000011, -7.33993369999996], [112.76939360000006, -7.339578199999949], [112.769425, -7.339546499999926], [112.76942440000005, -7.339544099999955], [112.76941680000004, -7.339519299999949], [112.76941480000005, -7.339513599999975], [112.76940910000008, -7.339496899999972], [112.76942440000005, -7.339474], [112.76946250000003, -7.339472099999966], [112.7695083000001, -7.339473099999964], [112.76954650000005, -7.339475499999935], [112.76955830000009, -7.339476299999944], [112.76959980000004, -7.339479299999937], [112.7696304000001, -7.339481199999966], [112.76966090000008, -7.339483099999939], [112.76969140000006, -7.339485], [112.76972190000004, -7.339486399999942], [112.7697753000001, -7.339487399999939], [112.76981340000009, -7.339485499999967], [112.769844, -7.339479299999937], [112.76986690000001, -7.339468299999965], [112.7698898000001, -7.339450699999929], [112.76992030000008, -7.339426299999957], [112.76994320000006, -7.339397299999973], [112.76997370000004, -7.339366699999971], [112.76999660000001, -7.339336199999934], [112.7700195000001, -7.339309], [112.77005, -7.339285199999949], [112.77006520000009, -7.339265599999976], [112.77008810000007, -7.339250399999969], [112.770111, -7.33923939999994], [112.77014150000002, -7.339232299999935], [112.77020260000006, -7.339237499999967], [112.77024070000004, -7.339246099999968], [112.77026360000002, -7.339251799999943], [112.7702842000001, -7.339256], [112.77029410000011, -7.339258], [112.770317, -7.339265199999943], [112.77034750000007, -7.339272799999947], [112.770378, -7.339281399999948], [112.77041620000011, -7.339290399999925], [112.7704467000001, -7.339299499999981], [112.77048480000008, -7.339309499999956], [112.77051540000002, -7.339319099999955], [112.7705535, -7.339329099999929], [112.77059170000007, -7.339339099999961], [112.77062220000005, -7.339348099999938], [112.77066030000003, -7.339357199999938], [112.77069090000009, -7.339365799999939], [112.77072140000007, -7.339373399999943], [112.77074430000005, -7.33938059999997], [112.77077480000003, -7.339386799999943], [112.77079770000012, -7.339392499999974], [112.7708358000001, -7.339401099999975], [112.77086630000008, -7.339405799999952], [112.77089680000006, -7.339399599999979], [112.77091970000004, -7.339375799999971], [112.77092760000005, -7.339361799999949], [112.771286, -7.339573399999949], [112.77389530000005, -7.340827499999932], [112.77564240000004, -7.341118799999947], [112.77586560000009, -7.341115599999966], [112.77711490000002, -7.341097399999967], [112.77747810000005, -7.341127799999981], [112.77747340000008, -7.341170199999965], [112.77746580000007, -7.341238799999928], [112.7774581000001, -7.341308], [112.7774505000001, -7.34137759999993], [112.7774505000001, -7.341447699999947], [112.7774429000001, -7.341517799999963], [112.77743520000001, -7.341586], [112.77743520000001, -7.341652199999942], [112.77743520000001, -7.341714699999955], [112.77742760000001, -7.341773299999943], [112.77742760000001, -7.341826699999956], [112.77742760000001, -7.341873499999963], [112.77742760000001, -7.341913499999976], [112.77742760000001, -7.341946899999925], [112.77742, -7.341974599999958], [112.77742760000001, -7.342016], [112.77742760000001, -7.342043199999978], [112.77743520000001, -7.342070899999953], [112.7774581000001, -7.34209], [112.777481, -7.342105199999935], [112.77751150000006, -7.342120499999965], [112.77755730000001, -7.342135299999939], [112.7775878000001, -7.342144299999973], [112.777626, -7.342155299999945], [112.77767940000001, -7.34216859999998], [112.777748, -7.342183899999952], [112.77781670000002, -7.342201499999931], [112.77790060000007, -7.342221099999961], [112.77799980000009, -7.342242599999963], [112.77809900000011, -7.342265499999939], [112.77820580000002, -7.342289799999946], [112.77831260000005, -7.342315], [112.77842710000004, -7.342341699999963], [112.77854150000007, -7.34236889999994], [112.77855850000003, -7.342372699999942], [112.77866360000007, -7.342396099999974], [112.7787780000001, -7.342423699999927], [112.77888480000001, -7.342450399999962], [112.77899160000004, -7.342476199999965], [112.77908320000006, -7.342500499999971], [112.77916710000011, -7.34252239999995], [112.77924340000004, -7.342542], [112.77929680000011, -7.342559199999926], [112.77934260000006, -7.342573499999958], [112.77938070000005, -7.342585399999962], [112.77940360000002, -7.342595899999935], [112.77943410000012, -7.342612599999939], [112.77944180000009, -7.342635], [112.77944940000009, -7.342661199999952], [112.77944940000009, -7.342685], [112.77944940000009, -7.342719399999964], [112.77944180000009, -7.342766599999948], [112.77944180000009, -7.342829499999937], [112.77943410000012, -7.342910599999925], [112.77943410000012, -7.343011199999978], [112.77942650000011, -7.343128], [112.77941890000011, -7.34325629999995], [112.77941470000007, -7.343330299999934], [112.77941120000003, -7.343392199999926], [112.77940360000002, -7.343530499999929], [112.779396, -7.343667299999936], [112.77938830000005, -7.343797499999937], [112.77938070000005, -7.343917199999964], [112.77937310000004, -7.34402259999996], [112.77937310000004, -7.34411369999998], [112.77937310000004, -7.344192799999973], [112.77937310000004, -7.344260499999962], [112.77937310000004, -7.344318699999974], [112.77937310000004, -7.344368699999961], [112.77937310000004, -7.344411699999966], [112.77937310000004, -7.344449399999974], [112.77938070000005, -7.344482699999958], [112.77938830000005, -7.344512299999963], [112.77938830000005, -7.344539], [112.779396, -7.344562399999973], [112.77941120000003, -7.344601], [112.77941890000011, -7.344631499999934], [112.77943410000012, -7.34465629999994], [112.77944940000009, -7.344677299999944], [112.77947230000007, -7.344696399999975], [112.77950280000005, -7.344714899999929], [112.77954090000003, -7.344735], [112.7795638, -7.344745399999965], [112.77957740000011, -7.34475029999993], [112.77959440000006, -7.344756399999937], [112.77963250000005, -7.344767899999965], [112.77967060000003, -7.344779299999971], [112.7797164000001, -7.344791199999975], [112.77976980000005, -7.344804099999976], [112.77978120000012, -7.34480689999998], [112.77982320000001, -7.344817], [112.77989190000005, -7.344829899999979], [112.7799606000001, -7.344843699999956], [112.78003680000006, -7.344858], [112.78012080000008, -7.344872299999963], [112.7801971, -7.34488749999997], [112.780281, -7.344903299999942], [112.78035360000001, -7.344916099999978], [112.78037260000008, -7.344919499999946], [112.78045650000001, -7.34493619999995], [112.780548, -7.344953799999928], [112.78063190000012, -7.344971499999929], [112.78072350000002, -7.344990099999961], [112.780815, -7.345008699999937], [112.7809142000001, -7.345027799999968], [112.7810134, -7.345047299999976], [112.78112020000003, -7.345066899999949], [112.781227, -7.345086399999957], [112.78133380000008, -7.345106399999963], [112.78144830000008, -7.345126899999968], [112.78157040000008, -7.345147399999973], [112.78169240000011, -7.345168899999976], [112.78181450000011, -7.345190299999956], [112.78194420000011, -7.345212299999957], [112.78207390000011, -7.345234699999935], [112.78220360000012, -7.345257599999968], [112.7823409, -7.345280899999977], [112.78244590000008, -7.345300299999963], [112.78247060000001, -7.345304799999951], [112.78260790000002, -7.345327699999928], [112.78273700000011, -7.34534919999993], [112.7827453000001, -7.345350599999961], [112.78288260000011, -7.345372499999939], [112.78301230000011, -7.345393499999943], [112.78314200000011, -7.345413], [112.78327170000011, -7.345430699999952], [112.78339380000011, -7.345447399999955], [112.78350820000003, -7.34546169999993], [112.78362270000002, -7.345474599999932], [112.78373710000005, -7.345486], [112.78383630000008, -7.345495], [112.7839355000001, -7.34550269999994], [112.784027, -7.345507899999973], [112.78411860000006, -7.345511699999975], [112.7841949000001, -7.345513199999971], [112.78427120000003, -7.34551369999997], [112.78433980000011, -7.345512199999973], [112.78440090000004, -7.345510299999944], [112.78446190000011, -7.34550749999994], [112.78450770000006, -7.345503599999972], [112.78455340000005, -7.345499299999972], [112.78459160000011, -7.345495], [112.78462980000006, -7.345490299999938], [112.78466020000008, -7.345484099999965], [112.78469080000002, -7.345476499999961], [112.78472130000011, -7.345466899999963], [112.7847518000001, -7.34545449999996], [112.78478230000007, -7.345439699999929], [112.78481280000005, -7.345421099999953], [112.78484340000011, -7.345399199999974], [112.7848815000001, -7.345374399999969], [112.78491970000005, -7.345347199999935], [112.78495780000003, -7.345319599999925], [112.784996, -7.345291399999951], [112.78503410000008, -7.34526429999994], [112.78507220000006, -7.345239], [112.78510280000012, -7.345216099999959], [112.7851333000001, -7.345197], [112.78515620000007, -7.34518079999998], [112.78518670000005, -7.345167899999979], [112.78520960000003, -7.345157], [112.78524010000001, -7.345148399999971], [112.78527830000007, -7.345141699999942], [112.78531640000006, -7.345136], [112.7853622, -7.345131699999968], [112.78541560000008, -7.345127399999967], [112.78547660000004, -7.345124], [112.78553760000011, -7.345121199999937], [112.78560630000004, -7.345118299999967], [112.785675, -7.345115499999963], [112.785736, -7.345113099999935], [112.78579710000008, -7.345110699999964], [112.78585040000007, -7.345107799999937], [112.78589620000002, -7.345105499999931], [112.785942, -7.345102599999962], [112.78597250000007, -7.345099299999958], [112.78601830000002, -7.34509259999993], [112.7860564, -7.345085399999959], [112.7860869000001, -7.345077299999957], [112.78610980000008, -7.345065899999952], [112.78614040000002, -7.345046799999977], [112.78617090000012, -7.345016299999941], [112.78619380000009, -7.344995299999937], [112.78621670000007, -7.344969599999956], [112.78624720000005, -7.34494049999995], [112.78627010000002, -7.344908499999974], [112.78630060000012, -7.344875599999966], [112.7863311000001, -7.344842299999925], [112.78636160000008, -7.344809299999952], [112.78638450000005, -7.34477789999994], [112.78640740000003, -7.344749699999966], [112.7864303, -7.344725], [112.7864532000001, -7.34470349999998], [112.7864684000001, -7.344685399999946], [112.78649890000008, -7.344655799999941], [112.78652950000003, -7.344633899999963], [112.78656, -7.344615799999929], [112.7865829000001, -7.344607599999961], [112.78660570000011, -7.344598599999927], [112.78662860000009, -7.344589099999951], [112.78666680000003, -7.344578599999977], [112.78670490000002, -7.344566199999974], [112.78675070000008, -7.344552299999975], [112.78680410000004, -7.344535699999938], [112.78687280000008, -7.344516099999964], [112.78694910000002, -7.344494199999929], [112.787033, -7.344470299999955], [112.78711690000011, -7.344444099999976], [112.78721610000002, -7.344416], [112.78730770000004, -7.344386899999961], [112.78741450000007, -7.344356399999981], [112.78751360000001, -7.344324899999947], [112.78761280000003, -7.344292499999938], [112.787712, -7.344260499999962], [112.78781120000008, -7.344228599999951], [112.7879104000001, -7.344197099999974], [112.78800190000004, -7.344166599999937], [112.78809350000006, -7.344137499999931], [112.78817740000011, -7.344110799999953], [112.78826130000004, -7.344085499999949], [112.78829380000002, -7.344076], [112.78833760000009, -7.344063099999971], [112.78840630000002, -7.344043599999964], [112.788475, -7.344025899999963], [112.788536, -7.344011099999932], [112.78858940000009, -7.34399819999993], [112.78864280000005, -7.343987799999979], [112.78868860000011, -7.34397869999998], [112.78873440000007, -7.343972], [112.78878010000005, -7.343967299999974], [112.78881830000012, -7.343963899999949], [112.7888564000001, -7.343962499999975], [112.78889460000005, -7.343962], [112.78893270000003, -7.343962499999975], [112.78896320000001, -7.343964399999948], [112.78900140000007, -7.343967299999974], [112.78903190000005, -7.343971099999976], [112.78907010000012, -7.343975399999977], [112.7891006000001, -7.343979699999977], [112.78913110000008, -7.343984899999953], [112.78916930000003, -7.343990099999928], [112.78919970000004, -7.343995899999925], [112.7892303000001, -7.344001599999956], [112.78926080000008, -7.34400729999993], [112.78929130000006, -7.344013], [112.78931420000004, -7.344018299999959], [112.78934470000002, -7.344024], [112.78937520000011, -7.344030699999962], [112.78940570000009, -7.344038799999964], [112.78943620000007, -7.34404829999994], [112.78947440000002, -7.344060199999944], [112.78951260000008, -7.344075], [112.789566, -7.344093099999952], [112.7896194000001, -7.344115099999954], [112.78968040000007, -7.344139899999959], [112.78974910000011, -7.344167499999969], [112.78981780000004, -7.344197099999974], [112.78988640000011, -7.344227599999954], [112.78996270000005, -7.344259499999964], [112.790039, -7.34429149999994], [112.79010760000006, -7.344323], [112.7901763000001, -7.344353499999954], [112.790245, -7.344383099999959], [112.7903136000001, -7.344411699999966], [112.79038230000003, -7.344439299999976], [112.79044340000007, -7.344466], [112.79050440000003, -7.344491299999959], [112.7905654000001, -7.344516099999964], [112.79061880000006, -7.344539899999972], [112.79067220000002, -7.344562399999973], [112.79072560000009, -7.344584299999951], [112.790779, -7.344605299999955], [112.79083240000011, -7.344626299999959], [112.79087820000007, -7.344646299999965], [112.79093160000002, -7.34466679999997], [112.79097740000009, -7.344687299999975], [112.79101560000004, -7.344707799999981], [112.79106130000002, -7.344728799999928], [112.79109950000009, -7.344750199999964], [112.79113760000007, -7.344772199999966], [112.79117580000002, -7.344794599999943], [112.79121390000012, -7.344817899999953], [112.7912444000001, -7.344842299999925], [112.79128260000005, -7.344867099999931], [112.79131310000002, -7.344893299999967], [112.7913436, -7.34492], [112.7913741000001, -7.344947599999955], [112.79140460000008, -7.344975799999929], [112.79143520000002, -7.345003899999938], [112.79146570000012, -7.34503159999997], [112.7914886000001, -7.34505919999998], [112.79151910000007, -7.345085399999959], [112.791542, -7.345111199999963], [112.79156490000003, -7.345135499999969], [112.79158770000004, -7.345158399999946], [112.791603, -7.34518079999998], [112.7916259000001, -7.345202299999926], [112.79164880000008, -7.345223699999963], [112.79167170000005, -7.345244699999967], [112.79169460000003, -7.345266699999968], [112.7917175, -7.345288599999947], [112.7917404000001, -7.34531149999998], [112.79177090000007, -7.345335299999931], [112.79179370000008, -7.345359599999938], [112.79182430000003, -7.345385399999941], [112.79185480000001, -7.345411599999977], [112.79189290000011, -7.345439299999953], [112.79193110000006, -7.34546789999996], [112.79196920000004, -7.345497899999941], [112.7920074000001, -7.345528899999977], [112.79205310000009, -7.345560899999953], [112.79209130000004, -7.345593299999962], [112.7921371000001, -7.34562619999997], [112.79218280000009, -7.345659099999978], [112.79222860000004, -7.345692], [112.7922668000001, -7.345724399999938], [112.7923125000001, -7.345756299999948], [112.79235070000004, -7.34578689999995], [112.79238880000003, -7.345816899999932], [112.79241940000009, -7.345846499999936], [112.79246510000007, -7.345875599999943], [112.79250330000002, -7.345905099999925], [112.79254910000009, -7.345934199999931], [112.79259480000007, -7.345964199999969], [112.79264820000003, -7.345995199999948], [112.79271690000007, -7.346026699999925], [112.79277790000003, -7.346058699999958], [112.79284660000008, -7.346090599999968], [112.7929229, -7.346122599999944], [112.79299160000005, -7.346153099999981], [112.7930679000001, -7.346182599999963], [112.79312890000006, -7.346210299999939], [112.7931976000001, -7.346235599999943], [112.793251, -7.346258], [112.79325910000011, -7.346261099999936], [112.79330440000001, -7.346278], [112.79335010000011, -7.346295599999962], [112.79338830000006, -7.346310899999935], [112.79342640000004, -7.346324799999934], [112.79345690000002, -7.346336699999938], [112.79348750000008, -7.346347199999968], [112.79351040000006, -7.346356199999946], [112.79353320000007, -7.346364799999947], [112.79355610000005, -7.346372], [112.793579, -7.346378199999947], [112.79361720000009, -7.34638769999998], [112.79364770000007, -7.346391], [112.79367820000004, -7.346392899999955], [112.79370870000002, -7.346394399999951], [112.79374690000009, -7.346394399999951], [112.79379270000004, -7.346393899999953], [112.79383840000003, -7.346392499999979], [112.7938918000001, -7.346391], [112.79394520000005, -7.346389099999953], [112.7939986, -7.346387199999981], [112.79405210000004, -7.346385299999952], [112.79410540000003, -7.346384299999954], [112.79415890000007, -7.346383399999979], [112.79420460000006, -7.346383399999979], [112.794258, -7.346383399999979], [112.79430380000008, -7.346383899999978], [112.79434960000003, -7.346384799999953], [112.7943954000001, -7.346386299999949], [112.79444120000005, -7.34638769999998], [112.79447930000003, -7.346389099999953], [112.7945251000001, -7.34639059999995], [112.79456320000008, -7.346392], [112.79459370000006, -7.346393899999953], [112.79463190000001, -7.346396299999981], [112.79467770000008, -7.346399099999928], [112.79471580000006, -7.346402499999954], [112.79476160000002, -7.346406299999956], [112.79480740000008, -7.346411499999931], [112.79486070000007, -7.346417199999962], [112.79491420000011, -7.346423899999934], [112.79496760000006, -7.346431099999961], [112.79502860000002, -7.346439199999963], [112.79508970000006, -7.346447299999966], [112.79515070000002, -7.346455399999968], [112.7952117000001, -7.34646349999997], [112.79527270000006, -7.346471599999973], [112.7953338000001, -7.346479199999976], [112.79538720000005, -7.346486399999947], [112.7954406, -7.346493099999975], [112.795494, -7.346498799999949], [112.79553980000003, -7.346504], [112.7955856000001, -7.346508799999981], [112.79562370000008, -7.346512599999926], [112.79565420000006, -7.346515], [112.79568470000004, -7.346516899999926], [112.79574580000008, -7.346517399999925], [112.79577630000006, -7.346512599999926], [112.79579920000003, -7.346505], [112.7958221, -7.346495899999979], [112.795845, -7.346484499999974], [112.79586790000008, -7.346467299999972], [112.79588310000008, -7.346443], [112.79588660000002, -7.346438699999965], [112.79589840000006, -7.346423899999934], [112.795906, -7.346399099999928], [112.79592120000007, -7.34636809999995], [112.79594410000004, -7.34633], [112.79595940000002, -7.346286599999928], [112.7959823000001, -7.346238399999947], [112.79599760000008, -7.346188799999936], [112.79602040000009, -7.34613829999995], [112.79604330000006, -7.346089699999936], [112.79605860000004, -7.346043899999927], [112.79608150000001, -7.346002899999974], [112.79609670000002, -7.345968099999936], [112.79611200000011, -7.345939499999929], [112.79611960000011, -7.345916099999954], [112.79614250000009, -7.345881799999972], [112.79616540000006, -7.345852199999968], [112.79618830000004, -7.345834099999934], [112.79621120000002, -7.345825], [112.7962341000001, -7.345816], [112.79626460000009, -7.345805899999959], [112.7962874000001, -7.345800699999927], [112.796318, -7.345789699999955], [112.79635610000003, -7.345779199999981], [112.79639430000009, -7.345769699999948], [112.79642480000007, -7.345762599999944], [112.79645530000005, -7.345754], [112.79645970000001, -7.345752699999935], [112.79647820000002, -7.345747299999971], [112.79650110000011, -7.345739199999969], [112.796524, -7.345727699999941], [112.79654690000007, -7.345711499999936], [112.79657740000005, -7.345689099999959], [112.79660790000003, -7.34565809999998], [112.79662320000011, -7.34564], [112.7966384, -7.345620499999939], [112.7966613000001, -7.3456], [112.79667660000007, -7.345578499999931], [112.79669940000008, -7.345557], [112.79671470000005, -7.345536], [112.79673760000003, -7.345515099999943], [112.7967605, -7.34549549999997], [112.7967834000001, -7.345476899999937], [112.7968062000001, -7.345459299999959], [112.79682910000008, -7.345443099999954], [112.796852, -7.345427799999925], [112.7968902, -7.345401099999947], [112.7969283000001, -7.345380099999943], [112.79696650000005, -7.345363899999938], [112.79698940000003, -7.345357199999967], [112.79701220000004, -7.345351], [112.79703510000002, -7.34534489999993], [112.7970580000001, -7.345339099999933], [112.79708850000009, -7.345333399999959], [112.79712670000004, -7.345327699999928], [112.7971649000001, -7.345321499999955], [112.79721060000008, -7.345315299999982], [112.79725640000004, -7.345309099999952], [112.79730210000002, -7.345303399999978]]] 
      }
    },
    {
      "type": "Feature",
      "properties": {
        "district_id": "3578070",
        "province": "Jawa Timur",
        "regency": "Surabaya",
        "district": "Rungkut",
        "pria": 61032,
        "wanita": 62621,
        "total_penduduk": 123653
      },
      "geometry": {
        "type": "Polygon",
        "coordinates": [[[112.75916, -7.3271], [112.75907, -7.32728], [112.75896000000012, -7.32748], [112.75884, -7.32771], [112.75869000000012, -7.32799], [112.7585, -7.32837], [112.75824000000011, -7.32886], [112.75791, -7.3295], [112.7575, -7.33032], [112.758, -7.33036], [112.7592800000001, -7.33046], [112.75949, -7.33049], [112.76023, -7.33057], [112.76069, -7.33061], [112.76136, -7.33067], [112.76168, -7.33072], [112.76248, -7.33074], [112.76312, -7.33079], [112.76332, -7.33084], [112.76338, -7.33087], [112.7635, -7.33093], [112.76361, -7.33095], [112.76418, -7.33112], [112.7643144000001, -7.331155799999976], [112.76433, -7.33116], [112.7647, -7.33123], [112.76535660000002, -7.331494499999962], [112.76542, -7.33152], [112.76582180000003, -7.331680699999936], [112.76587, -7.3317], [112.7661700000001, -7.33182], [112.766205, -7.331830499999967], [112.76654680000001, -7.331933], [112.76667, -7.33197], [112.76668390000009, -7.331972299999961], [112.76691140000003, -7.332010199999957], [112.76697, -7.33202], [112.76698940000006, -7.33201379999997], [112.76722, -7.33194], [112.76735710000003, -7.331894299999931], [112.76749, -7.33185], [112.76781, -7.33182], [112.76787510000008, -7.331807], [112.76791, -7.3318], [112.76814, -7.33155], [112.76815950000002, -7.331524899999977], [112.76828, -7.33137], [112.7684200000001, -7.33127], [112.768745, -7.331278299999951], [112.76874870000006, -7.331278399999974], [112.76881, -7.33128], [112.76942050000002, -7.331309099999942], [112.76948630000004, -7.331312199999957], [112.76965, -7.33132], [112.77024, -7.33125], [112.77052, -7.33122], [112.77058000000011, -7.33122], [112.77067690000001, -7.331222499999967], [112.77097, -7.33123], [112.77123950000009, -7.331246599999929], [112.77124060000006, -7.331246699999951], [112.77178, -7.33128], [112.77193180000006, -7.331285099999945], [112.772281, -7.331297], [112.77236, -7.331299699999931], [112.77237, -7.3313], [112.77273, -7.33134], [112.77304, -7.33136], [112.77476850000005, -7.331465599999945], [112.77484, -7.33147], [112.77534260000004, -7.331479099999967], [112.77539, -7.33148], [112.77539310000009, -7.33148], [112.77566, -7.33148], [112.77592690000006, -7.331489499999975], [112.7759400000001, -7.33149], [112.77643, -7.33153], [112.77696360000004, -7.331548399999974], [112.77701, -7.33155], [112.77764, -7.33158], [112.77805, -7.3316], [112.77873190000003, -7.331638299999952], [112.77894, -7.33165], [112.77898280000011, -7.33165189999994], [112.77926950000005, -7.331665], [112.77938, -7.33167], [112.77956, -7.33167], [112.77996, -7.33168], [112.78045, -7.33168], [112.7807735, -7.331690799999933], [112.78103360000011, -7.331699499999957], [112.78105, -7.3317], [112.78117640000005, -7.331705499999941], [112.78124530000002, -7.331708499999934], [112.78147490000003, -7.331718499999965], [112.78151, -7.33172], [112.78175580000004, -7.331734499999925], [112.78205080000009, -7.33175179999995], [112.78219, -7.33176], [112.78251000000012, -7.33178], [112.7830100000001, -7.33182], [112.78316, -7.33182], [112.78359000000012, -7.33184], [112.7840000000001, -7.33186], [112.7843600000001, -7.33186], [112.78461, -7.33186], [112.785334, -7.331853899999942], [112.78580000000011, -7.33185], [112.78595160000009, -7.331853299999977], [112.78626, -7.33186], [112.78674, -7.33188], [112.78718, -7.33191], [112.78725, -7.33192], [112.78736760000004, -7.331924099999981], [112.78754, -7.33193], [112.78782, -7.33195], [112.78794, -7.332], [112.78803, -7.33208], [112.78812, -7.3322], [112.7882800000001, -7.33226], [112.78835, -7.33227], [112.78898, -7.33241], [112.7904, -7.33275], [112.79054, -7.33278], [112.79131, -7.33295], [112.7916967000001, -7.332993899999963], [112.79189010000005, -7.333015899999964], [112.79219, -7.33305], [112.79399, -7.33326], [112.7943, -7.3333], [112.79476000000011, -7.33337], [112.79545, -7.33332], [112.79574490000005, -7.333282], [112.79576, -7.33328], [112.79577730000005, -7.33328], [112.79582, -7.33328], [112.7960766000001, -7.333245099999942], [112.79685, -7.33314], [112.79749, -7.33304], [112.79766280000001, -7.333017299999938], [112.7978700000001, -7.33299], [112.79842, -7.33293], [112.7993100000001, -7.33282], [112.79942, -7.3328], [112.79964650000011, -7.332759199999941], [112.8000300000001, -7.33269], [112.80023870000002, -7.33265659999995], [112.80028, -7.33265], [112.80123, -7.33254], [112.80161, -7.33247], [112.80338, -7.33218], [112.80345260000001, -7.332169599999929], [112.80415, -7.33207], [112.8045, -7.332], [112.80477, -7.33192], [112.80501090000007, -7.331797399999971], [112.80532, -7.33164], [112.80553, -7.33155], [112.8057500000001, -7.33149], [112.8067, -7.33146], [112.80702, -7.33144], [112.80772, -7.33123], [112.80806, -7.33112], [112.8082700000001, -7.3311], [112.80851370000005, -7.331079699999975], [112.80863000000011, -7.33107], [112.80888, -7.33106], [112.8092, -7.33105], [112.80978, -7.33104], [112.80992, -7.33103], [112.81011290000004, -7.331017599999939], [112.81148, -7.33093], [112.81244, -7.33087], [112.81344, -7.33074], [112.81377, -7.33068], [112.81396, -7.33065], [112.81433, -7.33059], [112.8147100000001, -7.33055], [112.8148900000001, -7.33053], [112.81527, -7.33061], [112.81566, -7.33062], [112.81631, -7.33063], [112.81726, -7.33059], [112.81749, -7.33057], [112.81775, -7.33062], [112.81811, -7.33074], [112.81842, -7.33079], [112.81894000000011, -7.33071], [112.8196200000001, -7.33056], [112.82019, -7.3305], [112.82076, -7.33049], [112.82104, -7.3305], [112.82139, -7.33051], [112.82167, -7.3305], [112.82198, -7.33039], [112.82213, -7.33034], [112.82228, -7.33034], [112.82257, -7.33046], [112.82337, -7.33085], [112.82355, -7.33092], [112.82430000000011, -7.33086], [112.8249, -7.33083], [112.82532, -7.33086], [112.82586, -7.33101], [112.82592000000011, -7.33103], [112.82596, -7.33109], [112.82599, -7.33114], [112.82602, -7.33119], [112.82605, -7.33125], [112.82608, -7.33131], [112.82612, -7.33139], [112.82616, -7.33148], [112.82619000000011, -7.33156], [112.82622, -7.33165], [112.82626, -7.33173], [112.8263, -7.33182], [112.82632, -7.33188], [112.82635, -7.33195], [112.82639, -7.33201], [112.82642, -7.33208], [112.82646000000011, -7.33215], [112.8265, -7.33222], [112.82655000000011, -7.33229], [112.8266, -7.33237], [112.82666, -7.33245], [112.82672, -7.33253], [112.82679, -7.33261], [112.82703530000003, -7.332865099999935], [112.82808680000005, -7.332987799999955], [112.8305845000001, -7.33466679999998], [112.8314544000001, -7.333543299999974], [112.83210870000005, -7.332294], [112.83276310000008, -7.328962799999942], [112.83395280000002, -7.325572099999931], [112.8355600000001, -7.32357], [112.8356500000001, -7.32354], [112.83572, -7.32344], [112.83579, -7.32331], [112.83587000000011, -7.32318], [112.8359200000001, -7.3231], [112.83641000000011, -7.323], [112.83665, -7.32293], [112.8371, -7.3227], [112.83751, -7.32252], [112.83766, -7.32244], [112.83769, -7.32239], [112.83768, -7.32229], [112.83825250000007, -7.321294], [112.83916620000002, -7.32060869999998], [112.84017, -7.31894], [112.84061, -7.31871], [112.84134, -7.31824], [112.84161, -7.31801], [112.8419, -7.31773], [112.84253, -7.31697], [112.84277, -7.31656], [112.84289, -7.31636], [112.84291, -7.31617], [112.84294000000011, -7.31603], [112.84303000000011, -7.31593], [112.84307, -7.31578], [112.84309, -7.31499], [112.84312000000011, -7.31482], [112.84316, -7.31474], [112.84331, -7.31469], [112.84348000000011, -7.31465], [112.84378, -7.3144], [112.84384000000011, -7.31433], [112.84375000000011, -7.31419], [112.84379, -7.31405], [112.84386, -7.31387], [112.84385, -7.31378], [112.84382, -7.31357], [112.84384000000011, -7.31349], [112.8441, -7.31337], [112.8440700000001, -7.31326], [112.84401, -7.31316], [112.84406, -7.31312], [112.84429000000011, -7.31314], [112.84444, -7.31317], [112.84451, -7.31315], [112.84474000000012, -7.31254], [112.84473, -7.31243], [112.84473, -7.31204], [112.84469, -7.31182], [112.8446, -7.31173], [112.84451, -7.31165], [112.84448, -7.31155], [112.84463, -7.31145], [112.84477, -7.31138], [112.84487, -7.31131], [112.84498, -7.31116], [112.84505, -7.31095], [112.84507, -7.31079], [112.84507, -7.31068], [112.84511, -7.31062], [112.84521, -7.31064], [112.84528000000012, -7.31065], [112.84545, -7.31021], [112.8456000000001, -7.30999], [112.84579, -7.30978], [112.84575, -7.30966], [112.84573000000012, -7.30955], [112.84577, -7.30937], [112.84583, -7.30917], [112.84584, -7.30894], [112.84584, -7.30841], [112.84584, -7.30826], [112.84579, -7.30816], [112.8456900000001, -7.30806], [112.84566, -7.30798], [112.84567, -7.30791], [112.84591000000012, -7.30792], [112.84599, -7.30792], [112.84607, -7.30783], [112.8461400000001, -7.30775], [112.84629, -7.30775], [112.84637, -7.30774], [112.84642, -7.30764], [112.84645, -7.30731], [112.84644, -7.307], [112.84644, -7.3062], [112.84629, -7.30546], [112.84595, -7.30503], [112.84585, -7.30489], [112.84568, -7.30415], [112.8452, -7.3044], [112.84492000000012, -7.30455], [112.84472, -7.30466], [112.84458, -7.30474], [112.84446, -7.30481], [112.84436, -7.30488], [112.84427, -7.30494], [112.84418, -7.305], [112.8441, -7.30506], [112.84402000000011, -7.30511], [112.84394, -7.30517], [112.84387, -7.30523], [112.84379, -7.30528], [112.84372, -7.30534], [112.84365, -7.3054], [112.84357000000011, -7.30546], [112.84349, -7.30553], [112.84341, -7.3056], [112.84332, -7.30567], [112.84322, -7.30575], [112.84311, -7.30584], [112.843, -7.30594], [112.84288, -7.30604], [112.84275, -7.30615], [112.84263, -7.30626], [112.8425, -7.30637], [112.84238, -7.30648], [112.84226, -7.30659], [112.84216, -7.30669], [112.84206, -7.30678], [112.84198, -7.30687], [112.8419, -7.30696], [112.84183, -7.30704], [112.84177000000011, -7.30712], [112.84171, -7.30721], [112.84165, -7.30729], [112.84159000000011, -7.30738], [112.84152, -7.30748], [112.84146, -7.30758], [112.84139, -7.30769], [112.84133, -7.3078], [112.84126, -7.3079], [112.8412, -7.30801], [112.84114000000011, -7.30811], [112.84108, -7.30821], [112.84103, -7.3083], [112.84097, -7.30838], [112.84092, -7.30847], [112.84088, -7.30854], [112.84083, -7.30862], [112.84078000000011, -7.3087], [112.84074, -7.30877], [112.84069000000011, -7.30885], [112.84065, -7.30892], [112.84060000000011, -7.309], [112.84055, -7.30908], [112.84051000000011, -7.30916], [112.84046, -7.30924], [112.84041, -7.30931], [112.84037, -7.30938], [112.84032, -7.30945], [112.84028, -7.30951], [112.84023, -7.30957], [112.84019, -7.30962], [112.84015000000011, -7.30967], [112.84008, -7.30974], [112.83999, -7.30981], [112.8399, -7.30988], [112.83981, -7.30994], [112.83971, -7.30999], [112.8396, -7.31003], [112.8395200000001, -7.31006], [112.83944, -7.31009], [112.83933, -7.31012], [112.83924, -7.31014], [112.83917, -7.31016], [112.83909, -7.31017], [112.83902, -7.31018], [112.83894, -7.31018], [112.83888, -7.31018], [112.83882, -7.31017], [112.83875, -7.31016], [112.83868, -7.31015], [112.83859, -7.31013], [112.83849, -7.31011], [112.83839000000012, -7.31009], [112.83828, -7.31006], [112.83816, -7.31003], [112.83803000000012, -7.30999], [112.8379000000001, -7.30996], [112.83776000000012, -7.30992], [112.83762, -7.30988], [112.83747, -7.30983], [112.83732, -7.30979], [112.83716, -7.30974], [112.8370000000001, -7.30969], [112.83684, -7.30964], [112.83667, -7.30959], [112.83650000000011, -7.30954], [112.83633, -7.3095], [112.83616, -7.30945], [112.83598, -7.3094], [112.8358, -7.30935], [112.83562, -7.3093], [112.83543, -7.30925], [112.83524000000011, -7.30921], [112.83504, -7.30916], [112.83484, -7.30911], [112.83464, -7.30907], [112.83444, -7.30902], [112.83423, -7.30897], [112.83402, -7.30893], [112.83381, -7.30888], [112.83361, -7.30884], [112.8334, -7.30879], [112.83319, -7.30875], [112.83299000000011, -7.30871], [112.83279, -7.30867], [112.83259, -7.30863], [112.8324, -7.30859], [112.83221, -7.30856], [112.83202, -7.30852], [112.83185, -7.30848], [112.83167, -7.30845], [112.83151, -7.30841], [112.83134, -7.30838], [112.83117, -7.30834], [112.8310100000001, -7.30831], [112.83084, -7.30827], [112.83066, -7.30823], [112.83048, -7.3082], [112.8302900000001, -7.30816], [112.8301, -7.30811], [112.82989, -7.30807], [112.82968, -7.30803], [112.82947, -7.30798], [112.82926, -7.30794], [112.82905, -7.30789], [112.82884, -7.30785], [112.82863, -7.3078], [112.82842, -7.30776], [112.8282200000001, -7.30771], [112.82802, -7.30767], [112.82782, -7.30763], [112.82762, -7.30758], [112.82742, -7.30754], [112.82722, -7.3075], [112.82702, -7.30746], [112.82682000000011, -7.30742], [112.82662, -7.30738], [112.82643, -7.30735], [112.82625, -7.30731], [112.82607, -7.30728], [112.82589, -7.30725], [112.82573, -7.30722], [112.82558, -7.30719], [112.82544, -7.30717], [112.8253, -7.30715], [112.82517, -7.30713], [112.82505, -7.30711], [112.82493000000011, -7.3071], [112.82481, -7.30708], [112.82469, -7.30707], [112.82457000000011, -7.30706], [112.82445, -7.30704], [112.82433, -7.30703], [112.82421000000011, -7.30702], [112.82409, -7.307], [112.82396, -7.30699], [112.82384, -7.30698], [112.82371, -7.30697], [112.8235800000001, -7.30697], [112.82345, -7.30696], [112.82332, -7.30695], [112.82319, -7.30694], [112.82306, -7.30694], [112.82294, -7.30693], [112.82283, -7.30692], [112.82273, -7.30691], [112.82263000000012, -7.30691], [112.82254000000012, -7.3069], [112.82247, -7.30689], [112.82239, -7.30688], [112.82233, -7.30687], [112.82225, -7.30685], [112.82215, -7.30683], [112.8220500000001, -7.30681], [112.82197, -7.30679], [112.82191000000012, -7.30677], [112.82185, -7.30674], [112.8217800000001, -7.30671], [112.82173000000012, -7.30668], [112.82168, -7.30665], [112.82163, -7.30661], [112.82157, -7.30657], [112.8215100000001, -7.30652], [112.82144, -7.30647], [112.82137000000012, -7.30641], [112.82129, -7.30634], [112.8212, -7.30627], [112.82111, -7.30619], [112.82102, -7.3061], [112.82092000000011, -7.306], [112.82082, -7.3059], [112.82071, -7.30578], [112.8206, -7.30566], [112.82049, -7.30553], [112.82037, -7.30539], [112.82026, -7.30525], [112.82014, -7.30511], [112.82003, -7.30496], [112.81992, -7.30482], [112.81982, -7.30468], [112.81972, -7.30455], [112.8196200000001, -7.30443], [112.81954, -7.30432], [112.81946, -7.30421], [112.81938, -7.30411], [112.81931, -7.30402], [112.81924, -7.30393], [112.81918, -7.30384], [112.81912000000011, -7.30376], [112.81906, -7.30369], [112.819, -7.30361], [112.81894000000011, -7.30354], [112.81888, -7.30347], [112.81882, -7.30341], [112.81875, -7.30334], [112.81869, -7.30327], [112.81862, -7.3032], [112.81855, -7.30313], [112.81848, -7.30306], [112.81840000000011, -7.30299], [112.81832, -7.30292], [112.81823, -7.30285], [112.81814, -7.30277], [112.81805, -7.30269], [112.81796, -7.30261], [112.81786000000011, -7.30253], [112.81775, -7.30244], [112.81765, -7.30235], [112.81755, -7.30227], [112.81744, -7.30219], [112.81734, -7.3021], [112.81724, -7.30203], [112.81715, -7.30195], [112.81706, -7.30189], [112.81698, -7.30182], [112.8169, -7.30176], [112.81682, -7.30171], [112.81674, -7.30165], [112.81666, -7.3016], [112.81658, -7.30155], [112.8165, -7.3015], [112.81642000000011, -7.30145], [112.81632, -7.30139], [112.81623, -7.30134], [112.81614, -7.30129], [112.81604, -7.30124], [112.81594, -7.30118], [112.81585, -7.30113], [112.81575, -7.30109], [112.81565, -7.30104], [112.81556, -7.301], [112.81547, -7.30095], [112.81537, -7.30091], [112.81528, -7.30087], [112.81518, -7.30083], [112.81509, -7.3008], [112.8149800000001, -7.30076], [112.81488, -7.30072], [112.81477, -7.30068], [112.81467, -7.30065], [112.81456, -7.30061], [112.81445, -7.30058], [112.81434, -7.30054], [112.81424, -7.30051], [112.81414, -7.30047], [112.81404, -7.30044], [112.81395, -7.30041], [112.81386, -7.30038], [112.81378, -7.30035], [112.8137, -7.30032], [112.8136300000001, -7.3003], [112.81356, -7.30027], [112.81349000000012, -7.30024], [112.81343, -7.30022], [112.81335, -7.30018], [112.8132700000001, -7.30014], [112.8132, -7.30011], [112.81312, -7.30007], [112.81305, -7.30003], [112.81297, -7.29999], [112.81292, -7.29995], [112.81286000000011, -7.29992], [112.8128, -7.29988], [112.81274, -7.29984], [112.81267, -7.29979], [112.81259000000011, -7.29973], [112.81251, -7.29967], [112.81242, -7.29961], [112.81232000000011, -7.29954], [112.81223000000011, -7.29947], [112.81213, -7.29941], [112.81203, -7.29934], [112.81194, -7.29927], [112.81185, -7.29922], [112.81176, -7.29916], [112.81168, -7.29912], [112.81161, -7.29907], [112.81154, -7.29904], [112.81146, -7.299], [112.81139, -7.29897], [112.81133000000011, -7.29895], [112.81126, -7.29892], [112.81119, -7.2989], [112.81111, -7.29888], [112.81104, -7.29886], [112.81097000000011, -7.29885], [112.81089, -7.29883], [112.81082, -7.29882], [112.81074, -7.29881], [112.81067, -7.2988], [112.81059, -7.29879], [112.81052000000011, -7.29878], [112.81045, -7.29878], [112.81037, -7.29878], [112.81029, -7.29878], [112.81022, -7.29878], [112.81014, -7.29879], [112.81006, -7.29879], [112.80997, -7.2988], [112.80989000000011, -7.29881], [112.80980000000011, -7.29883], [112.80971000000011, -7.29884], [112.80963, -7.29886], [112.80954, -7.29888], [112.80946, -7.2989], [112.80939, -7.29892], [112.80932, -7.29894], [112.80925, -7.29896], [112.80919, -7.29899], [112.80913, -7.29901], [112.80907, -7.29904], [112.80901, -7.29907], [112.80894, -7.2991], [112.80888, -7.29913], [112.80882, -7.29917], [112.80875, -7.29921], [112.80868, -7.29924], [112.80861, -7.29929], [112.80854000000011, -7.29933], [112.80848, -7.29937], [112.80841, -7.29941], [112.80834, -7.29946], [112.80828, -7.2995], [112.80821, -7.29955], [112.80815, -7.2996], [112.8080900000001, -7.29965], [112.80803, -7.2997], [112.80796, -7.29976], [112.80789, -7.29982], [112.8078200000001, -7.29989], [112.80775, -7.29996], [112.80767, -7.30004], [112.80759, -7.30013], [112.8075, -7.30021], [112.80742, -7.30031], [112.80734, -7.3004], [112.80725, -7.30049], [112.80717, -7.30059], [112.80709, -7.30068], [112.8070100000001, -7.30077], [112.80695760000003, -7.300844799999936], [112.80694, -7.30087], [112.80686, -7.30096], [112.80679, -7.30106], [112.80672, -7.30115], [112.80666, -7.30125], [112.80659, -7.30136], [112.80653, -7.30146], [112.8064700000001, -7.30157], [112.80641, -7.30168], [112.80636, -7.30179], [112.80631, -7.30191], [112.80626, -7.30202], [112.80622, -7.30212], [112.80618, -7.30223], [112.80614, -7.30233], [112.8061100000001, -7.30242], [112.80609, -7.30252], [112.80606000000012, -7.30261], [112.80604, -7.30269], [112.8060200000001, -7.30278], [112.806, -7.30286], [112.80599, -7.30294], [112.80598, -7.30302], [112.80597000000012, -7.3031], [112.80596, -7.30317], [112.80596, -7.30325], [112.80595, -7.30332], [112.80595, -7.3034], [112.80595, -7.30347], [112.80596, -7.30355], [112.80596, -7.30362], [112.80597000000012, -7.30369], [112.80598, -7.30377], [112.80599, -7.30384], [112.806, -7.30391], [112.8060200000001, -7.30399], [112.80604, -7.30407], [112.80606000000012, -7.30415], [112.80609, -7.30423], [112.80612, -7.30431], [112.80615000000012, -7.3044], [112.80619, -7.30448], [112.80622, -7.30456], [112.80626, -7.30464], [112.8063, -7.30472], [112.80634, -7.30479], [112.8063800000001, -7.30486], [112.80643, -7.30493], [112.8064700000001, -7.305], [112.80651000000012, -7.30506], [112.80651410000007, -7.305065], [112.8065600000001, -7.30512], [112.80660000000012, -7.30518], [112.8066500000001, -7.30524], [112.8067, -7.3053], [112.80676, -7.30536], [112.80681, -7.30542], [112.80687000000012, -7.30547], [112.80693, -7.30553], [112.80699, -7.30559], [112.80705000000012, -7.30564], [112.8071000000001, -7.30569], [112.80716, -7.30574], [112.80721, -7.30579], [112.80726, -7.30584], [112.80731, -7.30589], [112.80736, -7.30593], [112.80741, -7.30597], [112.8074600000001, -7.30602], [112.80751, -7.30606], [112.80757, -7.30611], [112.80762, -7.30616], [112.80768, -7.30621], [112.8077300000001, -7.30626], [112.80779, -7.30631], [112.80785, -7.30636], [112.8079, -7.30641], [112.80796, -7.30647], [112.80801, -7.30652], [112.80807, -7.30657], [112.80812, -7.30662], [112.80816, -7.30667], [112.80821, -7.30672], [112.8082700000001, -7.30679], [112.80832, -7.30686], [112.80835, -7.30691], [112.80839, -7.30698], [112.80843, -7.30707], [112.80845000000011, -7.30717], [112.80846, -7.30726], [112.80846, -7.30732], [112.80846, -7.30738], [112.80846, -7.30744], [112.80845000000011, -7.3075], [112.80844, -7.30757], [112.80843, -7.30763], [112.80841, -7.3077], [112.80839, -7.30776], [112.8083600000001, -7.30784], [112.80832, -7.30793], [112.80829, -7.30798], [112.80824, -7.30805], [112.80816, -7.30814], [112.8080900000001, -7.3082], [112.80804, -7.30825], [112.80799, -7.30829], [112.80793, -7.30833], [112.80788, -7.30837], [112.80781, -7.3084], [112.80775, -7.30844], [112.80768, -7.30847], [112.80762, -7.30851], [112.8075500000001, -7.30854], [112.80748, -7.30857], [112.80741, -7.3086], [112.80733, -7.30863], [112.80726, -7.30865], [112.80725540000003, -7.308651299999951], [112.8071900000001, -7.30867], [112.80712, -7.30869], [112.80704, -7.30871], [112.80697, -7.30872], [112.8069, -7.30873], [112.8068300000001, -7.30874], [112.80675, -7.30874], [112.80668, -7.30874], [112.80661, -7.30874], [112.80653, -7.30874], [112.80646, -7.30873], [112.8063800000001, -7.30873], [112.80631, -7.30872], [112.80623, -7.30871], [112.80616, -7.3087], [112.80608, -7.30869], [112.80601, -7.30867], [112.80594, -7.30866], [112.80587, -7.30864], [112.80581, -7.30862], [112.80574, -7.3086], [112.80568, -7.30858], [112.80562, -7.30856], [112.80556, -7.30853], [112.80549, -7.3085], [112.80542, -7.30847], [112.80534000000011, -7.30843], [112.80526, -7.30839], [112.80517, -7.30834], [112.80508, -7.3083], [112.80499, -7.30825], [112.80489000000011, -7.3082], [112.80480000000011, -7.30815], [112.80471000000011, -7.30811], [112.80462000000011, -7.30806], [112.80454, -7.30802], [112.80446, -7.30798], [112.80438, -7.30794], [112.8043100000001, -7.3079], [112.80424, -7.30787], [112.80417000000011, -7.30784], [112.8041, -7.30781], [112.80403, -7.30778], [112.80396, -7.30775], [112.80389, -7.30772], [112.80382, -7.30769], [112.80375, -7.30767], [112.80368, -7.30765], [112.80361, -7.30762], [112.80354000000011, -7.30761], [112.80348, -7.30759], [112.8034, -7.30757], [112.80331, -7.30756], [112.80325, -7.30755], [112.80319, -7.30754], [112.80313, -7.30754], [112.80305, -7.30753], [112.80298, -7.30753], [112.80289, -7.30753], [112.8028, -7.30753], [112.8027, -7.30753], [112.8026, -7.30753], [112.80249, -7.30753], [112.80239, -7.30753], [112.80228000000011, -7.30754], [112.80219000000011, -7.30755], [112.80209, -7.30755], [112.802, -7.30756], [112.80191, -7.30757], [112.80182, -7.30758], [112.80173, -7.3076], [112.80163, -7.30761], [112.80156260000001, -7.307623499999977], [112.80153, -7.30763], [112.80143, -7.30765], [112.80131, -7.30766], [112.80119, -7.30768], [112.80106, -7.3077], [112.80092, -7.30772], [112.80079, -7.30774], [112.80065, -7.30776], [112.80052, -7.30778], [112.80044410000005, -7.307785799999976], [112.8003900000001, -7.30779], [112.80034290000003, -7.307797199999925], [112.80026, -7.30781], [112.80014, -7.30782], [112.80002, -7.30784], [112.7999, -7.30785], [112.79978, -7.30786], [112.7996700000001, -7.30787], [112.79955, -7.30788], [112.79943, -7.30789], [112.7993100000001, -7.3079], [112.79918, -7.30791], [112.79905, -7.30792], [112.79891, -7.30793], [112.79876, -7.30793], [112.7986, -7.30794], [112.79844, -7.30794], [112.79825, -7.30795], [112.79806, -7.30795], [112.79786, -7.30795], [112.79764000000011, -7.30795], [112.7974200000001, -7.30795], [112.79719000000011, -7.30795], [112.79696460000002, -7.307940199999962], [112.79696, -7.30794], [112.79672, -7.30794], [112.79649, -7.30793], [112.7962500000001, -7.30792], [112.79602000000011, -7.30791], [112.79594060000011, -7.307906399999979], [112.7958, -7.3079], [112.79558, -7.30789], [112.79537, -7.30787], [112.79516, -7.30786], [112.79497, -7.30785], [112.79478, -7.30783], [112.79461, -7.30782], [112.79444, -7.3078], [112.79429, -7.30779], [112.79422450000004, -7.307781299999931], [112.79414, -7.30777], [112.79399, -7.30776], [112.79384, -7.30774], [112.7937, -7.30772], [112.79354, -7.3077], [112.79339, -7.30768], [112.79323000000011, -7.30766], [112.79307, -7.30764], [112.79292, -7.30762], [112.79276, -7.3076], [112.79262, -7.30758], [112.79247, -7.30757], [112.79234, -7.30755], [112.79222, -7.30754], [112.79212, -7.30754], [112.79201, -7.30753], [112.79192, -7.30753], [112.79183, -7.30753], [112.79174, -7.30754], [112.79165000000012, -7.30754], [112.79156000000012, -7.30755], [112.79147000000012, -7.30756], [112.79138000000012, -7.30757], [112.79128, -7.30758], [112.79117, -7.3076], [112.7910700000001, -7.30761], [112.79096, -7.30763], [112.79084000000012, -7.30765], [112.79075000000012, -7.30767], [112.7906, -7.3077], [112.79047, -7.30773], [112.79032, -7.30777], [112.79016, -7.30781], [112.78996, -7.30786], [112.78974, -7.30793], [112.78948, -7.308], [112.78917, -7.30809], [112.78883, -7.30819], [112.78844, -7.3083], [112.78803, -7.30843], [112.78760000000011, -7.30855], [112.78716, -7.30869], [112.7868145000001, -7.308792099999948], [112.78672, -7.30882], [112.78629, -7.30895], [112.78628230000004, -7.30895229999993], [112.7860042000001, -7.309033699999929], [112.78588, -7.30907], [112.7857226000001, -7.30911969999994], [112.7855, -7.30919], [112.78514, -7.3093], [112.78513730000009, -7.30930079999996], [112.78482, -7.3094], [112.78451, -7.30949], [112.78424, -7.30958], [112.78399, -7.30966], [112.78378, -7.30973], [112.7835500000001, -7.30981], [112.78336, -7.30987], [112.78329320000012, -7.309892299999944], [112.78318, -7.30993], [112.78303, -7.30999], [112.78288, -7.31005], [112.7827400000001, -7.3101], [112.78260000000012, -7.31015], [112.78246, -7.3102], [112.78232, -7.31025], [112.78218, -7.3103], [112.78204, -7.31034], [112.78189, -7.31039], [112.7817500000001, -7.31044], [112.78161000000011, -7.31048], [112.78147, -7.31052], [112.78135, -7.31055], [112.78123, -7.31059], [112.78113, -7.31061], [112.78104, -7.31064], [112.78096, -7.31065], [112.78089000000011, -7.31067], [112.78083, -7.31068], [112.7807600000001, -7.31069], [112.7807, -7.3107], [112.78064, -7.31071], [112.78057, -7.31072], [112.7805, -7.31072], [112.78043, -7.31073], [112.78036, -7.31074], [112.78028, -7.31074], [112.78021, -7.31075], [112.78013, -7.31075], [112.78006, -7.31075], [112.77998, -7.31076], [112.77990000000011, -7.31076], [112.77983, -7.31076], [112.77975, -7.31076], [112.77967, -7.31076], [112.7796, -7.31076], [112.77952, -7.31076], [112.77945000000011, -7.31076], [112.77937, -7.31075], [112.77929, -7.31075], [112.77921, -7.31074], [112.77913, -7.31073], [112.77904, -7.31071], [112.77893, -7.31069], [112.77882000000011, -7.31067], [112.77869, -7.31064], [112.77854, -7.31061], [112.77838, -7.31057], [112.77836, -7.310565299999951], [112.77821, -7.31053], [112.77803, -7.31048], [112.77783000000011, -7.31043], [112.77762, -7.31038], [112.77741, -7.31032], [112.77718, -7.31026], [112.77701390000004, -7.310216699999955], [112.77695, -7.3102], [112.77672, -7.31013], [112.7764800000001, -7.31007], [112.77623, -7.31], [112.77600730000006, -7.309935], [112.77599, -7.30993], [112.77581960000009, -7.309880299999975], [112.77575, -7.30986], [112.77568440000005, -7.309843599999965], [112.77551, -7.3098], [112.77528, -7.30973], [112.77505, -7.30967], [112.77482, -7.3096], [112.77471, -7.30957], [112.77470860000005, -7.309569599999975], [112.7746, -7.30954], [112.77437, -7.30948], [112.77415, -7.30942], [112.77411180000001, -7.309409599999981], [112.77393, -7.30936], [112.7737, -7.3093], [112.77347, -7.30924], [112.7732400000001, -7.30918], [112.773, -7.30912], [112.77277, -7.30906], [112.7726573000001, -7.309030599999971], [112.77254, -7.309], [112.77231, -7.30895], [112.7721, -7.3089], [112.7719, -7.30885], [112.77172, -7.3088], [112.77157000000011, -7.30876], [112.77142, -7.30873], [112.77130000000011, -7.3087], [112.77118, -7.30867], [112.77107, -7.30864], [112.77101590000007, -7.308630199999925], [112.77057550000006, -7.310653699999932], [112.77050830000007, -7.310608899999977], [112.77021, -7.31041], [112.76998, -7.31029], [112.76987, -7.31023], [112.76966, -7.31022], [112.76958, -7.31025], [112.76950450000004, -7.310276399999964], [112.76918, -7.31039], [112.76888, -7.31046], [112.76884790000008, -7.310471499999949], [112.76874, -7.31051], [112.76864, -7.31059], [112.76858, -7.31123], [112.76856470000007, -7.311270799999932], [112.76853040000003, -7.31136239999995], [112.76849, -7.31147], [112.76845240000011, -7.31156679999998], [112.7684200000001, -7.31165], [112.76838, -7.31192], [112.76839, -7.31208], [112.7685, -7.31233], [112.76852050000002, -7.31235769999995], [112.76867, -7.31256], [112.7688061, -7.312786799999969], [112.76882, -7.31281], [112.76893, -7.31304], [112.76895190000005, -7.313404799999944], [112.7689600000001, -7.31354], [112.76894, -7.31371], [112.76885, -7.31382], [112.76826, -7.31406], [112.76814, -7.31406], [112.76803280000001, -7.314030799999955], [112.76803, -7.31403], [112.76791, -7.31393], [112.76780070000007, -7.313875399999972], [112.76777, -7.31386], [112.76767, -7.31385], [112.7676, -7.3139], [112.76733930000012, -7.314139], [112.76724, -7.31423], [112.76686, -7.31437], [112.76648000000012, -7.3145], [112.76594000000011, -7.31467], [112.7658, -7.31474], [112.7657200000001, -7.31472], [112.76564, -7.31463], [112.76551, -7.3145], [112.7654500000001, -7.31446], [112.76544840000008, -7.314458599999966], [112.76541330000009, -7.314426899999944], [112.76535, -7.31437], [112.76499, -7.31401], [112.76478, -7.31384], [112.76449, -7.31366], [112.76407, -7.31346], [112.76401, -7.31343], [112.76393050000001, -7.31339689999993], [112.76391850000005, -7.313460799999973], [112.76389350000011, -7.313627299999951], [112.76385190000008, -7.313802], [112.76391020000005, -7.313943499999937], [112.76400610000007, -7.313978399999939], [112.76409330000001, -7.314010099999962], [112.7642264000001, -7.314093299999968], [112.76441780000005, -7.314234799999952], [112.76442620000012, -7.314318], [112.76439290000008, -7.314492799999925], [112.76427640000009, -7.31478409999994], [112.76410160000012, -7.314992199999949], [112.76406660000009, -7.314992199999949], [112.76382690000003, -7.314992199999949], [112.76357730000007, -7.314950599999975], [112.76331090000008, -7.314850699999965], [112.76316950000012, -7.314717499999972], [112.76309050000009, -7.314671699999963], [112.76291150000009, -7.314567699999941], [112.76268880000009, -7.314427799999976], [112.76265, -7.31442], [112.76259, -7.31441], [112.76251, -7.3144], [112.76245, -7.3144], [112.76239, -7.3144], [112.76236390000008, -7.314404399999944], [112.76232060000007, -7.31444289999996], [112.762254, -7.314534399999957], [112.76210420000007, -7.314684199999931], [112.76191270000004, -7.314692599999944], [112.7618020000001, -7.314653799999974], [112.76174280000009, -7.314675299999976], [112.76173, -7.31468], [112.76172570000006, -7.314718599999935], [112.76179180000008, -7.314850799999931], [112.76191570000003, -7.315068899999972], [112.76196750000008, -7.315134399999977], [112.7620644000001, -7.315257199999962], [112.76229230000001, -7.315425699999935], [112.76251530000002, -7.315539699999931], [112.76270860000011, -7.315544599999953], [112.762892, -7.315688299999977], [112.7629353000001, -7.315765899999974], [112.76298610000003, -7.315856799999949], [112.762996, -7.315858], [112.76336770000012, -7.315901399999973], [112.76347180000005, -7.315881599999955], [112.76387810000006, -7.31606], [112.76392270000008, -7.316084799999942], [112.76406640000005, -7.315792399999964], [112.76418540000009, -7.315544599999953], [112.7647634000001, -7.31583969999997], [112.76477280000006, -7.315844499999969], [112.76474, -7.31591], [112.76414000000011, -7.31717], [112.76393050000001, -7.317588899999976], [112.76382790000002, -7.31779419999998], [112.76374, -7.31797], [112.76368080000009, -7.318096299999979], [112.76367160000007, -7.31811579999993], [112.76357810000002, -7.318315299999938], [112.76344, -7.31861], [112.76298, -7.31948], [112.76294910000001, -7.319544299999961], [112.7628724000001, -7.319704199999933], [112.76283450000005, -7.319783], [112.76274, -7.31998], [112.762515, -7.320456699999966], [112.76250960000004, -7.320468199999937], [112.76232, -7.32087], [112.76227790000007, -7.320954099999938], [112.76179, -7.32193], [112.76166, -7.3222], [112.76152220000006, -7.32249429999996], [112.7614400000001, -7.32267], [112.7610800000001, -7.32336], [112.76106830000003, -7.323380499999928], [112.76106360000006, -7.323388799999975], [112.761, -7.3235], [112.7609298000001, -7.323710699999936], [112.76091730000007, -7.323748], [112.76091, -7.32377], [112.76090820000002, -7.32377189999994], [112.76089430000002, -7.323786799999937], [112.76077, -7.32392], [112.76067, -7.32405], [112.76059, -7.32422], [112.7605, -7.3244], [112.76041, -7.3246], [112.7603, -7.32481], [112.76019, -7.32504], [112.76007, -7.32529], [112.75994, -7.32556], [112.7598, -7.32583], [112.75968820000003, -7.326045699999952], [112.75966, -7.3261], [112.75953, -7.32637], [112.7594, -7.32663], [112.7592800000001, -7.32687], [112.75916, -7.3271]]] 
      }
    },
    {
      "type": "Feature",
      "properties": {
        "district_id": "3578080",
        "province": "Jawa Timur",
        "regency": "Surabaya",
        "district": "Sukolilo",
        "pria": 57097,
        "wanita": 58816,
        "total_penduduk": 115913
      },
      "geometry": {
        "type": "Polygon",
        "coordinates": [[[112.78182, -7.284499699999969], [112.78182, -7.284498299999939], [112.78182, -7.28428], [112.78183, -7.28391], [112.78183, -7.283900799999969], [112.78183, -7.283691099999942], [112.78183, -7.28356], [112.78183, -7.28348], [112.78183, -7.283252199999936], [112.78183, -7.28325], [112.78183, -7.283], [112.78183, -7.282778], [112.78183, -7.28264], [112.781831, -7.28258], [112.78142930000001, -7.282629], [112.78143140000009, -7.282552299999963], [112.78143080000007, -7.28240379999994], [112.78142930000001, -7.282231099999933], [112.78142390000005, -7.281999799999937], [112.78116040000009, -7.281989099999976], [112.7808956, -7.281975599999953], [112.7808887000001, -7.281975199999977], [112.78075640000009, -7.281969499999946], [112.78075620000004, -7.281988799999965], [112.78075580000007, -7.281988899999931], [112.78075580000007, -7.281989099999976], [112.78069930000004, -7.281995699999925], [112.7794788000001, -7.282142499999964], [112.77939390000006, -7.28215309999996], [112.7793163, -7.282162], [112.77773090000005, -7.282352699999933], [112.77772310000012, -7.282351899999981], [112.77772160000006, -7.282352], [112.77751190000004, -7.282330499999944], [112.7768172000001, -7.282250399999953], [112.7765018, -7.282215099999974], [112.77645120000011, -7.282209499999965], [112.77645120000011, -7.282247199999972], [112.77644040000007, -7.282245399999965], [112.77612590000001, -7.282193399999926], [112.77596070000004, -7.282163199999957], [112.77353220000009, -7.281751], [112.77314410000008, -7.281677099999968], [112.77308360000006, -7.281666399999949], [112.77255930000001, -7.281567], [112.7725402000001, -7.281559899999934], [112.77238450000004, -7.281511799999976], [112.77219230000003, -7.281454], [112.77191240000002, -7.281367699999976], [112.771905, -7.28136539999997], [112.77190550000012, -7.281385499999942], [112.77190220000011, -7.281384899999978], [112.771902, -7.28138679999995], [112.77158250000002, -7.281328899999949], [112.77053220000005, -7.281145], [112.77045850000002, -7.281554899999946], [112.77045280000004, -7.281588499999941], [112.7703987000001, -7.281915199999958], [112.77039060000004, -7.281946299999959], [112.77038820000007, -7.281946499999947], [112.7703878000001, -7.281949], [112.77022640000007, -7.281959799999981], [112.7701651000001, -7.281964899999934], [112.77012700000012, -7.282078399999932], [112.7698775, -7.282855899999959], [112.76981310000008, -7.283045899999934], [112.76981090000004, -7.283045199999947], [112.7697396000001, -7.283309599999939], [112.76970760000006, -7.283441799999935], [112.76963440000009, -7.283880299999964], [112.7696155000001, -7.283967699999948], [112.76959110000007, -7.284105099999977], [112.76938910000001, -7.284081499999957], [112.7691522, -7.284056599999928], [112.76883490000012, -7.284023199999979], [112.76883420000001, -7.284016799999961], [112.76883020000002, -7.284016299999962], [112.76878820000002, -7.284014799999966], [112.768759, -7.284015499999953], [112.76875630000006, -7.284178899999972], [112.76875490000009, -7.284365899999955], [112.768639, -7.284350399999937], [112.76839430000007, -7.284319799999935], [112.7683919000001, -7.284491799999955], [112.76837480000006, -7.284790199999975], [112.76835740000001, -7.285104499999932], [112.76835690000007, -7.285104399999966], [112.76835670000003, -7.285108], [112.7677169000001, -7.285065399999951], [112.76657540000008, -7.285062299999936], [112.76657020000005, -7.285442599999953], [112.76656720000005, -7.285442399999965], [112.76656720000005, -7.28544549999998], [112.76586720000012, -7.285395699999981], [112.76586780000002, -7.285390199999938], [112.76586160000011, -7.285389699999939], [112.76589550000006, -7.285112499999968], [112.76591070000006, -7.284959699999945], [112.76542150000012, -7.284901599999955], [112.76541530000009, -7.284944199999927], [112.76535550000006, -7.285367599999972], [112.76535420000005, -7.28536749999995], [112.76535400000012, -7.28536859999997], [112.7653375000001, -7.285365499999955], [112.76510080000003, -7.285337599999934], [112.7650791000001, -7.285503799999958], [112.76507640000011, -7.285527199999933], [112.76502360000006, -7.286135299999955], [112.76502240000002, -7.286143699999968], [112.76502130000006, -7.286157299999957], [112.76499790000003, -7.286320299999943], [112.76494030000003, -7.286735399999941], [112.7648967, -7.28705], [112.7648934, -7.287049399999944], [112.76489220000008, -7.287057499999946], [112.76451, -7.286987199999942], [112.764449, -7.287265499999933], [112.76432680000005, -7.287839099999928], [112.76444550000008, -7.287866399999928], [112.7644467, -7.287866699999938], [112.764446, -7.287869899999976], [112.76438430000007, -7.288176], [112.76432920000002, -7.288454699999932], [112.76432820000002, -7.288454499999943], [112.7643256, -7.288467099999934], [112.7641268000001, -7.288417399999958], [112.76412230000005, -7.288482899999963], [112.76413, -7.288546399999973], [112.76412180000011, -7.288544699999932], [112.76418020000006, -7.288566099999969], [112.7641996000001, -7.288570599999957], [112.76419340000007, -7.288593], [112.76406650000001, -7.289075199999957], [112.76405220000004, -7.289143299999978], [112.76404790000004, -7.289177], [112.76381960000003, -7.289151599999968], [112.76379730000008, -7.289149299999963], [112.76377760000003, -7.289182], [112.763707, -7.289302599999928], [112.76370530000008, -7.289302199999952], [112.76370170000007, -7.289308199999937], [112.76315810000006, -7.289185199999963], [112.76303580000001, -7.289159], [112.76299670000003, -7.28940289999997], [112.7629849000001, -7.289477], [112.76297000000011, -7.28957], [112.762897, -7.289921899999968], [112.76286, -7.2901], [112.76268, -7.29098], [112.76264540000011, -7.291320399999961], [112.76262, -7.29157], [112.7626, -7.29179], [112.76258, -7.29204], [112.76257420000002, -7.292119899999932], [112.76254, -7.29259], [112.76249, -7.29319], [112.76246, -7.2935], [112.7624535000001, -7.293584599999974], [112.76245, -7.29363], [112.76235, -7.29362], [112.76234690000001, -7.29365759999996], [112.76232, -7.29398], [112.76228170000002, -7.294586099999947], [112.76226190000011, -7.294899499999929], [112.76226, -7.29493], [112.7622391000001, -7.295131499999968], [112.76222380000002, -7.295278399999972], [112.76218, -7.2957], [112.76213770000004, -7.296181199999978], [112.76205, -7.29718], [112.76203550000002, -7.297389499999952], [112.76203170000008, -7.297444699999971], [112.76203, -7.29747], [112.762, -7.29792], [112.76201, -7.29856], [112.76201960000003, -7.299223899999959], [112.76202, -7.29925], [112.76202, -7.29943], [112.76203, -7.29971], [112.76203640000006, -7.300657], [112.76204, -7.30118], [112.76204, -7.301236499999959], [112.76204, -7.30127], [112.76204, -7.30149], [112.76207000000011, -7.30329], [112.76207000000011, -7.30331549999994], [112.76207000000011, -7.30336], [112.7620892000001, -7.303963799999963], [112.76209, -7.30399], [112.76212870000006, -7.304986799999938], [112.76213, -7.30502], [112.76213, -7.30509], [112.76207000000011, -7.3055], [112.76204220000011, -7.305620399999952], [112.76204, -7.30563], [112.76204, -7.30582], [112.76199, -7.30598], [112.76194, -7.30616], [112.76225000000011, -7.30625], [112.7624, -7.30629], [112.76242430000002, -7.30629609999994], [112.76256, -7.30633], [112.76261280000006, -7.306343899999945], [112.76275, -7.30638], [112.76297000000011, -7.30644], [112.76321, -7.3065], [112.76321510000002, -7.306501299999979], [112.76348, -7.30657], [112.76377, -7.30664], [112.76383790000011, -7.306658099999936], [112.76385070000003, -7.306661499999962], [112.76407, -7.30672], [112.76438, -7.3068], [112.76458480000008, -7.306859399999951], [112.76469, -7.30689], [112.76501, -7.30697], [112.76532, -7.30706], [112.7656300000001, -7.30715], [112.76594000000011, -7.30723], [112.76624, -7.30732], [112.76654, -7.3074], [112.76683, -7.30749], [112.76712, -7.30757], [112.7672040000001, -7.307593199999928], [112.76741, -7.30765], [112.76768, -7.30773], [112.76796, -7.3078], [112.76822, -7.30787], [112.7684435000001, -7.30793019999993], [112.76848, -7.30794], [112.76849330000005, -7.307943199999954], [112.76873, -7.308], [112.76897, -7.30807], [112.76919, -7.30813], [112.76941000000011, -7.30819], [112.76956, -7.30823], [112.76962, -7.30824], [112.76981, -7.3083], [112.76999, -7.30835], [112.77016, -7.30839], [112.77032, -7.30844], [112.77047, -7.30848], [112.7706, -7.30852], [112.77073, -7.30855], [112.7707865000001, -7.308568799999932], [112.77085000000011, -7.30859], [112.77096, -7.30862], [112.77101590000007, -7.308630199999925], [112.77107, -7.30864], [112.77118, -7.30867], [112.77130000000011, -7.3087], [112.77142, -7.30873], [112.77157000000011, -7.30876], [112.77172, -7.3088], [112.7719, -7.30885], [112.7721, -7.3089], [112.77231, -7.30895], [112.77254, -7.309], [112.7726573000001, -7.309030599999971], [112.77277, -7.30906], [112.773, -7.30912], [112.7732400000001, -7.30918], [112.77347, -7.30924], [112.7737, -7.3093], [112.77393, -7.30936], [112.77411180000001, -7.309409599999981], [112.77415, -7.30942], [112.77437, -7.30948], [112.7746, -7.30954], [112.77470860000005, -7.309569599999975], [112.77471, -7.30957], [112.77482, -7.3096], [112.77505, -7.30967], [112.77528, -7.30973], [112.77551, -7.3098], [112.77568440000005, -7.309843599999965], [112.77575, -7.30986], [112.77581960000009, -7.309880299999975], [112.77599, -7.30993], [112.77600730000006, -7.309935], [112.77623, -7.31], [112.7764800000001, -7.31007], [112.77672, -7.31013], [112.77695, -7.3102], [112.77701390000004, -7.310216699999955], [112.77718, -7.31026], [112.77741, -7.31032], [112.77762, -7.31038], [112.77783000000011, -7.31043], [112.77803, -7.31048], [112.77821, -7.31053], [112.77836, -7.310565299999951], [112.77838, -7.31057], [112.77854, -7.31061], [112.77869, -7.31064], [112.77882000000011, -7.31067], [112.77893, -7.31069], [112.77904, -7.31071], [112.77913, -7.31073], [112.77921, -7.31074], [112.77929, -7.31075], [112.77937, -7.31075], [112.77945000000011, -7.31076], [112.77952, -7.31076], [112.7796, -7.31076], [112.77967, -7.31076], [112.77975, -7.31076], [112.77983, -7.31076], [112.77990000000011, -7.31076], [112.77998, -7.31076], [112.78006, -7.31075], [112.78013, -7.31075], [112.78021, -7.31075], [112.78028, -7.31074], [112.78036, -7.31074], [112.78043, -7.31073], [112.7805, -7.31072], [112.78057, -7.31072], [112.78064, -7.31071], [112.7807, -7.3107], [112.7807600000001, -7.31069], [112.78083, -7.31068], [112.78089000000011, -7.31067], [112.78096, -7.31065], [112.78104, -7.31064], [112.78113, -7.31061], [112.78123, -7.31059], [112.78135, -7.31055], [112.78147, -7.31052], [112.78161000000011, -7.31048], [112.7817500000001, -7.31044], [112.78189, -7.31039], [112.78204, -7.31034], [112.78218, -7.3103], [112.78232, -7.31025], [112.78246, -7.3102], [112.78260000000012, -7.31015], [112.7827400000001, -7.3101], [112.78288, -7.31005], [112.78303, -7.30999], [112.78318, -7.30993], [112.78329320000012, -7.309892299999944], [112.78336, -7.30987], [112.7835500000001, -7.30981], [112.78378, -7.30973], [112.78399, -7.30966], [112.78424, -7.30958], [112.78451, -7.30949], [112.78482, -7.3094], [112.78513730000009, -7.30930079999996], [112.78514, -7.3093], [112.7855, -7.30919], [112.7857226000001, -7.30911969999994], [112.78588, -7.30907], [112.7860042000001, -7.309033699999929], [112.78628230000004, -7.30895229999993], [112.78629, -7.30895], [112.78672, -7.30882], [112.7868145000001, -7.308792099999948], [112.78716, -7.30869], [112.78760000000011, -7.30855], [112.78803, -7.30843], [112.78844, -7.3083], [112.78883, -7.30819], [112.78917, -7.30809], [112.78948, -7.308], [112.78974, -7.30793], [112.78996, -7.30786], [112.79016, -7.30781], [112.79032, -7.30777], [112.79047, -7.30773], [112.7906, -7.3077], [112.79075000000012, -7.30767], [112.79084000000012, -7.30765], [112.79096, -7.30763], [112.7910700000001, -7.30761], [112.79117, -7.3076], [112.79128, -7.30758], [112.79138000000012, -7.30757], [112.79147000000012, -7.30756], [112.79156000000012, -7.30755], [112.79165000000012, -7.30754], [112.79174, -7.30754], [112.79183, -7.30753], [112.79192, -7.30753], [112.79201, -7.30753], [112.79212, -7.30754], [112.79222, -7.30754], [112.79234, -7.30755], [112.79247, -7.30757], [112.79262, -7.30758], [112.79276, -7.3076], [112.79292, -7.30762], [112.79307, -7.30764], [112.79323000000011, -7.30766], [112.79339, -7.30768], [112.79354, -7.3077], [112.7937, -7.30772], [112.79384, -7.30774], [112.79399, -7.30776], [112.79414, -7.30777], [112.79422450000004, -7.307781299999931], [112.79429, -7.30779], [112.79444, -7.3078], [112.79461, -7.30782], [112.79478, -7.30783], [112.79497, -7.30785], [112.79516, -7.30786], [112.79537, -7.30787], [112.79558, -7.30789], [112.7958, -7.3079], [112.79594060000011, -7.307906399999979], [112.79602000000011, -7.30791], [112.7962500000001, -7.30792], [112.79649, -7.30793], [112.79672, -7.30794], [112.79696, -7.30794], [112.79696460000002, -7.307940199999962], [112.79719000000011, -7.30795], [112.7974200000001, -7.30795], [112.79764000000011, -7.30795], [112.79786, -7.30795], [112.79806, -7.30795], [112.79825, -7.30795], [112.79844, -7.30794], [112.7986, -7.30794], [112.79876, -7.30793], [112.79891, -7.30793], [112.79905, -7.30792], [112.79918, -7.30791], [112.7993100000001, -7.3079], [112.79943, -7.30789], [112.79955, -7.30788], [112.7996700000001, -7.30787], [112.79978, -7.30786], [112.7999, -7.30785], [112.80002, -7.30784], [112.80014, -7.30782], [112.80026, -7.30781], [112.80034290000003, -7.307797199999925], [112.8003900000001, -7.30779], [112.80044410000005, -7.307785799999976], [112.80052, -7.30778], [112.80065, -7.30776], [112.80079, -7.30774], [112.80092, -7.30772], [112.80106, -7.3077], [112.80119, -7.30768], [112.80131, -7.30766], [112.80143, -7.30765], [112.80153, -7.30763], [112.80156260000001, -7.307623499999977], [112.80163, -7.30761], [112.80173, -7.3076], [112.80182, -7.30758], [112.80191, -7.30757], [112.802, -7.30756], [112.80209, -7.30755], [112.80219000000011, -7.30755], [112.80228000000011, -7.30754], [112.80239, -7.30753], [112.80249, -7.30753], [112.8026, -7.30753], [112.8027, -7.30753], [112.8028, -7.30753], [112.80289, -7.30753], [112.80298, -7.30753], [112.80305, -7.30753], [112.80313, -7.30754], [112.80319, -7.30754], [112.80325, -7.30755], [112.80331, -7.30756], [112.8034, -7.30757], [112.80348, -7.30759], [112.80354000000011, -7.30761], [112.80361, -7.30762], [112.80368, -7.30765], [112.80375, -7.30767], [112.80382, -7.30769], [112.80389, -7.30772], [112.80396, -7.30775], [112.80403, -7.30778], [112.8041, -7.30781], [112.80417000000011, -7.30784], [112.80424, -7.30787], [112.8043100000001, -7.3079], [112.80438, -7.30794], [112.80446, -7.30798], [112.80454, -7.30802], [112.80462000000011, -7.30806], [112.80471000000011, -7.30811], [112.80480000000011, -7.30815], [112.80489000000011, -7.3082], [112.80499, -7.30825], [112.80508, -7.3083], [112.80517, -7.30834], [112.80526, -7.30839], [112.80534000000011, -7.30843], [112.80542, -7.30847], [112.80549, -7.3085], [112.80556, -7.30853], [112.80562, -7.30856], [112.80568, -7.30858], [112.80574, -7.3086], [112.80581, -7.30862], [112.80587, -7.30864], [112.80594, -7.30866], [112.80601, -7.30867], [112.80608, -7.30869], [112.80616, -7.3087], [112.80623, -7.30871], [112.80631, -7.30872], [112.8063800000001, -7.30873], [112.80646, -7.30873], [112.80653, -7.30874], [112.80661, -7.30874], [112.80668, -7.30874], [112.80675, -7.30874], [112.8068300000001, -7.30874], [112.8069, -7.30873], [112.80697, -7.30872], [112.80704, -7.30871], [112.80712, -7.30869], [112.8071900000001, -7.30867], [112.80725540000003, -7.308651299999951], [112.80726, -7.30865], [112.80733, -7.30863], [112.80741, -7.3086], [112.80748, -7.30857], [112.8075500000001, -7.30854], [112.80762, -7.30851], [112.80768, -7.30847], [112.80775, -7.30844], [112.80781, -7.3084], [112.80788, -7.30837], [112.80793, -7.30833], [112.80799, -7.30829], [112.80804, -7.30825], [112.8080900000001, -7.3082], [112.80816, -7.30814], [112.80824, -7.30805], [112.80829, -7.30798], [112.80832, -7.30793], [112.8083600000001, -7.30784], [112.80839, -7.30776], [112.80841, -7.3077], [112.80843, -7.30763], [112.80844, -7.30757], [112.80845000000011, -7.3075], [112.80846, -7.30744], [112.80846, -7.30738], [112.80846, -7.30732], [112.80846, -7.30726], [112.80845000000011, -7.30717], [112.80843, -7.30707], [112.80839, -7.30698], [112.80835, -7.30691], [112.80832, -7.30686], [112.8082700000001, -7.30679], [112.80821, -7.30672], [112.80816, -7.30667], [112.80812, -7.30662], [112.80807, -7.30657], [112.80801, -7.30652], [112.80796, -7.30647], [112.8079, -7.30641], [112.80785, -7.30636], [112.80779, -7.30631], [112.8077300000001, -7.30626], [112.80768, -7.30621], [112.80762, -7.30616], [112.80757, -7.30611], [112.80751, -7.30606], [112.8074600000001, -7.30602], [112.80741, -7.30597], [112.80736, -7.30593], [112.80731, -7.30589], [112.80726, -7.30584], [112.80721, -7.30579], [112.80716, -7.30574], [112.8071000000001, -7.30569], [112.80705000000012, -7.30564], [112.80699, -7.30559], [112.80693, -7.30553], [112.80687000000012, -7.30547], [112.80681, -7.30542], [112.80676, -7.30536], [112.8067, -7.3053], [112.8066500000001, -7.30524], [112.80660000000012, -7.30518], [112.8065600000001, -7.30512], [112.80651410000007, -7.305065], [112.80651000000012, -7.30506], [112.8064700000001, -7.305], [112.80643, -7.30493], [112.8063800000001, -7.30486], [112.80634, -7.30479], [112.8063, -7.30472], [112.80626, -7.30464], [112.80622, -7.30456], [112.80619, -7.30448], [112.80615000000012, -7.3044], [112.80612, -7.30431], [112.80609, -7.30423], [112.80606000000012, -7.30415], [112.80604, -7.30407], [112.8060200000001, -7.30399], [112.806, -7.30391], [112.80599, -7.30384], [112.80598, -7.30377], [112.80597000000012, -7.30369], [112.80596, -7.30362], [112.80596, -7.30355], [112.80595, -7.30347], [112.80595, -7.3034], [112.80595, -7.30332], [112.80596, -7.30325], [112.80596, -7.30317], [112.80597000000012, -7.3031], [112.80598, -7.30302], [112.80599, -7.30294], [112.806, -7.30286], [112.8060200000001, -7.30278], [112.80604, -7.30269], [112.80606000000012, -7.30261], [112.80609, -7.30252], [112.8061100000001, -7.30242], [112.80614, -7.30233], [112.80618, -7.30223], [112.80622, -7.30212], [112.80626, -7.30202], [112.80631, -7.30191], [112.80636, -7.30179], [112.80641, -7.30168], [112.8064700000001, -7.30157], [112.80653, -7.30146], [112.80659, -7.30136], [112.80666, -7.30125], [112.80672, -7.30115], [112.80679, -7.30106], [112.80686, -7.30096], [112.80694, -7.30087], [112.80695760000003, -7.300844799999936], [112.8070100000001, -7.30077], [112.80709, -7.30068], [112.80717, -7.30059], [112.80725, -7.30049], [112.80734, -7.3004], [112.80742, -7.30031], [112.8075, -7.30021], [112.80759, -7.30013], [112.80767, -7.30004], [112.80775, -7.29996], [112.8078200000001, -7.29989], [112.80789, -7.29982], [112.80796, -7.29976], [112.80803, -7.2997], [112.8080900000001, -7.29965], [112.80815, -7.2996], [112.80821, -7.29955], [112.80828, -7.2995], [112.80834, -7.29946], [112.80841, -7.29941], [112.80848, -7.29937], [112.80854000000011, -7.29933], [112.80861, -7.29929], [112.80868, -7.29924], [112.80875, -7.29921], [112.80882, -7.29917], [112.80888, -7.29913], [112.80894, -7.2991], [112.80901, -7.29907], [112.80907, -7.29904], [112.80913, -7.29901], [112.80919, -7.29899], [112.80925, -7.29896], [112.80932, -7.29894], [112.80939, -7.29892], [112.80946, -7.2989], [112.80954, -7.29888], [112.80963, -7.29886], [112.80971000000011, -7.29884], [112.80980000000011, -7.29883], [112.80989000000011, -7.29881], [112.80997, -7.2988], [112.81006, -7.29879], [112.81014, -7.29879], [112.81022, -7.29878], [112.81029, -7.29878], [112.81037, -7.29878], [112.81045, -7.29878], [112.81052000000011, -7.29878], [112.81059, -7.29879], [112.81067, -7.2988], [112.81074, -7.29881], [112.81082, -7.29882], [112.81089, -7.29883], [112.81097000000011, -7.29885], [112.81104, -7.29886], [112.81111, -7.29888], [112.81119, -7.2989], [112.81126, -7.29892], [112.81133000000011, -7.29895], [112.81139, -7.29897], [112.81146, -7.299], [112.81154, -7.29904], [112.81161, -7.29907], [112.81168, -7.29912], [112.81176, -7.29916], [112.81185, -7.29922], [112.81194, -7.29927], [112.81203, -7.29934], [112.81213, -7.29941], [112.81223000000011, -7.29947], [112.81232000000011, -7.29954], [112.81242, -7.29961], [112.81251, -7.29967], [112.81259000000011, -7.29973], [112.81267, -7.29979], [112.81274, -7.29984], [112.8128, -7.29988], [112.81286000000011, -7.29992], [112.81292, -7.29995], [112.81297, -7.29999], [112.81305, -7.30003], [112.81312, -7.30007], [112.8132, -7.30011], [112.8132700000001, -7.30014], [112.81335, -7.30018], [112.81343, -7.30022], [112.81349000000012, -7.30024], [112.81356, -7.30027], [112.8136300000001, -7.3003], [112.8137, -7.30032], [112.81378, -7.30035], [112.81386, -7.30038], [112.81395, -7.30041], [112.81404, -7.30044], [112.81414, -7.30047], [112.81424, -7.30051], [112.81434, -7.30054], [112.81445, -7.30058], [112.81456, -7.30061], [112.81467, -7.30065], [112.81477, -7.30068], [112.81488, -7.30072], [112.8149800000001, -7.30076], [112.81509, -7.3008], [112.81518, -7.30083], [112.81528, -7.30087], [112.81537, -7.30091], [112.81547, -7.30095], [112.81556, -7.301], [112.81565, -7.30104], [112.81575, -7.30109], [112.81585, -7.30113], [112.81594, -7.30118], [112.81604, -7.30124], [112.81614, -7.30129], [112.81623, -7.30134], [112.81632, -7.30139], [112.81642000000011, -7.30145], [112.8165, -7.3015], [112.81658, -7.30155], [112.81666, -7.3016], [112.81674, -7.30165], [112.81682, -7.30171], [112.8169, -7.30176], [112.81698, -7.30182], [112.81706, -7.30189], [112.81715, -7.30195], [112.81724, -7.30203], [112.81734, -7.3021], [112.81744, -7.30219], [112.81755, -7.30227], [112.81765, -7.30235], [112.81775, -7.30244], [112.81786000000011, -7.30253], [112.81796, -7.30261], [112.81805, -7.30269], [112.81814, -7.30277], [112.81823, -7.30285], [112.81832, -7.30292], [112.81840000000011, -7.30299], [112.81848, -7.30306], [112.81855, -7.30313], [112.81862, -7.3032], [112.81869, -7.30327], [112.81875, -7.30334], [112.81882, -7.30341], [112.81888, -7.30347], [112.81894000000011, -7.30354], [112.819, -7.30361], [112.81906, -7.30369], [112.81912000000011, -7.30376], [112.81918, -7.30384], [112.81924, -7.30393], [112.81931, -7.30402], [112.81938, -7.30411], [112.81946, -7.30421], [112.81954, -7.30432], [112.8196200000001, -7.30443], [112.81972, -7.30455], [112.81982, -7.30468], [112.81992, -7.30482], [112.82003, -7.30496], [112.82014, -7.30511], [112.82026, -7.30525], [112.82037, -7.30539], [112.82049, -7.30553], [112.8206, -7.30566], [112.82071, -7.30578], [112.82082, -7.3059], [112.82092000000011, -7.306], [112.82102, -7.3061], [112.82111, -7.30619], [112.8212, -7.30627], [112.82129, -7.30634], [112.82137000000012, -7.30641], [112.82144, -7.30647], [112.8215100000001, -7.30652], [112.82157, -7.30657], [112.82163, -7.30661], [112.82168, -7.30665], [112.82173000000012, -7.30668], [112.8217800000001, -7.30671], [112.82185, -7.30674], [112.82191000000012, -7.30677], [112.82197, -7.30679], [112.8220500000001, -7.30681], [112.82215, -7.30683], [112.82225, -7.30685], [112.82233, -7.30687], [112.82239, -7.30688], [112.82247, -7.30689], [112.82254000000012, -7.3069], [112.82263000000012, -7.30691], [112.82273, -7.30691], [112.82283, -7.30692], [112.82294, -7.30693], [112.82306, -7.30694], [112.82319, -7.30694], [112.82332, -7.30695], [112.82345, -7.30696], [112.8235800000001, -7.30697], [112.82371, -7.30697], [112.82384, -7.30698], [112.82396, -7.30699], [112.82409, -7.307], [112.82421000000011, -7.30702], [112.82433, -7.30703], [112.82445, -7.30704], [112.82457000000011, -7.30706], [112.82469, -7.30707], [112.82481, -7.30708], [112.82493000000011, -7.3071], [112.82505, -7.30711], [112.82517, -7.30713], [112.8253, -7.30715], [112.82544, -7.30717], [112.82558, -7.30719], [112.82573, -7.30722], [112.82589, -7.30725], [112.82607, -7.30728], [112.82625, -7.30731], [112.82643, -7.30735], [112.82662, -7.30738], [112.82682000000011, -7.30742], [112.82702, -7.30746], [112.82722, -7.3075], [112.82742, -7.30754], [112.82762, -7.30758], [112.82782, -7.30763], [112.82802, -7.30767], [112.8282200000001, -7.30771], [112.82842, -7.30776], [112.82863, -7.3078], [112.82884, -7.30785], [112.82905, -7.30789], [112.82926, -7.30794], [112.82947, -7.30798], [112.82968, -7.30803], [112.82989, -7.30807], [112.8301, -7.30811], [112.8302900000001, -7.30816], [112.83048, -7.3082], [112.83066, -7.30823], [112.83084, -7.30827], [112.8310100000001, -7.30831], [112.83117, -7.30834], [112.83134, -7.30838], [112.83151, -7.30841], [112.83167, -7.30845], [112.83185, -7.30848], [112.83202, -7.30852], [112.83221, -7.30856], [112.8324, -7.30859], [112.83259, -7.30863], [112.83279, -7.30867], [112.83299000000011, -7.30871], [112.83319, -7.30875], [112.8334, -7.30879], [112.83361, -7.30884], [112.83381, -7.30888], [112.83402, -7.30893], [112.83423, -7.30897], [112.83444, -7.30902], [112.83464, -7.30907], [112.83484, -7.30911], [112.83504, -7.30916], [112.83524000000011, -7.30921], [112.83543, -7.30925], [112.83562, -7.3093], [112.8358, -7.30935], [112.83598, -7.3094], [112.83616, -7.30945], [112.83633, -7.3095], [112.83650000000011, -7.30954], [112.83667, -7.30959], [112.83684, -7.30964], [112.8370000000001, -7.30969], [112.83716, -7.30974], [112.83732, -7.30979], [112.83747, -7.30983], [112.83762, -7.30988], [112.83776000000012, -7.30992], [112.8379000000001, -7.30996], [112.83803000000012, -7.30999], [112.83816, -7.31003], [112.83828, -7.31006], [112.83839000000012, -7.31009], [112.83849, -7.31011], [112.83859, -7.31013], [112.83868, -7.31015], [112.83875, -7.31016], [112.83882, -7.31017], [112.83888, -7.31018], [112.83894, -7.31018], [112.83902, -7.31018], [112.83909, -7.31017], [112.83917, -7.31016], [112.83924, -7.31014], [112.83933, -7.31012], [112.83944, -7.31009], [112.8395200000001, -7.31006], [112.8396, -7.31003], [112.83971, -7.30999], [112.83981, -7.30994], [112.8399, -7.30988], [112.83999, -7.30981], [112.84008, -7.30974], [112.84015000000011, -7.30967], [112.84019, -7.30962], [112.84023, -7.30957], [112.84028, -7.30951], [112.84032, -7.30945], [112.84037, -7.30938], [112.84041, -7.30931], [112.84046, -7.30924], [112.84051000000011, -7.30916], [112.84055, -7.30908], [112.84060000000011, -7.309], [112.84065, -7.30892], [112.84069000000011, -7.30885], [112.84074, -7.30877], [112.84078000000011, -7.3087], [112.84083, -7.30862], [112.84088, -7.30854], [112.84092, -7.30847], [112.84097, -7.30838], [112.84103, -7.3083], [112.84108, -7.30821], [112.84114000000011, -7.30811], [112.8412, -7.30801], [112.84126, -7.3079], [112.84133, -7.3078], [112.84139, -7.30769], [112.84146, -7.30758], [112.84152, -7.30748], [112.84159000000011, -7.30738], [112.84165, -7.30729], [112.84171, -7.30721], [112.84177000000011, -7.30712], [112.84183, -7.30704], [112.8419, -7.30696], [112.84198, -7.30687], [112.84206, -7.30678], [112.84216, -7.30669], [112.84226, -7.30659], [112.84238, -7.30648], [112.8425, -7.30637], [112.84263, -7.30626], [112.84275, -7.30615], [112.84288, -7.30604], [112.843, -7.30594], [112.84311, -7.30584], [112.84322, -7.30575], [112.84332, -7.30567], [112.84341, -7.3056], [112.84349, -7.30553], [112.84357000000011, -7.30546], [112.84365, -7.3054], [112.84372, -7.30534], [112.84379, -7.30528], [112.84387, -7.30523], [112.84394, -7.30517], [112.84402000000011, -7.30511], [112.8441, -7.30506], [112.84418, -7.305], [112.84427, -7.30494], [112.84436, -7.30488], [112.84446, -7.30481], [112.84458, -7.30474], [112.84472, -7.30466], [112.84492000000012, -7.30455], [112.8452, -7.3044], [112.84568, -7.30415], [112.84558, -7.30373], [112.84555000000012, -7.30352], [112.84557, -7.3033], [112.84563, -7.30314], [112.8456900000001, -7.30289], [112.84583, -7.30229], [112.84591000000012, -7.30185], [112.8461400000001, -7.30118], [112.84615, -7.30057], [112.84592, -7.30013], [112.8459, -7.29999], [112.8459, -7.29986], [112.84584, -7.29972], [112.84568, -7.29953], [112.84561, -7.2994], [112.8456000000001, -7.29929], [112.84564000000012, -7.29922], [112.84584, -7.29911], [112.84627000000012, -7.29878], [112.84617750000007, -7.295109299999979], [112.84615, -7.29402], [112.84611, -7.29383], [112.84622850000005, -7.291293799999949], [112.8463236, -7.289295], [112.84679950000009, -7.287391399999933], [112.846514, -7.285868599999958], [112.84575260000008, -7.284250499999928], [112.84556220000002, -7.282632499999977], [112.84475320000001, -7.280728899999929], [112.843849, -7.280443399999967], [112.84346830000004, -7.279586799999947], [112.8433255000001, -7.278968099999929], [112.843849, -7.278539799999976], [112.843611, -7.277778399999931], [112.84318270000006, -7.276541099999974], [112.842802, -7.275922399999956], [112.84118400000011, -7.274399599999981], [112.84047020000003, -7.274494799999957], [112.84023220000006, -7.274256799999932], [112.8395660000001, -7.274209199999973], [112.83970870000007, -7.273733299999947], [112.84032740000009, -7.273495399999945], [112.84085090000008, -7.272543599999949], [112.84066050000001, -7.271829799999978], [112.84027980000008, -7.271163499999943], [112.83975630000009, -7.270259299999964], [112.83880450000004, -7.269307499999968], [112.83837620000008, -7.268450899999948], [112.83837620000008, -7.267832299999952], [112.83809070000007, -7.267451599999958], [112.83756720000008, -7.26726119999995], [112.8371677, -7.26728079999998], [112.83632690000002, -7.267322199999967], [112.83529280000005, -7.267539599999964], [112.83169, -7.268297199999949], [112.83077150000008, -7.268852599999946], [112.8279324, -7.269451099999969], [112.82598210000003, -7.269862199999977], [112.8254353000001, -7.269977499999925], [112.82264090000001, -7.271202399999936], [112.81881350000003, -7.271990099999925], [112.81807750000007, -7.272287499999948], [112.81813000000011, -7.27234], [112.81817410000008, -7.272391499999969], [112.816658, -7.273467], [112.81633670000008, -7.274233699999968], [112.8155379000001, -7.275377799999944], [112.814893, -7.276322499999935], [112.81443800000011, -7.27686129999995], [112.81449010000006, -7.27689909999998], [112.81377740000005, -7.277519299999938], [112.81307330000004, -7.27840539999994], [112.81270530000006, -7.279121099999941], [112.81268000000011, -7.27915], [112.81262, -7.27923], [112.81258, -7.27929], [112.81254, -7.27935], [112.81249, -7.27944], [112.81244, -7.27953], [112.8124074000001, -7.27961149999993], [112.8124, -7.27963], [112.8123700000001, -7.27971], [112.81235, -7.27977], [112.81233, -7.27983], [112.81231, -7.27989], [112.81229, -7.27995], [112.8122800000001, -7.28001], [112.81225, -7.28009], [112.81221, -7.2802], [112.81217, -7.2803], [112.8121652000001, -7.280309699999975], [112.81212, -7.2804], [112.81207, -7.28049], [112.81202, -7.28057], [112.81196000000011, -7.28066], [112.8119, -7.28073], [112.81186, -7.28078], [112.81181, -7.28083], [112.81175, -7.28088], [112.81169000000011, -7.28094], [112.81162, -7.281], [112.81154, -7.28106], [112.81145, -7.28112], [112.81136, -7.28119], [112.81127, -7.28125], [112.81117, -7.28132], [112.81106000000011, -7.28138], [112.81095, -7.28144], [112.81084, -7.28151], [112.81072, -7.28156], [112.81061000000011, -7.28162], [112.81049, -7.28168], [112.81038, -7.28173], [112.81027, -7.28178], [112.81016000000011, -7.28183], [112.81005, -7.28188], [112.80995, -7.28192], [112.80985, -7.28196], [112.80975, -7.28201], [112.80965, -7.28205], [112.80956, -7.28209], [112.80949830000009, -7.282108499999936], [112.80946, -7.28212], [112.80936, -7.28216], [112.80925, -7.2822], [112.80919510000001, -7.282216499999947], [112.80918390000011, -7.28221979999995], [112.80862050000007, -7.282549499999959], [112.808425, -7.282668799999954], [112.80815560000008, -7.282830199999978], [112.80802740000001, -7.282905399999947], [112.80778640000005, -7.28308409999994], [112.80749350000008, -7.283303399999966], [112.80748630000005, -7.283310099999937], [112.80722030000004, -7.283553299999937], [112.807064, -7.283694899999944], [112.80691160000003, -7.283835499999952], [112.8068101, -7.283928199999934], [112.80670260000011, -7.284028299999932], [112.8066811000001, -7.284048199999972], [112.806589, -7.28413409999996], [112.80642570000009, -7.28428619999994], [112.80639810000002, -7.284296799999936], [112.80633550000005, -7.284320099999945], [112.80569050000008, -7.284476799999936], [112.80549650000012, -7.284524599999941], [112.80527990000007, -7.284576799999968], [112.80508380000003, -7.284625399999925], [112.80490490000011, -7.284669099999974], [112.80490480000003, -7.284669099999974], [112.8049036000001, -7.284669399999927], [112.80484520000005, -7.284693], [112.80462550000004, -7.284784499999944], [112.80422190000002, -7.284951299999932], [112.8041191000001, -7.284992899999963], [112.804116, -7.284995399999957], [112.80411, -7.285], [112.80408320000004, -7.285023499999966], [112.8037862000001, -7.285123599999963], [112.80378610000002, -7.285123499999941], [112.80377650000003, -7.285107599999947], [112.8037763000001, -7.28510719999997], [112.80375570000001, -7.285114599999929], [112.80373310000004, -7.285122199999932], [112.80357390000006, -7.285096499999952], [112.80338660000007, -7.285068599999931], [112.80329970000003, -7.285055099999965], [112.80315, -7.28503139999998], [112.80294090000007, -7.284999199999959], [112.80272220000006, -7.284965299999953], [112.80259690000003, -7.284945899999968], [112.8024769000001, -7.284927499999981], [112.80237950000003, -7.284912499999962], [112.8023783000001, -7.284918299999958], [112.80227460000003, -7.284903399999962], [112.80227080000009, -7.28480159999998], [112.80226930000003, -7.284761299999957], [112.8022678000001, -7.284760799999958], [112.801671, -7.284548499999971], [112.80148510000004, -7.284482399999945], [112.80052790000002, -7.284471899999971], [112.80052870000009, -7.284469499999943], [112.80060930000002, -7.284251799999936], [112.80071370000007, -7.283983699999965], [112.80077560000007, -7.283821499999931], [112.800809, -7.283736099999942], [112.80094440000005, -7.283494899999937], [112.80094240000005, -7.283371299999942], [112.80093860000011, -7.283281799999941], [112.800936, -7.283220799999981], [112.80093240000008, -7.283089], [112.80100610000011, -7.282988899999964], [112.8011623000001, -7.28277479999997], [112.80116220000002, -7.282772699999953], [112.80116, -7.28274], [112.80115990000002, -7.282738699999925], [112.80119950000005, -7.282684899999936], [112.80120260000001, -7.282586799999933], [112.80120920000002, -7.282420299999956], [112.80121520000012, -7.282251499999973], [112.80122110000002, -7.282088499999929], [112.80122690000007, -7.28193559999994], [112.8012271, -7.281928799999946], [112.80123450000008, -7.281733299999928], [112.80120710000006, -7.281731399999956], [112.80119660000003, -7.280675599999938], [112.80122460000007, -7.280678099999932], [112.80122460000007, -7.280677599999933], [112.80122470000003, -7.280677599999933], [112.8012235000001, -7.28067139999996], [112.80122060000008, -7.280655399999944], [112.80120590000001, -7.280581699999971], [112.80119330000002, -7.280517399999951], [112.80117870000004, -7.280440599999963], [112.80116160000011, -7.280355699999973], [112.80113570000003, -7.280223099999944], [112.80111320000003, -7.280106599999954], [112.80109320000008, -7.280006299999968], [112.801091, -7.279994899999963], [112.8010723000001, -7.27989679999996], [112.80106720000003, -7.279896599999972], [112.8008886, -7.279887899999949], [112.80086990000007, -7.279824899999937], [112.80083550000006, -7.279709199999957], [112.8008003000001, -7.279592399999956], [112.80078980000008, -7.279557399999931], [112.80073670000002, -7.279379099999971], [112.80073120000009, -7.279360199999928], [112.80072490000009, -7.279339399999969], [112.80064590000006, -7.279074099999946], [112.80062910000004, -7.279017], [112.80059510000001, -7.278902899999935], [112.80058210000004, -7.278859699999941], [112.80053010000006, -7.278685099999961], [112.80052550000005, -7.278669599999944], [112.80049040000006, -7.278551199999981], [112.80047980000006, -7.278516], [112.80043770000009, -7.278374499999927], [112.800422, -7.278321], [112.80038720000005, -7.278205], [112.80033920000005, -7.278043799999978], [112.80033460000004, -7.27802829999996], [112.8003222000001, -7.277985899999976], [112.80030290000002, -7.277921699999979], [112.80008610000004, -7.277193599999976], [112.80003620000002, -7.277026], [112.79996890000007, -7.276752699999975], [112.79996040000003, -7.27671719999995], [112.7999354000001, -7.276615799999945], [112.79992820000007, -7.276587399999926], [112.79988680000008, -7.276418899999953], [112.79984150000007, -7.276235099999951], [112.79941090000011, -7.274485799999979], [112.79942410000001, -7.27448279999993], [112.79942760000006, -7.274482], [112.7993636000001, -7.274317699999926], [112.79863140000009, -7.274356199999943], [112.79824090000011, -7.27437139999995], [112.79782180000007, -7.27456], [112.7978217000001, -7.274562599999967], [112.79781520000006, -7.27456559999996], [112.7978051, -7.274567399999967], [112.79734460000009, -7.274649199999942], [112.79686760000004, -7.274732], [112.7967526000001, -7.274751599999945], [112.79659570000001, -7.274785399999928], [112.79574460000003, -7.274970099999962], [112.79512080000006, -7.275105199999928], [112.79387730000008, -7.27536], [112.79312470000002, -7.275520499999971], [112.79282120000005, -7.275583499999925], [112.7926288000001, -7.275626299999942], [112.79260990000012, -7.275630399999955], [112.79247570000007, -7.275660399999936], [112.79043260000003, -7.276115299999958], [112.79034230000002, -7.275567699999954], [112.7903414000001, -7.275567799999976], [112.79034060000004, -7.275562799999932], [112.79011490000005, -7.275613699999951], [112.78987670000004, -7.275661899999932], [112.78985690000002, -7.275671799999941], [112.78984810000009, -7.275673799999936], [112.78980490000004, -7.275698], [112.78966220000007, -7.27577], [112.78962650000005, -7.27577], [112.78951, -7.27577], [112.78935, -7.27581], [112.7891800000001, -7.27585], [112.78901, -7.27589], [112.78884, -7.27592], [112.78875770000002, -7.27593939999997], [112.78867, -7.27596], [112.78849, -7.276], [112.78832000000011, -7.27604], [112.78814000000011, -7.27608], [112.78797, -7.27611], [112.7878, -7.27615], [112.78764, -7.27618], [112.78748, -7.27621], [112.78733000000011, -7.27624], [112.78719, -7.27627], [112.78706000000011, -7.2763], [112.78693, -7.27633], [112.78681, -7.27635], [112.78670000000011, -7.27637], [112.78662640000005, -7.276383399999929], [112.78659, -7.27639], [112.78648, -7.27641], [112.78638, -7.27643], [112.78628, -7.27645], [112.78618, -7.27647], [112.7861620000001, -7.276473599999974], [112.78608, -7.27649], [112.786078, -7.276490399999943], [112.78598000000011, -7.27651], [112.78588, -7.27653], [112.78578, -7.27655], [112.78568, -7.27657], [112.78557, -7.2766], [112.78545, -7.27662], [112.78533, -7.27664], [112.78521, -7.27667], [112.78508000000011, -7.27669], [112.78496, -7.27672], [112.78483, -7.27675], [112.78471, -7.27677], [112.78459, -7.2768], [112.78447, -7.27682], [112.78435, -7.27684], [112.78423, -7.27687], [112.78412, -7.27689], [112.78401, -7.27691], [112.78389, -7.27693], [112.78382240000008, -7.276942299999973], [112.78408650000006, -7.278477299999963], [112.78437330000008, -7.280144499999949], [112.78565070000002, -7.280011899999977], [112.7857067000001, -7.280523799999969], [112.78572560000009, -7.280675], [112.7856561000001, -7.281136699999934], [112.78555760000006, -7.281816299999946], [112.78555470000003, -7.281836], [112.78575060000003, -7.281829899999934], [112.785748, -7.281839099999956], [112.7857557000001, -7.281838799999946], [112.78560410000011, -7.282348799999966], [112.78560080000011, -7.282360499999982], [112.785567, -7.282497299999932], [112.78552020000006, -7.282687399999929], [112.78550870000004, -7.282736299999954], [112.78539710000007, -7.283211199999926], [112.78530020000005, -7.283623499999976], [112.78524620000007, -7.283853299999976], [112.78524260000006, -7.283868599999948], [112.78516380000008, -7.28422089999998], [112.78506750000008, -7.284220299999959], [112.78400120000003, -7.28421469999995], [112.7839603000001, -7.284422899999981], [112.78182, -7.284499699999969]], [[112.77224560000002, -7.289289399999973], [112.7719595000001, -7.289313399999969], [112.77097870000011, -7.289404099999956], [112.77081870000006, -7.28941889999993], [112.77082040000005, -7.289408899999955], [112.7708182, -7.289409099999943], [112.77110760000005, -7.287642499999947], [112.77110860000005, -7.287642799999958], [112.77110960000005, -7.287637], [112.77114660000007, -7.287637], [112.77116770000009, -7.287695099999951], [112.77118120000011, -7.287616399999933], [112.77119, -7.28755], [112.77122, -7.28737], [112.7712206000001, -7.287366299999974], [112.77130000000011, -7.28691], [112.77133, -7.28649], [112.7713328000001, -7.286471099999972], [112.77137980000009, -7.286159299999952], [112.7714145000001, -7.285928899999931], [112.77144, -7.28576], [112.77153150000004, -7.28508], [112.771541, -7.285009399999979], [112.77154160000009, -7.285005], [112.77154240000004, -7.284999299999981], [112.77349440000012, -7.285286399999961], [112.77365820000011, -7.285310399999958], [112.7736483000001, -7.285344399999929], [112.773424, -7.286114599999962], [112.77337790000001, -7.286272799999949], [112.77334260000009, -7.286396099999934], [112.77319970000008, -7.286909499999979], [112.773177, -7.286973299999943], [112.77317170000003, -7.286991899999975], [112.7730156, -7.287427599999944], [112.77298330000008, -7.287518499999976], [112.77286680000009, -7.287846399999978], [112.77286040000001, -7.287864499999955], [112.77271380000002, -7.288279799999941], [112.77260860000001, -7.288578199999961], [112.772524, -7.288816099999963], [112.77235740000003, -7.289286699999934], [112.77227620000008, -7.289286899999979], [112.77224560000002, -7.289289399999973]]] 
      }
    },
    {
      "type": "Feature",
      "properties": {
        "district_id": "3578090",
        "province": "Jawa Timur",
        "regency": "Surabaya",
        "district": "Mulyorejo",
        "pria": 43266,
        "wanita": 44948,
        "total_penduduk": 88214
      },
      "geometry": {
        "type": "MultiPolygon",
        "coordinates": [[[[112.78871130000005, -7.250196599999981], [112.78797340000006, -7.249772], [112.78673560000004, -7.249484799999948], [112.78628560000004, -7.24938039999995], [112.78592990000004, -7.249322699999937], [112.785526, -7.249257099999966], [112.7853381000001, -7.249226599999929], [112.7851832, -7.249202], [112.78427110000007, -7.24905769999998], [112.78403320000007, -7.24902], [112.78380350000009, -7.248983599999974], [112.78370030000008, -7.248967299999947], [112.78372050000007, -7.248928199999966], [112.783618, -7.248920699999928], [112.78358420000006, -7.248918199999935], [112.7834524000001, -7.249200799999926], [112.78342140000007, -7.24948349999994], [112.78341820000003, -7.249512599999946], [112.7833736, -7.249598699999979], [112.78336250000007, -7.249596199999928], [112.7830239000001, -7.249917899999957], [112.7826778000001, -7.250246599999969], [112.7822245000001, -7.250677199999927], [112.78180710000004, -7.251073699999949], [112.781652, -7.251221], [112.78131340000004, -7.251536099999953], [112.78122830000007, -7.251615399999935], [112.7812100000001, -7.25161], [112.78088, -7.2519], [112.78081710000004, -7.251904799999977], [112.78056640000011, -7.252136899999925], [112.78019690000008, -7.252478799999949], [112.78044630000011, -7.252650899999935], [112.78223220000007, -7.253257299999973], [112.78211250000004, -7.253415], [112.78204690000007, -7.25350119999996], [112.7819177, -7.253650599999958], [112.78155060000006, -7.254074899999978], [112.78141630000005, -7.254230199999938], [112.78136860000006, -7.254285299999935], [112.78119650000008, -7.254499599999974], [112.78106910000008, -7.254658199999938], [112.7809181, -7.254846], [112.77998, -7.25468], [112.77915, -7.25455], [112.77852, -7.25442], [112.77850110000008, -7.254425699999956], [112.77791320000006, -7.254293699999948], [112.777904, -7.254324099999963], [112.77783520000003, -7.254550599999959], [112.77781510000011, -7.254546199999936], [112.77777850000007, -7.254642499999932], [112.7777678000001, -7.254645599999947], [112.77762, -7.25469], [112.77752, -7.25473], [112.77745, -7.25477], [112.77738000000011, -7.25481], [112.77732, -7.25485], [112.77726, -7.2549], [112.77722, -7.25495], [112.77718, -7.255], [112.77715, -7.25506], [112.7771100000001, -7.25513], [112.77706, -7.25522], [112.77701, -7.25533], [112.77695, -7.25546], [112.77690630000006, -7.255562099999963], [112.77689, -7.2556], [112.77682, -7.25575], [112.77677110000002, -7.255880499999932], [112.77676, -7.25591], [112.77669, -7.25607], [112.77662, -7.25624], [112.7766057, -7.256272699999954], [112.77655, -7.2564], [112.7764800000001, -7.25657], [112.77641, -7.25673], [112.77634, -7.25688], [112.77628, -7.25703], [112.77622, -7.25718], [112.77616, -7.25732], [112.7761, -7.25746], [112.77604, -7.25758], [112.77598000000012, -7.25771], [112.77593, -7.25782], [112.77588, -7.25793], [112.77584, -7.25803], [112.77580000000012, -7.25813], [112.7757600000001, -7.25822], [112.77573, -7.2583], [112.7757, -7.25837], [112.77557250000007, -7.258644699999934], [112.77557, -7.25865], [112.7754900000001, -7.25869], [112.77533, -7.25887], [112.7753100000001, -7.259], [112.7753, -7.25906], [112.77528, -7.25917], [112.77521, -7.25923], [112.7751300000001, -7.25925], [112.77501, -7.25927], [112.775, -7.25933], [112.775, -7.25951], [112.77499630000011, -7.259561499999961], [112.77499000000012, -7.25965], [112.77492, -7.25974], [112.77478630000007, -7.25990719999993], [112.77476, -7.25994], [112.77462140000011, -7.260235299999977], [112.77453, -7.26043], [112.77449940000008, -7.260495699999979], [112.77449070000011, -7.260514399999977], [112.77442710000003, -7.260651199999927], [112.77433, -7.26086], [112.77437, -7.26097], [112.77444070000001, -7.261158499999965], [112.77446, -7.26121], [112.7744, -7.26132], [112.77439060000006, -7.261337399999945], [112.774388, -7.261342199999945], [112.77432360000012, -7.261461899999972], [112.77426, -7.26158], [112.77412, -7.26186], [112.77410290000012, -7.261908099999971], [112.77401, -7.26217], [112.77400110000008, -7.262202099999968], [112.77390860000003, -7.262537699999939], [112.77392770000006, -7.26254229999995], [112.77422060000004, -7.262611699999979], [112.77454280000006, -7.262369199999966], [112.77466090000007, -7.262405199999932], [112.77471590000005, -7.262452599999961], [112.77490060000002, -7.262611899999968], [112.77496830000007, -7.26267329999996], [112.77503580000007, -7.262701099999958], [112.77509470000007, -7.262678499999936], [112.77522980000003, -7.262430399999971], [112.775414, -7.262092099999961], [112.775478, -7.261974699999939], [112.77554950000001, -7.261843299999953], [112.77554730000008, -7.261802099999954], [112.77640460000009, -7.262304899999947], [112.77642, -7.26231], [112.77649, -7.26234], [112.77656, -7.26238], [112.77656320000006, -7.262389499999927], [112.77694180000003, -7.262560399999927], [112.77694440000005, -7.262550899999951], [112.77818900000011, -7.26320329999993], [112.77806240000007, -7.263492299999939], [112.77791780000007, -7.26361449999996], [112.777779, -7.263725099999931], [112.77761690000011, -7.26379529999997], [112.77732690000005, -7.263819599999977], [112.77722270000004, -7.263872099999958], [112.777043, -7.263907599999925], [112.77682850000008, -7.263943199999972], [112.7766147000001, -7.264126799999929], [112.7764800000001, -7.26411], [112.77634610000007, -7.264097299999946], [112.776285, -7.264408699999933], [112.77666970000007, -7.264870599999938], [112.77670450000005, -7.264902699999936], [112.77683860000002, -7.265026399999954], [112.77701450000006, -7.265079199999946], [112.77718120000009, -7.265129299999955], [112.7775646, -7.265261], [112.7778, -7.265409799999929], [112.7778379, -7.26543369999996], [112.77783880000004, -7.265504199999953], [112.77784210000004, -7.265761], [112.77778510000007, -7.266054899999972], [112.77774550000004, -7.266259499999933], [112.777668, -7.266252699999939], [112.77743210000006, -7.266231799999957], [112.7764926000001, -7.266293399999938], [112.77646780000009, -7.266288699999961], [112.77608020000002, -7.266215], [112.77586560000009, -7.266174199999966], [112.77569460000007, -7.266939499999978], [112.77513150000004, -7.266843299999948], [112.77511920000006, -7.266878499999962], [112.77492790000008, -7.267426599999965], [112.774925, -7.267434899999955], [112.77492740000002, -7.26806879999998], [112.77435900000012, -7.268097499999953], [112.77427430000012, -7.26844669999997], [112.77411840000002, -7.268419499999936], [112.77410390000011, -7.268449699999962], [112.77407, -7.26852], [112.77405910000004, -7.268581899999958], [112.77405340000007, -7.268614], [112.77404, -7.26869], [112.77388, -7.2695], [112.773838, -7.269728], [112.77381, -7.26988], [112.77376270000002, -7.270105899999976], [112.77372, -7.27031], [112.77361, -7.27085], [112.77349, -7.27137], [112.77344650000009, -7.271605499999964], [112.77337000000011, -7.27202], [112.77329, -7.27233], [112.77327090000006, -7.272400799999957], [112.77308, -7.27311], [112.77290720000008, -7.274207199999978], [112.77285, -7.27457], [112.77283000000011, -7.27467], [112.77271, -7.27537], [112.77256000000011, -7.27624], [112.77249, -7.27687], [112.77244, -7.2774], [112.77243, -7.27748], [112.77242130000002, -7.277549499999964], [112.77242, -7.27756], [112.77241, -7.27763], [112.7724, -7.27773], [112.77236, -7.27796], [112.77210560000003, -7.279545299999938], [112.7721, -7.27958], [112.77207, -7.27976], [112.7720551000001, -7.27990049999994], [112.77202000000011, -7.28023], [112.77203, -7.28034], [112.7720048000001, -7.280402899999956], [112.77199, -7.28044], [112.7719399, -7.280436599999973], [112.77155, -7.28041], [112.77097, -7.28037], [112.77053, -7.28034], [112.76991, -7.28028], [112.7688, -7.28017], [112.76874, -7.28016], [112.76727, -7.27999], [112.76697, -7.27995], [112.76646, -7.2799], [112.76602, -7.27986], [112.76553, -7.27979], [112.76471, -7.27969], [112.76435, -7.27964], [112.7643534, -7.27961879999998], [112.76449, -7.27876], [112.76452, -7.27855], [112.76456, -7.27831], [112.76459000000011, -7.27804], [112.76464, -7.27756], [112.76466, -7.27743], [112.76465540000004, -7.277413199999955], [112.76224660000003, -7.277187399999946], [112.76224, -7.27802], [112.76221, -7.27881], [112.76219, -7.27914], [112.76218, -7.27924], [112.76218, -7.279300599999942], [112.76218, -7.27932], [112.76218, -7.27957], [112.76217540000005, -7.279931899999951], [112.76217010000005, -7.280347499999948], [112.76216240000008, -7.280955399999925], [112.76216160000001, -7.281015899999943], [112.76216000000011, -7.28114], [112.76215620000005, -7.281386099999963], [112.76215, -7.28178], [112.76214310000012, -7.281896499999959], [112.76214, -7.28195], [112.76214, -7.282105599999966], [112.76214, -7.2822], [112.76213, -7.28255], [112.76213, -7.282889], [112.76213, -7.28301], [112.76218, -7.28337], [112.76224280000008, -7.28359759999995], [112.76226, -7.28366], [112.76240810000002, -7.284206199999971], [112.76242, -7.28425], [112.7624671000001, -7.284426], [112.76265, -7.28511], [112.76267, -7.28519], [112.76296, -7.28634], [112.76309, -7.28687], [112.76314760000002, -7.287116799999978], [112.76316, -7.28717], [112.76318580000009, -7.287298899999939], [112.76322, -7.28747], [112.76325, -7.28755], [112.76334, -7.28759], [112.76353170000004, -7.287699599999939], [112.76328, -7.287870399999974], [112.76328, -7.28798], [112.76321660000008, -7.288360099999977], [112.76319, -7.28852], [112.76305, -7.28907], [112.763036, -7.289157599999953], [112.76303580000001, -7.289159], [112.76315810000006, -7.289185199999963], [112.76370170000007, -7.289308199999937], [112.76370530000008, -7.289302199999952], [112.763707, -7.289302599999928], [112.76377760000003, -7.289182], [112.76379730000008, -7.289149299999963], [112.76381960000003, -7.289151599999968], [112.76404790000004, -7.289177], [112.76405220000004, -7.289143299999978], [112.76406650000001, -7.289075199999957], [112.76419340000007, -7.288593], [112.7641996000001, -7.288570599999957], [112.76418020000006, -7.288566099999969], [112.76412180000011, -7.288544699999932], [112.76413, -7.288546399999973], [112.76412230000005, -7.288482899999963], [112.7641268000001, -7.288417399999958], [112.7643256, -7.288467099999934], [112.76432820000002, -7.288454499999943], [112.76432920000002, -7.288454699999932], [112.76438430000007, -7.288176], [112.764446, -7.287869899999976], [112.7644467, -7.287866699999938], [112.76444550000008, -7.287866399999928], [112.76432680000005, -7.287839099999928], [112.764449, -7.287265499999933], [112.76451, -7.286987199999942], [112.76489220000008, -7.287057499999946], [112.7648934, -7.287049399999944], [112.7648967, -7.28705], [112.76494030000003, -7.286735399999941], [112.76499790000003, -7.286320299999943], [112.76502130000006, -7.286157299999957], [112.76502240000002, -7.286143699999968], [112.76502360000006, -7.286135299999955], [112.76507640000011, -7.285527199999933], [112.7650791000001, -7.285503799999958], [112.76510080000003, -7.285337599999934], [112.7653375000001, -7.285365499999955], [112.76535400000012, -7.28536859999997], [112.76535420000005, -7.28536749999995], [112.76535550000006, -7.285367599999972], [112.76541530000009, -7.284944199999927], [112.76542150000012, -7.284901599999955], [112.76591070000006, -7.284959699999945], [112.76589550000006, -7.285112499999968], [112.76586160000011, -7.285389699999939], [112.76586780000002, -7.285390199999938], [112.76586720000012, -7.285395699999981], [112.76656720000005, -7.28544549999998], [112.76656720000005, -7.285442399999965], [112.76657020000005, -7.285442599999953], [112.76657540000008, -7.285062299999936], [112.7677169000001, -7.285065399999951], [112.76835670000003, -7.285108], [112.76835690000007, -7.285104399999966], [112.76835740000001, -7.285104499999932], [112.76837480000006, -7.284790199999975], [112.7683919000001, -7.284491799999955], [112.76839430000007, -7.284319799999935], [112.768639, -7.284350399999937], [112.76875490000009, -7.284365899999955], [112.76875630000006, -7.284178899999972], [112.768759, -7.284015499999953], [112.76878820000002, -7.284014799999966], [112.76883020000002, -7.284016299999962], [112.76883420000001, -7.284016799999961], [112.76883490000012, -7.284023199999979], [112.7691522, -7.284056599999928], [112.76938910000001, -7.284081499999957], [112.76959110000007, -7.284105099999977], [112.7696155000001, -7.283967699999948], [112.76963440000009, -7.283880299999964], [112.76970760000006, -7.283441799999935], [112.7697396000001, -7.283309599999939], [112.76981090000004, -7.283045199999947], [112.76981310000008, -7.283045899999934], [112.7698775, -7.282855899999959], [112.77012700000012, -7.282078399999932], [112.7701651000001, -7.281964899999934], [112.77022640000007, -7.281959799999981], [112.7703878000001, -7.281949], [112.77038820000007, -7.281946499999947], [112.77039060000004, -7.281946299999959], [112.7703987000001, -7.281915199999958], [112.77045280000004, -7.281588499999941], [112.77045850000002, -7.281554899999946], [112.77053220000005, -7.281145], [112.77158250000002, -7.281328899999949], [112.771902, -7.28138679999995], [112.77190220000011, -7.281384899999978], [112.77190550000012, -7.281385499999942], [112.771905, -7.28136539999997], [112.77191240000002, -7.281367699999976], [112.77219230000003, -7.281454], [112.77238450000004, -7.281511799999976], [112.7725402000001, -7.281559899999934], [112.77255930000001, -7.281567], [112.77308360000006, -7.281666399999949], [112.77314410000008, -7.281677099999968], [112.77353220000009, -7.281751], [112.77596070000004, -7.282163199999957], [112.77612590000001, -7.282193399999926], [112.77644040000007, -7.282245399999965], [112.77645120000011, -7.282247199999972], [112.77645120000011, -7.282209499999965], [112.7765018, -7.282215099999974], [112.7768172000001, -7.282250399999953], [112.77751190000004, -7.282330499999944], [112.77772160000006, -7.282352], [112.77772310000012, -7.282351899999981], [112.77773090000005, -7.282352699999933], [112.7793163, -7.282162], [112.77939390000006, -7.28215309999996], [112.7794788000001, -7.282142499999964], [112.78069930000004, -7.281995699999925], [112.78075580000007, -7.281989099999976], [112.78075580000007, -7.281988899999931], [112.78075620000004, -7.281988799999965], [112.78075640000009, -7.281969499999946], [112.7808887000001, -7.281975199999977], [112.7808956, -7.281975599999953], [112.78116040000009, -7.281989099999976], [112.78142390000005, -7.281999799999937], [112.78142930000001, -7.282231099999933], [112.78143080000007, -7.28240379999994], [112.78143140000009, -7.282552299999963], [112.78142930000001, -7.282629], [112.781831, -7.28258], [112.78183, -7.28264], [112.78183, -7.282778], [112.78183, -7.283], [112.78183, -7.28325], [112.78183, -7.283252199999936], [112.78183, -7.28348], [112.78183, -7.28356], [112.78183, -7.283691099999942], [112.78183, -7.283900799999969], [112.78183, -7.28391], [112.78182, -7.28428], [112.78182, -7.284498299999939], [112.78182, -7.284499699999969], [112.7839603000001, -7.284422899999981], [112.78400120000003, -7.28421469999995], [112.78506750000008, -7.284220299999959], [112.78516380000008, -7.28422089999998], [112.78524260000006, -7.283868599999948], [112.78524620000007, -7.283853299999976], [112.78530020000005, -7.283623499999976], [112.78539710000007, -7.283211199999926], [112.78550870000004, -7.282736299999954], [112.78552020000006, -7.282687399999929], [112.785567, -7.282497299999932], [112.78560080000011, -7.282360499999982], [112.78560410000011, -7.282348799999966], [112.7857557000001, -7.281838799999946], [112.785748, -7.281839099999956], [112.78575060000003, -7.281829899999934], [112.78555470000003, -7.281836], [112.78555760000006, -7.281816299999946], [112.7856561000001, -7.281136699999934], [112.78572560000009, -7.280675], [112.7857067000001, -7.280523799999969], [112.78565070000002, -7.280011899999977], [112.78437330000008, -7.280144499999949], [112.78408650000006, -7.278477299999963], [112.78382240000008, -7.276942299999973], [112.78389, -7.27693], [112.78401, -7.27691], [112.78412, -7.27689], [112.78423, -7.27687], [112.78435, -7.27684], [112.78447, -7.27682], [112.78459, -7.2768], [112.78471, -7.27677], [112.78483, -7.27675], [112.78496, -7.27672], [112.78508000000011, -7.27669], [112.78521, -7.27667], [112.78533, -7.27664], [112.78545, -7.27662], [112.78557, -7.2766], [112.78568, -7.27657], [112.78578, -7.27655], [112.78588, -7.27653], [112.78598000000011, -7.27651], [112.786078, -7.276490399999943], [112.78608, -7.27649], [112.7861620000001, -7.276473599999974], [112.78618, -7.27647], [112.78628, -7.27645], [112.78638, -7.27643], [112.78648, -7.27641], [112.78659, -7.27639], [112.78662640000005, -7.276383399999929], [112.78670000000011, -7.27637], [112.78681, -7.27635], [112.78693, -7.27633], [112.78706000000011, -7.2763], [112.78719, -7.27627], [112.78733000000011, -7.27624], [112.78748, -7.27621], [112.78764, -7.27618], [112.7878, -7.27615], [112.78797, -7.27611], [112.78814000000011, -7.27608], [112.78832000000011, -7.27604], [112.78849, -7.276], [112.78867, -7.27596], [112.78875770000002, -7.27593939999997], [112.78884, -7.27592], [112.78901, -7.27589], [112.7891800000001, -7.27585], [112.78935, -7.27581], [112.78951, -7.27577], [112.78962650000005, -7.27577], [112.78966220000007, -7.27577], [112.78980490000004, -7.275698], [112.78984810000009, -7.275673799999936], [112.78985690000002, -7.275671799999941], [112.78987670000004, -7.275661899999932], [112.79011490000005, -7.275613699999951], [112.79034060000004, -7.275562799999932], [112.7903414000001, -7.275567799999976], [112.79034230000002, -7.275567699999954], [112.79043260000003, -7.276115299999958], [112.79247570000007, -7.275660399999936], [112.79260990000012, -7.275630399999955], [112.7926288000001, -7.275626299999942], [112.79282120000005, -7.275583499999925], [112.79312470000002, -7.275520499999971], [112.79387730000008, -7.27536], [112.79512080000006, -7.275105199999928], [112.79574460000003, -7.274970099999962], [112.79659570000001, -7.274785399999928], [112.7967526000001, -7.274751599999945], [112.79686760000004, -7.274732], [112.79734460000009, -7.274649199999942], [112.7978051, -7.274567399999967], [112.79781520000006, -7.27456559999996], [112.7978217000001, -7.274562599999967], [112.79782180000007, -7.27456], [112.79824090000011, -7.27437139999995], [112.79863140000009, -7.274356199999943], [112.7993636000001, -7.274317699999926], [112.79942760000006, -7.274482], [112.79942410000001, -7.27448279999993], [112.79941090000011, -7.274485799999979], [112.79984150000007, -7.276235099999951], [112.79988680000008, -7.276418899999953], [112.79992820000007, -7.276587399999926], [112.7999354000001, -7.276615799999945], [112.79996040000003, -7.27671719999995], [112.79996890000007, -7.276752699999975], [112.80003620000002, -7.277026], [112.80008610000004, -7.277193599999976], [112.80030290000002, -7.277921699999979], [112.8003222000001, -7.277985899999976], [112.80033460000004, -7.27802829999996], [112.80033920000005, -7.278043799999978], [112.80038720000005, -7.278205], [112.800422, -7.278321], [112.80043770000009, -7.278374499999927], [112.80047980000006, -7.278516], [112.80049040000006, -7.278551199999981], [112.80052550000005, -7.278669599999944], [112.80053010000006, -7.278685099999961], [112.80058210000004, -7.278859699999941], [112.80059510000001, -7.278902899999935], [112.80062910000004, -7.279017], [112.80064590000006, -7.279074099999946], [112.80072490000009, -7.279339399999969], [112.80073120000009, -7.279360199999928], [112.80073670000002, -7.279379099999971], [112.80078980000008, -7.279557399999931], [112.8008003000001, -7.279592399999956], [112.80083550000006, -7.279709199999957], [112.80086990000007, -7.279824899999937], [112.8008886, -7.279887899999949], [112.80106720000003, -7.279896599999972], [112.8010723000001, -7.27989679999996], [112.801091, -7.279994899999963], [112.80109320000008, -7.280006299999968], [112.80111320000003, -7.280106599999954], [112.80113570000003, -7.280223099999944], [112.80116160000011, -7.280355699999973], [112.80117870000004, -7.280440599999963], [112.80119330000002, -7.280517399999951], [112.80120590000001, -7.280581699999971], [112.80122060000008, -7.280655399999944], [112.8012235000001, -7.28067139999996], [112.80122470000003, -7.280677599999933], [112.80122460000007, -7.280677599999933], [112.80122460000007, -7.280678099999932], [112.80119660000003, -7.280675599999938], [112.80120710000006, -7.281731399999956], [112.80123450000008, -7.281733299999928], [112.8012271, -7.281928799999946], [112.80122690000007, -7.28193559999994], [112.80122110000002, -7.282088499999929], [112.80121520000012, -7.282251499999973], [112.80120920000002, -7.282420299999956], [112.80120260000001, -7.282586799999933], [112.80119950000005, -7.282684899999936], [112.80115990000002, -7.282738699999925], [112.80116, -7.28274], [112.80116220000002, -7.282772699999953], [112.8011623000001, -7.28277479999997], [112.80100610000011, -7.282988899999964], [112.80093240000008, -7.283089], [112.800936, -7.283220799999981], [112.80093860000011, -7.283281799999941], [112.80094240000005, -7.283371299999942], [112.80094440000005, -7.283494899999937], [112.800809, -7.283736099999942], [112.80077560000007, -7.283821499999931], [112.80071370000007, -7.283983699999965], [112.80060930000002, -7.284251799999936], [112.80052870000009, -7.284469499999943], [112.80052790000002, -7.284471899999971], [112.80148510000004, -7.284482399999945], [112.801671, -7.284548499999971], [112.8022678000001, -7.284760799999958], [112.80226930000003, -7.284761299999957], [112.80227080000009, -7.28480159999998], [112.80227460000003, -7.284903399999962], [112.8023783000001, -7.284918299999958], [112.80237950000003, -7.284912499999962], [112.8024769000001, -7.284927499999981], [112.80259690000003, -7.284945899999968], [112.80272220000006, -7.284965299999953], [112.80294090000007, -7.284999199999959], [112.80315, -7.28503139999998], [112.80329970000003, -7.285055099999965], [112.80338660000007, -7.285068599999931], [112.80357390000006, -7.285096499999952], [112.80373310000004, -7.285122199999932], [112.80375570000001, -7.285114599999929], [112.8037763000001, -7.28510719999997], [112.80377650000003, -7.285107599999947], [112.80378610000002, -7.285123499999941], [112.8037862000001, -7.285123599999963], [112.80408320000004, -7.285023499999966], [112.80411, -7.285], [112.804116, -7.284995399999957], [112.8041191000001, -7.284992899999963], [112.80422190000002, -7.284951299999932], [112.80462550000004, -7.284784499999944], [112.80484520000005, -7.284693], [112.8049036000001, -7.284669399999927], [112.80490480000003, -7.284669099999974], [112.80490490000011, -7.284669099999974], [112.80508380000003, -7.284625399999925], [112.80527990000007, -7.284576799999968], [112.80549650000012, -7.284524599999941], [112.80569050000008, -7.284476799999936], [112.80633550000005, -7.284320099999945], [112.80639810000002, -7.284296799999936], [112.80642570000009, -7.28428619999994], [112.806589, -7.28413409999996], [112.8066811000001, -7.284048199999972], [112.80670260000011, -7.284028299999932], [112.8068101, -7.283928199999934], [112.80691160000003, -7.283835499999952], [112.807064, -7.283694899999944], [112.80722030000004, -7.283553299999937], [112.80748630000005, -7.283310099999937], [112.80749350000008, -7.283303399999966], [112.80778640000005, -7.28308409999994], [112.80802740000001, -7.282905399999947], [112.80815560000008, -7.282830199999978], [112.808425, -7.282668799999954], [112.80862050000007, -7.282549499999959], [112.80918390000011, -7.28221979999995], [112.80919510000001, -7.282216499999947], [112.80925, -7.2822], [112.80936, -7.28216], [112.80946, -7.28212], [112.80949830000009, -7.282108499999936], [112.80956, -7.28209], [112.80965, -7.28205], [112.80975, -7.28201], [112.80985, -7.28196], [112.80995, -7.28192], [112.81005, -7.28188], [112.81016000000011, -7.28183], [112.81027, -7.28178], [112.81038, -7.28173], [112.81049, -7.28168], [112.81061000000011, -7.28162], [112.81072, -7.28156], [112.81084, -7.28151], [112.81095, -7.28144], [112.81106000000011, -7.28138], [112.81117, -7.28132], [112.81127, -7.28125], [112.81136, -7.28119], [112.81145, -7.28112], [112.81154, -7.28106], [112.81162, -7.281], [112.81169000000011, -7.28094], [112.81175, -7.28088], [112.81181, -7.28083], [112.81186, -7.28078], [112.8119, -7.28073], [112.81196000000011, -7.28066], [112.81202, -7.28057], [112.81207, -7.28049], [112.81212, -7.2804], [112.8121652000001, -7.280309699999975], [112.81217, -7.2803], [112.81221, -7.2802], [112.81225, -7.28009], [112.8122800000001, -7.28001], [112.81229, -7.27995], [112.81231, -7.27989], [112.81233, -7.27983], [112.81235, -7.27977], [112.8123700000001, -7.27971], [112.8124, -7.27963], [112.8124074000001, -7.27961149999993], [112.81244, -7.27953], [112.81249, -7.27944], [112.81254, -7.27935], [112.81258, -7.27929], [112.81262, -7.27923], [112.81268000000011, -7.27915], [112.81270530000006, -7.279121099999941], [112.81307330000004, -7.27840539999994], [112.81377740000005, -7.277519299999938], [112.81449010000006, -7.27689909999998], [112.81443800000011, -7.27686129999995], [112.814893, -7.276322499999935], [112.8155379000001, -7.275377799999944], [112.81633670000008, -7.274233699999968], [112.816658, -7.273467], [112.81817410000008, -7.272391499999969], [112.81813000000011, -7.27234], [112.81807750000007, -7.272287499999948], [112.81881350000003, -7.271990099999925], [112.82264090000001, -7.271202399999936], [112.8254353000001, -7.269977499999925], [112.82598210000003, -7.269862199999977], [112.8279324, -7.269451099999969], [112.83077150000008, -7.268852599999946], [112.83169, -7.268297199999949], [112.83529280000005, -7.267539599999964], [112.83632690000002, -7.267322199999967], [112.8371677, -7.26728079999998], [112.83640130000003, -7.266410499999949], [112.83625260000008, -7.266083399999957], [112.83622280000009, -7.265458799999976], [112.83622280000009, -7.264566499999944], [112.83589560000007, -7.262543899999969], [112.8351818000001, -7.260967499999936], [112.83455720000006, -7.26007519999996], [112.833427, -7.259153199999957], [112.83253470000011, -7.258736799999951], [112.8316721000001, -7.258647499999938], [112.83069650000004, -7.25882009999998], [112.82926880000002, -7.258320399999945], [112.82662760000005, -7.256821299999956], [112.82555690000004, -7.25614319999994], [112.8246289000001, -7.255964699999936], [112.82377230000009, -7.25614319999994], [112.8232369000001, -7.256749899999932], [112.82348680000007, -7.255750599999942], [112.82345110000006, -7.25507239999996], [112.82045290000008, -7.253002299999935], [112.81749050000008, -7.251895799999943], [112.81609850000007, -7.251681699999949], [112.81492070000002, -7.252324099999953], [112.81285060000005, -7.254858299999967], [112.81094480000002, -7.257183399999974], [112.8108744000001, -7.257269299999962], [112.81084810000004, -7.257152499999961], [112.81073330000004, -7.256642599999964], [112.81044670000006, -7.256391199999939], [112.81002280000007, -7.254397199999971], [112.80654850000008, -7.255679599999951], [112.80655, -7.25574], [112.80641260000004, -7.25571709999997], [112.80637, -7.25571], [112.80582, -7.25563], [112.80468, -7.25549], [112.80445, -7.25548], [112.80427, -7.25544], [112.80401, -7.25537], [112.8038600000001, -7.25532], [112.80379, -7.25531], [112.80357, -7.25527], [112.80289, -7.25515], [112.80188, -7.25476], [112.80119, -7.25456], [112.80002, -7.25422], [112.7994000000001, -7.25408], [112.7986, -7.25385], [112.79777, -7.25355], [112.79761, -7.25351], [112.79714, -7.25347], [112.79711, -7.25336], [112.79701720000003, -7.253327799999965], [112.79592150000008, -7.252947499999948], [112.7959, -7.25294], [112.79557000000011, -7.25282], [112.79543, -7.25282], [112.79536, -7.25282], [112.79534210000008, -7.252822599999945], [112.79529, -7.25283], [112.79460070000005, -7.252668899999946], [112.79452, -7.25265], [112.79411, -7.25254], [112.79384, -7.25245], [112.79341000000011, -7.25234], [112.79301, -7.25223], [112.79257, -7.2521], [112.79258, -7.25201], [112.7926159000001, -7.251499099999933], [112.7917083000001, -7.251283599999965], [112.79144370000006, -7.251220699999976], [112.7915054, -7.250993599999958], [112.79172290000008, -7.251034699999934], [112.79263290000006, -7.251206699999955], [112.79265770000006, -7.250925699999925], [112.79266, -7.2509], [112.7926900000001, -7.25054], [112.79271, -7.25029], [112.79275, -7.25002], [112.7928, -7.24936], [112.79281, -7.24919], [112.79283, -7.2486], [112.79284, -7.24827], [112.79282250000006, -7.248264099999972], [112.79228, -7.24808], [112.7921500000001, -7.24808], [112.79155620000006, -7.248031099999935], [112.79057000000012, -7.24795], [112.79034, -7.24793], [112.78975, -7.24785], [112.78932, -7.24781], [112.7892571000001, -7.247805], [112.789207, -7.248024499999929], [112.78899220000005, -7.248965399999975], [112.78881130000002, -7.249758399999962], [112.78871130000005, -7.250196599999981]]], [[[112.77224560000002, -7.289289399999973], [112.77227620000008, -7.289286899999979], [112.77235740000003, -7.289286699999934], [112.772524, -7.288816099999963], [112.77260860000001, -7.288578199999961], [112.77271380000002, -7.288279799999941], [112.77286040000001, -7.287864499999955], [112.77286680000009, -7.287846399999978], [112.77298330000008, -7.287518499999976], [112.7730156, -7.287427599999944], [112.77317170000003, -7.286991899999975], [112.773177, -7.286973299999943], [112.77319970000008, -7.286909499999979], [112.77334260000009, -7.286396099999934], [112.77337790000001, -7.286272799999949], [112.773424, -7.286114599999962], [112.7736483000001, -7.285344399999929], [112.77365820000011, -7.285310399999958], [112.77349440000012, -7.285286399999961], [112.77154240000004, -7.284999299999981], [112.77154160000009, -7.285005], [112.771541, -7.285009399999979], [112.77153150000004, -7.28508], [112.77144, -7.28576], [112.7714145000001, -7.285928899999931], [112.77137980000009, -7.286159299999952], [112.7713328000001, -7.286471099999972], [112.77133, -7.28649], [112.77130000000011, -7.28691], [112.7712206000001, -7.287366299999974], [112.77122, -7.28737], [112.77119, -7.28755], [112.77118120000011, -7.287616399999933], [112.77116770000009, -7.287695099999951], [112.77114660000007, -7.287637], [112.77110960000005, -7.287637], [112.77110860000005, -7.287642799999958], [112.77110760000005, -7.287642499999947], [112.7708182, -7.289409099999943], [112.77082040000005, -7.289408899999955], [112.77081870000006, -7.28941889999993], [112.77097870000011, -7.289404099999956], [112.7719595000001, -7.289313399999969], [112.77224560000002, -7.289289399999973]]]] 
      }
    },
    {
      "type": "Feature",
      "properties": {
        "district_id": "3578100",
        "province": "Jawa Timur",
        "regency": "Surabaya",
        "district": "Gubeng",
        "pria": 64656,
        "wanita": 67726,
        "total_penduduk": 132382
      },
      "geometry": {
        "type": "Polygon",
        "coordinates": [[[112.76224660000003, -7.277187399999946], [112.76465540000004, -7.277413199999955], [112.76466, -7.27743], [112.76464, -7.27756], [112.76459000000011, -7.27804], [112.76456, -7.27831], [112.76452, -7.27855], [112.76449, -7.27876], [112.7643534, -7.27961879999998], [112.76435, -7.27964], [112.76471, -7.27969], [112.76553, -7.27979], [112.76602, -7.27986], [112.76646, -7.2799], [112.76697, -7.27995], [112.76727, -7.27999], [112.76874, -7.28016], [112.7688, -7.28017], [112.76991, -7.28028], [112.77053, -7.28034], [112.77097, -7.28037], [112.77155, -7.28041], [112.7719399, -7.280436599999973], [112.77199, -7.28044], [112.7720048000001, -7.280402899999956], [112.77203, -7.28034], [112.77202000000011, -7.28023], [112.7720551000001, -7.27990049999994], [112.77207, -7.27976], [112.7721, -7.27958], [112.77210560000003, -7.279545299999938], [112.77236, -7.27796], [112.7724, -7.27773], [112.77241, -7.27763], [112.77242, -7.27756], [112.77242130000002, -7.277549499999964], [112.77243, -7.27748], [112.77244, -7.2774], [112.77249, -7.27687], [112.77256000000011, -7.27624], [112.77271, -7.27537], [112.77283000000011, -7.27467], [112.77285, -7.27457], [112.77290720000008, -7.274207199999978], [112.77308, -7.27311], [112.77327090000006, -7.272400799999957], [112.77329, -7.27233], [112.77337000000011, -7.27202], [112.77344650000009, -7.271605499999964], [112.77349, -7.27137], [112.77361, -7.27085], [112.77372, -7.27031], [112.77376270000002, -7.270105899999976], [112.77381, -7.26988], [112.773838, -7.269728], [112.77388, -7.2695], [112.77404, -7.26869], [112.77405340000007, -7.268614], [112.77405910000004, -7.268581899999958], [112.77407, -7.26852], [112.77410390000011, -7.268449699999962], [112.77411840000002, -7.268419499999936], [112.77427430000012, -7.26844669999997], [112.77435900000012, -7.268097499999953], [112.77492740000002, -7.26806879999998], [112.774925, -7.267434899999955], [112.77492790000008, -7.267426599999965], [112.77511920000006, -7.266878499999962], [112.77513150000004, -7.266843299999948], [112.77569460000007, -7.266939499999978], [112.77586560000009, -7.266174199999966], [112.77608020000002, -7.266215], [112.77646780000009, -7.266288699999961], [112.7764926000001, -7.266293399999938], [112.77743210000006, -7.266231799999957], [112.777668, -7.266252699999939], [112.77774550000004, -7.266259499999933], [112.77778510000007, -7.266054899999972], [112.77784210000004, -7.265761], [112.77783880000004, -7.265504199999953], [112.7778379, -7.26543369999996], [112.7778, -7.265409799999929], [112.7775646, -7.265261], [112.77718120000009, -7.265129299999955], [112.77701450000006, -7.265079199999946], [112.77683860000002, -7.265026399999954], [112.77670450000005, -7.264902699999936], [112.77666970000007, -7.264870599999938], [112.776285, -7.264408699999933], [112.77634610000007, -7.264097299999946], [112.77606, -7.26407], [112.7759, -7.26406], [112.775616, -7.264027599999963], [112.77515870000002, -7.263975599999981], [112.77511, -7.26397], [112.77476, -7.26393], [112.77459090000002, -7.263913499999944], [112.77435, -7.26389], [112.77415760000008, -7.263869399999976], [112.7735100000001, -7.2638], [112.77343, -7.26379], [112.7733118000001, -7.263780099999963], [112.77331, -7.26378], [112.77236630000004, -7.26370739999993], [112.77214, -7.26369], [112.7717368000001, -7.263637699999947], [112.7716, -7.26362], [112.77081630000009, -7.26353], [112.77049130000012, -7.263492699999972], [112.77012, -7.26345], [112.76975, -7.26341], [112.76956, -7.26339], [112.76928, -7.26335], [112.768582, -7.263268499999981], [112.76830970000003, -7.263236699999936], [112.76791, -7.26319], [112.76751650000006, -7.263139899999942], [112.76736, -7.26312], [112.766972, -7.263081399999976], [112.76648880000005, -7.263033399999927], [112.76629950000006, -7.26301449999994], [112.76555, -7.26294], [112.76544820000004, -7.262924599999963], [112.76522000000011, -7.26289], [112.7648200000001, -7.26283], [112.76472, -7.26284], [112.76466520000008, -7.262842599999942], [112.76451, -7.26285], [112.76445090000004, -7.262845099999936], [112.76427, -7.26283], [112.7642, -7.26281], [112.76418420000005, -7.26282219999996], [112.764175, -7.262829199999942], [112.76415050000003, -7.262815799999942], [112.76395470000011, -7.262973399999964], [112.76359850000006, -7.263619699999936], [112.76339910000002, -7.263981299999955], [112.76320610000005, -7.264329], [112.76315950000003, -7.264414899999963], [112.7630832000001, -7.264555599999937], [112.762588, -7.265468899999973], [112.76261450000004, -7.265718599999957], [112.76257140000007, -7.265854199999978], [112.76256, -7.26589], [112.76252260000001, -7.265888899999936], [112.76222, -7.26588], [112.76157, -7.26588], [112.76128, -7.26588], [112.76111, -7.26588], [112.76093010000011, -7.26588], [112.76081890000012, -7.26588], [112.7608, -7.26588], [112.76075, -7.26588], [112.76034, -7.26586], [112.76026190000005, -7.265856399999961], [112.75987640000005, -7.265838699999961], [112.75925, -7.26581], [112.75864, -7.2658], [112.75776, -7.26576], [112.75707000000011, -7.26571], [112.75677, -7.26568], [112.75659, -7.26565], [112.75649, -7.26562], [112.75641420000011, -7.26570849999996], [112.75638090000007, -7.26574729999993], [112.75637, -7.26576], [112.75596, -7.26624], [112.75569, -7.26646], [112.75535, -7.26678], [112.75526, -7.26698], [112.7552, -7.2672], [112.7551903000001, -7.267259799999977], [112.75514, -7.26757], [112.75514120000003, -7.267625799999962], [112.75515010000004, -7.26805829999995], [112.75515770000004, -7.268429599999934], [112.75516, -7.26854], [112.7551, -7.2687], [112.75501, -7.26882], [112.75500130000012, -7.268826], [112.75482000000011, -7.26895], [112.75472, -7.26899], [112.75468130000002, -7.269002899999975], [112.75463, -7.26902], [112.75448, -7.26902], [112.75434410000003, -7.269014299999981], [112.75421920000008, -7.269009099999948], [112.7540689000001, -7.269002899999975], [112.754017, -7.269000699999935], [112.754, -7.269], [112.75374680000004, -7.268917199999976], [112.75348, -7.26883], [112.75346560000003, -7.268820399999981], [112.75342380000006, -7.268792499999961], [112.75315, -7.26861], [112.75314270000001, -7.268605], [112.75287, -7.26842], [112.75283730000001, -7.268384599999933], [112.7527500000001, -7.26829], [112.75263260000008, -7.268089399999951], [112.75251, -7.26788], [112.75244, -7.26779], [112.7524, -7.26774], [112.75229250000007, -7.267668299999968], [112.75228, -7.26766], [112.75217, -7.26766], [112.75193, -7.26769], [112.75188190000006, -7.267709899999943], [112.75135000000012, -7.26793], [112.751348, -7.267930299999932], [112.75114, -7.26796], [112.75096, -7.26798], [112.7506800000001, -7.268], [112.7502, -7.26814], [112.75018000000011, -7.26806], [112.75013, -7.26789], [112.75008730000002, -7.26778319999994], [112.75007, -7.26774], [112.75004, -7.26769], [112.75000000000011, -7.2676], [112.7498, -7.2678], [112.74944, -7.26814], [112.749217, -7.268355099999951], [112.74916, -7.26841], [112.74893, -7.26863], [112.74874000000011, -7.26881], [112.74856000000011, -7.26898], [112.74838000000011, -7.26915], [112.74820000000011, -7.26932], [112.74802000000011, -7.26949], [112.74796520000007, -7.269541799999956], [112.74784000000011, -7.26966], [112.74765, -7.26983], [112.74747, -7.27001], [112.747341, -7.270125499999949], [112.74728, -7.27018], [112.74709, -7.27036], [112.74691, -7.27053], [112.74672, -7.2707], [112.74655, -7.27087], [112.74637, -7.27103], [112.74621, -7.27118], [112.74605, -7.27132], [112.7459, -7.27145], [112.74586270000009, -7.271484499999929], [112.7457700000001, -7.27157], [112.74565, -7.27168], [112.74554, -7.27178], [112.74545, -7.27186], [112.74536, -7.27194], [112.74528, -7.27202], [112.74521, -7.27208], [112.7451400000001, -7.27215], [112.74508, -7.27222], [112.74502, -7.27229], [112.7449600000001, -7.27236], [112.74491, -7.27243], [112.74485, -7.27251], [112.74479, -7.27259], [112.74473000000012, -7.27268], [112.74467, -7.27278], [112.74461, -7.27288], [112.74454, -7.273], [112.74447, -7.27312], [112.74439, -7.27326], [112.74431, -7.27342], [112.74422, -7.27359], [112.74413, -7.27379], [112.74403, -7.27401], [112.74391, -7.27426], [112.74385, -7.27443], [112.7438, -7.27459], [112.74377, -7.27473], [112.74374000000012, -7.27485], [112.74372, -7.27496], [112.7437000000001, -7.27506], [112.74369, -7.27516], [112.74369, -7.27524], [112.74369, -7.27532], [112.74368, -7.2754], [112.74368, -7.27548], [112.74368, -7.27555], [112.74369, -7.27562], [112.74369, -7.27569], [112.7437000000001, -7.27576], [112.74371, -7.27583], [112.74372, -7.2759], [112.74373, -7.27597], [112.74374000000012, -7.27605], [112.74376, -7.27612], [112.74377, -7.2762], [112.7437900000001, -7.27628], [112.74381, -7.27636], [112.74384, -7.27644], [112.74386, -7.27652], [112.74389, -7.27661], [112.74392000000012, -7.27669], [112.74395, -7.27678], [112.74398, -7.27687], [112.74401000000012, -7.27696], [112.74405, -7.27705], [112.74408, -7.27714], [112.74409430000003, -7.277182799999935], [112.74411, -7.27723], [112.74437000000012, -7.27713], [112.74456260000011, -7.27705659999998], [112.74479, -7.27697], [112.74491290000003, -7.276907], [112.74516920000008, -7.276775499999928], [112.74518, -7.27677], [112.74529, -7.27672], [112.74542910000002, -7.276647299999979], [112.74573, -7.27649], [112.74595000000011, -7.27636], [112.746, -7.27631], [112.74607, -7.27636], [112.74658000000011, -7.27651], [112.74674, -7.27655], [112.74708, -7.27663], [112.74801, -7.27681], [112.7484, -7.27687], [112.74848, -7.2769], [112.74895, -7.27699], [112.7491500000001, -7.27704], [112.74935590000007, -7.277082899999925], [112.74939, -7.27709], [112.74948, -7.27712], [112.74973000000011, -7.27718], [112.75000000000011, -7.27722], [112.75017, -7.27727], [112.75032280000005, -7.277312499999937], [112.75032290000001, -7.277312499999937], [112.75033150000002, -7.277314899999965], [112.75028420000001, -7.277537199999927], [112.75002570000004, -7.27875169999993], [112.74996640000006, -7.279030399999954], [112.74983850000001, -7.279794], [112.74981, -7.27987], [112.74974450000002, -7.280177599999945], [112.749713, -7.280326], [112.74971, -7.28034], [112.74970710000002, -7.280354299999942], [112.74961740000003, -7.280799599999966], [112.74961330000008, -7.280819599999973], [112.7495388000001, -7.281189499999925], [112.74946520000003, -7.281554399999948], [112.74945, -7.28163], [112.74938190000012, -7.281893499999967], [112.74930780000011, -7.28218], [112.7493, -7.28221], [112.7491500000001, -7.28273], [112.74905, -7.28336], [112.74903, -7.28343], [112.74902970000005, -7.283431399999927], [112.74892000000011, -7.28399], [112.74870070000009, -7.284985199999937], [112.74853, -7.28576], [112.74842580000006, -7.286192799999981], [112.7484, -7.2863], [112.74833, -7.28666], [112.74823, -7.28712], [112.74820000000011, -7.28726], [112.74819530000002, -7.287297899999942], [112.74819470000011, -7.287302699999941], [112.74819, -7.28734], [112.74814780000008, -7.287508699999933], [112.74812, -7.28762], [112.74808810000002, -7.287772299999972], [112.74799540000004, -7.288214299999936], [112.74799, -7.28824], [112.74790850000011, -7.288597799999934], [112.7478248000001, -7.288965099999928], [112.74764770000002, -7.289742299999943], [112.74763, -7.28982], [112.74752990000002, -7.290245599999935], [112.74751, -7.29033], [112.74736, -7.29083], [112.74724630000003, -7.291114199999981], [112.74724, -7.29113], [112.74772070000006, -7.291394399999945], [112.74801050000008, -7.291553799999974], [112.74804, -7.29157], [112.74823, -7.29166], [112.74864, -7.2918], [112.7487, -7.29182], [112.7488078, -7.291864099999941], [112.74892000000011, -7.29191], [112.74891690000004, -7.291922499999941], [112.74919190000003, -7.292026399999941], [112.74950640000009, -7.292145299999959], [112.74951020000003, -7.292135499999972], [112.75049520000005, -7.292516699999965], [112.751068, -7.292715], [112.7516587, -7.292946299999926], [112.75188620000006, -7.293035399999951], [112.75257460000012, -7.293208899999968], [112.75372720000007, -7.293439899999953], [112.75393130000009, -7.293473499999948], [112.75420240000005, -7.293518099999972], [112.75433150000003, -7.293539399999929], [112.75474020000001, -7.293565], [112.75510760000009, -7.293588], [112.75511760000006, -7.293588099999965], [112.75571890000003, -7.293595299999936], [112.75654840000004, -7.293605199999945], [112.75713410000003, -7.293612799999948], [112.75713, -7.29363], [112.75712730000009, -7.293639699999972], [112.75708, -7.29381], [112.75693830000012, -7.294401799999946], [112.75691, -7.29452], [112.75685730000009, -7.294721299999935], [112.75663, -7.29559], [112.756571, -7.295802499999979], [112.7565002, -7.296057699999949], [112.7564059, -7.296397499999955], [112.7563642, -7.296548], [112.75618730000008, -7.297185499999955], [112.75615, -7.29732], [112.75603120000005, -7.297789799999975], [112.75584950000007, -7.298508399999946], [112.75583250000011, -7.298575799999981], [112.755791, -7.298739699999942], [112.75571, -7.29906], [112.7555, -7.29972], [112.75548, -7.2998], [112.75521, -7.30069], [112.75495620000004, -7.301638899999944], [112.75485910000009, -7.302002], [112.75475, -7.30241], [112.75458, -7.30308], [112.7545, -7.30339], [112.75447, -7.30354], [112.7544577000001, -7.303615299999933], [112.75444230000005, -7.30371], [112.7544, -7.30397], [112.75443, -7.30415], [112.75449, -7.30417], [112.75457, -7.30419], [112.75467, -7.30421], [112.75478, -7.30424], [112.75491000000011, -7.30426], [112.75505, -7.30429], [112.75519, -7.30433], [112.75535, -7.30436], [112.7555, -7.3044], [112.75555470000006, -7.304410899999937], [112.75565, -7.30443], [112.7558, -7.30447], [112.75595, -7.30451], [112.75611, -7.30455], [112.7561717000001, -7.304566499999964], [112.75626000000011, -7.30459], [112.75643, -7.30463], [112.75660920000007, -7.304679799999974], [112.75661, -7.30468], [112.75679, -7.30474], [112.75680160000002, -7.30474259999994], [112.75681720000011, -7.304746199999954], [112.7570009000001, -7.304783399999963], [112.75724830000001, -7.30486209999998], [112.7574800000001, -7.30492], [112.75764170000002, -7.304963499999928], [112.7577066, -7.304980199999932], [112.75773290000006, -7.304988099999946], [112.75774, -7.30499], [112.7577702000001, -7.304999299999963], [112.75804060000007, -7.305080499999974], [112.75827, -7.30514], [112.7583446000001, -7.305160099999966], [112.75853, -7.30521], [112.75878000000012, -7.30529], [112.75879440000006, -7.305294199999935], [112.75902, -7.30536], [112.75907030000008, -7.305374399999948], [112.75916, -7.3054], [112.75924, -7.30543], [112.75945, -7.30549], [112.75965, -7.30555], [112.75983, -7.30561], [112.7600000000001, -7.30566], [112.76017, -7.30572], [112.76034, -7.30577], [112.7605, -7.30581], [112.76066, -7.30586], [112.76077810000004, -7.305889499999978], [112.76082, -7.3059], [112.760922, -7.305925499999944], [112.76098, -7.30594], [112.76113, -7.30598], [112.76128, -7.30601], [112.76142, -7.30605], [112.76155, -7.30608], [112.76167020000003, -7.306107699999927], [112.76168, -7.30611], [112.76188460000003, -7.306149299999959], [112.76194, -7.30616], [112.76199, -7.30598], [112.76204, -7.30582], [112.76204, -7.30563], [112.76204220000011, -7.305620399999952], [112.76207000000011, -7.3055], [112.76213, -7.30509], [112.76213, -7.30502], [112.76212870000006, -7.304986799999938], [112.76209, -7.30399], [112.7620892000001, -7.303963799999963], [112.76207000000011, -7.30336], [112.76207000000011, -7.30331549999994], [112.76207000000011, -7.30329], [112.76204, -7.30149], [112.76204, -7.30127], [112.76204, -7.301236499999959], [112.76204, -7.30118], [112.76203640000006, -7.300657], [112.76203, -7.29971], [112.76202, -7.29943], [112.76202, -7.29925], [112.76201960000003, -7.299223899999959], [112.76201, -7.29856], [112.762, -7.29792], [112.76203, -7.29747], [112.76203170000008, -7.297444699999971], [112.76203550000002, -7.297389499999952], [112.76205, -7.29718], [112.76213770000004, -7.296181199999978], [112.76218, -7.2957], [112.76222380000002, -7.295278399999972], [112.7622391000001, -7.295131499999968], [112.76226, -7.29493], [112.76226190000011, -7.294899499999929], [112.76228170000002, -7.294586099999947], [112.76232, -7.29398], [112.76234690000001, -7.29365759999996], [112.76235, -7.29362], [112.76245, -7.29363], [112.7624535000001, -7.293584599999974], [112.76246, -7.2935], [112.76249, -7.29319], [112.76254, -7.29259], [112.76257420000002, -7.292119899999932], [112.76258, -7.29204], [112.7626, -7.29179], [112.76262, -7.29157], [112.76264540000011, -7.291320399999961], [112.76268, -7.29098], [112.76286, -7.2901], [112.762897, -7.289921899999968], [112.76297000000011, -7.28957], [112.7629849000001, -7.289477], [112.76299670000003, -7.28940289999997], [112.76303580000001, -7.289159], [112.763036, -7.289157599999953], [112.76305, -7.28907], [112.76319, -7.28852], [112.76321660000008, -7.288360099999977], [112.76328, -7.28798], [112.76328, -7.287870399999974], [112.76353170000004, -7.287699599999939], [112.76334, -7.28759], [112.76325, -7.28755], [112.76322, -7.28747], [112.76318580000009, -7.287298899999939], [112.76316, -7.28717], [112.76314760000002, -7.287116799999978], [112.76309, -7.28687], [112.76296, -7.28634], [112.76267, -7.28519], [112.76265, -7.28511], [112.7624671000001, -7.284426], [112.76242, -7.28425], [112.76240810000002, -7.284206199999971], [112.76226, -7.28366], [112.76224280000008, -7.28359759999995], [112.76218, -7.28337], [112.76213, -7.28301], [112.76213, -7.282889], [112.76213, -7.28255], [112.76214, -7.2822], [112.76214, -7.282105599999966], [112.76214, -7.28195], [112.76214310000012, -7.281896499999959], [112.76215, -7.28178], [112.76215620000005, -7.281386099999963], [112.76216000000011, -7.28114], [112.76216160000001, -7.281015899999943], [112.76216240000008, -7.280955399999925], [112.76217010000005, -7.280347499999948], [112.76217540000005, -7.279931899999951], [112.76218, -7.27957], [112.76218, -7.27932], [112.76218, -7.279300599999942], [112.76218, -7.27924], [112.76219, -7.27914], [112.76221, -7.27881], [112.76224, -7.27802], [112.76224660000003, -7.277187399999946]]] 
      }
    },
    {
      "type": "Feature",
      "properties": {
        "district_id": "3578110",
        "province": "Jawa Timur",
        "regency": "Surabaya",
        "district": "Wonokromo",
        "pria": 75291,
        "wanita": 78272,
        "total_penduduk": 153563
      },
      "geometry": {
        "type": "Polygon",
        "coordinates": [[[112.728653, -7.292508699999928], [112.72855840000011, -7.292499599999928], [112.72495170000002, -7.292212699999936], [112.7249498000001, -7.292212599999971], [112.72494830000005, -7.292228099999932], [112.7249101000001, -7.29264349999994], [112.7248909000001, -7.292852399999958], [112.72487, -7.29308], [112.72494, -7.29331], [112.7249, -7.29352], [112.7248628000001, -7.293598499999973], [112.7248528, -7.293619699999965], [112.72481, -7.29371], [112.72465000000011, -7.29388], [112.72453, -7.29396], [112.7244945000001, -7.29398539999994], [112.7244928, -7.29398649999996], [112.72446, -7.29401], [112.72432, -7.29405], [112.7239, -7.29408], [112.72376, -7.29412], [112.72366000000011, -7.29422], [112.72336470000005, -7.294607199999973], [112.72321000000011, -7.29481], [112.72308, -7.29488], [112.72289, -7.29492], [112.72207, -7.29506], [112.72195740000006, -7.295124899999962], [112.72152760000006, -7.295372599999951], [112.72148, -7.2954], [112.72109000000012, -7.29577], [112.72107730000005, -7.295796399999972], [112.72097, -7.29602], [112.72085, -7.29647], [112.72081, -7.29683], [112.72081, -7.296835399999964], [112.72081, -7.2972], [112.72080490000008, -7.297517599999935], [112.720796, -7.29807059999996], [112.72079, -7.29844], [112.7209, -7.29868], [112.72102, -7.29901], [112.72106, -7.29927], [112.72105150000004, -7.299363099999937], [112.7210500000001, -7.29938], [112.72104, -7.29953], [112.7209997000001, -7.299668899999972], [112.72095090000005, -7.29983679999998], [112.72095, -7.29984], [112.72091000000012, -7.3001], [112.72081810000009, -7.300735399999951], [112.72079, -7.30093], [112.72078890000012, -7.300937899999951], [112.72075780000011, -7.301167899999939], [112.72070150000002, -7.301583799999946], [112.72066, -7.30189], [112.72064280000006, -7.302012199999979], [112.720558, -7.30261349999995], [112.72052560000009, -7.302843699999926], [112.72047960000009, -7.30317], [112.72045, -7.30338], [112.72043760000008, -7.303489099999979], [112.720392, -7.303892499999961], [112.72039, -7.30391], [112.7203449000001, -7.304306499999939], [112.72030990000007, -7.304613899999936], [112.72027690000004, -7.304904], [112.72025, -7.30514], [112.7202301000001, -7.305290599999978], [112.7202, -7.305518599999971], [112.72018, -7.30567], [112.72015170000009, -7.305910799999936], [112.720123, -7.306154599999957], [112.72010000000012, -7.30635], [112.72003, -7.30642], [112.71992000000012, -7.30648], [112.71967, -7.30659], [112.71956000000011, -7.3067], [112.71954810000011, -7.306726699999956], [112.71948, -7.30688], [112.7195200000001, -7.30708], [112.71965000000012, -7.30706], [112.71995, -7.30703], [112.7201500000001, -7.30704], [112.72027, -7.30708], [112.7203300000001, -7.30714], [112.72039, -7.3072], [112.7208, -7.308], [112.72126870000011, -7.307933299999945], [112.72298, -7.30769], [112.7230780000001, -7.307687899999962], [112.72327010000004, -7.307683899999972], [112.72393000000011, -7.30767], [112.72395930000005, -7.307674899999938], [112.72399, -7.30768], [112.7245, -7.30776], [112.72466, -7.30782], [112.7246990000001, -7.30783409999998], [112.72471340000004, -7.307839299999955], [112.7256, -7.30816], [112.72560410000006, -7.30816139999996], [112.72577, -7.30822], [112.7259600000001, -7.30828], [112.72604, -7.3083], [112.726311, -7.308466099999976], [112.72635, -7.30849], [112.72653830000002, -7.30858829999994], [112.72658, -7.30861], [112.72702, -7.30884], [112.727357, -7.309013099999959], [112.72739, -7.30903], [112.7277, -7.3092], [112.72796, -7.30936], [112.72833, -7.30954], [112.72842, -7.30957], [112.72873020000009, -7.309666], [112.7288400000001, -7.3097], [112.72909, -7.30977], [112.72916, -7.3098], [112.7297400000001, -7.31], [112.7298618000001, -7.310009399999956], [112.72987, -7.31001], [112.72995060000005, -7.309974199999942], [112.73001550000004, -7.309945299999981], [112.73023, -7.30985], [112.73031, -7.30981], [112.73053, -7.30972], [112.73075, -7.30968], [112.7314, -7.30974], [112.73146, -7.30974], [112.73175, -7.30977], [112.73208000000011, -7.30983], [112.73242, -7.30992], [112.7325383000001, -7.309982599999955], [112.73258370000008, -7.310006699999974], [112.73259, -7.31001], [112.73269, -7.31007], [112.73278, -7.31011], [112.73292960000003, -7.310139899999967], [112.73298000000011, -7.31015], [112.73365550000005, -7.31026259999993], [112.73406000000011, -7.31033], [112.7341603000001, -7.310346699999968], [112.73418, -7.31035], [112.7344700000001, -7.3104], [112.73502, -7.31052], [112.73525, -7.31055], [112.73534, -7.31058], [112.7352241000001, -7.311167099999977], [112.73654010000007, -7.311463099999969], [112.73793020000005, -7.31177589999993], [112.73898880000002, -7.312024399999927], [112.73898930000007, -7.312021399999935], [112.73917660000006, -7.310909], [112.7398607, -7.310975], [112.74041080000006, -7.31102809999993], [112.74057570000002, -7.311044099999947], [112.74083690000009, -7.309764599999937], [112.74104140000009, -7.308762499999943], [112.7411092000001, -7.308435399999951], [112.74110990000008, -7.308431799999937], [112.74123910000003, -7.308470899999975], [112.74137770000004, -7.307826399999954], [112.74139560000003, -7.307743], [112.74156190000008, -7.306907499999966], [112.74160930000005, -7.306644], [112.74174650000009, -7.305879599999969], [112.7417478000001, -7.305872299999976], [112.74180110000009, -7.30587479999997], [112.74205340000003, -7.305886699999974], [112.74208050000004, -7.305888], [112.74208260000012, -7.30589], [112.74237360000006, -7.30589], [112.7424, -7.30589], [112.74252, -7.3059], [112.74302000000012, -7.3059], [112.74320000000012, -7.3059], [112.74328380000009, -7.30590559999996], [112.74330120000002, -7.30590669999998], [112.74335, -7.30591], [112.74344910000002, -7.30591], [112.74359, -7.30591], [112.74405, -7.30592], [112.74419810000006, -7.305927399999973], [112.74425, -7.30593], [112.74446000000012, -7.30593], [112.74472970000011, -7.30593], [112.7449176, -7.30593], [112.74498, -7.30593], [112.7455979, -7.305944099999977], [112.74629, -7.30596], [112.74673, -7.30594], [112.74697660000004, -7.305931799999939], [112.74703000000011, -7.30593], [112.74716, -7.30592], [112.74739650000004, -7.30592], [112.74741070000005, -7.305919599999982], [112.74751540000011, -7.305916599999932], [112.74793000000011, -7.3059], [112.74875, -7.30588], [112.74896820000004, -7.305871599999932], [112.74901000000011, -7.30587], [112.74908, -7.30586], [112.74937000000011, -7.30583], [112.74966790000008, -7.30583], [112.7497, -7.30583], [112.7499891000001, -7.30583], [112.75000000000011, -7.30583], [112.75033, -7.30584], [112.75052230000006, -7.305892399999948], [112.75055, -7.3059], [112.75079, -7.3059], [112.75102, -7.3059], [112.7511369, -7.305894399999943], [112.75123, -7.30589], [112.75143, -7.30588], [112.7515982000001, -7.305871099999933], [112.75162000000012, -7.30587], [112.75181, -7.30586], [112.75199, -7.30585], [112.75216000000012, -7.30584], [112.75234000000012, -7.30583], [112.7525, -7.30582], [112.75258870000005, -7.305814799999951], [112.75267, -7.30581], [112.75283, -7.3058], [112.75299, -7.30578], [112.75302970000007, -7.305777499999976], [112.75315, -7.30577], [112.75331, -7.30576], [112.7534700000001, -7.30575], [112.75362, -7.30573], [112.75377, -7.30572], [112.75391, -7.30571], [112.75404, -7.3057], [112.75416, -7.3057], [112.75418410000009, -7.305697799999962], [112.75418760000002, -7.305697499999951], [112.75427, -7.30569], [112.75437000000011, -7.30569], [112.75445, -7.30569], [112.75453, -7.30569], [112.75461, -7.3057], [112.75469, -7.30571], [112.75477, -7.30572], [112.75487, -7.30573], [112.75497, -7.30574], [112.75509000000011, -7.30576], [112.75522, -7.30578], [112.75525450000009, -7.305784899999935], [112.75536000000011, -7.3058], [112.75546580000002, -7.305814099999964], [112.75551, -7.30582], [112.75565, -7.30584], [112.75579, -7.30586], [112.75591, -7.30588], [112.75602, -7.30589], [112.75611, -7.3059], [112.75619, -7.30591], [112.7563752000001, -7.305932], [112.75661, -7.30596], [112.75661060000004, -7.305957699999965], [112.75671000000011, -7.30556], [112.75681, -7.30515], [112.75680000000011, -7.30503], [112.75679, -7.304740699999968], [112.75679, -7.30474], [112.75661, -7.30468], [112.75660920000007, -7.304679799999974], [112.75643, -7.30463], [112.75626000000011, -7.30459], [112.7561717000001, -7.304566499999964], [112.75611, -7.30455], [112.75595, -7.30451], [112.7558, -7.30447], [112.75565, -7.30443], [112.75555470000006, -7.304410899999937], [112.7555, -7.3044], [112.75535, -7.30436], [112.75519, -7.30433], [112.75505, -7.30429], [112.75491000000011, -7.30426], [112.75478, -7.30424], [112.75467, -7.30421], [112.75457, -7.30419], [112.75449, -7.30417], [112.75443, -7.30415], [112.7544, -7.30397], [112.75444230000005, -7.30371], [112.7544577000001, -7.303615299999933], [112.75447, -7.30354], [112.7545, -7.30339], [112.75458, -7.30308], [112.75475, -7.30241], [112.75485910000009, -7.302002], [112.75495620000004, -7.301638899999944], [112.75521, -7.30069], [112.75548, -7.2998], [112.7555, -7.29972], [112.75571, -7.29906], [112.755791, -7.298739699999942], [112.75583250000011, -7.298575799999981], [112.75584950000007, -7.298508399999946], [112.75603120000005, -7.297789799999975], [112.75615, -7.29732], [112.75618730000008, -7.297185499999955], [112.7563642, -7.296548], [112.7564059, -7.296397499999955], [112.7565002, -7.296057699999949], [112.756571, -7.295802499999979], [112.75663, -7.29559], [112.75685730000009, -7.294721299999935], [112.75691, -7.29452], [112.75693830000012, -7.294401799999946], [112.75708, -7.29381], [112.75712730000009, -7.293639699999972], [112.75713, -7.29363], [112.75713410000003, -7.293612799999948], [112.75654840000004, -7.293605199999945], [112.75571890000003, -7.293595299999936], [112.75511760000006, -7.293588099999965], [112.75510760000009, -7.293588], [112.75474020000001, -7.293565], [112.75433150000003, -7.293539399999929], [112.75420240000005, -7.293518099999972], [112.75393130000009, -7.293473499999948], [112.75372720000007, -7.293439899999953], [112.75257460000012, -7.293208899999968], [112.75188620000006, -7.293035399999951], [112.7516587, -7.292946299999926], [112.751068, -7.292715], [112.75049520000005, -7.292516699999965], [112.74951020000003, -7.292135499999972], [112.74950640000009, -7.292145299999959], [112.74919190000003, -7.292026399999941], [112.74891690000004, -7.291922499999941], [112.74892000000011, -7.29191], [112.7488078, -7.291864099999941], [112.7487, -7.29182], [112.74864, -7.2918], [112.74823, -7.29166], [112.74804, -7.29157], [112.74801050000008, -7.291553799999974], [112.74772070000006, -7.291394399999945], [112.74724, -7.29113], [112.74724630000003, -7.291114199999981], [112.74736, -7.29083], [112.74751, -7.29033], [112.74752990000002, -7.290245599999935], [112.74763, -7.28982], [112.74764770000002, -7.289742299999943], [112.7478248000001, -7.288965099999928], [112.74790850000011, -7.288597799999934], [112.74799, -7.28824], [112.74799540000004, -7.288214299999936], [112.74808810000002, -7.287772299999972], [112.74812, -7.28762], [112.74814780000008, -7.287508699999933], [112.74819, -7.28734], [112.74819470000011, -7.287302699999941], [112.74819530000002, -7.287297899999942], [112.74820000000011, -7.28726], [112.74823, -7.28712], [112.74833, -7.28666], [112.7484, -7.2863], [112.74842580000006, -7.286192799999981], [112.74853, -7.28576], [112.74870070000009, -7.284985199999937], [112.74892000000011, -7.28399], [112.74902970000005, -7.283431399999927], [112.74903, -7.28343], [112.74905, -7.28336], [112.7491500000001, -7.28273], [112.7493, -7.28221], [112.74930780000011, -7.28218], [112.74938190000012, -7.281893499999967], [112.74945, -7.28163], [112.74946520000003, -7.281554399999948], [112.7495388000001, -7.281189499999925], [112.74961330000008, -7.280819599999973], [112.74961740000003, -7.280799599999966], [112.74970710000002, -7.280354299999942], [112.74971, -7.28034], [112.749713, -7.280326], [112.74974450000002, -7.280177599999945], [112.74981, -7.27987], [112.74983850000001, -7.279794], [112.74996640000006, -7.279030399999954], [112.75002570000004, -7.27875169999993], [112.75028420000001, -7.277537199999927], [112.75033150000002, -7.277314899999965], [112.75032290000001, -7.277312499999937], [112.75032280000005, -7.277312499999937], [112.75017, -7.27727], [112.75000000000011, -7.27722], [112.74973000000011, -7.27718], [112.74948, -7.27712], [112.74939, -7.27709], [112.74935590000007, -7.277082899999925], [112.7491500000001, -7.27704], [112.74895, -7.27699], [112.74848, -7.2769], [112.7484, -7.27687], [112.74801, -7.27681], [112.74708, -7.27663], [112.74674, -7.27655], [112.74658000000011, -7.27651], [112.74607, -7.27636], [112.746, -7.27631], [112.74595000000011, -7.27636], [112.74573, -7.27649], [112.74542910000002, -7.276647299999979], [112.74529, -7.27672], [112.74518, -7.27677], [112.74516920000008, -7.276775499999928], [112.74491290000003, -7.276907], [112.74479, -7.27697], [112.74456260000011, -7.27705659999998], [112.74437000000012, -7.27713], [112.74411, -7.27723], [112.7443224000001, -7.277755199999945], [112.74447, -7.27812], [112.74448350000011, -7.278143399999976], [112.74501, -7.27906], [112.74511630000006, -7.279227499999934], [112.74581, -7.28032], [112.74633, -7.28129], [112.7464596000001, -7.281589299999951], [112.746702, -7.282149], [112.74688, -7.28256], [112.74699180000005, -7.283003899999926], [112.74723, -7.28395], [112.74722510000004, -7.284076899999945], [112.7472, -7.28473], [112.74699, -7.28549], [112.74658000000011, -7.28623], [112.746161, -7.286734299999978], [112.74614640000004, -7.286751899999956], [112.74604000000011, -7.28688], [112.7452909000001, -7.287704599999927], [112.74485, -7.28819], [112.74428710000007, -7.288635699999929], [112.7441904000001, -7.288712199999964], [112.74389, -7.28895], [112.74344, -7.28944], [112.74283, -7.29029], [112.74276, -7.29027], [112.74266000000011, -7.29024], [112.7425895, -7.290216499999929], [112.74257000000011, -7.29021], [112.7420800000001, -7.29018], [112.74165, -7.29015], [112.74151, -7.29007], [112.74142, -7.28997], [112.74131000000011, -7.28984], [112.74127250000004, -7.289817099999937], [112.74113000000011, -7.28973], [112.74082, -7.2896], [112.74043, -7.28949], [112.74014000000011, -7.28939], [112.73987000000011, -7.28931], [112.73917, -7.28921], [112.73911, -7.2892], [112.73869, -7.28915], [112.73834000000011, -7.28915], [112.73765, -7.28918], [112.73733, -7.28924], [112.73673, -7.28934], [112.7363, -7.2895], [112.73598, -7.28963], [112.73593, -7.28966], [112.73592680000002, -7.289652599999954], [112.73583, -7.28943], [112.73568000000012, -7.28907], [112.73518, -7.28805], [112.73494, -7.28757], [112.7347400000001, -7.2872], [112.73461, -7.28695], [112.73441710000009, -7.286538], [112.73439, -7.28648], [112.73432, -7.28634], [112.73427350000009, -7.286251199999981], [112.73378, -7.28531], [112.73365750000005, -7.285052699999937], [112.73358, -7.28489], [112.73341, -7.28457], [112.73333330000003, -7.284423899999979], [112.7331, -7.28398], [112.73306, -7.28389], [112.73301, -7.28378], [112.73297, -7.2837], [112.73279, -7.28335], [112.73241, -7.28262], [112.7317336000001, -7.281205799999952], [112.73164, -7.28101], [112.73155, -7.28092], [112.73146, -7.28081], [112.73119190000011, -7.280491299999937], [112.73093, -7.28018], [112.73083, -7.28008], [112.73046000000011, -7.27969], [112.73018, -7.27935], [112.72984040000006, -7.279000599999961], [112.7298300000001, -7.27899], [112.7295600000001, -7.27868], [112.72901, -7.27801], [112.728945, -7.277925499999981], [112.72891, -7.27788], [112.7285700000001, -7.27746], [112.72855850000008, -7.277444899999978], [112.72844, -7.27729], [112.72819, -7.27697], [112.72817730000008, -7.276953499999934], [112.72792, -7.27662], [112.72769, -7.27634], [112.7276819000001, -7.276330499999972], [112.72751950000008, -7.276461299999937], [112.72771980000005, -7.276717], [112.72773, -7.27673], [112.72778, -7.27689], [112.72778, -7.277036099999975], [112.72778, -7.27708], [112.72774, -7.27726], [112.7276700000001, -7.27737], [112.7276, -7.27753], [112.72754, -7.2778], [112.72756, -7.27806], [112.7275955, -7.278174399999955], [112.72765, -7.27835], [112.72765030000005, -7.278351199999975], [112.7276925000001, -7.278503], [112.7277, -7.27853], [112.7277, -7.27876], [112.72763, -7.27941], [112.72763430000009, -7.279420099999925], [112.72769, -7.27955], [112.72780000000012, -7.27967], [112.72787170000004, -7.279703099999949], [112.72793, -7.27973], [112.72811370000011, -7.279813799999943], [112.7286405000001, -7.280054199999938], [112.72896, -7.2802], [112.72907, -7.28032], [112.72908960000007, -7.280366699999945], [112.72910150000007, -7.280394899999976], [112.72915000000012, -7.28051], [112.7292000000001, -7.2807], [112.72915000000012, -7.28088], [112.72914890000004, -7.280883099999926], [112.7290220000001, -7.281254799999942], [112.72901, -7.28129], [112.72897000000012, -7.28142], [112.72897000000012, -7.28162], [112.72901, -7.28174], [112.72908, -7.28181], [112.72910260000003, -7.281832599999973], [112.72912930000007, -7.281859299999951], [112.72916, -7.28189], [112.72926, -7.28201], [112.72932, -7.28213], [112.72942, -7.28231], [112.72946190000005, -7.282393799999966], [112.72952, -7.28251], [112.7296123000001, -7.282718799999941], [112.72971, -7.28294], [112.72981470000002, -7.283079599999951], [112.7298300000001, -7.2831], [112.73007, -7.2834], [112.73011, -7.2835], [112.73017570000002, -7.283669], [112.73017930000003, -7.28367819999994], [112.73018, -7.28368], [112.73021, -7.28388], [112.73023, -7.28397], [112.73023, -7.28414319999996], [112.73023, -7.28423], [112.73021, -7.28445], [112.73020960000008, -7.28445789999995], [112.73020340000005, -7.284581499999945], [112.7301900000001, -7.28485], [112.7301900000001, -7.284850399999925], [112.73018, -7.28493], [112.73015, -7.28517], [112.73013670000012, -7.285209799999961], [112.730075, -7.285394899999972], [112.73004, -7.2855], [112.72995, -7.2856], [112.72981940000011, -7.28576709999993], [112.72973950000005, -7.285869399999967], [112.7297, -7.28592], [112.7297, -7.286037299999975], [112.7297, -7.28606], [112.7297400000001, -7.28672], [112.7296500000001, -7.28698], [112.72957, -7.28724], [112.72957020000001, -7.287242499999934], [112.7296, -7.28759], [112.72965480000005, -7.287717899999961], [112.72966, -7.28773], [112.72977670000012, -7.287884099999928], [112.72991, -7.28806], [112.73006340000006, -7.288271399999928], [112.7302800000001, -7.28857], [112.73030430000006, -7.288618699999972], [112.73031, -7.28863], [112.73036860000002, -7.288760099999934], [112.7304, -7.28883], [112.73037000000011, -7.28902], [112.7303, -7.28923], [112.73027390000004, -7.289298299999928], [112.73017, -7.28957], [112.73007050000001, -7.289808799999946], [112.72997, -7.29005], [112.72985, -7.29022], [112.72967, -7.29036], [112.729522, -7.29050159999997], [112.72944, -7.29058], [112.72937, -7.29071], [112.72916570000007, -7.291268], [112.7291100000001, -7.29142], [112.72910370000011, -7.291442899999936], [112.72908590000009, -7.291508399999941], [112.72903540000004, -7.291693499999951], [112.72902440000007, -7.291734], [112.72902280000005, -7.291739599999971], [112.7290200000001, -7.29175], [112.7289, -7.29198], [112.7288, -7.29211], [112.72867680000002, -7.29218579999997], [112.72867, -7.29219], [112.728653, -7.292508699999928]]] 
      }
    },
    {
      "type": "Feature",
      "properties": {
        "district_id": "3578120",
        "province": "Jawa Timur",
        "regency": "Surabaya",
        "district": "Dukuh Pakis",
        "pria": 29349,
        "wanita": 29996,
        "total_penduduk": 59345
      },
      "geometry": {
        "type": "Polygon",
        "coordinates": [[[112.70755540000005, -7.286538099999973], [112.70753490000004, -7.286532799999975], [112.70715770000004, -7.288283199999967], [112.707139, -7.288369799999941], [112.70708, -7.28836], [112.70683030000009, -7.288341499999945], [112.70683040000006, -7.288345199999981], [112.70686920000003, -7.289679099999944], [112.70686030000002, -7.289677799999936], [112.70562, -7.289488799999958], [112.7053479000001, -7.29010089999997], [112.70526760000007, -7.290254799999957], [112.70468540000002, -7.291370099999938], [112.70449340000005, -7.291723599999955], [112.70444480000003, -7.291812899999968], [112.70415190000006, -7.292077899999981], [112.70399160000011, -7.292112799999927], [112.70356760000004, -7.292849699999977], [112.70349550000003, -7.292974899999933], [112.70343950000006, -7.293072399999971], [112.702906, -7.292935899999975], [112.70000510000011, -7.292193899999972], [112.69819490000009, -7.291632099999958], [112.69784930000003, -7.291524799999934], [112.69786920000001, -7.291449899999975], [112.6978600000001, -7.29145], [112.69767, -7.2914], [112.69743, -7.29126], [112.69718000000012, -7.29115], [112.69718120000005, -7.291121899999951], [112.6971784000001, -7.291120299999932], [112.695794, -7.290345], [112.69545860000005, -7.290157199999953], [112.69405870000003, -7.289674699999978], [112.6940638000001, -7.28966], [112.69452120000005, -7.28831729999996], [112.69455640000001, -7.288148199999966], [112.69456900000012, -7.288087699999949], [112.694764, -7.287152699999979], [112.69487820000006, -7.286605], [112.69492, -7.286404499999946], [112.69492390000005, -7.28638559999996], [112.69598180000003, -7.286450499999944], [112.69599190000008, -7.286401699999942], [112.69648260000008, -7.286482199999966], [112.69673390000003, -7.285548], [112.69672320000006, -7.285538899999949], [112.69657410000002, -7.285412699999938], [112.6962119000001, -7.285268799999926], [112.69621670000004, -7.28524589999995], [112.69495140000004, -7.284922699999981], [112.69492020000007, -7.284914699999945], [112.69492190000005, -7.284907499999974], [112.69500390000007, -7.284555099999977], [112.69500610000011, -7.284545899999955], [112.6948943000001, -7.284523599999943], [112.6948748000001, -7.28439659999998], [112.69439630000011, -7.284318499999927], [112.69442480000009, -7.284293799999944], [112.69683680000003, -7.282200099999955], [112.69683770000006, -7.282199399999968], [112.69648530000006, -7.281781], [112.69628100000011, -7.281538399999931], [112.69626910000011, -7.281524299999944], [112.69653, -7.28131], [112.69676540000012, -7.281141799999943], [112.69688, -7.28106], [112.6970179000001, -7.280922099999941], [112.69706, -7.28088], [112.6971400000001, -7.28079], [112.69718820000003, -7.280731099999969], [112.6972009000001, -7.280715599999951], [112.69719570000007, -7.280709], [112.6961463, -7.279398299999968], [112.69544480000002, -7.278522199999941], [112.69543270000008, -7.278507099999956], [112.6949800000001, -7.27847], [112.69463, -7.27843], [112.69458530000009, -7.278428199999951], [112.69414, -7.27841], [112.693765, -7.278366399999925], [112.69293620000008, -7.27827], [112.69285, -7.27826], [112.69235, -7.2782], [112.69203, -7.27817], [112.69143, -7.27813], [112.69113, -7.27806], [112.6909700000001, -7.27801], [112.69096850000005, -7.278009499999939], [112.69096790000003, -7.278011099999958], [112.69082130000004, -7.278420499999982], [112.69057640000005, -7.278597399999967], [112.68988960000001, -7.277835699999969], [112.68962880000004, -7.278049599999974], [112.68895960000009, -7.278598399999964], [112.68894430000012, -7.278611], [112.68844580000007, -7.278008099999965], [112.68843250000009, -7.278019299999926], [112.68842, -7.27803], [112.68784790000007, -7.278498899999931], [112.68784560000006, -7.278496099999927], [112.68711790000009, -7.279096699999968], [112.68708550000008, -7.279055399999947], [112.68557880000003, -7.277138099999945], [112.68557480000004, -7.277133], [112.685866, -7.276854799999967], [112.68586360000006, -7.276851599999929], [112.6856007, -7.276505399999962], [112.68529260000003, -7.27610489999995], [112.6852841000001, -7.27611109999998], [112.68514570000002, -7.27600149999995], [112.68513040000005, -7.275989399999958], [112.68519210000011, -7.275125899999978], [112.68519330000004, -7.275108899999964], [112.68446570000003, -7.275057499999946], [112.68436, -7.27505], [112.68434, -7.27537], [112.6843014000001, -7.276044799999966], [112.6843, -7.27607], [112.68427, -7.27638], [112.68424, -7.27659], [112.68419, -7.27677], [112.68411810000009, -7.276870699999961], [112.6841528000001, -7.27691109999995], [112.68321770000011, -7.27767769999997], [112.6823753000001, -7.278368199999932], [112.681657, -7.278957], [112.68113, -7.2794], [112.6805, -7.27991], [112.68047330000002, -7.279931199999965], [112.68032270000003, -7.28005079999997], [112.6802732000001, -7.280091399999947], [112.68009970000003, -7.280233599999974], [112.68007000000011, -7.28026], [112.6800469000001, -7.280276899999933], [112.67997140000011, -7.280338699999959], [112.6797874, -7.280489599999953], [112.67964880000011, -7.280116599999928], [112.67937, -7.28028], [112.6793, -7.28039], [112.6792200000001, -7.28064], [112.67919, -7.28074], [112.6791247000001, -7.280965399999957], [112.67908410000007, -7.281106], [112.67908000000011, -7.28112], [112.679071, -7.28115], [112.67842840000003, -7.281414199999972], [112.67842170000006, -7.28145619999998], [112.67817040000011, -7.283034799999939], [112.67867890000002, -7.283361699999944], [112.67869, -7.283368799999948], [112.67858940000008, -7.28373339999996], [112.67857590000006, -7.283782299999928], [112.67856, -7.28384], [112.67855810000003, -7.283845099999951], [112.67841950000002, -7.284223899999972], [112.67841, -7.28425], [112.67837, -7.28435], [112.67824, -7.28493], [112.67813600000011, -7.285252499999956], [112.67804, -7.28555], [112.67803, -7.28565], [112.67796, -7.28588], [112.67794, -7.28594], [112.67778, -7.28634], [112.6777681000001, -7.286380899999926], [112.67778220000002, -7.286517099999969], [112.67787010000006, -7.286673499999949], [112.678173, -7.286771199999976], [112.67825710000011, -7.28683419999993], [112.678283, -7.286853599999972], [112.67828780000002, -7.286843499999975], [112.67837820000011, -7.287054499999954], [112.67847590000008, -7.287298799999974], [112.6785638, -7.287455099999931], [112.67857310000011, -7.287630599999943], [112.67857360000005, -7.28764069999994], [112.67852750000009, -7.287772599999926], [112.67850520000002, -7.287836099999936], [112.67848, -7.287877699999967], [112.678173, -7.288383299999964], [112.6779874, -7.288520099999971], [112.6775477000001, -7.288735], [112.677467, -7.288754099999949], [112.67745860000002, -7.288772199999926], [112.67722040000001, -7.289287099999967], [112.67658530000006, -7.290654899999936], [112.67645830000004, -7.290879599999926], [112.6762318000001, -7.291628299999957], [112.67610660000003, -7.292042299999935], [112.67602740000007, -7.292345099999977], [112.67574020000006, -7.293444399999942], [112.6757070000001, -7.293737399999941], [112.67571310000005, -7.293738799999971], [112.67569620000006, -7.294084399999974], [112.675733, -7.294249699999966], [112.67573530000004, -7.29426019999994], [112.67610350000007, -7.294281599999977], [112.67610180000008, -7.294295699999964], [112.67645060000007, -7.294325299999969], [112.67648340000005, -7.294328099999973], [112.67650270000001, -7.294352799999956], [112.67654310000012, -7.294404799999938], [112.67661980000003, -7.294515599999954], [112.67675610000003, -7.294592299999977], [112.67679020000003, -7.294600799999955], [112.67686690000005, -7.295572399999969], [112.676901, -7.295623599999942], [112.67708510000011, -7.295689299999935], [112.67713970000011, -7.295708799999943], [112.67990960000009, -7.296586599999955], [112.67996330000005, -7.296609299999943], [112.6801312, -7.296680399999957], [112.68250810000006, -7.29798569999997], [112.68250510000007, -7.297993499999961], [112.6840380000001, -7.298870799999975], [112.68412610000007, -7.29894859999996], [112.68414380000002, -7.298998099999949], [112.684152, -7.299021099999948], [112.6841468, -7.299135099999944], [112.68400170000007, -7.29939429999996], [112.68329520000009, -7.300593299999946], [112.68329630000005, -7.300599599999941], [112.68321120000007, -7.300753699999973], [112.68291680000004, -7.301288], [112.68291560000011, -7.301299499999971], [112.68291420000003, -7.301298799999927], [112.6828948000001, -7.30136669999996], [112.68291250000004, -7.301464], [112.68291250000004, -7.301531799999964], [112.68291250000004, -7.301534699999934], [112.68304510000007, -7.301561199999981], [112.68308810000008, -7.301566499999979], [112.68376120000005, -7.301649599999962], [112.68468940000002, -7.301649599999962], [112.68541870000001, -7.301539099999957], [112.68651490000002, -7.301256199999955], [112.68668280000009, -7.301123599999926], [112.6867294000001, -7.301112], [112.6866645, -7.300469499999963], [112.686656, -7.300266199999953], [112.68665910000004, -7.300264299999981], [112.68719830000009, -7.29994419999997], [112.6877151000001, -7.299571399999934], [112.68812190000006, -7.299401899999964], [112.6887319000001, -7.29938489999995], [112.6891217000001, -7.299418799999955], [112.6895962000001, -7.29950359999998], [112.689969, -7.299562899999955], [112.69037810000009, -7.299588399999948], [112.69051130000003, -7.299596799999961], [112.69107050000002, -7.299630699999966], [112.69124450000004, -7.299576299999956], [112.69128, -7.2996], [112.69172, -7.29973], [112.69180990000007, -7.299754499999949], [112.69194330000005, -7.299495099999945], [112.69470980000006, -7.300601699999959], [112.69616040000005, -7.30118189999996], [112.69617990000006, -7.301189699999952], [112.69667650000008, -7.300047599999971], [112.6966883, -7.300020399999937], [112.6967227, -7.299998899999935], [112.69675610000002, -7.299978099999976], [112.69687470000008, -7.29996959999994], [112.69701870000006, -7.300062799999978], [112.69706110000004, -7.30068979999993], [112.69715750000012, -7.3016], [112.69751, -7.30169], [112.69767, -7.30171], [112.69779, -7.30169], [112.69791, -7.30156], [112.69795620000002, -7.301719099999957], [112.69855410000002, -7.301776699999948], [112.70077250000008, -7.301990099999955], [112.70117430000005, -7.30202879999996], [112.7011731, -7.302033199999926], [112.70252550000009, -7.302103299999942], [112.70328430000006, -7.301854699999978], [112.7040823000001, -7.301697699999977], [112.70421060000001, -7.301618299999973], [112.704357, -7.301527699999951], [112.7048410000001, -7.300886599999956], [112.70498490000011, -7.300611899999979], [112.70498490000011, -7.300428799999963], [112.70508010000003, -7.300143399999968], [112.70508960000006, -7.30011479999996], [112.70708600000012, -7.301699799999938], [112.70704, -7.30175], [112.70708, -7.30182], [112.70735, -7.30252], [112.70753, -7.30304], [112.7076, -7.30323], [112.7076872, -7.303469899999925], [112.7076383000001, -7.303644], [112.70763240000008, -7.303664899999944], [112.70749990000002, -7.303747699999974], [112.70745020000004, -7.303789199999926], [112.70743360000006, -7.304277799999966], [112.70740010000009, -7.304273299999977], [112.70436920000009, -7.303863699999965], [112.70430290000002, -7.303847099999928], [112.70424290000005, -7.304496699999959], [112.70419750000008, -7.304987899999958], [112.70412790000012, -7.305741], [112.70412070000009, -7.305818299999942], [112.70413620000011, -7.305827299999976], [112.70400260000008, -7.306426299999941], [112.70381580000003, -7.307331599999941], [112.70381770000006, -7.30733209999994], [112.705089, -7.307665499999928], [112.70637340000007, -7.308033299999977], [112.70637140000008, -7.308015299999965], [112.70633950000001, -7.30772769999993], [112.70637910000005, -7.307709099999954], [112.70729040000003, -7.307281499999931], [112.70729480000011, -7.307281799999942], [112.70730130000004, -7.30727429999996], [112.70773710000003, -7.306765799999937], [112.70803200000012, -7.306772299999977], [112.70964680000009, -7.306808199999978], [112.71154520000005, -7.30683369999997], [112.71200640000006, -7.306842199999949], [112.7122098000001, -7.306869], [112.71299090000002, -7.306972199999962], [112.713206, -7.307000599999981], [112.71340250000003, -7.307214099999953], [112.71357710000007, -7.30740389999994], [112.71387860000004, -7.307731599999954], [112.71410770000011, -7.307696], [112.71422880000011, -7.307677199999944], [112.71479000000011, -7.30759], [112.71489350000002, -7.307605099999932], [112.71537230000001, -7.307674799999972], [112.71540440000001, -7.307679399999927], [112.7163418, -7.30781589999998], [112.71707130000004, -7.307922099999928], [112.71795, -7.30805], [112.71803000000011, -7.30804859999995], [112.7208, -7.308], [112.72039, -7.3072], [112.7203300000001, -7.30714], [112.72027, -7.30708], [112.7201500000001, -7.30704], [112.71995, -7.30703], [112.71965000000012, -7.30706], [112.7195200000001, -7.30708], [112.71948, -7.30688], [112.71954810000011, -7.306726699999956], [112.71956000000011, -7.3067], [112.71967, -7.30659], [112.71992000000012, -7.30648], [112.72003, -7.30642], [112.72010000000012, -7.30635], [112.720123, -7.306154599999957], [112.72015170000009, -7.305910799999936], [112.72018, -7.30567], [112.7202, -7.305518599999971], [112.7202301000001, -7.305290599999978], [112.72025, -7.30514], [112.72027690000004, -7.304904], [112.72030990000007, -7.304613899999936], [112.7203449000001, -7.304306499999939], [112.72039, -7.30391], [112.720392, -7.303892499999961], [112.72043760000008, -7.303489099999979], [112.72045, -7.30338], [112.72047960000009, -7.30317], [112.72052560000009, -7.302843699999926], [112.720558, -7.30261349999995], [112.72064280000006, -7.302012199999979], [112.72066, -7.30189], [112.72070150000002, -7.301583799999946], [112.72075780000011, -7.301167899999939], [112.72078890000012, -7.300937899999951], [112.72079, -7.30093], [112.72081810000009, -7.300735399999951], [112.72091000000012, -7.3001], [112.72095, -7.29984], [112.72095090000005, -7.29983679999998], [112.7209997000001, -7.299668899999972], [112.72104, -7.29953], [112.7210500000001, -7.29938], [112.72105150000004, -7.299363099999937], [112.72106, -7.29927], [112.72102, -7.29901], [112.7209, -7.29868], [112.72079, -7.29844], [112.720796, -7.29807059999996], [112.72080490000008, -7.297517599999935], [112.72081, -7.2972], [112.72081, -7.296835399999964], [112.72081, -7.29683], [112.72085, -7.29647], [112.72097, -7.29602], [112.72107730000005, -7.295796399999972], [112.72109000000012, -7.29577], [112.72148, -7.2954], [112.72152760000006, -7.295372599999951], [112.72195740000006, -7.295124899999962], [112.72207, -7.29506], [112.72289, -7.29492], [112.72308, -7.29488], [112.72321000000011, -7.29481], [112.72336470000005, -7.294607199999973], [112.72366000000011, -7.29422], [112.72376, -7.29412], [112.7239, -7.29408], [112.72432, -7.29405], [112.72446, -7.29401], [112.7244928, -7.29398649999996], [112.7244945000001, -7.29398539999994], [112.72453, -7.29396], [112.72465000000011, -7.29388], [112.72481, -7.29371], [112.7248528, -7.293619699999965], [112.7248628000001, -7.293598499999973], [112.7249, -7.29352], [112.72494, -7.29331], [112.72487, -7.29308], [112.7248909000001, -7.292852399999958], [112.7249101000001, -7.29264349999994], [112.72494830000005, -7.292228099999932], [112.7249498000001, -7.292212599999971], [112.72495, -7.29221], [112.72487, -7.2922], [112.72447000000011, -7.29216], [112.72426840000003, -7.292150799999945], [112.72403, -7.29214], [112.72383520000005, -7.292122799999959], [112.72369, -7.29211], [112.7232772000001, -7.292077799999959], [112.72292, -7.29205], [112.7228689000001, -7.29204429999993], [112.722836, -7.292040699999973], [112.72283, -7.29204], [112.7225, -7.29202], [112.7222200000001, -7.292], [112.72192, -7.292], [112.72166120000009, -7.29196079999997], [112.7215900000001, -7.29195], [112.72103, -7.29188], [112.72073720000003, -7.291866099999936], [112.72045350000008, -7.291852499999948], [112.7204, -7.29185], [112.71899, -7.29173], [112.71875840000007, -7.291710699999953], [112.71875000000011, -7.29171], [112.71863, -7.2917], [112.7185813000001, -7.29169509999997], [112.7185300000001, -7.29169], [112.71819520000008, -7.291656499999931], [112.71813, -7.29165], [112.71786580000003, -7.291606699999932], [112.71786170000007, -7.291606], [112.71752, -7.29155], [112.71750140000006, -7.291545799999938], [112.71715720000009, -7.291468099999975], [112.71690050000007, -7.29141009999995], [112.7169, -7.29141], [112.71635, -7.29128], [112.71586, -7.29117], [112.71583580000004, -7.291162399999962], [112.71548, -7.29105], [112.71512, -7.29091], [112.71510110000008, -7.290903699999944], [112.71488000000011, -7.29083], [112.71481, -7.2908], [112.71344550000003, -7.290351799999939], [112.7134400000001, -7.29035], [112.71344320000003, -7.290331699999967], [112.7135300000001, -7.28984], [112.71355, -7.28971], [112.7136200000001, -7.28927], [112.71373, -7.28895], [112.71374860000003, -7.288894299999981], [112.71383, -7.28865], [112.71402670000009, -7.288229799999954], [112.71405, -7.28818], [112.7141004, -7.288072499999942], [112.71435, -7.28754], [112.71439, -7.28745], [112.71459, -7.287], [112.71474310000008, -7.286637399999961], [112.71478, -7.28655], [112.71482, -7.28646], [112.71494, -7.28621], [112.71494260000009, -7.286204299999952], [112.71511180000005, -7.285835099999929], [112.71516, -7.28573], [112.71525370000006, -7.28552389999993], [112.71539310000003, -7.285217099999954], [112.71556, -7.28485], [112.71569000000011, -7.28449], [112.715707, -7.284447599999964], [112.71573, -7.28439], [112.71582580000006, -7.284063499999945], [112.71595, -7.28364], [112.7161, -7.28314], [112.71624940000004, -7.282641899999931], [112.71628, -7.28254], [112.71638, -7.28222], [112.71638850000011, -7.282189599999981], [112.71644580000009, -7.281984], [112.71655, -7.28161], [112.71658730000001, -7.281502599999953], [112.71671, -7.28115], [112.7167280000001, -7.281098199999974], [112.71673290000001, -7.28108409999993], [112.71694510000009, -7.280472299999929], [112.71705, -7.28017], [112.71736990000011, -7.27955929999996], [112.71737790000009, -7.279544099999953], [112.71738, -7.27954], [112.71737760000008, -7.279539299999954], [112.71653, -7.2793], [112.71554, -7.27901], [112.71474, -7.27878], [112.71394, -7.27867], [112.71373, -7.27862], [112.71362210000007, -7.27863629999996], [112.7134, -7.27867], [112.71315940000011, -7.278708499999937], [112.71315, -7.27871], [112.7130912, -7.278719499999966], [112.71284, -7.27876], [112.7125, -7.27883], [112.71206080000002, -7.278643099999954], [112.71203, -7.27863], [112.71212, -7.2785], [112.71214250000003, -7.278484299999946], [112.71215020000011, -7.278478799999959], [112.71214210000005, -7.278476499999954], [112.7119163000001, -7.278412299999957], [112.71165910000002, -7.278339099999926], [112.71178020000002, -7.278199099999938], [112.71082090000004, -7.277929799999981], [112.70962390000011, -7.277593799999977], [112.70969820000005, -7.277252], [112.70975450000003, -7.276993399999981], [112.709754, -7.276993299999958], [112.70974, -7.27699], [112.70988000000011, -7.27635], [112.71006000000011, -7.27565], [112.70935, -7.27562], [112.70887, -7.27567], [112.70874, -7.27569], [112.70860390000007, -7.275715499999933], [112.70858, -7.27572], [112.70849570000007, -7.275725299999976], [112.708494, -7.275749099999928], [112.70843750000006, -7.275754799999959], [112.7079768000001, -7.275843399999928], [112.7078676000001, -7.27584289999993], [112.70802460000004, -7.275960599999962], [112.70815140000002, -7.276096499999937], [112.7082239, -7.27657679999993], [112.7082239, -7.277171199999941], [112.7082239, -7.277174899999977], [112.70811520000007, -7.278434599999969], [112.70802460000004, -7.279032699999959], [112.70798180000008, -7.27912989999993], [112.70797760000005, -7.279139499999928], [112.70721850000007, -7.27892259999993], [112.707193, -7.278915299999937], [112.70711440000002, -7.279157099999964], [112.70624930000008, -7.27887329999993], [112.70489380000004, -7.27722579999994], [112.7048866, -7.277217], [112.70463730000006, -7.277448499999934], [112.70463310000002, -7.277452399999959], [112.70461960000011, -7.277436099999932], [112.70461160000002, -7.277442599999972], [112.70459, -7.27746], [112.70406, -7.27787], [112.7040234000001, -7.277899299999945], [112.70396, -7.27795], [112.7037084000001, -7.278133799999978], [112.7037, -7.27814], [112.70357, -7.27825], [112.70343, -7.27837], [112.7033, -7.27848], [112.70315, -7.2786], [112.70300640000005, -7.278743599999927], [112.70326960000011, -7.279061499999955], [112.7032511000001, -7.279076799999928], [112.70250930000009, -7.27969029999997], [112.70131440000011, -7.280678499999965], [112.7011288000001, -7.280828099999951], [112.69954060000009, -7.282108], [112.7003621, -7.283090299999969], [112.70057660000009, -7.28334689999997], [112.7002887000001, -7.283593], [112.70026590000009, -7.283612499999947], [112.70056480000005, -7.283971199999939], [112.70082520000005, -7.283723], [112.70115770000007, -7.284112899999968], [112.7013558000001, -7.284345299999927], [112.70161150000001, -7.284162], [112.70184790000008, -7.284369399999946], [112.70221930000002, -7.284519], [112.70220970000003, -7.284924199999978], [112.70225790000006, -7.284933899999942], [112.70230930000002, -7.284898299999952], [112.7023206, -7.284890399999938], [112.70226280000009, -7.284798799999976], [112.7022965000001, -7.284552799999972], [112.70272380000006, -7.284204299999942], [112.70316, -7.283848399999954], [112.7043466, -7.28282489999998], [112.704354, -7.282818499999962], [112.70461480000006, -7.283115499999951], [112.70462170000008, -7.283109699999955], [112.70463990000007, -7.283110199999953], [112.70500640000012, -7.283120499999939], [112.70691610000006, -7.283544399999926], [112.70710540000005, -7.283586399999933], [112.7081449000001, -7.28381719999993], [112.70814840000003, -7.283817899999974], [112.70808080000006, -7.284128299999963], [112.707817, -7.285338], [112.70781690000001, -7.285338599999932], [112.70755540000005, -7.286538099999973]]] 
      }
    },
    {
      "type": "Feature",
      "properties": {
        "district_id": "3578130",
        "province": "Jawa Timur",
        "regency": "Surabaya",
        "district": "Wiyung",
        "pria": 38047,
        "wanita": 38454,
        "total_penduduk": 76501
      },
      "geometry": {
        "type": "Polygon",
        "coordinates": [[[112.67921060000003, -7.319503], [112.67942650000009, -7.323680699999954], [112.67945, -7.32369], [112.67954, -7.32479], [112.6795244000001, -7.325199899999973], [112.67951080000012, -7.325554899999929], [112.67944530000011, -7.327270899999974], [112.67944000000011, -7.32741], [112.67926000000011, -7.32877], [112.67923770000004, -7.32880739999996], [112.67915180000011, -7.328951399999937], [112.67892, -7.32934], [112.67862, -7.32964], [112.67756830000008, -7.330188199999952], [112.67719860000011, -7.330380799999944], [112.67666570000006, -7.330338599999948], [112.6763671000001, -7.330315], [112.6763059000001, -7.330297299999927], [112.67630130000009, -7.33031109999996], [112.67594980000001, -7.331231399999979], [112.67568850000009, -7.331423299999926], [112.67547650000006, -7.331830399999944], [112.67547470000011, -7.33183379999997], [112.67540180000003, -7.331973699999935], [112.6751068000001, -7.332858699999974], [112.67499640000005, -7.333103599999959], [112.67499750000002, -7.333104], [112.67518030000008, -7.333175399999959], [112.67517870000006, -7.333181299999978], [112.67557750000003, -7.333373599999959], [112.67590760000007, -7.333441499999935], [112.67699520000008, -7.333519199999955], [112.67839350000008, -7.333703699999944], [112.679138, -7.33385439999995], [112.67920920000006, -7.333868799999948], [112.67945190000012, -7.333878499999969], [112.67983060000006, -7.333771699999943], [112.68012190000002, -7.333664899999974], [112.68092790000003, -7.333354099999951], [112.68167580000011, -7.33298549999995], [112.68230670000003, -7.332674399999974], [112.68362730000001, -7.332053], [112.6841032000001, -7.33173249999993], [112.68427, -7.33173249999993], [112.6843487000001, -7.33173249999993], [112.68442, -7.33165], [112.68452, -7.33157], [112.6853, -7.33185], [112.68549, -7.33192], [112.68611, -7.3321], [112.6863393000001, -7.332168399999944], [112.68704060000005, -7.332377399999928], [112.6873561000001, -7.332373399999938], [112.68886120000002, -7.332635599999946], [112.68916090000005, -7.332689399999936], [112.68999730000007, -7.332839499999977], [112.69039540000006, -7.332956], [112.69134710000003, -7.333169599999962], [112.69195880000007, -7.333354099999951], [112.69218790000002, -7.333445799999936], [112.6934639000001, -7.333956199999932], [112.69405620000009, -7.334160099999963], [112.69470680000006, -7.334344599999952], [112.695511, -7.334423299999969], [112.69568530000004, -7.333794399999931], [112.695689, -7.333781], [112.69595670000001, -7.333116199999949], [112.69600320000006, -7.332955799999979], [112.69628470000009, -7.331985299999928], [112.69632360000003, -7.331642799999941], [112.69632790000003, -7.331605399999944], [112.69628470000009, -7.331380899999942], [112.69630720000009, -7.331241899999952], [112.69630440000003, -7.331241199999965], [112.69630450000011, -7.331229499999949], [112.69630970000003, -7.330725099999938], [112.69622590000006, -7.330684799999972], [112.69581040000003, -7.330585599999949], [112.69576640000002, -7.33057249999996], [112.6955809000001, -7.33051729999994], [112.69546920000005, -7.33044289999998], [112.69542960000001, -7.330437599999925], [112.6951901000001, -7.330405699999972], [112.69523970000012, -7.33023819999994], [112.69530180000004, -7.330145199999947], [112.69537, -7.329946699999937], [112.69540720000009, -7.329462899999953], [112.69532040000001, -7.329363699999931], [112.69503820000011, -7.328938799999946], [112.69485210000005, -7.328647299999943], [112.6949327000001, -7.32843639999993], [112.69487960000004, -7.328318299999978], [112.69487690000005, -7.328312299999936], [112.6950058000001, -7.327813599999956], [112.69501950000006, -7.327760299999966], [112.69501330000003, -7.327605299999959], [112.695015, -7.327600399999938], [112.69502890000001, -7.327558499999952], [112.69505060000006, -7.327493599999968], [112.69535140000005, -7.32638019999996], [112.69531780000011, -7.326368199999933], [112.69250780000004, -7.325358699999981], [112.69255370000008, -7.325035399999933], [112.69259000000011, -7.32478], [112.69263290000004, -7.324290699999949], [112.692622, -7.324289], [112.6919845000001, -7.324190899999962], [112.69127070000002, -7.324081099999944], [112.69125770000005, -7.324079099999949], [112.6912324000001, -7.324237599999947], [112.69119180000007, -7.324492299999974], [112.69118950000006, -7.324507099999948], [112.69034340000007, -7.324323699999979], [112.69030250000003, -7.324314799999968], [112.69055060000005, -7.323111499999925], [112.69060390000004, -7.322932499999979], [112.69072430000006, -7.322528499999976], [112.69072470000003, -7.322528499999976], [112.69075350000003, -7.322379199999943], [112.69096, -7.32241], [112.69149, -7.32251], [112.69206, -7.3226], [112.69280640000011, -7.322609199999931], [112.69287, -7.32261], [112.69345, -7.32272], [112.69384, -7.3228], [112.69421000000011, -7.32291], [112.69531, -7.32319], [112.69603, -7.32338], [112.69686980000006, -7.323604499999931], [112.69704, -7.32365], [112.69737, -7.32374], [112.6976, -7.32378], [112.69765550000011, -7.323696799999937], [112.69766, -7.32369], [112.69776, -7.32317], [112.69790000000012, -7.32249], [112.69799, -7.32218], [112.69806, -7.32202], [112.69815, -7.32189], [112.6984000000001, -7.32199], [112.69855, -7.32204], [112.69863, -7.32206], [112.69866, -7.322], [112.69878, -7.32105], [112.69884, -7.32063], [112.69891, -7.32005], [112.69897, -7.31965], [112.69893, -7.31955], [112.69893, -7.31946], [112.699, -7.31938], [112.69905870000002, -7.319321299999956], [112.69906650000007, -7.319313499999964], [112.69908, -7.3193], [112.69914, -7.31922], [112.69918, -7.31916], [112.69922, -7.31911], [112.69928, -7.31904], [112.69935, -7.31896], [112.6994, -7.3189], [112.69944, -7.31885], [112.69948000000011, -7.3188], [112.6995088000001, -7.318763899999965], [112.69952, -7.31875], [112.69956, -7.3187], [112.6996, -7.31865], [112.69963, -7.3186], [112.69967, -7.31855], [112.69972, -7.31849], [112.6997689000001, -7.318421599999965], [112.69977, -7.31842], [112.69983, -7.31836], [112.69987, -7.31829], [112.6999, -7.31824], [112.69994, -7.31819], [112.69998, -7.31811], [112.70002000000011, -7.31804], [112.70005, -7.31798], [112.70009, -7.31791], [112.70013, -7.31784], [112.70017, -7.31779], [112.70020000000011, -7.31773], [112.70021880000002, -7.317697099999975], [112.70024, -7.31766], [112.70028, -7.3176], [112.70034, -7.31751], [112.7004, -7.31742], [112.70043, -7.31735], [112.70043910000004, -7.31733719999994], [112.70048, -7.31728], [112.70053, -7.31719], [112.70058, -7.31711], [112.70062, -7.31705], [112.70065000000011, -7.317], [112.70069, -7.31694], [112.70072, -7.31688], [112.70076, -7.31681], [112.70079, -7.31675], [112.70084, -7.31668], [112.70088, -7.3166], [112.70091, -7.31655], [112.70094, -7.31649], [112.70097, -7.31644], [112.70101000000011, -7.31638], [112.70104, -7.31632], [112.70108, -7.31626], [112.70112, -7.31619], [112.70116, -7.31613], [112.70119000000011, -7.31607], [112.70123, -7.31601], [112.70127, -7.31595], [112.70128530000011, -7.315919299999962], [112.7013, -7.31589], [112.70134, -7.31583], [112.70137000000011, -7.31577], [112.7014, -7.31571], [112.70143, -7.31566], [112.70147, -7.3156], [112.7015, -7.31555], [112.70153, -7.3155], [112.70156, -7.31545], [112.70159, -7.3154], [112.70162, -7.31535], [112.70164710000006, -7.315304799999979], [112.70165630000008, -7.315304499999968], [112.70231550000005, -7.315284299999973], [112.70263620000003, -7.31527449999993], [112.7026591, -7.315264499999955], [112.70279280000011, -7.315206399999965], [112.70278740000003, -7.315177399999925], [112.70272470000009, -7.314838699999939], [112.70279280000011, -7.314791099999979], [112.70316730000002, -7.314620899999966], [112.70317410000007, -7.314157899999941], [112.7033034000001, -7.31412389999997], [112.703777, -7.31412389999997], [112.70379360000004, -7.31412389999997], [112.70378270000003, -7.313931399999944], [112.70377320000011, -7.313763], [112.70377750000011, -7.313763], [112.70384130000002, -7.313763], [112.7045002000001, -7.313758], [112.70474, -7.313756199999943], [112.70477040000003, -7.313074499999971], [112.70535, -7.313], [112.70538350000004, -7.312994699999933], [112.70554, -7.31297], [112.70588820000012, -7.312934699999971], [112.70623, -7.3129], [112.7066, -7.31286], [112.70683, -7.31283], [112.70684460000007, -7.312829299999976], [112.70709650000003, -7.312817699999925], [112.7077, -7.31279], [112.70779, -7.31279], [112.70849810000004, -7.312808599999926], [112.70893, -7.31282], [112.70893340000009, -7.312820199999976], [112.7091, -7.31283], [112.70919, -7.31277], [112.70926, -7.31277], [112.7092838000001, -7.312772], [112.70938, -7.31278], [112.70964, -7.31281], [112.7096696000001, -7.312809], [112.71132470000009, -7.312750899999969], [112.71133180000004, -7.312750599999958], [112.71135790000005, -7.312509299999931], [112.711427, -7.31200629999995], [112.7115338000001, -7.311098799999968], [112.711694, -7.310311399999932], [112.7118124000001, -7.309634299999971], [112.7121800000001, -7.30905], [112.71251560000007, -7.308709699999952], [112.71262070000012, -7.308603099999971], [112.71289, -7.30833], [112.71307360000003, -7.308207599999946], [112.71376, -7.30775], [112.71387860000004, -7.307731599999954], [112.71357710000007, -7.30740389999994], [112.71340250000003, -7.307214099999953], [112.713206, -7.307000599999981], [112.71299090000002, -7.306972199999962], [112.7122098000001, -7.306869], [112.71200640000006, -7.306842199999949], [112.71154520000005, -7.30683369999997], [112.70964680000009, -7.306808199999978], [112.70803200000012, -7.306772299999977], [112.70773710000003, -7.306765799999937], [112.70730130000004, -7.30727429999996], [112.70729480000011, -7.307281799999942], [112.70729040000003, -7.307281499999931], [112.70637910000005, -7.307709099999954], [112.70633950000001, -7.30772769999993], [112.70637140000008, -7.308015299999965], [112.70637340000007, -7.308033299999977], [112.705089, -7.307665499999928], [112.70381770000006, -7.30733209999994], [112.70381580000003, -7.307331599999941], [112.70400260000008, -7.306426299999941], [112.70413620000011, -7.305827299999976], [112.70412070000009, -7.305818299999942], [112.70412790000012, -7.305741], [112.70419750000008, -7.304987899999958], [112.70424290000005, -7.304496699999959], [112.70430290000002, -7.303847099999928], [112.70436920000009, -7.303863699999965], [112.70740010000009, -7.304273299999977], [112.70743360000006, -7.304277799999966], [112.70745020000004, -7.303789199999926], [112.70749990000002, -7.303747699999974], [112.70763240000008, -7.303664899999944], [112.7076383000001, -7.303644], [112.7076872, -7.303469899999925], [112.7076, -7.30323], [112.70753, -7.30304], [112.70735, -7.30252], [112.70708, -7.30182], [112.70704, -7.30175], [112.70708600000012, -7.301699799999938], [112.70508960000006, -7.30011479999996], [112.70508010000003, -7.300143399999968], [112.70498490000011, -7.300428799999963], [112.70498490000011, -7.300611899999979], [112.7048410000001, -7.300886599999956], [112.704357, -7.301527699999951], [112.70421060000001, -7.301618299999973], [112.7040823000001, -7.301697699999977], [112.70328430000006, -7.301854699999978], [112.70252550000009, -7.302103299999942], [112.7011731, -7.302033199999926], [112.70117430000005, -7.30202879999996], [112.70077250000008, -7.301990099999955], [112.69855410000002, -7.301776699999948], [112.69795620000002, -7.301719099999957], [112.69791, -7.30156], [112.69779, -7.30169], [112.69767, -7.30171], [112.69751, -7.30169], [112.69715750000012, -7.3016], [112.69706110000004, -7.30068979999993], [112.69701870000006, -7.300062799999978], [112.69687470000008, -7.29996959999994], [112.69675610000002, -7.299978099999976], [112.6967227, -7.299998899999935], [112.6966883, -7.300020399999937], [112.69667650000008, -7.300047599999971], [112.69617990000006, -7.301189699999952], [112.69616040000005, -7.30118189999996], [112.69470980000006, -7.300601699999959], [112.69194330000005, -7.299495099999945], [112.69180990000007, -7.299754499999949], [112.69172, -7.29973], [112.69128, -7.2996], [112.69124450000004, -7.299576299999956], [112.69107050000002, -7.299630699999966], [112.69051130000003, -7.299596799999961], [112.69037810000009, -7.299588399999948], [112.689969, -7.299562899999955], [112.6895962000001, -7.29950359999998], [112.6891217000001, -7.299418799999955], [112.6887319000001, -7.29938489999995], [112.68812190000006, -7.299401899999964], [112.6877151000001, -7.299571399999934], [112.68719830000009, -7.29994419999997], [112.68665910000004, -7.300264299999981], [112.686656, -7.300266199999953], [112.6866645, -7.300469499999963], [112.6867294000001, -7.301112], [112.68668280000009, -7.301123599999926], [112.68651490000002, -7.301256199999955], [112.68541870000001, -7.301539099999957], [112.68468940000002, -7.301649599999962], [112.68376120000005, -7.301649599999962], [112.68308810000008, -7.301566499999979], [112.68304510000007, -7.301561199999981], [112.68291250000004, -7.301534699999934], [112.68291250000004, -7.301531799999964], [112.68291250000004, -7.301464], [112.6828948000001, -7.30136669999996], [112.68291420000003, -7.301298799999927], [112.68291560000011, -7.301299499999971], [112.68291680000004, -7.301288], [112.68321120000007, -7.300753699999973], [112.68329630000005, -7.300599599999941], [112.68329520000009, -7.300593299999946], [112.68400170000007, -7.29939429999996], [112.6841468, -7.299135099999944], [112.684152, -7.299021099999948], [112.68414380000002, -7.298998099999949], [112.68412610000007, -7.29894859999996], [112.6840380000001, -7.298870799999975], [112.68250510000007, -7.297993499999961], [112.68250810000006, -7.29798569999997], [112.6801312, -7.296680399999957], [112.67996330000005, -7.296609299999943], [112.67990960000009, -7.296586599999955], [112.67713970000011, -7.295708799999943], [112.67708510000011, -7.295689299999935], [112.676901, -7.295623599999942], [112.67686690000005, -7.295572399999969], [112.67679020000003, -7.294600799999955], [112.67675610000003, -7.294592299999977], [112.67661980000003, -7.294515599999954], [112.67654310000012, -7.294404799999938], [112.67650270000001, -7.294352799999956], [112.67648340000005, -7.294328099999973], [112.67645060000007, -7.294325299999969], [112.67610180000008, -7.294295699999964], [112.67610350000007, -7.294281599999977], [112.67573530000004, -7.29426019999994], [112.675733, -7.294249699999966], [112.67569620000006, -7.294084399999974], [112.67571310000005, -7.293738799999971], [112.6757070000001, -7.293737399999941], [112.67574020000006, -7.293444399999942], [112.67602740000007, -7.292345099999977], [112.67610660000003, -7.292042299999935], [112.6762318000001, -7.291628299999957], [112.67645830000004, -7.290879599999926], [112.67658530000006, -7.290654899999936], [112.67722040000001, -7.289287099999967], [112.67745860000002, -7.288772199999926], [112.677467, -7.288754099999949], [112.6775477000001, -7.288735], [112.6779874, -7.288520099999971], [112.678173, -7.288383299999964], [112.67848, -7.287877699999967], [112.67850520000002, -7.287836099999936], [112.67852750000009, -7.287772599999926], [112.67857360000005, -7.28764069999994], [112.67857310000011, -7.287630599999943], [112.6785638, -7.287455099999931], [112.67847590000008, -7.287298799999974], [112.67837820000011, -7.287054499999954], [112.67828780000002, -7.286843499999975], [112.678283, -7.286853599999972], [112.67825710000011, -7.28683419999993], [112.678173, -7.286771199999976], [112.67787010000006, -7.286673499999949], [112.67778220000002, -7.286517099999969], [112.6777681000001, -7.286380899999926], [112.67778, -7.28634], [112.67794, -7.28594], [112.67796, -7.28588], [112.67803, -7.28565], [112.67804, -7.28555], [112.67813600000011, -7.285252499999956], [112.67824, -7.28493], [112.67837, -7.28435], [112.67841, -7.28425], [112.67841950000002, -7.284223899999972], [112.67855810000003, -7.283845099999951], [112.67856, -7.28384], [112.67857590000006, -7.283782299999928], [112.67794370000001, -7.283644699999968], [112.67764820000002, -7.283580399999948], [112.67637270000012, -7.283303], [112.67637520000005, -7.283279199999981], [112.67552460000002, -7.283096099999966], [112.67534440000009, -7.28308009999995], [112.67532, -7.283077899999967], [112.67534940000007, -7.282882499999971], [112.67411830000003, -7.282706599999926], [112.67407920000005, -7.283048599999972], [112.67402060000006, -7.283849799999928], [112.6742273000001, -7.283885399999974], [112.67418670000006, -7.284543499999927], [112.67430390000004, -7.284563], [112.674333, -7.284912], [112.67434, -7.28499549999998], [112.674348, -7.285092], [112.67510690000006, -7.285119599999973], [112.67510310000011, -7.285136899999941], [112.6749976000001, -7.285618199999931], [112.67493900000011, -7.286409699999979], [112.67509240000004, -7.286540099999968], [112.67509230000007, -7.286547], [112.6749972, -7.28661939999995], [112.67492160000006, -7.286677], [112.67489160000002, -7.28680049999997], [112.67486080000003, -7.286927499999933], [112.67487060000008, -7.287122899999929], [112.6748315000001, -7.287357399999962], [112.67477290000011, -7.287484399999926], [112.67480220000004, -7.287679799999978], [112.6746068000001, -7.287845899999979], [112.67500740000003, -7.288510299999928], [112.67501720000007, -7.288568899999973], [112.67479240000011, -7.288832699999944], [112.67474360000006, -7.288871799999981], [112.67462630000011, -7.288852299999974], [112.67436250000003, -7.288666599999942], [112.6739033, -7.288402799999972], [112.67382520000001, -7.288324699999976], [112.6737372, -7.288060899999948], [112.67367860000002, -7.288012], [112.67357110000012, -7.288012], [112.67351090000011, -7.288072199999931], [112.67287130000011, -7.290912899999967], [112.67286110000009, -7.290958099999955], [112.67227030000004, -7.290845599999955], [112.67224110000006, -7.290955199999928], [112.67214610000008, -7.29148129999993], [112.67206570000008, -7.291941699999938], [112.6719395, -7.292523599999981], [112.67193420000001, -7.292548099999976], [112.67190620000008, -7.292543199999955], [112.67171470000005, -7.293796099999952], [112.67225210000004, -7.293903599999965], [112.67229120000002, -7.293923099999972], [112.67231520000007, -7.293959199999961], [112.6723498, -7.294011099999977], [112.67232070000011, -7.29416649999996], [112.67232050000007, -7.294167399999935], [112.67290350000007, -7.294170799999961], [112.67316470000003, -7.294172399999979], [112.67453300000011, -7.294216799999958], [112.67556920000004, -7.294250499999976], [112.67556910000008, -7.294272499999977], [112.67556820000004, -7.294471099999953], [112.67555980000009, -7.296409], [112.67555, -7.29645], [112.6755700000001, -7.29669], [112.67558, -7.29731], [112.67559, -7.29785], [112.6755836000001, -7.298307299999976], [112.67558, -7.29857], [112.67558, -7.29918], [112.67558, -7.299282799999958], [112.67538600000012, -7.299468399999967], [112.6752421000001, -7.299606099999949], [112.67419870000003, -7.300127699999962], [112.67408530000012, -7.300218499999971], [112.67403990000003, -7.300717499999962], [112.67379040000003, -7.301896899999974], [112.67379040000003, -7.302259799999945], [112.6739265000001, -7.302940199999966], [112.67408530000012, -7.303099], [112.6744748000001, -7.303594699999962], [112.67434530000003, -7.303858199999979], [112.6743100000001, -7.30393], [112.6743100000001, -7.304307599999959], [112.6743100000001, -7.30453], [112.6743, -7.30495], [112.67429040000002, -7.305488299999979], [112.67429, -7.30551], [112.67432, -7.30586], [112.67436, -7.3062], [112.67438, -7.30648], [112.67436, -7.30703], [112.6743593000001, -7.30703509999995], [112.67432, -7.30732], [112.6743169, -7.307339199999944], [112.67430600000012, -7.307405399999936], [112.67423, -7.30787], [112.67417000000012, -7.30828], [112.67408000000012, -7.30869], [112.67406030000006, -7.308867299999974], [112.67406, -7.30887], [112.67405740000004, -7.308887899999945], [112.674, -7.30929], [112.67397, -7.3095], [112.67388060000007, -7.309897199999966], [112.67388, -7.3099], [112.67385, -7.31002], [112.67376, -7.3105], [112.67372240000009, -7.310665399999948], [112.67361, -7.31116], [112.67352, -7.31159], [112.67349950000005, -7.311692699999981], [112.67349, -7.31174], [112.67337, -7.3123], [112.67335260000004, -7.312373599999944], [112.67329570000004, -7.31261509999996], [112.67312, -7.31336], [112.67298, -7.31406], [112.672969, -7.314084399999956], [112.6728, -7.31446], [112.67265570000006, -7.314866699999925], [112.67236, -7.3157], [112.67184, -7.31685], [112.67162, -7.31712], [112.67157, -7.31719], [112.6716100000001, -7.31753], [112.67160440000009, -7.317601499999967], [112.672412, -7.317643399999952], [112.67321820000006, -7.317760399999941], [112.67441440000005, -7.318007499999965], [112.6754979000001, -7.318315599999949], [112.67583170000012, -7.318410599999936], [112.67734, -7.318787699999973], [112.67782870000008, -7.318930199999954], [112.67800430000011, -7.318981399999927], [112.67800000000011, -7.319], [112.6781, -7.31904], [112.67844, -7.31915], [112.678878, -7.319276099999968], [112.6791, -7.31934], [112.6792, -7.31936], [112.6792041000001, -7.319376399999953], [112.6792200000001, -7.31944], [112.6792091000001, -7.319472799999971], [112.6792, -7.3195], [112.67921060000003, -7.319503]]] 
      }
    },
    {
      "type": "Feature",
      "properties": {
        "district_id": "3578140",
        "province": "Jawa Timur",
        "regency": "Surabaya",
        "district": "Lakarsantri",
        "pria": 32427,
        "wanita": 32586,
        "total_penduduk": 65013
      },
      "geometry": {
        "type": "Polygon",
        "coordinates": [[[112.66720120000002, -7.334992199999931], [112.66727, -7.33498], [112.6673300000001, -7.33497], [112.66786, -7.335], [112.66807, -7.33501], [112.66849160000004, -7.335212], [112.66855, -7.33524], [112.66912, -7.33542], [112.66955, -7.33568], [112.67018, -7.33622], [112.67079, -7.3366], [112.6713, -7.33665], [112.67177, -7.33621], [112.67175, -7.33601], [112.67168, -7.33551], [112.67171, -7.33508], [112.67172, -7.33494], [112.67171, -7.3348], [112.67173, -7.33465], [112.67169, -7.33447], [112.67163, -7.33423], [112.671636, -7.334187699999973], [112.67164, -7.33416], [112.67185, -7.33417], [112.67245, -7.33404], [112.67276, -7.33402], [112.67306, -7.33403], [112.67353, -7.33414], [112.67463, -7.33466], [112.67468550000001, -7.334681299999943], [112.67468960000008, -7.334637399999963], [112.67465730000004, -7.334577299999978], [112.67462490000003, -7.334507899999949], [112.67466190000005, -7.334327499999972], [112.67462950000004, -7.334244299999966], [112.67463410000005, -7.334170299999926], [112.67473590000009, -7.333754099999965], [112.6747405000001, -7.333504399999981], [112.674796, -7.333296299999972], [112.67483760000005, -7.33325], [112.67487460000007, -7.333222299999932], [112.6749162000001, -7.333185299999968], [112.67499750000002, -7.333104], [112.67499640000005, -7.333103599999959], [112.6751068000001, -7.332858699999974], [112.67540180000003, -7.331973699999935], [112.67547470000011, -7.33183379999997], [112.67547650000006, -7.331830399999944], [112.67568850000009, -7.331423299999926], [112.67594980000001, -7.331231399999979], [112.67630130000009, -7.33031109999996], [112.6763059000001, -7.330297299999927], [112.6763671000001, -7.330315], [112.67666570000006, -7.330338599999948], [112.67719860000011, -7.330380799999944], [112.67756830000008, -7.330188199999952], [112.67862, -7.32964], [112.67892, -7.32934], [112.67915180000011, -7.328951399999937], [112.67923770000004, -7.32880739999996], [112.67926000000011, -7.32877], [112.67944000000011, -7.32741], [112.67944530000011, -7.327270899999974], [112.67951080000012, -7.325554899999929], [112.6795244000001, -7.325199899999973], [112.67954, -7.32479], [112.67945, -7.32369], [112.67942650000009, -7.323680699999954], [112.67921060000003, -7.319503], [112.6792, -7.3195], [112.6792091000001, -7.319472799999971], [112.6792200000001, -7.31944], [112.6792041000001, -7.319376399999953], [112.6792, -7.31936], [112.6791, -7.31934], [112.678878, -7.319276099999968], [112.67844, -7.31915], [112.6781, -7.31904], [112.67800000000011, -7.319], [112.67800430000011, -7.318981399999927], [112.67782870000008, -7.318930199999954], [112.67734, -7.318787699999973], [112.67583170000012, -7.318410599999936], [112.6754979000001, -7.318315599999949], [112.67441440000005, -7.318007499999965], [112.67321820000006, -7.317760399999941], [112.672412, -7.317643399999952], [112.67160440000009, -7.317601499999967], [112.6716100000001, -7.31753], [112.67157, -7.31719], [112.67162, -7.31712], [112.67184, -7.31685], [112.67236, -7.3157], [112.67265570000006, -7.314866699999925], [112.6728, -7.31446], [112.672969, -7.314084399999956], [112.67298, -7.31406], [112.67312, -7.31336], [112.67329570000004, -7.31261509999996], [112.67335260000004, -7.312373599999944], [112.67337, -7.3123], [112.67349, -7.31174], [112.67349950000005, -7.311692699999981], [112.67352, -7.31159], [112.67361, -7.31116], [112.67372240000009, -7.310665399999948], [112.67376, -7.3105], [112.67385, -7.31002], [112.67388, -7.3099], [112.67388060000007, -7.309897199999966], [112.67397, -7.3095], [112.674, -7.30929], [112.67405740000004, -7.308887899999945], [112.67406, -7.30887], [112.67406030000006, -7.308867299999974], [112.67408000000012, -7.30869], [112.67417000000012, -7.30828], [112.67423, -7.30787], [112.67430600000012, -7.307405399999936], [112.6743169, -7.307339199999944], [112.67432, -7.30732], [112.6743593000001, -7.30703509999995], [112.67436, -7.30703], [112.67438, -7.30648], [112.67436, -7.3062], [112.67432, -7.30586], [112.67429, -7.30551], [112.67429040000002, -7.305488299999979], [112.6743, -7.30495], [112.6743100000001, -7.30453], [112.6743100000001, -7.304307599999959], [112.6743100000001, -7.30393], [112.67434530000003, -7.303858199999979], [112.6744748000001, -7.303594699999962], [112.67408530000012, -7.303099], [112.6739265000001, -7.302940199999966], [112.67379040000003, -7.302259799999945], [112.67379040000003, -7.301896899999974], [112.67403990000003, -7.300717499999962], [112.67408530000012, -7.300218499999971], [112.67419870000003, -7.300127699999962], [112.6752421000001, -7.299606099999949], [112.67538600000012, -7.299468399999967], [112.67558, -7.299282799999958], [112.67558, -7.29918], [112.67558, -7.29857], [112.6755836000001, -7.298307299999976], [112.67559, -7.29785], [112.67558, -7.29731], [112.6755700000001, -7.29669], [112.67555, -7.29645], [112.67555980000009, -7.296409], [112.67556820000004, -7.294471099999953], [112.67556910000008, -7.294272499999977], [112.67556920000004, -7.294250499999976], [112.67453300000011, -7.294216799999958], [112.67316470000003, -7.294172399999979], [112.67290350000007, -7.294170799999961], [112.67232050000007, -7.294167399999935], [112.67232070000011, -7.29416649999996], [112.6723498, -7.294011099999977], [112.67231520000007, -7.293959199999961], [112.67229120000002, -7.293923099999972], [112.67225210000004, -7.293903599999965], [112.67171470000005, -7.293796099999952], [112.67190620000008, -7.292543199999955], [112.6715177000001, -7.292475099999933], [112.6715, -7.292604099999949], [112.67114540000011, -7.292456299999969], [112.66965130000006, -7.292121799999961], [112.66942830000005, -7.291854199999932], [112.66898230000004, -7.291765], [112.66862550000008, -7.291742799999952], [112.66839570000002, -7.291714], [112.66826870000011, -7.291698199999928], [112.668068, -7.291898799999956], [112.66737680000006, -7.291854199999932], [112.66702, -7.291742799999952], [112.66648010000006, -7.291685899999948], [112.66627790000007, -7.291523799999936], [112.6654271000001, -7.291415299999926], [112.6632737000001, -7.291140699999971], [112.6631413, -7.291116399999964], [112.66251610000006, -7.291001899999969], [112.66246890000002, -7.290993199999946], [112.66246930000011, -7.290989499999966], [112.66234680000002, -7.290970899999934], [112.66079330000002, -7.290686199999925], [112.6600396, -7.290520099999981], [112.6586354000001, -7.290137199999947], [112.65763530000004, -7.289925799999935], [112.6567894000001, -7.289747], [112.65676, -7.2898], [112.65670050000006, -7.28988929999997], [112.65597090000006, -7.289629899999966], [112.65589260000002, -7.289602], [112.65588360000004, -7.289616399999943], [112.6556250000001, -7.290025699999944], [112.65437480000003, -7.290003799999965], [112.65414670000007, -7.289999799999975], [112.65208240000004, -7.289963599999965], [112.65207540000006, -7.289963399999976], [112.65207520000001, -7.289970699999969], [112.65206280000007, -7.290416199999981], [112.65062790000002, -7.290359599999931], [112.65053780000005, -7.290356], [112.650598, -7.290857699999947], [112.65024620000008, -7.290960899999959], [112.65020370000002, -7.290973399999928], [112.64936150000005, -7.291220599999974], [112.64935780000008, -7.291221699999937], [112.64841070000011, -7.29149979999994], [112.6483922000001, -7.29150489999995], [112.64818860000003, -7.290487299999938], [112.64775650000001, -7.288517099999979], [112.64775150000003, -7.288494399999934], [112.64768580000009, -7.288484099999948], [112.64768050000009, -7.288450399999931], [112.647399, -7.288522299999954], [112.64729000000011, -7.28854], [112.64675000000011, -7.28862], [112.64626, -7.28873], [112.64588, -7.28882], [112.64579, -7.28884], [112.6456, -7.28888], [112.64517, -7.28891], [112.64419, -7.28884], [112.644, -7.28877], [112.64348, -7.28868], [112.64295, -7.28866], [112.64276, -7.28865], [112.64237, -7.28868], [112.642228, -7.288677199999938], [112.64187, -7.28867], [112.64169, -7.28865], [112.64141, -7.2886], [112.64121000000011, -7.28857], [112.64119290000008, -7.288567899999975], [112.64118180000003, -7.288566499999945], [112.64097, -7.28854], [112.64066, -7.28854], [112.64041, -7.28858], [112.64006, -7.28864], [112.63974, -7.28865], [112.63955, -7.28866], [112.63904, -7.28867], [112.63821, -7.28869], [112.63804, -7.28872], [112.63766, -7.2889], [112.63749, -7.28904], [112.63748120000002, -7.289030299999979], [112.63726770000005, -7.28924539999997], [112.63709680000011, -7.289040299999954], [112.63702450000005, -7.288955899999962], [112.63689580000005, -7.288807199999951], [112.63687180000011, -7.288763], [112.63685850000002, -7.288758899999948], [112.63683, -7.28875], [112.63674, -7.28866], [112.63669, -7.28857], [112.6365300000001, -7.28855], [112.63621, -7.28865], [112.63592, -7.28875], [112.63558, -7.28891], [112.63529, -7.28905], [112.63512710000009, -7.289097499999968], [112.63505, -7.28912], [112.63503790000004, -7.289121699999953], [112.63498, -7.28913], [112.6348200000001, -7.28914], [112.63450000000012, -7.28911], [112.63409, -7.28905], [112.63372, -7.28909], [112.63346, -7.28902], [112.63314, -7.2889], [112.6326, -7.2887], [112.6325, -7.28865], [112.63243100000011, -7.288653099999976], [112.63184, -7.28868], [112.63165, -7.28875], [112.6314, -7.28885], [112.63088, -7.2891], [112.6306, -7.2891], [112.63051, -7.2891], [112.62997, -7.28912], [112.62962, -7.28921], [112.62919000000011, -7.28934], [112.62914, -7.28937], [112.629, -7.28946], [112.6289382000001, -7.289500399999952], [112.6287400000001, -7.28963], [112.62865350000004, -7.289668399999925], [112.62865440000007, -7.289665099999979], [112.62865280000005, -7.289640099999929], [112.62859160000005, -7.289646399999981], [112.62863240000001, -7.289737399999979], [112.62855810000008, -7.289960399999927], [112.62857050000002, -7.290703699999938], [112.62857050000002, -7.291447099999971], [112.62854570000002, -7.292165699999941], [112.62847140000008, -7.292933799999958], [112.62838460000012, -7.293478899999968], [112.62832540000011, -7.29377489999996], [112.62834180000004, -7.293825499999969], [112.62829580000005, -7.294229399999949], [112.628189, -7.294842599999981], [112.6280746000001, -7.295547799999952], [112.62802880000004, -7.295859199999938], [112.62800590000006, -7.295942599999933], [112.6279144, -7.296210099999939], [112.62786860000006, -7.296435699999961], [112.62780960000009, -7.296683599999938], [112.62776940000003, -7.296852399999977], [112.62770840000007, -7.297149], [112.62757870000007, -7.297623499999929], [112.6275558000001, -7.297685], [112.62743650000004, -7.29801539999994], [112.62734980000005, -7.298255299999937], [112.62710570000002, -7.298534699999948], [112.62699120000002, -7.298657799999944], [112.62690730000008, -7.298755], [112.62683860000004, -7.298888499999975], [112.62676230000011, -7.299080699999934], [112.62652390000005, -7.299641299999962], [112.62642660000006, -7.299869899999976], [112.6263732000001, -7.299958099999969], [112.6263351, -7.29998], [112.62622060000001, -7.300080099999946], [112.6274261000001, -7.300417699999969], [112.6277847, -7.300681399999974], [112.62835690000009, -7.300780199999963], [112.62843320000002, -7.300870299999929], [112.62845880000009, -7.300900699999943], [112.62858570000003, -7.301051499999971], [112.62869260000002, -7.301264099999969], [112.6287383, -7.301442899999927], [112.6287307, -7.301601699999935], [112.6287307, -7.301639399999942], [112.62869260000002, -7.302070499999957], [112.6287307, -7.302189699999929], [112.62882990000003, -7.302401399999951], [112.628807, -7.302485799999943], [112.6287383, -7.302593099999967], [112.62867260000007, -7.302687499999934], [112.62866970000005, -7.302691799999934], [112.62871560000008, -7.30270239999993], [112.628774, -7.303341699999976], [112.62885590000008, -7.304210199999943], [112.62926390000007, -7.308536599999968], [112.62914400000011, -7.308591099999944], [112.62924270000008, -7.309084299999938], [112.62925710000002, -7.309156399999949], [112.62941890000002, -7.311640399999931], [112.63091280000003, -7.311544399999946], [112.63371280000001, -7.311438099999975], [112.63397150000003, -7.311443899999972], [112.63659440000004, -7.311503099999925], [112.63659, -7.31193], [112.63652, -7.31255], [112.63648030000002, -7.312897299999975], [112.63648220000005, -7.312898], [112.637001, -7.313098699999955], [112.63725270000009, -7.31305969999994], [112.637535, -7.31297909999995], [112.63806910000005, -7.312815499999942], [112.6382446, -7.312852199999952], [112.63849630000004, -7.312946699999941], [112.6386566000001, -7.313066299999946], [112.63884730000007, -7.313306199999943], [112.63903040000002, -7.313494099999957], [112.63915250000002, -7.313545099999942], [112.63928220000003, -7.313542699999971], [112.639717, -7.313502599999936], [112.64006040000004, -7.31354319999997], [112.64029690000007, -7.313632299999938], [112.64060970000003, -7.313744399999962], [112.64077750000001, -7.313694799999951], [112.64089960000001, -7.313597099999981], [112.64128110000001, -7.313218399999926], [112.64138030000004, -7.313228899999956], [112.64159390000009, -7.313326199999949], [112.64203640000005, -7.313551799999971], [112.64241020000009, -7.31360559999996], [112.6424674000001, -7.313619599999981], [112.642929, -7.313732], [112.64334860000008, -7.313844499999959], [112.64422600000012, -7.314041499999973], [112.64491260000011, -7.314113], [112.64603420000003, -7.314128199999971], [112.64739220000001, -7.314272699999947], [112.64760580000006, -7.314309899999955], [112.64760980000005, -7.314310599999942], [112.64802550000002, -7.314379499999973], [112.6487959000001, -7.314485799999943], [112.64949260000003, -7.314581799999928], [112.64945680000005, -7.314594899999975], [112.64934660000006, -7.314615299999957], [112.64923640000006, -7.314823399999966], [112.64916710000011, -7.31497429999996], [112.6491426, -7.31514569999996], [112.64909160000002, -7.315408899999966], [112.64905080000005, -7.31556809999995], [112.64901810000003, -7.315727199999969], [112.64897330000008, -7.315951599999948], [112.64894470000002, -7.31626579999994], [112.64885290000007, -7.316553499999941], [112.64881620000006, -7.31668], [112.6487509000001, -7.316802399999972], [112.64873450000005, -7.316908499999954], [112.6487264000001, -7.317100299999936], [112.64871970000002, -7.317140299999949], [112.64868150000007, -7.31736959999995], [112.648657, -7.317553199999963], [112.64862640000001, -7.317759299999977], [112.6485652, -7.317971499999942], [112.64849580000009, -7.318240799999955], [112.64843460000009, -7.318502], [112.64839790000008, -7.318746799999928], [112.64833670000007, -7.318987499999935], [112.64839790000008, -7.319122199999981], [112.64850810000007, -7.319252799999958], [112.6486509, -7.319269099999929], [112.64881820000005, -7.319277299999953], [112.6489855000001, -7.319314], [112.64909750000004, -7.319321299999956], [112.64909750000004, -7.319324199999926], [112.64912170000002, -7.319329], [112.64922330000002, -7.319375], [112.64929560000007, -7.319419899999957], [112.64931280000008, -7.319430599999976], [112.64938780000011, -7.319469399999946], [112.64943740000001, -7.319528599999956], [112.64952210000001, -7.31962539999995], [112.649584, -7.319693299999926], [112.6496479000001, -7.319763299999977], [112.64972050000006, -7.319826199999966], [112.64979070000004, -7.319879399999934], [112.64991410000005, -7.319923], [112.64994310000009, -7.31993749999998], [112.65006890000006, -7.320029399999953], [112.65014870000005, -7.320150399999932], [112.65015850000009, -7.32016619999996], [112.65018380000004, -7.320207299999936], [112.65024430000005, -7.320342799999935], [112.6502564000001, -7.320371799999975], [112.65025160000005, -7.320519399999966], [112.65033380000011, -7.320657299999937], [112.6504887000001, -7.320792799999936], [112.65053220000004, -7.320829099999969], [112.65059880000001, -7.320888299999979], [112.65067130000011, -7.320956099999933], [112.65073180000002, -7.321045599999934], [112.65076090000002, -7.32108919999996], [112.65076330000011, -7.321185899999932], [112.65075840000009, -7.321270599999934], [112.65078620000008, -7.321326099999965], [112.65079960000003, -7.321352899999965], [112.65084310000009, -7.321432699999946], [112.6508794, -7.32147139999995], [112.650884, -7.321473499999968], [112.6508788000001, -7.321515399999953], [112.6507415000001, -7.322682699999973], [112.65069570000003, -7.323003599999936], [112.65061180000009, -7.323579099999961], [112.65052790000004, -7.32417], [112.65042110000002, -7.325058299999966], [112.65039840000009, -7.325302699999952], [112.65026090000003, -7.326783], [112.65023030000009, -7.32705859999993], [112.65013880000004, -7.327623699999947], [112.65013880000004, -7.327741899999978], [112.650017, -7.327741899999978], [112.6496221000001, -7.328047599999934], [112.64949480000007, -7.32820049999998], [112.64938010000003, -7.328493499999979], [112.64938010000003, -7.328620799999953], [112.6492273, -7.328862899999933], [112.64903620000007, -7.329155799999967], [112.64904890000003, -7.329487], [112.64909990000001, -7.33048059999993], [112.64911260000008, -7.331155699999954], [112.64913810000007, -7.331678], [112.64913810000007, -7.332416799999976], [112.64916360000007, -7.332722499999932], [112.64903620000007, -7.333040899999958], [112.64889610000012, -7.333461299999954], [112.64878140000008, -7.333601399999964], [112.64857530000006, -7.334239799999978], [112.64857530000006, -7.334816599999954], [112.64850910000007, -7.335300299999972], [112.65025330000003, -7.336403399999938], [112.6520081000001, -7.337533], [112.65383150000002, -7.338997799999959], [112.65442660000008, -7.340102199999933], [112.65463260000001, -7.340078799999958], [112.65498350000007, -7.340556099999958], [112.65575410000008, -7.342586], [112.65597530000002, -7.345558599999947], [112.65570830000001, -7.349159699999973], [112.65515140000002, -7.353210399999966], [112.65438080000001, -7.356211199999962], [112.65470850000008, -7.35672169999998], [112.655109, -7.356888499999968], [112.65604350000001, -7.356888499999968], [112.65634340000008, -7.356820099999936], [112.65686590000007, -7.356191399999943], [112.65693660000011, -7.356088799999952], [112.65836020000006, -7.354026], [112.65899980000006, -7.353643699999964], [112.65953030000003, -7.353641699999969], [112.65962060000004, -7.353641399999958], [112.65979760000005, -7.353587], [112.66078180000011, -7.353083], [112.66091520000009, -7.352994199999955], [112.66097920000004, -7.352919399999962], [112.66148010000006, -7.352334], [112.66195440000001, -7.351779599999929], [112.66242490000002, -7.351342899999963], [112.66309050000007, -7.351316199999928], [112.66309120000005, -7.351322699999969], [112.66314690000002, -7.351301], [112.66363170000011, -7.351381799999956], [112.66376490000005, -7.351404], [112.66446680000001, -7.351444599999979], [112.66456920000007, -7.351440499999967], [112.66458220000004, -7.350902899999937], [112.66458350000005, -7.350847699999974], [112.66470390000006, -7.34982059999993], [112.66469250000011, -7.349519599999951], [112.66468780000002, -7.349395299999969], [112.66465570000003, -7.349114499999928], [112.66460760000007, -7.348913899999957], [112.6645995, -7.348488599999939], [112.664601, -7.348407799999961], [112.664614, -7.347665699999936], [112.66463310000006, -7.34763659999993], [112.66470090000007, -7.346757799999978], [112.66478410000002, -7.345680099999981], [112.6649076000001, -7.344190099999935], [112.66488970000012, -7.344180799999947], [112.66497170000002, -7.343322299999954], [112.66505080000002, -7.34249449999993], [112.66507790000003, -7.342216699999938], [112.66514970000003, -7.341479099999958], [112.6651998000001, -7.340964799999938], [112.66525, -7.340448799999933], [112.6652544000001, -7.340403599999945], [112.66512910000006, -7.340395699999931], [112.66501950000008, -7.340403599999945], [112.66497250000009, -7.340348799999958], [112.66480800000011, -7.340192099999967], [112.66460440000003, -7.340019799999936], [112.66447130000006, -7.339871099999925], [112.66441650000002, -7.339941499999952], [112.6643616, -7.339965], [112.66418150000004, -7.339957199999958], [112.66404840000007, -7.339925899999969], [112.66395440000008, -7.339910199999963], [112.66386040000009, -7.339855399999976], [112.66371160000006, -7.339808399999981], [112.66360980000002, -7.33973009999994], [112.66341410000007, -7.339651799999956], [112.66315450000002, -7.339545299999941], [112.66318510000008, -7.339468799999963], [112.66319270000008, -7.339341499999932], [112.66308590000006, -7.339082099999928], [112.66271960000006, -7.338460299999952], [112.66241450000007, -7.337957699999947], [112.66224660000012, -7.337757899999929], [112.6616821, -7.337388799999928], [112.66151420000006, -7.337203399999964], [112.66142270000012, -7.337001599999951], [112.66139210000006, -7.336758], [112.66125480000005, -7.33665069999995], [112.66123190000008, -7.336566299999959], [112.66115560000003, -7.336422299999981], [112.660942, -7.336213899999962], [112.660881, -7.335970199999963], [112.66088030000003, -7.335969399999954], [112.66114, -7.33551], [112.66172, -7.33482], [112.66215000000011, -7.33461], [112.66246, -7.33462], [112.66321, -7.33486], [112.66329, -7.33497], [112.6634, -7.33503], [112.66386000000011, -7.33524], [112.66414, -7.3354], [112.6645, -7.33564], [112.66513, -7.33598], [112.66519, -7.3359], [112.66523, -7.33558], [112.66525, -7.33546], [112.6653500000001, -7.33532], [112.6656200000001, -7.33517], [112.6658000000001, -7.33512], [112.66606, -7.33514], [112.66648, -7.33512], [112.66720120000002, -7.334992199999931]]] 
      }
    },
    {
      "type": "Feature",
      "properties": {
        "district_id": "3578141",
        "province": "Jawa Timur",
        "regency": "Surabaya",
        "district": "Sambikerep",
        "pria": 34299,
        "wanita": 34777,
        "total_penduduk": 69076
      },
      "geometry": {
        "type": "Polygon",
        "coordinates": [[[112.63616, -7.26459], [112.63591, -7.2647], [112.63555, -7.26466], [112.63506, -7.2645], [112.63476, -7.26422], [112.6346, -7.26413], [112.63393, -7.26406], [112.6334, -7.26394], [112.63303, -7.26395], [112.6328, -7.26403], [112.63279720000003, -7.264031], [112.63279720000003, -7.264034099999947], [112.632553, -7.264456099999961], [112.63203420000002, -7.265354499999944], [112.63170620000005, -7.266198], [112.631607, -7.267241299999966], [112.63172340000006, -7.26835449999993], [112.6317901000001, -7.268992299999979], [112.63189690000002, -7.270885299999975], [112.63195030000009, -7.272157], [112.6316528000001, -7.273849799999937], [112.63136280000003, -7.274660899999958], [112.63110350000011, -7.275003799999979], [112.63095850000002, -7.275009], [112.63066860000004, -7.275022299999932], [112.6305618, -7.275120099999981], [112.63043970000001, -7.275211199999944], [112.63036340000008, -7.275268899999958], [112.6302184000001, -7.275313199999971], [112.62953940000011, -7.275507299999958], [112.62947080000004, -7.275525399999935], [112.629158, -7.275712799999951], [112.62907580000001, -7.275758], [112.6290130000001, -7.275792399999943], [112.62865440000007, -7.276020899999935], [112.628395, -7.276057099999946], [112.62819660000002, -7.27607809999995], [112.62789150000003, -7.276075699999978], [112.627716, -7.276057099999946], [112.62767020000001, -7.276101], [112.62763210000003, -7.276259699999969], [112.6275558000001, -7.27638509999997], [112.62747950000005, -7.276431399999979], [112.62715140000012, -7.276487199999963], [112.62688440000011, -7.276482], [112.6267471000001, -7.276611699999933], [112.62654110000005, -7.276946899999928], [112.62644190000003, -7.277101399999935], [112.62640370000008, -7.277211499999964], [112.6264572, -7.277237299999967], [112.62653340000008, -7.277274399999953], [112.62685390000001, -7.277395599999977], [112.62722010000005, -7.277459499999964], [112.62727350000011, -7.277968299999941], [112.6274413000001, -7.27808559999994], [112.62788380000006, -7.278299199999935], [112.62803640000004, -7.278465599999947], [112.62816610000004, -7.278729299999952], [112.62816610000004, -7.278896199999963], [112.62808980000011, -7.279004], [112.62787620000006, -7.279132199999935], [112.62771160000011, -7.27925259999995], [112.6277007000001, -7.279260499999964], [112.6275634000001, -7.279466499999955], [112.6274337000001, -7.279770699999972], [112.62728880000009, -7.280178899999953], [112.62719720000007, -7.280443], [112.62680050000006, -7.280935599999964], [112.62674650000008, -7.281102799999928], [112.62670890000004, -7.281219299999975], [112.62669370000003, -7.281994699999927], [112.62671650000004, -7.282863499999962], [112.62685390000001, -7.283354599999939], [112.62705990000006, -7.283731799999941], [112.62719370000002, -7.284029499999974], [112.62728880000009, -7.284241], [112.62747950000005, -7.284467499999948], [112.62774650000006, -7.284787499999936], [112.62801350000007, -7.285127], [112.62819660000002, -7.285759799999937], [112.62819690000003, -7.285761299999933], [112.62828060000004, -7.286203199999932], [112.62834160000011, -7.286845599999936], [112.62839970000005, -7.287575499999946], [112.62844080000002, -7.288092499999948], [112.62855520000005, -7.28856449999995], [112.62861630000009, -7.28907479999998], [112.62865280000005, -7.289640099999929], [112.62865440000007, -7.289665099999979], [112.62865350000004, -7.289668399999925], [112.6287400000001, -7.28963], [112.6289382000001, -7.289500399999952], [112.629, -7.28946], [112.62914, -7.28937], [112.62919000000011, -7.28934], [112.62962, -7.28921], [112.62997, -7.28912], [112.63051, -7.2891], [112.6306, -7.2891], [112.63088, -7.2891], [112.6314, -7.28885], [112.63165, -7.28875], [112.63184, -7.28868], [112.63243100000011, -7.288653099999976], [112.6325, -7.28865], [112.6326, -7.2887], [112.63314, -7.2889], [112.63346, -7.28902], [112.63372, -7.28909], [112.63409, -7.28905], [112.63450000000012, -7.28911], [112.6348200000001, -7.28914], [112.63498, -7.28913], [112.63503790000004, -7.289121699999953], [112.63505, -7.28912], [112.63512710000009, -7.289097499999968], [112.63529, -7.28905], [112.63558, -7.28891], [112.63592, -7.28875], [112.63621, -7.28865], [112.6365300000001, -7.28855], [112.63669, -7.28857], [112.63674, -7.28866], [112.63683, -7.28875], [112.63685850000002, -7.288758899999948], [112.63687180000011, -7.288763], [112.63689580000005, -7.288807199999951], [112.63702450000005, -7.288955899999962], [112.63709680000011, -7.289040299999954], [112.63726770000005, -7.28924539999997], [112.63748120000002, -7.289030299999979], [112.63749, -7.28904], [112.63766, -7.2889], [112.63804, -7.28872], [112.63821, -7.28869], [112.63904, -7.28867], [112.63955, -7.28866], [112.63974, -7.28865], [112.64006, -7.28864], [112.64041, -7.28858], [112.64066, -7.28854], [112.64097, -7.28854], [112.64118180000003, -7.288566499999945], [112.64119290000008, -7.288567899999975], [112.64121000000011, -7.28857], [112.64141, -7.2886], [112.64169, -7.28865], [112.64187, -7.28867], [112.642228, -7.288677199999938], [112.64237, -7.28868], [112.64276, -7.28865], [112.64295, -7.28866], [112.64348, -7.28868], [112.644, -7.28877], [112.64419, -7.28884], [112.64517, -7.28891], [112.6456, -7.28888], [112.64579, -7.28884], [112.64588, -7.28882], [112.64626, -7.28873], [112.64675000000011, -7.28862], [112.64729000000011, -7.28854], [112.647399, -7.288522299999954], [112.64768050000009, -7.288450399999931], [112.64768580000009, -7.288484099999948], [112.64775150000003, -7.288494399999934], [112.64775650000001, -7.288517099999979], [112.64818860000003, -7.290487299999938], [112.6483922000001, -7.29150489999995], [112.64841070000011, -7.29149979999994], [112.64935780000008, -7.291221699999937], [112.64936150000005, -7.291220599999974], [112.65020370000002, -7.290973399999928], [112.65024620000008, -7.290960899999959], [112.650598, -7.290857699999947], [112.65053780000005, -7.290356], [112.65062790000002, -7.290359599999931], [112.65206280000007, -7.290416199999981], [112.65207520000001, -7.289970699999969], [112.65207540000006, -7.289963399999976], [112.65208240000004, -7.289963599999965], [112.65414670000007, -7.289999799999975], [112.65437480000003, -7.290003799999965], [112.6556250000001, -7.290025699999944], [112.65588360000004, -7.289616399999943], [112.65589260000002, -7.289602], [112.65597090000006, -7.289629899999966], [112.65670050000006, -7.28988929999997], [112.65676, -7.2898], [112.6567894000001, -7.289747], [112.65763530000004, -7.289925799999935], [112.6586354000001, -7.290137199999947], [112.6600396, -7.290520099999981], [112.66079330000002, -7.290686199999925], [112.66234680000002, -7.290970899999934], [112.66246930000011, -7.290989499999966], [112.66246890000002, -7.290993199999946], [112.66251610000006, -7.291001899999969], [112.6631413, -7.291116399999964], [112.6632737000001, -7.291140699999971], [112.6654271000001, -7.291415299999926], [112.66627790000007, -7.291523799999936], [112.66648010000006, -7.291685899999948], [112.66702, -7.291742799999952], [112.66737680000006, -7.291854199999932], [112.668068, -7.291898799999956], [112.66826870000011, -7.291698199999928], [112.66839570000002, -7.291714], [112.66862550000008, -7.291742799999952], [112.66898230000004, -7.291765], [112.66942830000005, -7.291854199999932], [112.66965130000006, -7.292121799999961], [112.67114540000011, -7.292456299999969], [112.6715, -7.292604099999949], [112.6715177000001, -7.292475099999933], [112.67190620000008, -7.292543199999955], [112.67193420000001, -7.292548099999976], [112.6719395, -7.292523599999981], [112.67206570000008, -7.291941699999938], [112.67214610000008, -7.29148129999993], [112.67224110000006, -7.290955199999928], [112.67227030000004, -7.290845599999955], [112.67286110000009, -7.290958099999955], [112.67287130000011, -7.290912899999967], [112.67351090000011, -7.288072199999931], [112.67357110000012, -7.288012], [112.67367860000002, -7.288012], [112.6737372, -7.288060899999948], [112.67382520000001, -7.288324699999976], [112.6739033, -7.288402799999972], [112.67436250000003, -7.288666599999942], [112.67462630000011, -7.288852299999974], [112.67474360000006, -7.288871799999981], [112.67479240000011, -7.288832699999944], [112.67501720000007, -7.288568899999973], [112.67500740000003, -7.288510299999928], [112.6746068000001, -7.287845899999979], [112.67480220000004, -7.287679799999978], [112.67477290000011, -7.287484399999926], [112.6748315000001, -7.287357399999962], [112.67487060000008, -7.287122899999929], [112.67486080000003, -7.286927499999933], [112.67489160000002, -7.28680049999997], [112.67492160000006, -7.286677], [112.6749972, -7.28661939999995], [112.67509230000007, -7.286547], [112.67509240000004, -7.286540099999968], [112.67493900000011, -7.286409699999979], [112.6749976000001, -7.285618199999931], [112.67510310000011, -7.285136899999941], [112.67510690000006, -7.285119599999973], [112.674348, -7.285092], [112.67434, -7.28499549999998], [112.674333, -7.284912], [112.67430390000004, -7.284563], [112.67418670000006, -7.284543499999927], [112.6742273000001, -7.283885399999974], [112.67402060000006, -7.283849799999928], [112.67407920000005, -7.283048599999972], [112.67411830000003, -7.282706599999926], [112.67534940000007, -7.282882499999971], [112.67532, -7.283077899999967], [112.67534440000009, -7.28308009999995], [112.67552460000002, -7.283096099999966], [112.67637520000005, -7.283279199999981], [112.67637270000012, -7.283303], [112.67764820000002, -7.283580399999948], [112.67794370000001, -7.283644699999968], [112.67857590000006, -7.283782299999928], [112.67858940000008, -7.28373339999996], [112.67869, -7.283368799999948], [112.67867890000002, -7.283361699999944], [112.67817040000011, -7.283034799999939], [112.67842170000006, -7.28145619999998], [112.67842840000003, -7.281414199999972], [112.679071, -7.28115], [112.67908000000011, -7.28112], [112.67908410000007, -7.281106], [112.6791247000001, -7.280965399999957], [112.67919, -7.28074], [112.6792200000001, -7.28064], [112.6793, -7.28039], [112.67937, -7.28028], [112.67964880000011, -7.280116599999928], [112.6797874, -7.280489599999953], [112.67997140000011, -7.280338699999959], [112.6800469000001, -7.280276899999933], [112.68007000000011, -7.28026], [112.68009970000003, -7.280233599999974], [112.6802732000001, -7.280091399999947], [112.68032270000003, -7.28005079999997], [112.68047330000002, -7.279931199999965], [112.6805, -7.27991], [112.68113, -7.2794], [112.681657, -7.278957], [112.6823753000001, -7.278368199999932], [112.68321770000011, -7.27767769999997], [112.6841528000001, -7.27691109999995], [112.68411810000009, -7.276870699999961], [112.6836899000001, -7.276371799999936], [112.68359620000001, -7.276254], [112.683169, -7.275753599999973], [112.6830907000001, -7.275662], [112.68295640000008, -7.275486599999965], [112.68256930000007, -7.275796299999968], [112.68212750000009, -7.276147], [112.68200390000004, -7.27625089999998], [112.68161670000006, -7.276561199999946], [112.68138970000007, -7.276734499999975], [112.68118940000011, -7.276903599999969], [112.68118470000002, -7.27690739999997], [112.68111190000002, -7.276816399999973], [112.68092980000006, -7.276588699999934], [112.68083190000004, -7.276458899999966], [112.68074080000008, -7.276336], [112.68043110000008, -7.275935199999935], [112.6801296000001, -7.275569899999937], [112.679496, -7.274760799999967], [112.67937680000011, -7.274594], [112.6792812000001, -7.274421], [112.67908080000007, -7.27404869999998], [112.67878840000003, -7.27349479999998], [112.67847760000006, -7.272906], [112.67842960000007, -7.272813399999961], [112.678428, -7.272811899999965], [112.6783577000001, -7.272678699999972], [112.67796680000004, -7.271938099999943], [112.67795230000002, -7.271935399999961], [112.67792510000004, -7.271954], [112.67792080000004, -7.271956899999964], [112.67787720000001, -7.271952499999941], [112.677862, -7.271953799999949], [112.67774650000001, -7.271946599999978], [112.6775315000001, -7.271893599999942], [112.677524, -7.271891499999981], [112.677518, -7.271890299999939], [112.67746870000008, -7.271878199999946], [112.67719490000002, -7.271821799999941], [112.677133, -7.271802899999955], [112.67711620000011, -7.271788399999934], [112.67710530000011, -7.271794399999976], [112.67705, -7.271777499999928], [112.6769958000001, -7.271768], [112.67500060000009, -7.271237299999939], [112.67496030000007, -7.271221899999944], [112.67483670000001, -7.271193699999969], [112.67456640000012, -7.271121799999946], [112.6745241000001, -7.271326], [112.67448070000012, -7.271485199999972], [112.67381690000002, -7.271558899999945], [112.67361190000008, -7.271461], [112.67277250000006, -7.271059899999955], [112.67272290000005, -7.271028], [112.67272290000005, -7.271021599999926], [112.67273010000008, -7.270991799999933], [112.67271990000006, -7.270973099999935], [112.67271850000009, -7.270958299999961], [112.67267170000002, -7.270864599999925], [112.67267070000003, -7.270860499999969], [112.67267210000011, -7.270843199999945], [112.6726662000001, -7.27084119999995], [112.67264000000011, -7.27073], [112.67271, -7.27048], [112.67273000000012, -7.27036], [112.67289970000002, -7.269681], [112.67292, -7.2696], [112.6729600000001, -7.26943], [112.672988, -7.269437399999958], [112.6729835000001, -7.269420099999934], [112.67293920000009, -7.269251899999972], [112.67306930000007, -7.268954699999938], [112.6731807000001, -7.268546], [112.673255, -7.268118799999968], [112.673255, -7.267660499999977], [112.673255, -7.26733859999996], [112.67414560000009, -7.267587099999957], [112.6742369000001, -7.26761259999995], [112.674243, -7.267614299999934], [112.6742670000001, -7.267564399999969], [112.67428340000004, -7.267538199999933], [112.67437020000011, -7.267350499999964], [112.6745611, -7.266954899999973], [112.67456940000011, -7.26693819999997], [112.67517650000002, -7.267104099999926], [112.67530030000012, -7.267141599999945], [112.67530480000005, -7.267139099999952], [112.67532820000008, -7.26712589999994], [112.67557380000005, -7.267187799999931], [112.67578110000011, -7.267244199999936], [112.67580440000006, -7.267267599999968], [112.6758479, -7.267282099999932], [112.67598840000005, -7.267337899999973], [112.6762010000001, -7.267435499999976], [112.6762036, -7.267435599999942], [112.6762132, -7.267440099999931], [112.67624880000005, -7.267437199999961], [112.6763317000001, -7.267440199999953], [112.67634610000005, -7.267429399999969], [112.67634780000003, -7.267429199999981], [112.67641690000005, -7.267374699999948], [112.67650060000005, -7.267280099999937], [112.67655880000007, -7.267218299999968], [112.67665340000008, -7.26709459999995], [112.67666450000002, -7.267079599999931], [112.67676090000009, -7.266955], [112.67675870000005, -7.266952899999978], [112.67675880000002, -7.266952699999933], [112.67658990000007, -7.266787199999953], [112.67659870000011, -7.266781299999934], [112.67644430000007, -7.266506699999979], [112.67643540000006, -7.266491], [112.67643160000011, -7.266484099999957], [112.67619610000008, -7.266628], [112.676172, -7.266592499999945], [112.67609120000009, -7.266456299999959], [112.6760531000001, -7.266394299999945], [112.67605350000008, -7.266394], [112.6760220000001, -7.266344799999956], [112.675944, -7.266233799999952], [112.67601780000007, -7.266186], [112.67609010000001, -7.266131799999926], [112.6761206000001, -7.266105899999957], [112.67613570000003, -7.266082199999971], [112.67615910000006, -7.26604279999998], [112.67616970000006, -7.265991099999951], [112.67617980000011, -7.265931699999953], [112.67618190000007, -7.265914899999927], [112.67618520000008, -7.265888099999927], [112.67619470000011, -7.26583839999995], [112.67620210000007, -7.265789599999948], [112.67620770000008, -7.265777199999945], [112.67620820000002, -7.265775299999973], [112.67621830000007, -7.265753599999925], [112.67626590000009, -7.265648], [112.6762748000001, -7.265587], [112.67628520000005, -7.265497399999958], [112.67629150000005, -7.265473099999952], [112.6762936, -7.265458799999976], [112.67629570000008, -7.265456799999981], [112.67629710000006, -7.265451499999926], [112.676306, -7.265447399999971], [112.67631030000007, -7.265443499999947], [112.67632010000011, -7.26535089999993], [112.67632790000005, -7.265296499999977], [112.67637380000008, -7.264975199999981], [112.67633930000011, -7.264931499999932], [112.67619530000002, -7.264875599999925], [112.67608180000002, -7.264836499999944], [112.67602230000011, -7.264827199999957], [112.6759532000001, -7.264810899999929], [112.67593740000007, -7.264807699999949], [112.67591890000006, -7.264804799999979], [112.67593740000007, -7.264731799999936], [112.6759561, -7.264677], [112.67598, -7.264593799999943], [112.67598020000003, -7.264591699999926], [112.6760547, -7.264328399999954], [112.67608050000001, -7.264240299999926], [112.67611160000001, -7.264199499999961], [112.6761398000001, -7.264148899999952], [112.67616810000004, -7.264095299999951], [112.67617970000003, -7.264065199999948], [112.67621530000008, -7.264007299999946], [112.67625910000004, -7.263935299999957], [112.67630770000005, -7.263880799999981], [112.6764075000001, -7.263768399999947], [112.6764372, -7.263730799999962], [112.6764429000001, -7.263723499999969], [112.67642830000011, -7.263720299999932], [112.67638470000009, -7.263710599999968], [112.67638780000004, -7.26370449999996], [112.6763304000001, -7.263705499999958], [112.67621450000001, -7.263695599999949], [112.67621560000009, -7.263688], [112.67621610000003, -7.263684499999954], [112.6762096000001, -7.263684], [112.67624930000011, -7.263482099999976], [112.67623930000002, -7.263386099999934], [112.6762791000001, -7.263267], [112.6763221000001, -7.263151099999959], [112.6763585000001, -7.262998899999957], [112.67637450000007, -7.262942], [112.676375, -7.262939299999971], [112.67637690000004, -7.262933099999941], [112.67641150000009, -7.262810199999933], [112.6764313000001, -7.262628199999938], [112.67638170000009, -7.262568599999952], [112.67632520000006, -7.262512199999946], [112.67625260000011, -7.262439499999971], [112.67620290000002, -7.26238989999996], [112.67605730000002, -7.262297199999978], [112.675872, -7.26221449999997], [112.67587010000011, -7.262210599999946], [112.67584550000004, -7.262201199999936], [112.67587060000005, -7.26214989999994], [112.67587530000003, -7.262125099999935], [112.67588830000011, -7.262113699999929], [112.67589740000005, -7.262094899999965], [112.67588200000012, -7.262093099999959], [112.67587890000004, -7.262092799999948], [112.6757814, -7.262081499999965], [112.675741, -7.262054599999942], [112.6757146000001, -7.262037], [112.6757139, -7.262036499999965], [112.6756957, -7.262035099999935], [112.67505850000009, -7.261971], [112.67504110000004, -7.261969199999953], [112.67488090000006, -7.261977699999932], [112.67486210000004, -7.261978], [112.67427590000011, -7.262066399999981], [112.6742210000001, -7.262074499999926], [112.67390300000011, -7.262117499999931], [112.6739027000001, -7.262117499999931], [112.6738166, -7.262122799999929], [112.673608, -7.262397299999975], [112.67256750000001, -7.262529499999971], [112.67256220000002, -7.262530099999935], [112.67252610000003, -7.262534699999946], [112.6725292000001, -7.262491799999964], [112.671947, -7.262454499999933], [112.67189150000002, -7.262450899999976], [112.67147080000007, -7.262424], [112.67146990000003, -7.262428399999976], [112.67133740000008, -7.263090899999952], [112.67133700000011, -7.263100799999961], [112.67132820000006, -7.263312499999927], [112.6713152000001, -7.263624399999969], [112.6712923, -7.263625299999944], [112.6708387000001, -7.263642199999936], [112.670048, -7.263671699999975], [112.6696763000001, -7.263685499999951], [112.66919, -7.263703599999928], [112.66845030000002, -7.263731199999938], [112.66779640000004, -7.263755599999968], [112.6677360000001, -7.263757799999951], [112.66720780000003, -7.263154099999952], [112.66720480000004, -7.263173199999926], [112.66708, -7.26397], [112.6670600000001, -7.26403], [112.6670577000001, -7.264039199999957], [112.66705550000006, -7.26404789999998], [112.66699, -7.26431], [112.66690740000001, -7.264622], [112.6669, -7.26465], [112.66684, -7.2649], [112.66674, -7.26527], [112.66669750000005, -7.265491699999927], [112.66665000000012, -7.26574], [112.66657, -7.26609], [112.666495, -7.266488299999935], [112.66641, -7.26694], [112.66621840000005, -7.267763799999955], [112.66621, -7.2678], [112.66610730000002, -7.268227799999977], [112.66610070000002, -7.268255299999964], [112.66611950000004, -7.268259499999942], [112.6671874000001, -7.268498099999931], [112.66818710000007, -7.268721399999947], [112.66847140000004, -7.268784899999957], [112.66864880000003, -7.268824599999959], [112.66975470000011, -7.269071599999961], [112.66980280000007, -7.269082399999945], [112.66971850000004, -7.269651499999952], [112.66933910000012, -7.269693699999948], [112.669021, -7.270815399999947], [112.66901880000012, -7.270823099999973], [112.66893960000004, -7.271102399999961], [112.66893860000005, -7.271106], [112.66845380000007, -7.270831899999962], [112.66807430000006, -7.271675099999925], [112.66802670000004, -7.271684899999968], [112.66714680000007, -7.271864799999946], [112.6661140000001, -7.272202099999959], [112.66569240000001, -7.272012399999937], [112.66564890000006, -7.271989899999937], [112.66512320000004, -7.271717299999978], [112.66465710000011, -7.271372], [112.6647, -7.27129], [112.66476000000011, -7.27117], [112.66488, -7.27096], [112.66501460000006, -7.270830199999978], [112.66500180000003, -7.270824599999969], [112.66409030000011, -7.27043139999995], [112.6635212000001, -7.270305], [112.66309960000001, -7.270220599999959], [112.6625815000001, -7.270065199999976], [112.662587, -7.269988], [112.66261410000004, -7.269866], [112.66265830000009, -7.26967819999993], [112.66266840000003, -7.269635599999958], [112.6624379000001, -7.269622], [112.66228880000006, -7.269527099999948], [112.662221, -7.269540699999936], [112.66246130000002, -7.268766299999982], [112.66246500000011, -7.268754399999978], [112.662491, -7.268663499999946], [112.66254560000004, -7.268472399999951], [112.6625735, -7.268374799999947], [112.66262360000007, -7.268136599999934], [112.66262770000003, -7.268117199999949], [112.66280390000009, -7.267507199999955], [112.66280390000009, -7.267376699999943], [112.66280390000009, -7.267303799999979], [112.66284990000008, -7.267037], [112.66279, -7.26702], [112.66281, -7.26693], [112.66283, -7.26682], [112.66286320000006, -7.266703899999925], [112.66287000000011, -7.26668], [112.66285, -7.26659], [112.66283390000001, -7.266557699999964], [112.66278000000011, -7.26645], [112.66282, -7.26632], [112.66284, -7.26624], [112.66287000000011, -7.26606], [112.66287010000008, -7.266059599999949], [112.66287320000004, -7.266043799999977], [112.662878, -7.26602], [112.66291, -7.26586], [112.66305000000011, -7.2653], [112.66305450000004, -7.265282099999979], [112.66309, -7.26514], [112.66312, -7.26496], [112.66288, -7.2649], [112.66259900000011, -7.264843799999937], [112.66258, -7.26484], [112.66239, -7.26481], [112.66224000000011, -7.26473], [112.66199, -7.26451], [112.66167, -7.26422], [112.66148690000011, -7.264058899999952], [112.66142, -7.264], [112.661329, -7.263870099999963], [112.66128, -7.2638], [112.66122550000011, -7.263682], [112.66122, -7.26367], [112.66118, -7.26357], [112.66118, -7.26346929999994], [112.66087890000006, -7.263358899999957], [112.66087890000006, -7.263114899999948], [112.6605671000001, -7.263223299999936], [112.6605664000001, -7.263202899999953], [112.6605535000001, -7.262843699999962], [112.66030950000004, -7.262857299999951], [112.66032310000003, -7.26274879999994], [112.6601022000001, -7.262773399999958], [112.66007910000008, -7.262775899999951], [112.6600926000001, -7.262640399999952], [112.65994350000005, -7.262626799999964], [112.65966660000004, -7.262569099999951], [112.6596181000001, -7.262559], [112.659609, -7.262561499999947], [112.65941480000004, -7.262613299999941], [112.6593375000001, -7.262643499999967], [112.659103, -7.262735299999974], [112.65894450000008, -7.262784099999976], [112.65892680000002, -7.26278949999994], [112.65872520000005, -7.262749199999973], [112.65865540000004, -7.26274449999994], [112.65865420000011, -7.262760799999967], [112.65862750000008, -7.26276439999998], [112.6576113000001, -7.262900799999954], [112.65756850000002, -7.262906499999929], [112.6574379000001, -7.262979], [112.65731090000008, -7.263049599999931], [112.657039, -7.263121199999944], [112.65662340000006, -7.263047799999981], [112.65655240000001, -7.263035299999956], [112.6565495000001, -7.263047], [112.65645230000007, -7.263436], [112.6562805000001, -7.263607699999966], [112.65623940000012, -7.26363189999995], [112.65622, -7.263643299999956], [112.65609710000001, -7.263715599999955], [112.65608330000009, -7.26372379999998], [112.65603720000001, -7.263750799999968], [112.65560790000006, -7.263851], [112.65543780000007, -7.264011099999948], [112.65542830000004, -7.26402], [112.65539430000001, -7.264052099999958], [112.6553646000001, -7.26408], [112.65532850000011, -7.264224599999977], [112.65523690000009, -7.264212899999961], [112.65520720000006, -7.264337599999976], [112.65506410000012, -7.264595199999974], [112.65505120000012, -7.264729], [112.65502890000005, -7.26495929999993], [112.65502120000008, -7.265038799999957], [112.65497820000007, -7.265468099999964], [112.65497650000009, -7.265469], [112.65474930000005, -7.265582599999959], [112.65413390000003, -7.26531069999993], [112.65361870000004, -7.265081699999939], [112.65306060000012, -7.264824199999964], [112.65251680000006, -7.264595199999974], [112.65235890000008, -7.264525699999979], [112.652159, -7.264437799999939], [112.65193030000012, -7.264348299999938], [112.65195, -7.26422], [112.6519300000001, -7.26414], [112.65183320000006, -7.264109799999972], [112.65177, -7.26409], [112.65158, -7.26405], [112.65149, -7.26399], [112.6515, -7.26368], [112.65145, -7.26363], [112.6513900000001, -7.26359], [112.65136, -7.26329], [112.6515, -7.26298], [112.65154, -7.26286], [112.65141, -7.26269], [112.65137, -7.2626], [112.6513801000001, -7.262516599999969], [112.65141, -7.26227], [112.65141, -7.2622], [112.65109, -7.26199], [112.65108, -7.26189], [112.65109, -7.26181], [112.65119, -7.26177], [112.65135, -7.26169], [112.65149, -7.26159], [112.65177, -7.26157], [112.65214, -7.26162], [112.65223, -7.26163], [112.65231, -7.26155], [112.65234, -7.26128], [112.65238000000011, -7.26111], [112.65243270000008, -7.260943], [112.65244, -7.26092], [112.6524415, -7.260889899999938], [112.65246, -7.26051], [112.65244, -7.26029], [112.65243450000003, -7.260276499999975], [112.65237, -7.26012], [112.65234, -7.26002], [112.65235, -7.25992], [112.65272, -7.25968], [112.65277, -7.25964], [112.65272, -7.25954], [112.65256000000011, -7.25922], [112.65252, -7.25904], [112.65255, -7.25888], [112.65259, -7.25872], [112.65256000000011, -7.25839], [112.65252, -7.25825], [112.65250660000004, -7.25822119999998], [112.65245, -7.2581], [112.6523, -7.25793], [112.65225, -7.25786], [112.65224, -7.25768], [112.65223910000009, -7.257680099999959], [112.65197870000009, -7.257724099999962], [112.65147, -7.25781], [112.65093, -7.258], [112.6507, -7.25803], [112.65024, -7.25819], [112.650049, -7.258198499999935], [112.64981960000011, -7.258208699999955], [112.649779, -7.258230699999956], [112.64975130000005, -7.258245699999975], [112.64969310000004, -7.258357599999954], [112.64967460000003, -7.258393199999944], [112.64944450000007, -7.258464], [112.649297, -7.258464], [112.64894890000005, -7.258487599999967], [112.64881910000008, -7.258475799999928], [112.64854610000009, -7.258408699999961], [112.64847340000006, -7.258416199999942], [112.6481549, -7.258394899999928], [112.6477708000001, -7.25836929999997], [112.64771810000002, -7.258364299999926], [112.647115, -7.25830689999998], [112.64696650000008, -7.258242499999938], [112.64664660000005, -7.258103899999981], [112.64663420000011, -7.257887299999936], [112.64662090000002, -7.257654099999968], [112.64651210000011, -7.257650099999978], [112.64651, -7.25765], [112.64642370000001, -7.257641199999966], [112.64620680000007, -7.258535199999926], [112.64610940000011, -7.258936699999936], [112.64594910000005, -7.259597299999939], [112.64594390000002, -7.259618399999965], [112.64525690000005, -7.259477899999979], [112.64497590000008, -7.259868299999937], [112.64472160000003, -7.259771799999953], [112.64452310000001, -7.259696499999961], [112.64444670000012, -7.260002099999951], [112.644445, -7.26000879999998], [112.644241, -7.25995439999997], [112.64423210000007, -7.259952], [112.64397660000009, -7.259883899999977], [112.643433, -7.259734399999957], [112.643352, -7.259712099999945], [112.6429773000001, -7.259587199999942], [112.64244640000004, -7.259509099999946], [112.6421342000001, -7.259618399999965], [112.6416345, -7.259524799999951], [112.64117070000009, -7.259366099999966], [112.64113640000005, -7.25935439999995], [112.64112000000011, -7.25943], [112.64105, -7.25943], [112.64091, -7.25945], [112.64075, -7.25948], [112.64062, -7.25943], [112.64039, -7.25934], [112.64017, -7.25933], [112.64001, -7.25928], [112.63981, -7.25919], [112.63966830000004, -7.259516], [112.63961, -7.25965], [112.63957, -7.25989], [112.63954, -7.26007], [112.63949920000005, -7.260347399999944], [112.63949, -7.26041], [112.63942, -7.26062], [112.63932000000011, -7.2607], [112.63925, -7.26072], [112.63911, -7.26073], [112.63904, -7.2608], [112.63901, -7.26104], [112.63895160000004, -7.261302799999953], [112.63895, -7.26131], [112.63881, -7.26163], [112.63874, -7.26169], [112.63868, -7.26178], [112.63868, -7.26186], [112.63868040000011, -7.261861599999975], [112.6387, -7.26194], [112.63861, -7.26186], [112.63831, -7.26175], [112.63779000000011, -7.26164], [112.63722, -7.2615], [112.63702, -7.26201], [112.63688280000008, -7.262147199999959], [112.63677, -7.26226], [112.63668, -7.26253], [112.63662000000011, -7.26276], [112.6365300000001, -7.26311], [112.63645990000009, -7.263237], [112.63637, -7.2634], [112.63614, -7.26375], [112.63622, -7.26385], [112.63634, -7.26396], [112.63642, -7.26409], [112.63639, -7.26436], [112.63616, -7.26459]]] 
      }
    },
    {
      "type": "Feature",
      "properties": {
        "district_id": "3578150",
        "province": "Jawa Timur",
        "regency": "Surabaya",
        "district": "Tandes",
        "pria": 45099,
        "wanita": 46685,
        "total_penduduk": 91784
      },
      "geometry": {
        "type": "Polygon",
        "coordinates": [[[112.67644430000007, -7.266506699999979], [112.67659870000011, -7.266781299999934], [112.67658990000007, -7.266787199999953], [112.67675880000002, -7.266952699999933], [112.67675870000005, -7.266952899999978], [112.67676090000009, -7.266955], [112.67666450000002, -7.267079599999931], [112.67665340000008, -7.26709459999995], [112.67655880000007, -7.267218299999968], [112.67650060000005, -7.267280099999937], [112.67641690000005, -7.267374699999948], [112.67634780000003, -7.267429199999981], [112.67634610000005, -7.267429399999969], [112.6763317000001, -7.267440199999953], [112.67624880000005, -7.267437199999961], [112.6762132, -7.267440099999931], [112.6762036, -7.267435599999942], [112.6762010000001, -7.267435499999976], [112.67598840000005, -7.267337899999973], [112.6758479, -7.267282099999932], [112.67580440000006, -7.267267599999968], [112.67578110000011, -7.267244199999936], [112.67557380000005, -7.267187799999931], [112.67532820000008, -7.26712589999994], [112.67530480000005, -7.267139099999952], [112.67530030000012, -7.267141599999945], [112.67517650000002, -7.267104099999926], [112.67456940000011, -7.26693819999997], [112.6745611, -7.266954899999973], [112.67437020000011, -7.267350499999964], [112.67428340000004, -7.267538199999933], [112.6742670000001, -7.267564399999969], [112.674243, -7.267614299999934], [112.6742369000001, -7.26761259999995], [112.67414560000009, -7.267587099999957], [112.673255, -7.26733859999996], [112.673255, -7.267660499999977], [112.673255, -7.268118799999968], [112.6731807000001, -7.268546], [112.67306930000007, -7.268954699999938], [112.67293920000009, -7.269251899999972], [112.6729835000001, -7.269420099999934], [112.672988, -7.269437399999958], [112.6729600000001, -7.26943], [112.67292, -7.2696], [112.67289970000002, -7.269681], [112.67273000000012, -7.27036], [112.67271, -7.27048], [112.67264000000011, -7.27073], [112.6726662000001, -7.27084119999995], [112.67267210000011, -7.270843199999945], [112.67267070000003, -7.270860499999969], [112.67267170000002, -7.270864599999925], [112.67271850000009, -7.270958299999961], [112.67271990000006, -7.270973099999935], [112.67273010000008, -7.270991799999933], [112.67272290000005, -7.271021599999926], [112.67272290000005, -7.271028], [112.67277250000006, -7.271059899999955], [112.67361190000008, -7.271461], [112.67381690000002, -7.271558899999945], [112.67448070000012, -7.271485199999972], [112.6745241000001, -7.271326], [112.67456640000012, -7.271121799999946], [112.67483670000001, -7.271193699999969], [112.67496030000007, -7.271221899999944], [112.67500060000009, -7.271237299999939], [112.6769958000001, -7.271768], [112.67705, -7.271777499999928], [112.67710530000011, -7.271794399999976], [112.67711620000011, -7.271788399999934], [112.677133, -7.271802899999955], [112.67719490000002, -7.271821799999941], [112.67746870000008, -7.271878199999946], [112.677518, -7.271890299999939], [112.677524, -7.271891499999981], [112.6775315000001, -7.271893599999942], [112.67774650000001, -7.271946599999978], [112.677862, -7.271953799999949], [112.67787720000001, -7.271952499999941], [112.67792080000004, -7.271956899999964], [112.67792510000004, -7.271954], [112.67795230000002, -7.271935399999961], [112.67796680000004, -7.271938099999943], [112.6783577000001, -7.272678699999972], [112.678428, -7.272811899999965], [112.67842960000007, -7.272813399999961], [112.67847760000006, -7.272906], [112.67878840000003, -7.27349479999998], [112.67908080000007, -7.27404869999998], [112.6792812000001, -7.274421], [112.67937680000011, -7.274594], [112.679496, -7.274760799999967], [112.6801296000001, -7.275569899999937], [112.68043110000008, -7.275935199999935], [112.68074080000008, -7.276336], [112.68083190000004, -7.276458899999966], [112.68092980000006, -7.276588699999934], [112.68111190000002, -7.276816399999973], [112.68118470000002, -7.27690739999997], [112.68118940000011, -7.276903599999969], [112.68138970000007, -7.276734499999975], [112.68161670000006, -7.276561199999946], [112.68200390000004, -7.27625089999998], [112.68212750000009, -7.276147], [112.68256930000007, -7.275796299999968], [112.68295640000008, -7.275486599999965], [112.6830907000001, -7.275662], [112.683169, -7.275753599999973], [112.68359620000001, -7.276254], [112.6836899000001, -7.276371799999936], [112.68411810000009, -7.276870699999961], [112.68419, -7.27677], [112.68424, -7.27659], [112.68427, -7.27638], [112.6843, -7.27607], [112.6843014000001, -7.276044799999966], [112.68434, -7.27537], [112.68436, -7.27505], [112.68446570000003, -7.275057499999946], [112.684468, -7.275027699999953], [112.684496, -7.274664], [112.68464950000009, -7.274679299999946], [112.68474920000006, -7.274403], [112.6850409000001, -7.274387699999977], [112.6850621000001, -7.274324], [112.68509, -7.27432], [112.68511540000009, -7.274249299999951], [112.685133, -7.273950199999945], [112.68522270000005, -7.273950199999945], [112.685226, -7.273941199999967], [112.68534020000004, -7.273957899999971], [112.68535780000002, -7.273646299999939], [112.68538120000005, -7.273230699999942], [112.68540670000004, -7.273141399999929], [112.68547, -7.27292], [112.6854657, -7.272826399999929], [112.68546, -7.2727], [112.68546, -7.27264], [112.68549, -7.27224], [112.68553, -7.27163], [112.68555, -7.27135], [112.68559, -7.27087], [112.68561000000011, -7.27065], [112.68564, -7.2703], [112.6856418000001, -7.270280599999978], [112.68564230000004, -7.270275], [112.685671, -7.269959099999937], [112.68568, -7.26986], [112.68570000000011, -7.26969], [112.68572470000004, -7.269511199999954], [112.68574, -7.2694], [112.68577, -7.26898], [112.68584, -7.26829], [112.68586690000006, -7.268025499999965], [112.6859339, -7.267368], [112.68595, -7.26721], [112.68599, -7.26683], [112.68599470000004, -7.266825299999937], [112.68599260000008, -7.266740399999946], [112.68631690000007, -7.26675819999997], [112.68636260000005, -7.26626], [112.68636310000011, -7.266254699999934], [112.68657, -7.26627], [112.68708, -7.26634], [112.68742, -7.26639], [112.68750140000009, -7.266400199999964], [112.6875109, -7.26640139999995], [112.68769290000012, -7.264186699999925], [112.68769390000011, -7.264174499999967], [112.687806, -7.262811299999953], [112.68785720000005, -7.262188299999934], [112.68786350000005, -7.262189899999953], [112.68795630000011, -7.262251699999979], [112.68819840000003, -7.262357699999939], [112.68820370000003, -7.26236], [112.68860570000004, -7.262499099999957], [112.68860610000002, -7.262497199999927], [112.68869840000002, -7.262081699999953], [112.688836, -7.261944099999937], [112.68893030000004, -7.261849799999936], [112.68894610000007, -7.261739699999964], [112.68896120000011, -7.261633299999971], [112.6889562, -7.261632299999974], [112.68903740000007, -7.261361499999964], [112.68903750000004, -7.261361199999953], [112.6891147, -7.261104], [112.68912250000005, -7.261077899999975], [112.68905990000007, -7.26106539999995], [112.68906160000006, -7.26105119999994], [112.68907390000004, -7.260951099999943], [112.68885480000006, -7.260888499999965], [112.68893240000011, -7.260430699999972], [112.68900030000009, -7.26003019999996], [112.68916, -7.26017], [112.68919110000002, -7.260185], [112.6894218000001, -7.260296699999969], [112.68964340000002, -7.259360899999933], [112.68968570000004, -7.25923389999997], [112.68977040000004, -7.258944699999972], [112.6899079000001, -7.258779], [112.68992390000005, -7.258702299999925], [112.69003480000003, -7.258172399999978], [112.69027340000002, -7.257402899999931], [112.69028520000006, -7.257364799999948], [112.6907543000001, -7.255887199999961], [112.6911219000001, -7.254607299999975], [112.691592, -7.254683799999952], [112.6916278000001, -7.254689599999949], [112.6921211, -7.252761299999975], [112.6920520000001, -7.252740599999981], [112.69205000000011, -7.25274], [112.69184, -7.25277], [112.69160000000011, -7.2529], [112.69132, -7.25302], [112.6911500000001, -7.25309], [112.69100590000005, -7.253107299999954], [112.6880781000001, -7.252575], [112.68799350000006, -7.252964199999951], [112.687933, -7.252960199999961], [112.68760580000003, -7.252900099999977], [112.68759020000005, -7.25289719999995], [112.68755770000007, -7.252888799999937], [112.68754210000009, -7.252884699999981], [112.68721360000006, -7.252797899999962], [112.68693850000011, -7.252727399999969], [112.68692350000003, -7.252772499999935], [112.6868750000001, -7.252917799999977], [112.68676220000009, -7.253341], [112.686607, -7.25326339999998], [112.6863320000001, -7.253143499999965], [112.68595110000001, -7.255033799999978], [112.68614860000002, -7.255125499999963], [112.68638850000002, -7.255249899999967], [112.68629970000006, -7.255851799999959], [112.68617, -7.25673], [112.68611, -7.25706], [112.68606000000011, -7.25724], [112.68513, -7.25699], [112.68461, -7.25685], [112.6838, -7.25655], [112.68356, -7.25646], [112.68317420000005, -7.256321399999933], [112.68301610000003, -7.256264499999929], [112.68292, -7.25623], [112.68226, -7.25601], [112.68127, -7.25565], [112.68127550000008, -7.255635799999936], [112.68132, -7.25552], [112.68157, -7.25461], [112.68159, -7.25444], [112.68176, -7.25397], [112.68199, -7.25319], [112.68215, -7.25241], [112.68225, -7.25167], [112.68224210000005, -7.251007399999935], [112.68223000000012, -7.25], [112.68223000000012, -7.24986], [112.682178, -7.24986], [112.68191, -7.24986], [112.68148, -7.24983], [112.68041, -7.24973], [112.67957, -7.24964], [112.67896, -7.24958], [112.67837830000008, -7.249501099999975], [112.67837, -7.2495], [112.67805, -7.24943], [112.6776, -7.24926], [112.67689, -7.24902], [112.677, -7.24866], [112.677398, -7.24752529999995], [112.67747, -7.24732], [112.67762, -7.24682], [112.67769, -7.2466], [112.67778, -7.24637], [112.67787, -7.24621], [112.67782950000003, -7.24619279999996], [112.67761, -7.2461], [112.67665000000011, -7.24574], [112.6754800000001, -7.24541], [112.67481, -7.24522], [112.67415, -7.24504], [112.67385, -7.24504], [112.67390160000002, -7.244892], [112.67391950000001, -7.244840699999941], [112.674, -7.24461], [112.67414, -7.24405], [112.67426000000012, -7.24351], [112.67437, -7.24286], [112.67439210000009, -7.242727199999933], [112.67443, -7.2425], [112.67454, -7.2422], [112.67498, -7.24159], [112.67509, -7.24143], [112.67516, -7.24118], [112.6752, -7.24081], [112.6752100000001, -7.24036], [112.67527, -7.23925], [112.67545, -7.23822], [112.67546, -7.23805], [112.6754800000001, -7.23779], [112.67519, -7.23776], [112.67495, -7.23773], [112.6747600000001, -7.2377], [112.67461, -7.23768], [112.6744900000001, -7.23766], [112.67439, -7.23764], [112.6743100000001, -7.23763], [112.67424, -7.23762], [112.67417000000012, -7.23761], [112.6741, -7.23759], [112.67403, -7.23758], [112.67396, -7.23757], [112.67390000000012, -7.23756], [112.67383, -7.23755], [112.6737700000001, -7.23754], [112.6737, -7.23753], [112.67364, -7.23753], [112.67357, -7.23752], [112.67351, -7.23751], [112.67344, -7.23751], [112.67338, -7.2375], [112.6733200000001, -7.2375], [112.67326, -7.2375], [112.6732, -7.2375], [112.6731400000001, -7.2375], [112.67308, -7.2375], [112.67300000000012, -7.2375], [112.67289, -7.2375], [112.67281, -7.2375], [112.67274, -7.2375], [112.67265, -7.2375], [112.67259, -7.23749], [112.67253, -7.23749], [112.67245, -7.23747], [112.67235, -7.23746], [112.67228000000011, -7.23744], [112.6722, -7.23743], [112.67211, -7.2374], [112.67205, -7.23738], [112.67199, -7.23737], [112.67193, -7.23735], [112.67184, -7.23733], [112.67175, -7.23732], [112.67167, -7.2373], [112.67156000000011, -7.23728], [112.67142, -7.23743], [112.67109, -7.23801], [112.67099, -7.23821], [112.67091, -7.23851], [112.67086, -7.23867], [112.67074, -7.23881], [112.67058, -7.23894], [112.67039000000011, -7.23913], [112.67006, -7.23954], [112.66998, -7.23969], [112.66999, -7.23978], [112.67001, -7.23988], [112.67002, -7.23995], [112.67002, -7.24016], [112.66997, -7.24066], [112.66973, -7.24177], [112.66974, -7.24189], [112.66968, -7.24187], [112.66878, -7.24158], [112.66849, -7.24149], [112.66788, -7.24134], [112.6678, -7.24136], [112.66774, -7.24148], [112.66771, -7.24162], [112.66759, -7.24215], [112.66752, -7.24221], [112.66751420000003, -7.242210599999964], [112.66743, -7.24222], [112.66726, -7.24217], [112.66709, -7.24215], [112.66693, -7.24223], [112.66659370000002, -7.24237839999995], [112.66659, -7.24238], [112.66627, -7.2422], [112.66597, -7.24202], [112.66587, -7.24165], [112.66572, -7.24103], [112.66566000000012, -7.24071], [112.6656200000001, -7.24049], [112.66548530000011, -7.240028099999961], [112.66548000000012, -7.24001], [112.6654, -7.23985], [112.66519, -7.2396], [112.66492, -7.23948], [112.66464, -7.23931], [112.66443, -7.23912], [112.66424, -7.23901], [112.6640000000001, -7.23894], [112.66376, -7.2389], [112.66365, -7.23889], [112.66279, -7.23877], [112.6624, -7.23861], [112.66178, -7.23841], [112.66126, -7.23824], [112.66126, -7.23817], [112.66121, -7.23808], [112.66097, -7.23783], [112.66081, -7.23762], [112.66068, -7.23757], [112.6606, -7.23745], [112.66054, -7.23726], [112.66046, -7.23721], [112.66038, -7.23716], [112.6603, -7.23712], [112.66023, -7.2371], [112.66017000000011, -7.2371], [112.66011, -7.2371], [112.66004, -7.23711], [112.65997, -7.23714], [112.65992, -7.23717], [112.65985, -7.23722], [112.65979, -7.23727], [112.65974, -7.23731], [112.65968, -7.23737], [112.65962, -7.23744], [112.65955, -7.23751], [112.65951, -7.23757], [112.65948, -7.23763], [112.65944, -7.23769], [112.6594, -7.23776], [112.65935, -7.23784], [112.65932, -7.23791], [112.65929, -7.23797], [112.65925, -7.23804], [112.65922, -7.23812], [112.6592, -7.2382], [112.65919, -7.23826], [112.6591800000001, -7.23833], [112.65919, -7.23841], [112.6592, -7.2385], [112.6592, -7.23857], [112.65921, -7.23864], [112.65922, -7.23874], [112.65923, -7.23884], [112.65922, -7.23892], [112.65922, -7.23901], [112.65919, -7.23908], [112.6591, -7.23914], [112.65899, -7.23914], [112.6589, -7.23913], [112.65883, -7.23911], [112.65877000000012, -7.23911], [112.65871, -7.23909], [112.6586400000001, -7.23907], [112.65857, -7.23906], [112.65849, -7.23903], [112.65839, -7.23898], [112.65833, -7.23893], [112.6582800000001, -7.23889], [112.65823000000012, -7.23884], [112.65816, -7.23879], [112.65808, -7.23875], [112.65799, -7.23871], [112.6579, -7.23871], [112.65784, -7.23871], [112.65777, -7.23872], [112.65771, -7.23874], [112.65764, -7.23876], [112.65759, -7.23879], [112.65753, -7.23882], [112.6574700000001, -7.23886], [112.65739, -7.23891], [112.65732, -7.23896], [112.65726, -7.23901], [112.65718, -7.23908], [112.65712, -7.23914], [112.65707, -7.23918], [112.6570200000001, -7.23922], [112.65696, -7.23927], [112.6569, -7.23932], [112.65683, -7.23938], [112.65676, -7.23944], [112.65668, -7.23951], [112.65661000000011, -7.23958], [112.65653, -7.23964], [112.65645, -7.23971], [112.65637, -7.23977], [112.6563000000001, -7.23983], [112.65624, -7.23988], [112.65618, -7.23993], [112.6561200000001, -7.23998], [112.65607000000011, -7.24002], [112.656, -7.24007], [112.65591, -7.24014], [112.65582, -7.24021], [112.65573, -7.24028], [112.6556700000001, -7.24034], [112.6556, -7.24038], [112.65552, -7.24045], [112.65545, -7.24051], [112.65539, -7.24056], [112.65534, -7.2406], [112.65529, -7.24065], [112.65524, -7.24068], [112.65517000000011, -7.24074], [112.65509, -7.24081], [112.65501, -7.24089], [112.65495, -7.24093], [112.65489, -7.24098], [112.65481000000011, -7.24107], [112.65474, -7.24113], [112.6547, -7.24118], [112.65466, -7.24124], [112.65462670000011, -7.241298399999948], [112.65462, -7.24131], [112.6546, -7.24138], [112.65457, -7.24144], [112.65455, -7.24152], [112.65452, -7.24158], [112.6545, -7.24166], [112.65448, -7.24174], [112.65446, -7.24181], [112.65445000000011, -7.24192], [112.65444, -7.24201], [112.65443, -7.24208], [112.65442, -7.24215], [112.65442, -7.24223], [112.65442, -7.24231], [112.65442, -7.24241], [112.65442, -7.2425], [112.65442, -7.24256], [112.65442, -7.24262], [112.65443, -7.24269], [112.65444, -7.24276], [112.65444, -7.24284], [112.65445000000011, -7.24292], [112.65446, -7.243], [112.65447, -7.24309], [112.65448, -7.24318], [112.65449, -7.24327], [112.6545, -7.24335], [112.65451, -7.24344], [112.65452, -7.24352], [112.65453, -7.2436], [112.65453, -7.24368], [112.65454000000011, -7.24377], [112.65455, -7.24387], [112.65456, -7.24397], [112.65457, -7.24409], [112.65459, -7.24422], [112.6546, -7.24437], [112.65462, -7.24453], [112.65463000000011, -7.2447], [112.65465, -7.24488], [112.65467, -7.24506], [112.65469, -7.24524], [112.6547, -7.24541], [112.65472000000011, -7.24556], [112.65474, -7.24571], [112.65475, -7.24584], [112.65477, -7.24596], [112.65478, -7.24608], [112.6548, -7.24618], [112.65481000000011, -7.24629], [112.65482, -7.24639], [112.65484, -7.24649], [112.65485, -7.24659], [112.65486, -7.2467], [112.65487, -7.24682], [112.65489, -7.24695], [112.65490000000011, -7.24709], [112.65492, -7.24724], [112.65494, -7.24742], [112.65496, -7.24761], [112.65498, -7.24783], [112.655, -7.24808], [112.65503, -7.24835], [112.65506, -7.24867], [112.65509, -7.24903], [112.65513, -7.24943], [112.65517000000011, -7.24989], [112.65525, -7.25001], [112.65523140000005, -7.25014], [112.65523110000004, -7.250142599999947], [112.65523, -7.25015], [112.65519, -7.2503], [112.65516, -7.25038], [112.65513, -7.2506], [112.65512, -7.25084], [112.65518, -7.25124], [112.65518, -7.25152], [112.65512, -7.25188], [112.65506, -7.25217], [112.65486460000011, -7.253026], [112.65485, -7.25309], [112.65483, -7.25318], [112.65473, -7.25362], [112.65472000000011, -7.25368], [112.65462760000003, -7.254022], [112.65462, -7.25405], [112.65454000000011, -7.25422], [112.6545, -7.25436], [112.6544, -7.25473], [112.65441150000004, -7.25473], [112.65467, -7.25473], [112.65467600000011, -7.254759299999932], [112.65478710000002, -7.254764799999975], [112.6552084000001, -7.254785399999946], [112.6553358000001, -7.254797699999926], [112.6555661000001, -7.254874499999971], [112.65584120000005, -7.254897799999981], [112.65589580000005, -7.254903799999965], [112.65593030000002, -7.254914699999972], [112.65598740000007, -7.254932899999972], [112.65609110000003, -7.254947699999946], [112.65617550000002, -7.254985599999941], [112.65622, -7.25495], [112.6566, -7.25501], [112.6569, -7.25507], [112.65755520000005, -7.255282199999954], [112.65760940000007, -7.255303799999979], [112.65764090000005, -7.255316299999947], [112.6576162, -7.25540559999996], [112.65758810000011, -7.255482299999926], [112.65796790000002, -7.255630199999928], [112.65824110000005, -7.255746099999953], [112.65829180000003, -7.255765099999962], [112.65836860000002, -7.255763699999932], [112.65887160000011, -7.255866699999956], [112.65894260000005, -7.255868199999952], [112.65934820000007, -7.255942699999935], [112.65936090000002, -7.255966899999976], [112.65978530000007, -7.256053799999961], [112.65978730000006, -7.256054199999937], [112.65987210000003, -7.256083899999965], [112.65994060000003, -7.256115299999976], [112.65997390000007, -7.256130499999927], [112.66001630000005, -7.256206899999938], [112.66002330000003, -7.256270499999971], [112.66002480000009, -7.256283199999928], [112.65998420000005, -7.256498], [112.65996870000004, -7.256580499999927], [112.65993, -7.256876899999952], [112.65988570000002, -7.257216599999936], [112.65989160000004, -7.257238], [112.65980650000006, -7.258074], [112.65978860000007, -7.258071799999925], [112.65977360000011, -7.258188], [112.65959210000005, -7.259002299999963], [112.65961060000006, -7.259005899999977], [112.65957490000005, -7.259057199999972], [112.65951280000002, -7.259305599999948], [112.65940110000008, -7.259554], [112.65940180000007, -7.259576099999947], [112.65940340000009, -7.259621899999956], [112.65940380000006, -7.25963239999993], [112.6594573000001, -7.259639099999958], [112.65956970000002, -7.259661499999936], [112.659621, -7.259690399999954], [112.65965560000006, -7.259740199999953], [112.65966950000006, -7.259754099999952], [112.6597, -7.259804299999928], [112.65982010000005, -7.259907799999951], [112.65985730000011, -7.259947899999929], [112.65984690000005, -7.259976399999971], [112.65983570000003, -7.260007199999961], [112.65968670000007, -7.260100399999942], [112.65955010000005, -7.260187299999927], [112.65948920000005, -7.260242299999959], [112.65943890000005, -7.260287699999935], [112.65941440000006, -7.260296899999958], [112.65932750000002, -7.260334099999966], [112.65930060000005, -7.26035109999998], [112.65926060000004, -7.26037649999995], [112.65920340000002, -7.260412799999926], [112.65909990000011, -7.260491399999978], [112.65899640000009, -7.260586599999954], [112.65892610000003, -7.260731499999963], [112.65888880000011, -7.260826699999939], [112.65889090000007, -7.260932199999957], [112.65881220000006, -7.260981899999933], [112.658793, -7.261074299999962], [112.6588054, -7.261088099999938], [112.6589613000001, -7.261262], [112.65886490000003, -7.261306199999979], [112.65889510000011, -7.261501], [112.6589633000001, -7.261645599999952], [112.65906380000001, -7.261814299999969], [112.659124, -7.262031199999967], [112.65920440000002, -7.262127599999928], [112.65935900000011, -7.262282299999981], [112.659609, -7.262532199999953], [112.659609, -7.262561499999947], [112.6596181000001, -7.262559], [112.65966660000004, -7.262569099999951], [112.65994350000005, -7.262626799999964], [112.6600926000001, -7.262640399999952], [112.66007910000008, -7.262775899999951], [112.6601022000001, -7.262773399999958], [112.66032310000003, -7.26274879999994], [112.66030950000004, -7.262857299999951], [112.6605535000001, -7.262843699999962], [112.6605664000001, -7.263202899999953], [112.6605671000001, -7.263223299999936], [112.66087890000006, -7.263114899999948], [112.66087890000006, -7.263358899999957], [112.66118, -7.26346929999994], [112.66118, -7.26357], [112.66122, -7.26367], [112.66122550000011, -7.263682], [112.66128, -7.2638], [112.661329, -7.263870099999963], [112.66142, -7.264], [112.66148690000011, -7.264058899999952], [112.66167, -7.26422], [112.66199, -7.26451], [112.66224000000011, -7.26473], [112.66239, -7.26481], [112.66258, -7.26484], [112.66259900000011, -7.264843799999937], [112.66288, -7.2649], [112.66312, -7.26496], [112.66309, -7.26514], [112.66305450000004, -7.265282099999979], [112.66305000000011, -7.2653], [112.66291, -7.26586], [112.662878, -7.26602], [112.66287320000004, -7.266043799999977], [112.66287010000008, -7.266059599999949], [112.66287000000011, -7.26606], [112.66284, -7.26624], [112.66282, -7.26632], [112.66278000000011, -7.26645], [112.66283390000001, -7.266557699999964], [112.66285, -7.26659], [112.66287000000011, -7.26668], [112.66286320000006, -7.266703899999925], [112.66283, -7.26682], [112.66281, -7.26693], [112.66279, -7.26702], [112.66284990000008, -7.267037], [112.66280390000009, -7.267303799999979], [112.66280390000009, -7.267376699999943], [112.66280390000009, -7.267507199999955], [112.66262770000003, -7.268117199999949], [112.66262360000007, -7.268136599999934], [112.6625735, -7.268374799999947], [112.66254560000004, -7.268472399999951], [112.662491, -7.268663499999946], [112.66246500000011, -7.268754399999978], [112.66246130000002, -7.268766299999982], [112.662221, -7.269540699999936], [112.66228880000006, -7.269527099999948], [112.6624379000001, -7.269622], [112.66266840000003, -7.269635599999958], [112.66265830000009, -7.26967819999993], [112.66261410000004, -7.269866], [112.662587, -7.269988], [112.6625815000001, -7.270065199999976], [112.66309960000001, -7.270220599999959], [112.6635212000001, -7.270305], [112.66409030000011, -7.27043139999995], [112.66500180000003, -7.270824599999969], [112.66501460000006, -7.270830199999978], [112.66488, -7.27096], [112.66476000000011, -7.27117], [112.6647, -7.27129], [112.66465710000011, -7.271372], [112.66512320000004, -7.271717299999978], [112.66564890000006, -7.271989899999937], [112.66569240000001, -7.272012399999937], [112.6661140000001, -7.272202099999959], [112.66714680000007, -7.271864799999946], [112.66802670000004, -7.271684899999968], [112.66807430000006, -7.271675099999925], [112.66845380000007, -7.270831899999962], [112.66893860000005, -7.271106], [112.66893960000004, -7.271102399999961], [112.66901880000012, -7.270823099999973], [112.669021, -7.270815399999947], [112.66933910000012, -7.269693699999948], [112.66971850000004, -7.269651499999952], [112.66980280000007, -7.269082399999945], [112.66975470000011, -7.269071599999961], [112.66864880000003, -7.268824599999959], [112.66847140000004, -7.268784899999957], [112.66818710000007, -7.268721399999947], [112.6671874000001, -7.268498099999931], [112.66611950000004, -7.268259499999942], [112.66610070000002, -7.268255299999964], [112.66610730000002, -7.268227799999977], [112.66621, -7.2678], [112.66621840000005, -7.267763799999955], [112.66641, -7.26694], [112.666495, -7.266488299999935], [112.66657, -7.26609], [112.66665000000012, -7.26574], [112.66669750000005, -7.265491699999927], [112.66674, -7.26527], [112.66684, -7.2649], [112.6669, -7.26465], [112.66690740000001, -7.264622], [112.66699, -7.26431], [112.66705550000006, -7.26404789999998], [112.6670577000001, -7.264039199999957], [112.6670600000001, -7.26403], [112.66708, -7.26397], [112.66720480000004, -7.263173199999926], [112.66720780000003, -7.263154099999952], [112.6677360000001, -7.263757799999951], [112.66779640000004, -7.263755599999968], [112.66845030000002, -7.263731199999938], [112.66919, -7.263703599999928], [112.6696763000001, -7.263685499999951], [112.670048, -7.263671699999975], [112.6708387000001, -7.263642199999936], [112.6712923, -7.263625299999944], [112.6713152000001, -7.263624399999969], [112.67132820000006, -7.263312499999927], [112.67133700000011, -7.263100799999961], [112.67133740000008, -7.263090899999952], [112.67146990000003, -7.262428399999976], [112.67147080000007, -7.262424], [112.67189150000002, -7.262450899999976], [112.671947, -7.262454499999933], [112.6725292000001, -7.262491799999964], [112.67252610000003, -7.262534699999946], [112.67256220000002, -7.262530099999935], [112.67256750000001, -7.262529499999971], [112.673608, -7.262397299999975], [112.6738166, -7.262122799999929], [112.6739027000001, -7.262117499999931], [112.67390300000011, -7.262117499999931], [112.6742210000001, -7.262074499999926], [112.67427590000011, -7.262066399999981], [112.67486210000004, -7.261978], [112.67488090000006, -7.261977699999932], [112.67504110000004, -7.261969199999953], [112.67505850000009, -7.261971], [112.6756957, -7.262035099999935], [112.6757139, -7.262036499999965], [112.6757146000001, -7.262037], [112.675741, -7.262054599999942], [112.6757814, -7.262081499999965], [112.67587890000004, -7.262092799999948], [112.67588200000012, -7.262093099999959], [112.67589740000005, -7.262094899999965], [112.67588830000011, -7.262113699999929], [112.67587530000003, -7.262125099999935], [112.67587060000005, -7.26214989999994], [112.67584550000004, -7.262201199999936], [112.67587010000011, -7.262210599999946], [112.675872, -7.26221449999997], [112.67605730000002, -7.262297199999978], [112.67620290000002, -7.26238989999996], [112.67625260000011, -7.262439499999971], [112.67632520000006, -7.262512199999946], [112.67638170000009, -7.262568599999952], [112.6764313000001, -7.262628199999938], [112.67641150000009, -7.262810199999933], [112.67637690000004, -7.262933099999941], [112.676375, -7.262939299999971], [112.67637450000007, -7.262942], [112.6763585000001, -7.262998899999957], [112.6763221000001, -7.263151099999959], [112.6762791000001, -7.263267], [112.67623930000002, -7.263386099999934], [112.67624930000011, -7.263482099999976], [112.6762096000001, -7.263684], [112.67621610000003, -7.263684499999954], [112.67621560000009, -7.263688], [112.67621450000001, -7.263695599999949], [112.6763304000001, -7.263705499999958], [112.67638780000004, -7.26370449999996], [112.67638470000009, -7.263710599999968], [112.67642830000011, -7.263720299999932], [112.6764429000001, -7.263723499999969], [112.6764372, -7.263730799999962], [112.6764075000001, -7.263768399999947], [112.67630770000005, -7.263880799999981], [112.67625910000004, -7.263935299999957], [112.67621530000008, -7.264007299999946], [112.67617970000003, -7.264065199999948], [112.67616810000004, -7.264095299999951], [112.6761398000001, -7.264148899999952], [112.67611160000001, -7.264199499999961], [112.67608050000001, -7.264240299999926], [112.6760547, -7.264328399999954], [112.67598020000003, -7.264591699999926], [112.67598, -7.264593799999943], [112.6759561, -7.264677], [112.67593740000007, -7.264731799999936], [112.67591890000006, -7.264804799999979], [112.67593740000007, -7.264807699999949], [112.6759532000001, -7.264810899999929], [112.67602230000011, -7.264827199999957], [112.67608180000002, -7.264836499999944], [112.67619530000002, -7.264875599999925], [112.67633930000011, -7.264931499999932], [112.67637380000008, -7.264975199999981], [112.67632790000005, -7.265296499999977], [112.67632010000011, -7.26535089999993], [112.67631030000007, -7.265443499999947], [112.676306, -7.265447399999971], [112.67629710000006, -7.265451499999926], [112.67629570000008, -7.265456799999981], [112.6762936, -7.265458799999976], [112.67629150000005, -7.265473099999952], [112.67628520000005, -7.265497399999958], [112.6762748000001, -7.265587], [112.67626590000009, -7.265648], [112.67621830000007, -7.265753599999925], [112.67620820000002, -7.265775299999973], [112.67620770000008, -7.265777199999945], [112.67620210000007, -7.265789599999948], [112.67619470000011, -7.26583839999995], [112.67618520000008, -7.265888099999927], [112.67618190000007, -7.265914899999927], [112.67617980000011, -7.265931699999953], [112.67616970000006, -7.265991099999951], [112.67615910000006, -7.26604279999998], [112.67613570000003, -7.266082199999971], [112.6761206000001, -7.266105899999957], [112.67609010000001, -7.266131799999926], [112.67601780000007, -7.266186], [112.675944, -7.266233799999952], [112.6760220000001, -7.266344799999956], [112.67605350000008, -7.266394], [112.6760531000001, -7.266394299999945], [112.67609120000009, -7.266456299999959], [112.676172, -7.266592499999945], [112.67619610000008, -7.266628], [112.67643160000011, -7.266484099999957], [112.67643540000006, -7.266491], [112.67644430000007, -7.266506699999979]]] 
      }
    },
    {
      "type": "Feature",
      "properties": {
        "district_id": "3578160",
        "province": "Jawa Timur",
        "regency": "Surabaya",
        "district": "Suko Manunggal",
        "pria": 51739,
        "wanita": 52427,
        "total_penduduk": 104166
      },
      "geometry": {
        "type": "Polygon",
        "coordinates": [[[112.70056480000005, -7.283971199999939], [112.70026590000009, -7.283612499999947], [112.7002887000001, -7.283593], [112.70057660000009, -7.28334689999997], [112.7003621, -7.283090299999969], [112.69954060000009, -7.282108], [112.7011288000001, -7.280828099999951], [112.70131440000011, -7.280678499999965], [112.70250930000009, -7.27969029999997], [112.7032511000001, -7.279076799999928], [112.70326960000011, -7.279061499999955], [112.70300640000005, -7.278743599999927], [112.70315, -7.2786], [112.7033, -7.27848], [112.70343, -7.27837], [112.70357, -7.27825], [112.7037, -7.27814], [112.7037084000001, -7.278133799999978], [112.70396, -7.27795], [112.7040234000001, -7.277899299999945], [112.70406, -7.27787], [112.70459, -7.27746], [112.70461160000002, -7.277442599999972], [112.70461960000011, -7.277436099999932], [112.70463310000002, -7.277452399999959], [112.70463730000006, -7.277448499999934], [112.7048866, -7.277217], [112.70489380000004, -7.27722579999994], [112.70624930000008, -7.27887329999993], [112.70711440000002, -7.279157099999964], [112.707193, -7.278915299999937], [112.70721850000007, -7.27892259999993], [112.70797760000005, -7.279139499999928], [112.70798180000008, -7.27912989999993], [112.70802460000004, -7.279032699999959], [112.70811520000007, -7.278434599999969], [112.7082239, -7.277174899999977], [112.7082239, -7.277171199999941], [112.7082239, -7.27657679999993], [112.70815140000002, -7.276096499999937], [112.70802460000004, -7.275960599999962], [112.7078676000001, -7.27584289999993], [112.7079768000001, -7.275843399999928], [112.70843750000006, -7.275754799999959], [112.708494, -7.275749099999928], [112.70849570000007, -7.275725299999976], [112.70858, -7.27572], [112.70860390000007, -7.275715499999933], [112.70867440000006, -7.27454709999995], [112.7087457, -7.27358049999998], [112.70876690000011, -7.27329409999993], [112.708781, -7.273029899999926], [112.70878420000008, -7.272971699999971], [112.70878470000002, -7.272971799999937], [112.70951470000011, -7.273053299999958], [112.71066080000003, -7.273181399999942], [112.71067, -7.27314], [112.7107, -7.27302], [112.71072560000005, -7.27291189999994], [112.71079, -7.27264], [112.71080510000002, -7.272573399999942], [112.71084, -7.27242], [112.71089930000005, -7.272182699999973], [112.7109200000001, -7.2721], [112.71105000000011, -7.27158], [112.71106720000012, -7.271515499999964], [112.7110699000001, -7.271505499999932], [112.71109660000002, -7.271405399999935], [112.71124770000006, -7.270958399999927], [112.71134020000011, -7.270742499999926], [112.7113405, -7.270741799999939], [112.71134160000008, -7.27073919999998], [112.71134160000008, -7.270739399999968], [112.71137030000011, -7.270635899999945], [112.7113951, -7.270577599999967], [112.71139860000005, -7.270534099999963], [112.71141990000001, -7.270457399999941], [112.71147470000005, -7.270207], [112.711473, -7.270189199999948], [112.7114590000001, -7.270042599999954], [112.71151960000009, -7.269834799999956], [112.71167810000009, -7.269291199999941], [112.71169080000004, -7.269262399999946], [112.7116995, -7.26924269999995], [112.71190510000008, -7.268774699999938], [112.71196770000006, -7.268453799999975], [112.71195250000005, -7.26816359999998], [112.71195210000008, -7.268156399999953], [112.7120718000001, -7.267937299999971], [112.71215130000007, -7.267742], [112.7124189000001, -7.267568499999925], [112.71259970000006, -7.267358699999932], [112.71271170000011, -7.267073099999948], [112.71283540000002, -7.266354599999943], [112.7129298000001, -7.265551799999969], [112.71293, -7.265550399999938], [112.71301660000006, -7.264814199999932], [112.71301670000003, -7.264813599999968], [112.713, -7.26481], [112.71300020000001, -7.264808099999925], [112.71303000000012, -7.26458], [112.71310090000009, -7.26405189999997], [112.71310410000001, -7.264028699999926], [112.71321000000012, -7.26324], [112.71321300000011, -7.263220299999944], [112.71323, -7.26311], [112.71325, -7.262910199999965], [112.7132557000001, -7.262852799999962], [112.71328, -7.26261], [112.71331, -7.26237], [112.71332, -7.26228], [112.71345040000006, -7.261482099999967], [112.7134741000001, -7.261337099999935], [112.71349, -7.26124], [112.71351840000011, -7.261085799999933], [112.71352470000011, -7.261051499999951], [112.71356, -7.26086], [112.71358, -7.26071], [112.71358480000004, -7.260681699999964], [112.713592, -7.26063929999998], [112.71365090000006, -7.260293499999932], [112.71374, -7.25977], [112.71378, -7.25949], [112.71382560000006, -7.259244899999942], [112.71386, -7.25906], [112.71387, -7.25897], [112.71392, -7.25872], [112.71398110000007, -7.25839689999998], [112.71399, -7.25835], [112.71399110000004, -7.258343399999944], [112.71402020000005, -7.258163799999977], [112.71405, -7.25798], [112.7141, -7.25766], [112.7141600000001, -7.25728], [112.7141812000001, -7.257115899999974], [112.7142, -7.25697], [112.7142500000001, -7.2566], [112.71426, -7.25649], [112.7143, -7.25622], [112.7143400000001, -7.25611], [112.71401, -7.2559], [112.71390230000009, -7.255876899999976], [112.71373, -7.25584], [112.71367320000002, -7.255809], [112.7136200000001, -7.25578], [112.71349, -7.2556], [112.71325, -7.25533], [112.71302, -7.25517], [112.71293, -7.255143499999974], [112.71285000000012, -7.25512], [112.7127200000001, -7.25509], [112.71269, -7.255], [112.71258420000004, -7.254669399999955], [112.7124500000001, -7.25425], [112.71239, -7.25414], [112.7122673, -7.254028099999971], [112.71230760000003, -7.254016299999932], [112.71243310000011, -7.253979399999935], [112.71303740000008, -7.253828299999952], [112.71306920000006, -7.253820299999973], [112.71292860000005, -7.253559299999949], [112.71288370000002, -7.253475799999933], [112.71286770000006, -7.253476899999953], [112.7124950000001, -7.25350229999998], [112.71203560000004, -7.253511099999969], [112.71172640000009, -7.253414], [112.71139070000004, -7.25315779999994], [112.71117860000004, -7.252998799999943], [112.71099310000011, -7.252769099999966], [112.71091360000003, -7.252618899999959], [112.71092240000007, -7.252557], [112.71092350000004, -7.252550799999938], [112.71098430000006, -7.252177199999949], [112.71058670000002, -7.252150699999959], [112.71058180000011, -7.252160499999945], [112.71052610000004, -7.252271899999926], [112.710463, -7.252398], [112.7103747000001, -7.252548199999978], [112.7102245000001, -7.252795599999956], [112.710039, -7.25307829999997], [112.70993270000008, -7.253237799999965], [112.70980640000005, -7.253427099999953], [112.709802, -7.253427699999975], [112.70932520000008, -7.253490899999974], [112.70929400000011, -7.253495], [112.70903, -7.25353], [112.7089, -7.25355], [112.70875, -7.25354], [112.70870020000007, -7.253535799999952], [112.70869880000009, -7.253561599999955], [112.70868730000007, -7.253767299999936], [112.70868230000008, -7.253768], [112.7084532, -7.253798299999971], [112.70812640000008, -7.253921899999966], [112.70785250000006, -7.254098599999963], [112.70749910000006, -7.254213499999935], [112.707264, -7.254230899999925], [112.70726060000004, -7.25423109999997], [112.7069514000001, -7.254213499999935], [112.70658030000004, -7.254213499999935], [112.70623580000006, -7.25424], [112.70597080000005, -7.254399], [112.70572780000009, -7.254503099999965], [112.7056616000001, -7.254531499999928], [112.70537890000003, -7.254681699999935], [112.70503190000011, -7.25471959999993], [112.70481350000011, -7.254743499999961], [112.70436290000009, -7.254734699999972], [112.70398300000011, -7.254681699999935], [112.70358550000003, -7.25477], [112.70255190000012, -7.254876099999933], [112.70225130000006, -7.254986799999926], [112.70225920000007, -7.254901199999949], [112.7022641000001, -7.254848699999968], [112.70226650000006, -7.254821899999968], [112.7023137000001, -7.254310699999962], [112.70232740000006, -7.254163299999959], [112.70236200000011, -7.253804099999968], [112.7023034, -7.25374549999998], [112.7022478, -7.253689899999927], [112.70222070000011, -7.253662899999938], [112.70212430000004, -7.253621499999952], [112.70210490000011, -7.253611799999931], [112.70205540000006, -7.253587099999947], [112.70197280000002, -7.253573299999971], [112.70190390000005, -7.253538899999967], [112.70180170000003, -7.253532099999973], [112.70180060000007, -7.253532], [112.70168350000006, -7.253538899999967], [112.70157330000006, -7.253573299999971], [112.70145620000005, -7.253621499999952], [112.70136660000003, -7.253711099999975], [112.70124950000002, -7.253731699999946], [112.7012013000001, -7.253683499999966], [112.70116, -7.253628399999968], [112.70113930000002, -7.253552699999943], [112.70116, -7.25349749999998], [112.70119440000008, -7.253428699999972], [112.70130460000007, -7.253346], [112.70138040000006, -7.253290899999968], [112.701525, -7.253215099999977], [112.70154570000011, -7.253173799999956], [112.70155260000001, -7.253091099999949], [112.70154550000007, -7.253050799999926], [112.70154250000007, -7.253033699999946], [112.70153190000008, -7.25297409999996], [112.70152, -7.252940699999954], [112.70141, -7.25287], [112.70133, -7.25286], [112.70131260000005, -7.252844699999969], [112.70118880000007, -7.25273569999996], [112.70108, -7.25264], [112.70106770000007, -7.252630799999963], [112.70096, -7.25255], [112.70087610000007, -7.252460799999938], [112.7008, -7.25238], [112.70062, -7.25208], [112.70053, -7.25179], [112.70047710000006, -7.251595799999961], [112.700484, -7.251538399999959], [112.70033770000009, -7.251258899999925], [112.70024450000005, -7.250926299999946], [112.7002179000001, -7.250713399999938], [112.700178, -7.250527099999942], [112.7001514000001, -7.250354099999981], [112.7002179000001, -7.250274299999944], [112.7002711, -7.250167799999929], [112.70037760000002, -7.250114599999961], [112.70055050000008, -7.250074699999971], [112.7007235000001, -7.250061399999936], [112.70080440000004, -7.250034399999947], [112.70088320000002, -7.250008199999968], [112.7009763000001, -7.249954899999977], [112.70106950000002, -7.24987509999994], [112.70110160000002, -7.24985369999996], [112.70122920000006, -7.249768599999925], [112.70140210000011, -7.249635599999976], [112.7015884000001, -7.249502499999949], [112.70160170000008, -7.249356199999966], [112.70155520000003, -7.249083399999961], [112.70143540000004, -7.248857199999975], [112.70130230000007, -7.248737399999925], [112.7011427000001, -7.248737399999925], [112.70099630000004, -7.248777299999972], [112.7008499000001, -7.248857199999975], [112.70061380000004, -7.24884389999994], [112.70029770000008, -7.248993599999949], [112.7002936, -7.249000399999943], [112.70016470000007, -7.24920979999996], [112.69985070000007, -7.249342], [112.69984870000008, -7.249342899999931], [112.69968230000006, -7.249293], [112.69936630000007, -7.249193199999979], [112.69915010000011, -7.249243099999944], [112.69886730000007, -7.249243099999944], [112.6986511, -7.249359499999969], [112.6983351, -7.249525799999958], [112.69825190000006, -7.249725399999932], [112.69825190000006, -7.249891699999978], [112.6982852000001, -7.250058099999933], [112.69840160000001, -7.250141199999973], [112.69858460000012, -7.250274299999944], [112.69878420000009, -7.250357399999928], [112.69890060000012, -7.250490499999955], [112.69895050000002, -7.250706699999967], [112.69875090000005, -7.250956199999962], [112.698701, -7.251122499999951], [112.69840160000001, -7.251305499999944], [112.69811890000005, -7.25138869999995], [112.69785270000011, -7.251421899999968], [112.69753670000011, -7.251222299999938], [112.697254, -7.250889699999959], [112.69700450000005, -7.250407299999949], [112.69693360000008, -7.250271599999962], [112.69680490000007, -7.250024799999949], [112.69670510000003, -7.24987509999994], [112.69648890000008, -7.249825199999975], [112.69600650000007, -7.24987509999994], [112.69579030000011, -7.249742], [112.69569840000008, -7.249489299999937], [112.69565720000003, -7.249376099999949], [112.6956073, -7.249076699999932], [112.6956073, -7.248893799999962], [112.69572380000011, -7.248710799999969], [112.69574040000009, -7.24854449999998], [112.69569050000007, -7.24834489999995], [112.6954909000001, -7.248112], [112.69520140000009, -7.247910699999977], [112.69517940000003, -7.247895299999925], [112.69515830000012, -7.247912399999962], [112.69504180000001, -7.248078799999973], [112.69500860000005, -7.24817859999996], [112.69520820000002, -7.248627599999963], [112.69540780000011, -7.248893799999962], [112.69552420000002, -7.249359499999969], [112.69559290000007, -7.249514099999942], [112.6955977, -7.249525], [112.69556200000011, -7.249544599999979], [112.6955034, -7.249576899999965], [112.69550860000004, -7.249591599999974], [112.69524650000005, -7.249720699999955], [112.69414410000002, -7.250469599999974], [112.693701, -7.250761599999976], [112.69261630000005, -7.251476199999956], [112.69227770000009, -7.251617], [112.69227710000007, -7.251620199999934], [112.6920520000001, -7.252740599999981], [112.6921211, -7.252761299999975], [112.6916278000001, -7.254689599999949], [112.691592, -7.254683799999952], [112.6911219000001, -7.254607299999975], [112.6907543000001, -7.255887199999961], [112.69028520000006, -7.257364799999948], [112.69027340000002, -7.257402899999931], [112.69003480000003, -7.258172399999978], [112.68992390000005, -7.258702299999925], [112.6899079000001, -7.258779], [112.68977040000004, -7.258944699999972], [112.68968570000004, -7.25923389999997], [112.68964340000002, -7.259360899999933], [112.6894218000001, -7.260296699999969], [112.68919110000002, -7.260185], [112.68916, -7.26017], [112.68900030000009, -7.26003019999996], [112.68893240000011, -7.260430699999972], [112.68885480000006, -7.260888499999965], [112.68907390000004, -7.260951099999943], [112.68906160000006, -7.26105119999994], [112.68905990000007, -7.26106539999995], [112.68912250000005, -7.261077899999975], [112.6891147, -7.261104], [112.68903750000004, -7.261361199999953], [112.68903740000007, -7.261361499999964], [112.6889562, -7.261632299999974], [112.68896120000011, -7.261633299999971], [112.68894610000007, -7.261739699999964], [112.68893030000004, -7.261849799999936], [112.688836, -7.261944099999937], [112.68869840000002, -7.262081699999953], [112.68860610000002, -7.262497199999927], [112.68860570000004, -7.262499099999957], [112.68820370000003, -7.26236], [112.68819840000003, -7.262357699999939], [112.68795630000011, -7.262251699999979], [112.68786350000005, -7.262189899999953], [112.68785720000005, -7.262188299999934], [112.687806, -7.262811299999953], [112.68769390000011, -7.264174499999967], [112.68769290000012, -7.264186699999925], [112.6875109, -7.26640139999995], [112.68750140000009, -7.266400199999964], [112.68742, -7.26639], [112.68708, -7.26634], [112.68657, -7.26627], [112.68636310000011, -7.266254699999934], [112.68636260000005, -7.26626], [112.68631690000007, -7.26675819999997], [112.68599260000008, -7.266740399999946], [112.68599470000004, -7.266825299999937], [112.68599, -7.26683], [112.68595, -7.26721], [112.6859339, -7.267368], [112.68586690000006, -7.268025499999965], [112.68584, -7.26829], [112.68577, -7.26898], [112.68574, -7.2694], [112.68572470000004, -7.269511199999954], [112.68570000000011, -7.26969], [112.68568, -7.26986], [112.685671, -7.269959099999937], [112.68564230000004, -7.270275], [112.6856418000001, -7.270280599999978], [112.68564, -7.2703], [112.68561000000011, -7.27065], [112.68559, -7.27087], [112.68555, -7.27135], [112.68553, -7.27163], [112.68549, -7.27224], [112.68546, -7.27264], [112.68546, -7.2727], [112.6854657, -7.272826399999929], [112.68547, -7.27292], [112.68540670000004, -7.273141399999929], [112.68538120000005, -7.273230699999942], [112.68535780000002, -7.273646299999939], [112.68534020000004, -7.273957899999971], [112.685226, -7.273941199999967], [112.68522270000005, -7.273950199999945], [112.685133, -7.273950199999945], [112.68511540000009, -7.274249299999951], [112.68509, -7.27432], [112.6850621000001, -7.274324], [112.6850409000001, -7.274387699999977], [112.68474920000006, -7.274403], [112.68464950000009, -7.274679299999946], [112.684496, -7.274664], [112.684468, -7.275027699999953], [112.68446570000003, -7.275057499999946], [112.68519330000004, -7.275108899999964], [112.68519210000011, -7.275125899999978], [112.68513040000005, -7.275989399999958], [112.68514570000002, -7.27600149999995], [112.6852841000001, -7.27611109999998], [112.68529260000003, -7.27610489999995], [112.6856007, -7.276505399999962], [112.68586360000006, -7.276851599999929], [112.685866, -7.276854799999967], [112.68557480000004, -7.277133], [112.68557880000003, -7.277138099999945], [112.68708550000008, -7.279055399999947], [112.68711790000009, -7.279096699999968], [112.68784560000006, -7.278496099999927], [112.68784790000007, -7.278498899999931], [112.68842, -7.27803], [112.68843250000009, -7.278019299999926], [112.68844580000007, -7.278008099999965], [112.68894430000012, -7.278611], [112.68895960000009, -7.278598399999964], [112.68962880000004, -7.278049599999974], [112.68988960000001, -7.277835699999969], [112.69057640000005, -7.278597399999967], [112.69082130000004, -7.278420499999982], [112.69096790000003, -7.278011099999958], [112.69096850000005, -7.278009499999939], [112.6909700000001, -7.27801], [112.69113, -7.27806], [112.69143, -7.27813], [112.69203, -7.27817], [112.69235, -7.2782], [112.69285, -7.27826], [112.69293620000008, -7.27827], [112.693765, -7.278366399999925], [112.69414, -7.27841], [112.69458530000009, -7.278428199999951], [112.69463, -7.27843], [112.6949800000001, -7.27847], [112.69543270000008, -7.278507099999956], [112.69544480000002, -7.278522199999941], [112.6961463, -7.279398299999968], [112.69719570000007, -7.280709], [112.6972009000001, -7.280715599999951], [112.69718820000003, -7.280731099999969], [112.6971400000001, -7.28079], [112.69706, -7.28088], [112.6970179000001, -7.280922099999941], [112.69688, -7.28106], [112.69676540000012, -7.281141799999943], [112.69653, -7.28131], [112.69626910000011, -7.281524299999944], [112.69628100000011, -7.281538399999931], [112.69648530000006, -7.281781], [112.69683770000006, -7.282199399999968], [112.69683680000003, -7.282200099999955], [112.69442480000009, -7.284293799999944], [112.69439630000011, -7.284318499999927], [112.6948748000001, -7.28439659999998], [112.6948943000001, -7.284523599999943], [112.69500610000011, -7.284545899999955], [112.69500390000007, -7.284555099999977], [112.69492190000005, -7.284907499999974], [112.69492020000007, -7.284914699999945], [112.69495140000004, -7.284922699999981], [112.69621670000004, -7.28524589999995], [112.6962119000001, -7.285268799999926], [112.69657410000002, -7.285412699999938], [112.69672320000006, -7.285538899999949], [112.69673390000003, -7.285548], [112.69648260000008, -7.286482199999966], [112.69599190000008, -7.286401699999942], [112.69598180000003, -7.286450499999944], [112.69492390000005, -7.28638559999996], [112.69492, -7.286404499999946], [112.69487820000006, -7.286605], [112.694764, -7.287152699999979], [112.69456900000012, -7.288087699999949], [112.69455640000001, -7.288148199999966], [112.69452120000005, -7.28831729999996], [112.6940638000001, -7.28966], [112.69405870000003, -7.289674699999978], [112.69545860000005, -7.290157199999953], [112.695794, -7.290345], [112.6971784000001, -7.291120299999932], [112.69718120000005, -7.291121899999951], [112.69718000000012, -7.29115], [112.69743, -7.29126], [112.69767, -7.2914], [112.6978600000001, -7.29145], [112.69786920000001, -7.291449899999975], [112.69784930000003, -7.291524799999934], [112.69819490000009, -7.291632099999958], [112.70000510000011, -7.292193899999972], [112.702906, -7.292935899999975], [112.70343950000006, -7.293072399999971], [112.70349550000003, -7.292974899999933], [112.70356760000004, -7.292849699999977], [112.70399160000011, -7.292112799999927], [112.70415190000006, -7.292077899999981], [112.70444480000003, -7.291812899999968], [112.70449340000005, -7.291723599999955], [112.70468540000002, -7.291370099999938], [112.70526760000007, -7.290254799999957], [112.7053479000001, -7.29010089999997], [112.70562, -7.289488799999958], [112.70686030000002, -7.289677799999936], [112.70686920000003, -7.289679099999944], [112.70683040000006, -7.288345199999981], [112.70683030000009, -7.288341499999945], [112.70708, -7.28836], [112.707139, -7.288369799999941], [112.70715770000004, -7.288283199999967], [112.70753490000004, -7.286532799999975], [112.70755540000005, -7.286538099999973], [112.70781690000001, -7.285338599999932], [112.707817, -7.285338], [112.70808080000006, -7.284128299999963], [112.70814840000003, -7.283817899999974], [112.7081449000001, -7.28381719999993], [112.70710540000005, -7.283586399999933], [112.70691610000006, -7.283544399999926], [112.70500640000012, -7.283120499999939], [112.70463990000007, -7.283110199999953], [112.70462170000008, -7.283109699999955], [112.70461480000006, -7.283115499999951], [112.704354, -7.282818499999962], [112.7043466, -7.28282489999998], [112.70316, -7.283848399999954], [112.70272380000006, -7.284204299999942], [112.7022965000001, -7.284552799999972], [112.70226280000009, -7.284798799999976], [112.7023206, -7.284890399999938], [112.70230930000002, -7.284898299999952], [112.70225790000006, -7.284933899999942], [112.70220970000003, -7.284924199999978], [112.70221930000002, -7.284519], [112.70184790000008, -7.284369399999946], [112.70161150000001, -7.284162], [112.7013558000001, -7.284345299999927], [112.70115770000007, -7.284112899999968], [112.70082520000005, -7.283723], [112.70056480000005, -7.283971199999939]]] 
      }
    },
    {
      "type": "Feature",
      "properties": {
        "district_id": "3578170",
        "province": "Jawa Timur",
        "regency": "Surabaya",
        "district": "Sawahan",
        "pria": 98074,
        "wanita": 100442,
        "total_penduduk": 198516
      },
      "geometry": {
        "type": "Polygon",
        "coordinates": [[[112.7267892000001, -7.274635199999977], [112.72679, -7.27463], [112.72679820000008, -7.274594699999966], [112.72682, -7.2745], [112.72694, -7.27419], [112.72697670000002, -7.274104399999942], [112.727, -7.27405], [112.72717260000002, -7.273658499999954], [112.727206, -7.273582699999963], [112.72735000000011, -7.273256099999969], [112.72741, -7.27312], [112.72744000000012, -7.27305], [112.72747, -7.27298], [112.72750040000005, -7.272905], [112.7275972000001, -7.272666499999957], [112.727727, -7.272346699999957], [112.72775, -7.27229], [112.72783, -7.27208], [112.727974, -7.271758099999943], [112.728, -7.2717], [112.72805, -7.27156], [112.72809, -7.27146], [112.72825320000004, -7.27105679999994], [112.72826, -7.27104], [112.7283000000001, -7.27094], [112.72845450000011, -7.270567699999958], [112.72852000000012, -7.27041], [112.7285700000001, -7.27026], [112.7286372000001, -7.270070199999964], [112.72874, -7.26978], [112.72886, -7.26939], [112.72888000000012, -7.26931], [112.72894, -7.26909], [112.72897110000008, -7.268990599999938], [112.72897380000006, -7.268981899999972], [112.72899, -7.26893], [112.72899, -7.268915199999981], [112.72899, -7.268851], [112.72899, -7.26882], [112.72903890000009, -7.268708599999968], [112.72942, -7.26784], [112.72957, -7.26739], [112.72968, -7.26708], [112.7298211000001, -7.266762599999936], [112.72982660000002, -7.266750199999933], [112.72991590000004, -7.266549299999951], [112.7299200000001, -7.26654], [112.72994010000002, -7.266486399999962], [112.72995, -7.26646], [112.73032, -7.26558], [112.73050230000001, -7.265142599999933], [112.7305037000001, -7.265139099999942], [112.73052, -7.2651], [112.73052370000005, -7.265089299999943], [112.730537, -7.265050299999928], [112.7308, -7.26428], [112.73091000000011, -7.26404], [112.73096, -7.26393], [112.73096950000001, -7.263905399999942], [112.73100160000001, -7.263821899999925], [112.73101, -7.2638], [112.73106, -7.26368], [112.731321, -7.26302759999993], [112.73132470000007, -7.263018299999942], [112.73134, -7.26298], [112.7314, -7.26293], [112.73145000000011, -7.26287], [112.73157250000008, -7.262549], [112.73160220000011, -7.262471299999959], [112.73166, -7.26232], [112.731692, -7.262232299999937], [112.731832, -7.261848599999951], [112.7318917, -7.261685], [112.73193, -7.26158], [112.7320102000001, -7.261363099999926], [112.73202450000008, -7.261324299999956], [112.7320625000001, -7.261221499999976], [112.7321, -7.26112], [112.73222940000005, -7.260766399999966], [112.73225990000003, -7.260683], [112.73239990000002, -7.260300299999926], [112.7324145, -7.26026029999997], [112.73255, -7.25989], [112.73257820000003, -7.259823599999947], [112.73261160000004, -7.259745099999975], [112.73272, -7.25949], [112.73317270000007, -7.25844], [112.73318790000008, -7.258404799999937], [112.73319, -7.2584], [112.73326, -7.25824], [112.73354, -7.25765], [112.73376540000004, -7.257191499999976], [112.73383, -7.25706], [112.73397240000008, -7.256711899999971], [112.73401, -7.25662], [112.73413, -7.25633], [112.73417, -7.25625], [112.73419080000008, -7.256192499999941], [112.7343, -7.25589], [112.73396, -7.25595], [112.7336600000001, -7.25596], [112.7333059, -7.255941399999926], [112.7329, -7.25592], [112.73282570000003, -7.255915399999935], [112.73274, -7.25591], [112.73267770000007, -7.255906899999957], [112.73237770000003, -7.255891899999938], [112.73234, -7.25589], [112.73225, -7.25588], [112.732139, -7.255893299999968], [112.732, -7.25591], [112.73199380000005, -7.255912699999953], [112.73154000000011, -7.25611], [112.7312, -7.25623], [112.73099, -7.25625], [112.73068, -7.25622], [112.72995580000008, -7.256110899999953], [112.72995, -7.25611], [112.72980070000006, -7.256088699999964], [112.72953, -7.25605], [112.72876, -7.25604], [112.72838, -7.25603], [112.72825140000009, -7.256012799999951], [112.72823, -7.25601], [112.72780000000012, -7.25594], [112.72768, -7.25593], [112.72763960000009, -7.255927199999974], [112.72711240000001, -7.255890299999976], [112.7266800000001, -7.25586], [112.72642140000005, -7.25584079999993], [112.7264100000001, -7.25584], [112.72631, -7.25584], [112.7260950000001, -7.255802599999981], [112.72608, -7.2558], [112.72597, -7.25637], [112.72585, -7.25695], [112.7258452000001, -7.256974099999979], [112.7256493000001, -7.257022099999972], [112.72523430000001, -7.257123899999954], [112.72501670000008, -7.257086399999935], [112.72483870000008, -7.257055699999967], [112.72455800000012, -7.257007299999941], [112.72439960000008, -7.256999299999961], [112.72439410000004, -7.256999099999973], [112.72438340000008, -7.256998499999952], [112.72409160000007, -7.256983899999966], [112.72374180000008, -7.256879], [112.7231471, -7.256844], [112.72275960000002, -7.256790099999932], [112.72266130000003, -7.256776399999978], [112.72262050000006, -7.25677079999997], [112.72193990000005, -7.256676099999936], [112.7218061000001, -7.256657399999938], [112.72119470000007, -7.256540799999925], [112.7206139000001, -7.256429899999944], [112.72045150000008, -7.256398899999965], [112.72045060000005, -7.256398799999943], [112.72029940000004, -7.256369899999981], [112.72027860000003, -7.256365899999935], [112.7198012, -7.256272699999954], [112.71951600000011, -7.25621689999997], [112.71947510000007, -7.256208899999933], [112.7194641000001, -7.256206799999973], [112.71926410000003, -7.256167699999935], [112.71865780000007, -7.255957799999976], [112.71862510000005, -7.255952], [112.718203, -7.255876199999932], [112.71782990000008, -7.255864499999973], [112.71757330000003, -7.255701299999942], [112.71737510000003, -7.255678], [112.71714190000012, -7.255654599999957], [112.71680370000001, -7.255468099999973], [112.71659380000006, -7.255293199999926], [112.716349, -7.255211499999973], [112.71611860000007, -7.255185899999958], [112.71598090000009, -7.255219099999977], [112.71587650000004, -7.255242799999962], [112.715791, -7.255257099999938], [112.71573880000005, -7.255295099999955], [112.7157347000001, -7.255293499999937], [112.71536950000007, -7.255153199999938], [112.71518290000006, -7.255129899999929], [112.71507190000011, -7.255102199999953], [112.715, -7.2553], [112.7149, -7.25567], [112.71485, -7.25602], [112.7148595000001, -7.25614319999994], [112.71486, -7.25615], [112.71485380000001, -7.256159], [112.71473, -7.25634], [112.714726, -7.25633849999997], [112.71462, -7.2563], [112.7143400000001, -7.25611], [112.7143, -7.25622], [112.71426, -7.25649], [112.7142500000001, -7.2566], [112.7142, -7.25697], [112.7141812000001, -7.257115899999974], [112.7141600000001, -7.25728], [112.7141, -7.25766], [112.71405, -7.25798], [112.71402020000005, -7.258163799999977], [112.71399110000004, -7.258343399999944], [112.71399, -7.25835], [112.71398110000007, -7.25839689999998], [112.71392, -7.25872], [112.71387, -7.25897], [112.71386, -7.25906], [112.71382560000006, -7.259244899999942], [112.71378, -7.25949], [112.71374, -7.25977], [112.71365090000006, -7.260293499999932], [112.713592, -7.26063929999998], [112.71358480000004, -7.260681699999964], [112.71358, -7.26071], [112.71356, -7.26086], [112.71352470000011, -7.261051499999951], [112.71351840000011, -7.261085799999933], [112.71349, -7.26124], [112.7134741000001, -7.261337099999935], [112.71345040000006, -7.261482099999967], [112.71332, -7.26228], [112.71331, -7.26237], [112.71328, -7.26261], [112.7132557000001, -7.262852799999962], [112.71325, -7.262910199999965], [112.71323, -7.26311], [112.71321300000011, -7.263220299999944], [112.71321000000012, -7.26324], [112.71310410000001, -7.264028699999926], [112.71310090000009, -7.26405189999997], [112.71303000000012, -7.26458], [112.71300020000001, -7.264808099999925], [112.713, -7.26481], [112.71301670000003, -7.264813599999968], [112.71301660000006, -7.264814199999932], [112.71293, -7.265550399999938], [112.7129298000001, -7.265551799999969], [112.71283540000002, -7.266354599999943], [112.71271170000011, -7.267073099999948], [112.71259970000006, -7.267358699999932], [112.7124189000001, -7.267568499999925], [112.71215130000007, -7.267742], [112.7120718000001, -7.267937299999971], [112.71195210000008, -7.268156399999953], [112.71195250000005, -7.26816359999998], [112.71196770000006, -7.268453799999975], [112.71190510000008, -7.268774699999938], [112.7116995, -7.26924269999995], [112.71169080000004, -7.269262399999946], [112.71167810000009, -7.269291199999941], [112.71151960000009, -7.269834799999956], [112.7114590000001, -7.270042599999954], [112.711473, -7.270189199999948], [112.71147470000005, -7.270207], [112.71141990000001, -7.270457399999941], [112.71139860000005, -7.270534099999963], [112.7113951, -7.270577599999967], [112.71137030000011, -7.270635899999945], [112.71134160000008, -7.270739399999968], [112.71134160000008, -7.27073919999998], [112.7113405, -7.270741799999939], [112.71134020000011, -7.270742499999926], [112.71124770000006, -7.270958399999927], [112.71109660000002, -7.271405399999935], [112.7110699000001, -7.271505499999932], [112.71106720000012, -7.271515499999964], [112.71105000000011, -7.27158], [112.7109200000001, -7.2721], [112.71089930000005, -7.272182699999973], [112.71084, -7.27242], [112.71080510000002, -7.272573399999942], [112.71079, -7.27264], [112.71072560000005, -7.27291189999994], [112.7107, -7.27302], [112.71067, -7.27314], [112.71066080000003, -7.273181399999942], [112.70951470000011, -7.273053299999958], [112.70878470000002, -7.272971799999937], [112.70878420000008, -7.272971699999971], [112.708781, -7.273029899999926], [112.70876690000011, -7.27329409999993], [112.7087457, -7.27358049999998], [112.70867440000006, -7.27454709999995], [112.70860390000007, -7.275715499999933], [112.70874, -7.27569], [112.70887, -7.27567], [112.70935, -7.27562], [112.71006000000011, -7.27565], [112.70988000000011, -7.27635], [112.70974, -7.27699], [112.709754, -7.276993299999958], [112.70975450000003, -7.276993399999981], [112.70969820000005, -7.277252], [112.70962390000011, -7.277593799999977], [112.71082090000004, -7.277929799999981], [112.71178020000002, -7.278199099999938], [112.71165910000002, -7.278339099999926], [112.7119163000001, -7.278412299999957], [112.71214210000005, -7.278476499999954], [112.71215020000011, -7.278478799999959], [112.71214250000003, -7.278484299999946], [112.71212, -7.2785], [112.71203, -7.27863], [112.71206080000002, -7.278643099999954], [112.7125, -7.27883], [112.71284, -7.27876], [112.7130912, -7.278719499999966], [112.71315, -7.27871], [112.71315940000011, -7.278708499999937], [112.7134, -7.27867], [112.71362210000007, -7.27863629999996], [112.71373, -7.27862], [112.71394, -7.27867], [112.71474, -7.27878], [112.71554, -7.27901], [112.71653, -7.2793], [112.71737760000008, -7.279539299999954], [112.71738, -7.27954], [112.71737790000009, -7.279544099999953], [112.71736990000011, -7.27955929999996], [112.71705, -7.28017], [112.71694510000009, -7.280472299999929], [112.71673290000001, -7.28108409999993], [112.7167280000001, -7.281098199999974], [112.71671, -7.28115], [112.71658730000001, -7.281502599999953], [112.71655, -7.28161], [112.71644580000009, -7.281984], [112.71638850000011, -7.282189599999981], [112.71638, -7.28222], [112.71628, -7.28254], [112.71624940000004, -7.282641899999931], [112.7161, -7.28314], [112.71595, -7.28364], [112.71582580000006, -7.284063499999945], [112.71573, -7.28439], [112.715707, -7.284447599999964], [112.71569000000011, -7.28449], [112.71556, -7.28485], [112.71539310000003, -7.285217099999954], [112.71525370000006, -7.28552389999993], [112.71516, -7.28573], [112.71511180000005, -7.285835099999929], [112.71494260000009, -7.286204299999952], [112.71494, -7.28621], [112.71482, -7.28646], [112.71478, -7.28655], [112.71474310000008, -7.286637399999961], [112.71459, -7.287], [112.71439, -7.28745], [112.71435, -7.28754], [112.7141004, -7.288072499999942], [112.71405, -7.28818], [112.71402670000009, -7.288229799999954], [112.71383, -7.28865], [112.71374860000003, -7.288894299999981], [112.71373, -7.28895], [112.7136200000001, -7.28927], [112.71355, -7.28971], [112.7135300000001, -7.28984], [112.71344320000003, -7.290331699999967], [112.7134400000001, -7.29035], [112.71344550000003, -7.290351799999939], [112.71481, -7.2908], [112.71488000000011, -7.29083], [112.71510110000008, -7.290903699999944], [112.71512, -7.29091], [112.71548, -7.29105], [112.71583580000004, -7.291162399999962], [112.71586, -7.29117], [112.71635, -7.29128], [112.7169, -7.29141], [112.71690050000007, -7.29141009999995], [112.71715720000009, -7.291468099999975], [112.71750140000006, -7.291545799999938], [112.71752, -7.29155], [112.71786170000007, -7.291606], [112.71786580000003, -7.291606699999932], [112.71813, -7.29165], [112.71819520000008, -7.291656499999931], [112.7185300000001, -7.29169], [112.7185813000001, -7.29169509999997], [112.71863, -7.2917], [112.71875000000011, -7.29171], [112.71875840000007, -7.291710699999953], [112.71899, -7.29173], [112.7204, -7.29185], [112.72045350000008, -7.291852499999948], [112.72073720000003, -7.291866099999936], [112.72103, -7.29188], [112.7215900000001, -7.29195], [112.72166120000009, -7.29196079999997], [112.72192, -7.292], [112.7222200000001, -7.292], [112.7225, -7.29202], [112.72283, -7.29204], [112.722836, -7.292040699999973], [112.7228689000001, -7.29204429999993], [112.72292, -7.29205], [112.7232772000001, -7.292077799999959], [112.72369, -7.29211], [112.72383520000005, -7.292122799999959], [112.72403, -7.29214], [112.72426840000003, -7.292150799999945], [112.72447000000011, -7.29216], [112.72487, -7.2922], [112.72495, -7.29221], [112.7249498000001, -7.292212599999971], [112.72495170000002, -7.292212699999936], [112.72855840000011, -7.292499599999928], [112.728653, -7.292508699999928], [112.72867, -7.29219], [112.72867680000002, -7.29218579999997], [112.7288, -7.29211], [112.7289, -7.29198], [112.7290200000001, -7.29175], [112.72902280000005, -7.291739599999971], [112.72902440000007, -7.291734], [112.72903540000004, -7.291693499999951], [112.72908590000009, -7.291508399999941], [112.72910370000011, -7.291442899999936], [112.7291100000001, -7.29142], [112.72916570000007, -7.291268], [112.72937, -7.29071], [112.72944, -7.29058], [112.729522, -7.29050159999997], [112.72967, -7.29036], [112.72985, -7.29022], [112.72997, -7.29005], [112.73007050000001, -7.289808799999946], [112.73017, -7.28957], [112.73027390000004, -7.289298299999928], [112.7303, -7.28923], [112.73037000000011, -7.28902], [112.7304, -7.28883], [112.73036860000002, -7.288760099999934], [112.73031, -7.28863], [112.73030430000006, -7.288618699999972], [112.7302800000001, -7.28857], [112.73006340000006, -7.288271399999928], [112.72991, -7.28806], [112.72977670000012, -7.287884099999928], [112.72966, -7.28773], [112.72965480000005, -7.287717899999961], [112.7296, -7.28759], [112.72957020000001, -7.287242499999934], [112.72957, -7.28724], [112.7296500000001, -7.28698], [112.7297400000001, -7.28672], [112.7297, -7.28606], [112.7297, -7.286037299999975], [112.7297, -7.28592], [112.72973950000005, -7.285869399999967], [112.72981940000011, -7.28576709999993], [112.72995, -7.2856], [112.73004, -7.2855], [112.730075, -7.285394899999972], [112.73013670000012, -7.285209799999961], [112.73015, -7.28517], [112.73018, -7.28493], [112.7301900000001, -7.284850399999925], [112.7301900000001, -7.28485], [112.73020340000005, -7.284581499999945], [112.73020960000008, -7.28445789999995], [112.73021, -7.28445], [112.73023, -7.28423], [112.73023, -7.28414319999996], [112.73023, -7.28397], [112.73021, -7.28388], [112.73018, -7.28368], [112.73017930000003, -7.28367819999994], [112.73017570000002, -7.283669], [112.73011, -7.2835], [112.73007, -7.2834], [112.7298300000001, -7.2831], [112.72981470000002, -7.283079599999951], [112.72971, -7.28294], [112.7296123000001, -7.282718799999941], [112.72952, -7.28251], [112.72946190000005, -7.282393799999966], [112.72942, -7.28231], [112.72932, -7.28213], [112.72926, -7.28201], [112.72916, -7.28189], [112.72912930000007, -7.281859299999951], [112.72910260000003, -7.281832599999973], [112.72908, -7.28181], [112.72901, -7.28174], [112.72897000000012, -7.28162], [112.72897000000012, -7.28142], [112.72901, -7.28129], [112.7290220000001, -7.281254799999942], [112.72914890000004, -7.280883099999926], [112.72915000000012, -7.28088], [112.7292000000001, -7.2807], [112.72915000000012, -7.28051], [112.72910150000007, -7.280394899999976], [112.72908960000007, -7.280366699999945], [112.72907, -7.28032], [112.72896, -7.2802], [112.7286405000001, -7.280054199999938], [112.72811370000011, -7.279813799999943], [112.72793, -7.27973], [112.72787170000004, -7.279703099999949], [112.72780000000012, -7.27967], [112.72769, -7.27955], [112.72763430000009, -7.279420099999925], [112.72763, -7.27941], [112.7277, -7.27876], [112.7277, -7.27853], [112.7276925000001, -7.278503], [112.72765030000005, -7.278351199999975], [112.72765, -7.27835], [112.7275955, -7.278174399999955], [112.72756, -7.27806], [112.72754, -7.2778], [112.7276, -7.27753], [112.7276700000001, -7.27737], [112.72774, -7.27726], [112.72778, -7.27708], [112.72778, -7.277036099999975], [112.72778, -7.27689], [112.72773, -7.27673], [112.72771980000005, -7.276717], [112.72751950000008, -7.276461299999937], [112.7276819000001, -7.276330499999972], [112.72761250000008, -7.276249199999938], [112.72748760000002, -7.276102699999967], [112.7274000000001, -7.276], [112.72713420000002, -7.275688399999979], [112.72711, -7.27566], [112.72698, -7.27549], [112.72690860000012, -7.275343799999973], [112.7267700000001, -7.27506], [112.7267700000001, -7.27476], [112.7267892000001, -7.274635199999977]]] 
      }
    },
    {
      "type": "Feature",
      "properties": {
        "district_id": "3578180",
        "province": "Jawa Timur",
        "regency": "Surabaya",
        "district": "Tegalsari",
        "pria": 48025,
        "wanita": 49486,
        "total_penduduk": 97511
      },
      "geometry": {
        "type": "Polygon",
        "coordinates": [[[112.7377914000001, -7.276507099999947], [112.73780470000008, -7.276436699999977], [112.73784640000008, -7.276206], [112.73784780000005, -7.276197899999943], [112.73791460000007, -7.275857599999938], [112.7379486000001, -7.275684199999944], [112.7379810000001, -7.275579], [112.73799460000009, -7.275534599999958], [112.73799170000007, -7.27552309999993], [112.73803780000003, -7.275356199999976], [112.73810110000011, -7.275088599999947], [112.73810330000003, -7.275082199999929], [112.7381673000001, -7.274897199999941], [112.738195, -7.27476409999997], [112.73821040000007, -7.27469], [112.73824760000002, -7.274541299999953], [112.73824780000007, -7.274540399999978], [112.7382507000001, -7.274403599999971], [112.7382507000001, -7.27440219999994], [112.7382649000001, -7.274125], [112.73826510000004, -7.27412019999997], [112.73832840000011, -7.274135699999931], [112.73833040000011, -7.27413619999993], [112.73840440000004, -7.273947299999975], [112.7384078, -7.273939], [112.73841120000009, -7.273937299999943], [112.73851530000002, -7.273889299999951], [112.73853340000005, -7.273888899999974], [112.7385703000001, -7.273888899999974], [112.73868410000011, -7.273886299999958], [112.7389194000001, -7.273933799999952], [112.73911190000001, -7.273986399999956], [112.73916210000004, -7.274000099999967], [112.73932310000009, -7.274044699999934], [112.73938680000003, -7.27407779999993], [112.73943170000007, -7.274102], [112.73941420000006, -7.274158399999976], [112.73941470000011, -7.274158599999964], [112.73941620000005, -7.274159099999963], [112.7394164000001, -7.274159299999951], [112.73941290000005, -7.274212899999952], [112.73940720000007, -7.274274799999944], [112.7394604000001, -7.274318099999959], [112.73965950000002, -7.27448], [112.73965870000006, -7.274483099999941], [112.73965890000011, -7.274483], [112.73966030000008, -7.274480599999947], [112.73966140000005, -7.274481499999979], [112.73967, -7.274463299999979], [112.73967850000008, -7.274448], [112.73967770000002, -7.274446799999964], [112.73967790000006, -7.274446399999931], [112.73959940000009, -7.274316099999965], [112.73959940000009, -7.274316], [112.73962860000006, -7.274268399999926], [112.7396821000001, -7.274183899999969], [112.7397668000001, -7.274237599999935], [112.73976730000004, -7.274238899999943], [112.73982490000003, -7.274269699999934], [112.73982650000005, -7.274270699999931], [112.73982660000001, -7.274270599999966], [112.7398267000001, -7.274270699999931], [112.7398495000001, -7.274228199999925], [112.73992150000004, -7.274094699999978], [112.739976, -7.274121199999968], [112.73997610000004, -7.274121], [112.73997760000009, -7.274121899999955], [112.74015080000004, -7.273775399999977], [112.74015580000003, -7.273765699999956], [112.740219, -7.273803699999974], [112.74045740000008, -7.273873399999957], [112.74045890000002, -7.273873799999933], [112.7405136000001, -7.273715], [112.74054540000009, -7.273625399999958], [112.74053780000008, -7.273622799999941], [112.74048720000008, -7.273603], [112.7405496, -7.27344549999998], [112.74063810000007, -7.273222399999952], [112.74063740000008, -7.273222], [112.74035680000009, -7.273055599999964], [112.74035590000005, -7.273051099999975], [112.74029650000011, -7.273026499999958], [112.7401489, -7.272965299999953], [112.74016270000004, -7.272928299999933], [112.74017460000005, -7.272895399999925], [112.74020150000001, -7.272822599999927], [112.7402211000001, -7.272768799999938], [112.74023810000006, -7.272722499999929], [112.74023790000001, -7.272722499999929], [112.740238, -7.272722399999964], [112.740192, -7.272703899999954], [112.74011610000002, -7.272673099999963], [112.7401162000001, -7.272671399999979], [112.73963360000005, -7.272371], [112.7396437000001, -7.272072799999933], [112.7396437000001, -7.272072299999934], [112.73964120000005, -7.272072399999956], [112.73958950000008, -7.272074299999929], [112.73955260000002, -7.272075699999959], [112.7396437000001, -7.27171119999997], [112.7389147, -7.271434399999976], [112.73891590000005, -7.271429], [112.73900590000005, -7.271017599999936], [112.7386365000001, -7.270936099999972], [112.73831930000006, -7.270866199999944], [112.73831740000003, -7.270865799999967], [112.7386054000001, -7.269775], [112.73877650000009, -7.269085799999971], [112.738902, -7.26858029999994], [112.739836, -7.268745], [112.74036520000004, -7.26883829999997], [112.7404451000001, -7.268852399999957], [112.74144810000007, -7.269029299999943], [112.74144620000004, -7.269005199999981], [112.74144350000006, -7.268970199999956], [112.74141840000004, -7.26864379999995], [112.7413987000001, -7.268386599999928], [112.74135680000006, -7.268170599999962], [112.74114320000001, -7.267068299999949], [112.740978, -7.265866599999981], [112.74096190000012, -7.265749899999946], [112.74098350000008, -7.265290799999946], [112.74099, -7.26529], [112.74102040000002, -7.265026199999966], [112.74103660000003, -7.264886], [112.74105, -7.26477], [112.74109, -7.26428], [112.74109, -7.26402], [112.7410880000001, -7.264011799999935], [112.74107, -7.26394], [112.741, -7.26356], [112.74086000000011, -7.26294], [112.74072420000005, -7.262635499999931], [112.74063810000007, -7.262442699999951], [112.74057, -7.26229], [112.74049, -7.26211], [112.74027, -7.26163], [112.74012, -7.26134], [112.74011480000001, -7.261338899999942], [112.740031, -7.261322199999938], [112.74002, -7.26132], [112.73974, -7.26127], [112.73877, -7.26093], [112.73861000000011, -7.26086], [112.73846, -7.26079], [112.738, -7.26056], [112.73751, -7.26032], [112.73745560000009, -7.260295399999961], [112.7372, -7.26018], [112.73706860000004, -7.260122899999942], [112.7370466000001, -7.260113399999966], [112.73689950000005, -7.26004949999998], [112.73627840000006, -7.259779699999967], [112.73621, -7.25975], [112.73562640000011, -7.25948139999997], [112.73558, -7.25946], [112.73526310000011, -7.259317899999928], [112.73471, -7.25907], [112.73464120000006, -7.259035599999947], [112.73461, -7.25902], [112.73422, -7.25883], [112.73421890000009, -7.258829499999933], [112.73421250000001, -7.258826799999952], [112.73408410000002, -7.258771099999933], [112.73352010000008, -7.258526699999948], [112.73345530000006, -7.258498599999939], [112.73332, -7.25844], [112.73319, -7.2584], [112.73318790000008, -7.258404799999937], [112.73317270000007, -7.25844], [112.73272, -7.25949], [112.73261160000004, -7.259745099999975], [112.73257820000003, -7.259823599999947], [112.73255, -7.25989], [112.7324145, -7.26026029999997], [112.73239990000002, -7.260300299999926], [112.73225990000003, -7.260683], [112.73222940000005, -7.260766399999966], [112.7321, -7.26112], [112.7320625000001, -7.261221499999976], [112.73202450000008, -7.261324299999956], [112.7320102000001, -7.261363099999926], [112.73193, -7.26158], [112.7318917, -7.261685], [112.731832, -7.261848599999951], [112.731692, -7.262232299999937], [112.73166, -7.26232], [112.73160220000011, -7.262471299999959], [112.73157250000008, -7.262549], [112.73145000000011, -7.26287], [112.7314, -7.26293], [112.73134, -7.26298], [112.73132470000007, -7.263018299999942], [112.731321, -7.26302759999993], [112.73106, -7.26368], [112.73101, -7.2638], [112.73100160000001, -7.263821899999925], [112.73096950000001, -7.263905399999942], [112.73096, -7.26393], [112.73091000000011, -7.26404], [112.7308, -7.26428], [112.730537, -7.265050299999928], [112.73052370000005, -7.265089299999943], [112.73052, -7.2651], [112.7305037000001, -7.265139099999942], [112.73050230000001, -7.265142599999933], [112.73032, -7.26558], [112.72995, -7.26646], [112.72994010000002, -7.266486399999962], [112.7299200000001, -7.26654], [112.72991590000004, -7.266549299999951], [112.72982660000002, -7.266750199999933], [112.7298211000001, -7.266762599999936], [112.72968, -7.26708], [112.72957, -7.26739], [112.72942, -7.26784], [112.72903890000009, -7.268708599999968], [112.72899, -7.26882], [112.72899, -7.268851], [112.72899, -7.268915199999981], [112.72899, -7.26893], [112.72897380000006, -7.268981899999972], [112.72897110000008, -7.268990599999938], [112.72894, -7.26909], [112.72888000000012, -7.26931], [112.72886, -7.26939], [112.72874, -7.26978], [112.7286372000001, -7.270070199999964], [112.7285700000001, -7.27026], [112.72852000000012, -7.27041], [112.72845450000011, -7.270567699999958], [112.7283000000001, -7.27094], [112.72826, -7.27104], [112.72825320000004, -7.27105679999994], [112.72809, -7.27146], [112.72805, -7.27156], [112.728, -7.2717], [112.727974, -7.271758099999943], [112.72783, -7.27208], [112.72775, -7.27229], [112.727727, -7.272346699999957], [112.7275972000001, -7.272666499999957], [112.72750040000005, -7.272905], [112.72747, -7.27298], [112.72744000000012, -7.27305], [112.72741, -7.27312], [112.72735000000011, -7.273256099999969], [112.727206, -7.273582699999963], [112.72717260000002, -7.273658499999954], [112.727, -7.27405], [112.72697670000002, -7.274104399999942], [112.72694, -7.27419], [112.72682, -7.2745], [112.72679820000008, -7.274594699999966], [112.72679, -7.27463], [112.7267892000001, -7.274635199999977], [112.7267700000001, -7.27476], [112.7267700000001, -7.27506], [112.72690860000012, -7.275343799999973], [112.72698, -7.27549], [112.72711, -7.27566], [112.72713420000002, -7.275688399999979], [112.7274000000001, -7.276], [112.72748760000002, -7.276102699999967], [112.72761250000008, -7.276249199999938], [112.7276819000001, -7.276330499999972], [112.72769, -7.27634], [112.72792, -7.27662], [112.72817730000008, -7.276953499999934], [112.72819, -7.27697], [112.72844, -7.27729], [112.72855850000008, -7.277444899999978], [112.7285700000001, -7.27746], [112.72891, -7.27788], [112.728945, -7.277925499999981], [112.72901, -7.27801], [112.7295600000001, -7.27868], [112.7298300000001, -7.27899], [112.72984040000006, -7.279000599999961], [112.73018, -7.27935], [112.73046000000011, -7.27969], [112.73083, -7.28008], [112.73093, -7.28018], [112.73119190000011, -7.280491299999937], [112.73146, -7.28081], [112.73155, -7.28092], [112.73164, -7.28101], [112.7317336000001, -7.281205799999952], [112.73241, -7.28262], [112.73279, -7.28335], [112.73297, -7.2837], [112.73301, -7.28378], [112.73306, -7.28389], [112.7331, -7.28398], [112.73333330000003, -7.284423899999979], [112.73341, -7.28457], [112.73358, -7.28489], [112.73365750000005, -7.285052699999937], [112.73378, -7.28531], [112.73427350000009, -7.286251199999981], [112.73432, -7.28634], [112.73439, -7.28648], [112.73441710000009, -7.286538], [112.73461, -7.28695], [112.7347400000001, -7.2872], [112.73494, -7.28757], [112.73518, -7.28805], [112.73568000000012, -7.28907], [112.73583, -7.28943], [112.73592680000002, -7.289652599999954], [112.73593, -7.28966], [112.73598, -7.28963], [112.7363, -7.2895], [112.73673, -7.28934], [112.73733, -7.28924], [112.73765, -7.28918], [112.73834000000011, -7.28915], [112.73869, -7.28915], [112.73911, -7.2892], [112.73917, -7.28921], [112.73987000000011, -7.28931], [112.74014000000011, -7.28939], [112.74043, -7.28949], [112.74082, -7.2896], [112.74113000000011, -7.28973], [112.74127250000004, -7.289817099999937], [112.74131000000011, -7.28984], [112.74142, -7.28997], [112.74151, -7.29007], [112.74165, -7.29015], [112.7420800000001, -7.29018], [112.74257000000011, -7.29021], [112.7425895, -7.290216499999929], [112.74266000000011, -7.29024], [112.74276, -7.29027], [112.74283, -7.29029], [112.74344, -7.28944], [112.74389, -7.28895], [112.7441904000001, -7.288712199999964], [112.74428710000007, -7.288635699999929], [112.74485, -7.28819], [112.7452909000001, -7.287704599999927], [112.74604000000011, -7.28688], [112.74614640000004, -7.286751899999956], [112.746161, -7.286734299999978], [112.74658000000011, -7.28623], [112.74699, -7.28549], [112.7472, -7.28473], [112.74722510000004, -7.284076899999945], [112.74723, -7.28395], [112.74699180000005, -7.283003899999926], [112.74688, -7.28256], [112.746702, -7.282149], [112.7464596000001, -7.281589299999951], [112.74633, -7.28129], [112.74581, -7.28032], [112.74511630000006, -7.279227499999934], [112.74501, -7.27906], [112.74448350000011, -7.278143399999976], [112.74447, -7.27812], [112.7443224000001, -7.277755199999945], [112.74411, -7.27723], [112.74409430000003, -7.277182799999935], [112.74408, -7.27714], [112.74405, -7.27705], [112.74401000000012, -7.27696], [112.74398, -7.27687], [112.74395, -7.27678], [112.74392000000012, -7.27669], [112.74389, -7.27661], [112.74386, -7.27652], [112.74384, -7.27644], [112.74381, -7.27636], [112.7437900000001, -7.27628], [112.74377, -7.2762], [112.74376, -7.27612], [112.74374000000012, -7.27605], [112.74373, -7.27597], [112.74372, -7.2759], [112.74371, -7.27583], [112.7437000000001, -7.27576], [112.74369, -7.27569], [112.74369, -7.27562], [112.74368, -7.27555], [112.74368, -7.27548], [112.74368, -7.2754], [112.74369, -7.27532], [112.74369, -7.27524], [112.74369, -7.27516], [112.7437000000001, -7.27506], [112.74372, -7.27496], [112.74374000000012, -7.27485], [112.74377, -7.27473], [112.7438, -7.27459], [112.74385, -7.27443], [112.74391, -7.27426], [112.74353, -7.27404], [112.74348, -7.27401], [112.74346440000011, -7.274000599999965], [112.7434151000001, -7.273971], [112.742634, -7.273500899999931], [112.74236810000002, -7.273340899999937], [112.74235380000005, -7.273332299999936], [112.7423500000001, -7.27333], [112.74229610000009, -7.27344979999998], [112.7422600000001, -7.27353], [112.74213, -7.27372], [112.74210160000007, -7.273816599999975], [112.7420062000001, -7.274140899999963], [112.74194330000012, -7.274354799999969], [112.74193, -7.2744], [112.74179570000001, -7.274910299999931], [112.74178, -7.27497], [112.74176490000002, -7.275049299999978], [112.7417, -7.27539], [112.74169940000002, -7.275393399999928], [112.7416793000001, -7.275499799999977], [112.74157, -7.27608], [112.74151540000003, -7.276309699999956], [112.74142710000001, -7.276681499999938], [112.74133, -7.27709], [112.74129, -7.27729], [112.74082, -7.27719], [112.74054450000006, -7.277140299999928], [112.74021, -7.27708], [112.73985, -7.27699], [112.73929, -7.27687], [112.73928280000007, -7.276868699999966], [112.73912710000002, -7.276839799999948], [112.73902, -7.27682], [112.7389, -7.27678], [112.73844, -7.27666], [112.73824, -7.27661], [112.7381, -7.27658], [112.7377914000001, -7.276507099999947]]] 
      }
    },
    {
      "type": "Feature",
      "properties": {
        "district_id": "3578190",
        "province": "Jawa Timur",
        "regency": "Surabaya",
        "district": "Genteng",
        "pria": 28516,
        "wanita": 29700,
        "total_penduduk": 58216
      },
      "geometry": {
        "type": "Polygon",
        "coordinates": [[[112.75000000000011, -7.2676], [112.75004, -7.26769], [112.75007, -7.26774], [112.75008730000002, -7.26778319999994], [112.75013, -7.26789], [112.75018000000011, -7.26806], [112.7502, -7.26814], [112.7506800000001, -7.268], [112.75096, -7.26798], [112.75099000000012, -7.26785], [112.75111, -7.26749], [112.75119, -7.26729], [112.75133, -7.26681], [112.75138, -7.26665], [112.75142, -7.26651], [112.75154, -7.26631], [112.75164, -7.26614], [112.75172, -7.26596], [112.75188, -7.26448], [112.75189910000006, -7.264250799999957], [112.7519, -7.26424], [112.75190240000006, -7.264240199999961], [112.7522100000001, -7.26427], [112.75221280000005, -7.264214299999935], [112.75222, -7.26407], [112.75228, -7.26303], [112.75234010000008, -7.262277299999937], [112.75245, -7.2609], [112.75246770000001, -7.260676099999955], [112.752536, -7.259812199999942], [112.75257060000001, -7.259375299999931], [112.75259, -7.25913], [112.75268860000006, -7.257651399999929], [112.75271, -7.25733], [112.7527500000001, -7.25662], [112.7527500000001, -7.25648], [112.75277, -7.25609], [112.75264860000004, -7.256084699999974], [112.75258630000008, -7.256082], [112.75254, -7.25608], [112.75249280000003, -7.25607789999998], [112.75231, -7.25607], [112.75154, -7.25605], [112.75116, -7.25604], [112.7510400000001, -7.25604], [112.75085650000005, -7.256036499999936], [112.75052210000001, -7.25603], [112.75052, -7.25603], [112.75052, -7.25602989999993], [112.75048, -7.25579], [112.75040280000007, -7.255461699999955], [112.75036000000011, -7.25528], [112.75028, -7.25503], [112.75021, -7.2548], [112.750192, -7.254741799999977], [112.75015770000005, -7.25463069999995], [112.75000000000011, -7.25412], [112.74998, -7.25406], [112.74995, -7.25397], [112.75000000000011, -7.25393], [112.74996420000002, -7.253724299999931], [112.7499600000001, -7.2537], [112.7499, -7.25342], [112.7498700000001, -7.25327], [112.74984, -7.25314], [112.74975, -7.25288], [112.74972, -7.25275], [112.74972, -7.25246], [112.74972, -7.2518], [112.74972, -7.25138], [112.75000000000011, -7.25143], [112.75044, -7.25145], [112.75092, -7.25142], [112.75122350000004, -7.251411799999971], [112.75129, -7.25141], [112.75137, -7.25141], [112.75205, -7.25141], [112.75240710000003, -7.251395099999968], [112.75272480000001, -7.251381899999956], [112.75277, -7.25138], [112.75279550000005, -7.251377199999979], [112.75286, -7.25137], [112.75294, -7.25137], [112.75301, -7.25136], [112.75309080000011, -7.251368099999979], [112.7531100000001, -7.25137], [112.75317530000007, -7.25023589999995], [112.75319, -7.24998], [112.75325, -7.24914], [112.75325180000004, -7.249119299999961], [112.7532900000001, -7.24868], [112.75331, -7.24825], [112.75330340000005, -7.247871], [112.75330270000006, -7.247836599999971], [112.7533, -7.24768], [112.75325, -7.24726], [112.75324080000007, -7.247228199999938], [112.75314, -7.24688], [112.75302040000008, -7.246597299999962], [112.75297890000002, -7.246499299999925], [112.75292, -7.24636], [112.752856, -7.246229799999981], [112.75273620000007, -7.245985699999949], [112.7526739000001, -7.245859099999961], [112.75264, -7.24579], [112.75235, -7.24531], [112.75219, -7.24509], [112.75215, -7.24504], [112.75208, -7.24496], [112.7519400000001, -7.24479], [112.75173, -7.24463], [112.75157, -7.24454], [112.751527, -7.244508599999961], [112.75152630000002, -7.244508099999962], [112.7512, -7.24427], [112.7505916, -7.243986699999937], [112.75047, -7.24393], [112.75012370000002, -7.243854399999975], [112.74992, -7.24381], [112.74944, -7.24373], [112.74907, -7.24367], [112.7489766000001, -7.243661399999951], [112.74853, -7.24362], [112.74828360000004, -7.243613], [112.74783, -7.2436], [112.74734, -7.24361], [112.74734740000008, -7.243720699999926], [112.74735, -7.24376], [112.74735690000011, -7.24404549999997], [112.74736840000003, -7.244524699999943], [112.74736930000006, -7.244559799999934], [112.74737, -7.24459], [112.74737670000002, -7.245039799999972], [112.74737940000011, -7.245218], [112.74738, -7.24526], [112.74739510000006, -7.245372699999962], [112.7474214, -7.245567799999947], [112.74746530000004, -7.245894699999951], [112.74747, -7.24593], [112.74750030000007, -7.246078099999977], [112.74750630000005, -7.246107599999959], [112.74754360000009, -7.246289599999955], [112.74756, -7.24637], [112.74754240000004, -7.246661099999926], [112.74754, -7.2467], [112.74751640000011, -7.246790899999951], [112.7474817000001, -7.246925], [112.74747, -7.24697], [112.74734970000009, -7.247253699999931], [112.74733, -7.2473], [112.74724780000008, -7.247487199999966], [112.74715370000001, -7.247701599999971], [112.74715, -7.24771], [112.74702, -7.248], [112.74691660000008, -7.248175699999933], [112.74684280000008, -7.248301199999958], [112.74683730000004, -7.248310499999945], [112.74682, -7.24834], [112.7466, -7.24833], [112.74640000000011, -7.24829], [112.74604000000011, -7.24822], [112.74569, -7.24821], [112.74548, -7.24819], [112.74529, -7.24818], [112.74449, -7.24812], [112.74408, -7.24814], [112.74393, -7.24814], [112.74373, -7.24814], [112.74357, -7.24811], [112.7434952000001, -7.24809659999994], [112.74329000000012, -7.24806], [112.74294120000002, -7.24798629999998], [112.74258, -7.24791], [112.74241, -7.24783], [112.74234, -7.24781], [112.74219, -7.24775], [112.74218870000004, -7.247754], [112.74214, -7.2479], [112.7421, -7.24799], [112.74206, -7.24809], [112.74204, -7.24815], [112.74201, -7.24821], [112.742, -7.248227499999928], [112.74197960000004, -7.24826319999994], [112.74197, -7.24828], [112.74193, -7.24834], [112.7419000000001, -7.24839], [112.74187, -7.24844], [112.74185080000007, -7.248478299999931], [112.74184, -7.2485], [112.7418, -7.24856], [112.74176000000011, -7.24861], [112.74173, -7.24867], [112.74170250000009, -7.248704399999951], [112.74169, -7.24872], [112.74165, -7.24877], [112.7416, -7.24883], [112.74155, -7.24889], [112.74153190000004, -7.248912599999926], [112.74151, -7.24894], [112.74146, -7.249], [112.74140000000011, -7.24906], [112.74135180000007, -7.24910129999995], [112.74133, -7.24912], [112.74129, -7.24917], [112.74124, -7.24921], [112.74119, -7.24926], [112.74114, -7.2493], [112.74110770000004, -7.249324199999933], [112.74106, -7.24936], [112.741, -7.24942], [112.74095000000011, -7.24945], [112.7409, -7.24948], [112.74086360000001, -7.249506], [112.74083, -7.24953], [112.74077000000011, -7.24957], [112.74072, -7.2496], [112.74067, -7.24963], [112.74062, -7.24967], [112.74059310000007, -7.249689199999978], [112.74055, -7.24972], [112.74046, -7.24978], [112.7404259000001, -7.249807899999951], [112.74035, -7.24987], [112.74019, -7.24998], [112.74007430000006, -7.250048799999945], [112.73983040000007, -7.250194099999931], [112.73977, -7.25023], [112.73960110000007, -7.250327399999946], [112.73951000000011, -7.25038], [112.73933720000002, -7.250474299999951], [112.73929, -7.2505], [112.73898, -7.25068], [112.73885980000011, -7.25074589999997], [112.73879190000002, -7.250783099999978], [112.73867, -7.25085], [112.7385, -7.25096], [112.738404, -7.251016], [112.73826, -7.2511], [112.73805, -7.25124], [112.73781, -7.25143], [112.73760170000003, -7.251638299999968], [112.73757, -7.25167], [112.73742, -7.25191], [112.7374172000001, -7.251915699999927], [112.73737, -7.25201], [112.73732, -7.25214], [112.73726840000006, -7.25228629999998], [112.7372600000001, -7.25231], [112.73725, -7.25238], [112.73724, -7.25245], [112.73724, -7.25253], [112.7372418000001, -7.252538199999947], [112.7372600000001, -7.25262], [112.73733390000007, -7.252884699999981], [112.73738, -7.25305], [112.73751, -7.25342], [112.73756430000003, -7.253589099999942], [112.737592, -7.253675099999953], [112.7376, -7.2537], [112.73766, -7.25397], [112.73769, -7.25417], [112.73774, -7.25464], [112.73779, -7.25493], [112.73783450000008, -7.25503619999995], [112.73792, -7.25524], [112.73812, -7.25546], [112.7384, -7.25558], [112.73863, -7.25564], [112.73895, -7.25569], [112.73986, -7.25572], [112.74033, -7.25571], [112.741, -7.25572], [112.7411770000001, -7.255713199999946], [112.74152, -7.2557], [112.74187, -7.25571], [112.74221000000011, -7.25574], [112.74276070000008, -7.255806499999949], [112.74274790000004, -7.255839499999979], [112.74270120000006, -7.255906], [112.74266340000008, -7.255947399999968], [112.74262210000006, -7.255995899999959], [112.74256280000009, -7.256042699999966], [112.74251780000009, -7.256075], [112.7424711000001, -7.256100199999935], [112.74243690000003, -7.256118199999946], [112.74240280000004, -7.256130699999972], [112.74234710000007, -7.256136099999935], [112.74233820000006, -7.256137599999931], [112.7423212000001, -7.256140399999936], [112.74232, -7.25614], [112.74211, -7.25612], [112.74144, -7.25608], [112.74102, -7.25608], [112.74097290000009, -7.256081], [112.73965, -7.25611], [112.739445, -7.256100099999969], [112.73799, -7.25603], [112.7375, -7.25594], [112.73724, -7.25586], [112.7370800000001, -7.25581], [112.73702, -7.25579], [112.73695630000009, -7.255792399999962], [112.73694840000007, -7.255792699999972], [112.73621, -7.25582], [112.7358, -7.25583], [112.73505000000011, -7.25585], [112.73478650000004, -7.255830499999945], [112.73441830000002, -7.255874399999925], [112.7343019000001, -7.255885899999953], [112.73430130000008, -7.255887299999927], [112.7343, -7.25589], [112.73419080000008, -7.256192499999941], [112.73417, -7.25625], [112.73413, -7.25633], [112.73401, -7.25662], [112.73397240000008, -7.256711899999971], [112.73383, -7.25706], [112.73376540000004, -7.257191499999976], [112.73354, -7.25765], [112.73326, -7.25824], [112.73319, -7.2584], [112.73332, -7.25844], [112.73345530000006, -7.258498599999939], [112.73352010000008, -7.258526699999948], [112.73408410000002, -7.258771099999933], [112.73421250000001, -7.258826799999952], [112.73421890000009, -7.258829499999933], [112.73422, -7.25883], [112.73461, -7.25902], [112.73464120000006, -7.259035599999947], [112.73471, -7.25907], [112.73526310000011, -7.259317899999928], [112.73558, -7.25946], [112.73562640000011, -7.25948139999997], [112.73621, -7.25975], [112.73627840000006, -7.259779699999967], [112.73689950000005, -7.26004949999998], [112.7370466000001, -7.260113399999966], [112.73706860000004, -7.260122899999942], [112.7372, -7.26018], [112.73745560000009, -7.260295399999961], [112.73751, -7.26032], [112.738, -7.26056], [112.73846, -7.26079], [112.73861000000011, -7.26086], [112.73877, -7.26093], [112.73974, -7.26127], [112.74002, -7.26132], [112.740031, -7.261322199999938], [112.74011480000001, -7.261338899999942], [112.74012, -7.26134], [112.74027, -7.26163], [112.74049, -7.26211], [112.74057, -7.26229], [112.74063810000007, -7.262442699999951], [112.74072420000005, -7.262635499999931], [112.74086000000011, -7.26294], [112.741, -7.26356], [112.74107, -7.26394], [112.7410880000001, -7.264011799999935], [112.74109, -7.26402], [112.74109, -7.26428], [112.74105, -7.26477], [112.74103660000003, -7.264886], [112.74102040000002, -7.265026199999966], [112.74099, -7.26529], [112.74098350000008, -7.265290799999946], [112.74096190000012, -7.265749899999946], [112.740978, -7.265866599999981], [112.74114320000001, -7.267068299999949], [112.74135680000006, -7.268170599999962], [112.7413987000001, -7.268386599999928], [112.74141840000004, -7.26864379999995], [112.74144350000006, -7.268970199999956], [112.74144620000004, -7.269005199999981], [112.74144810000007, -7.269029299999943], [112.7404451000001, -7.268852399999957], [112.74036520000004, -7.26883829999997], [112.739836, -7.268745], [112.738902, -7.26858029999994], [112.73877650000009, -7.269085799999971], [112.7386054000001, -7.269775], [112.73831740000003, -7.270865799999967], [112.73831930000006, -7.270866199999944], [112.7386365000001, -7.270936099999972], [112.73900590000005, -7.271017599999936], [112.73891590000005, -7.271429], [112.7389147, -7.271434399999976], [112.7396437000001, -7.27171119999997], [112.73955260000002, -7.272075699999959], [112.73958950000008, -7.272074299999929], [112.73964120000005, -7.272072399999956], [112.7396437000001, -7.272072299999934], [112.7396437000001, -7.272072799999933], [112.73963360000005, -7.272371], [112.7401162000001, -7.272671399999979], [112.74011610000002, -7.272673099999963], [112.740192, -7.272703899999954], [112.740238, -7.272722399999964], [112.74023790000001, -7.272722499999929], [112.74023810000006, -7.272722499999929], [112.7402211000001, -7.272768799999938], [112.74020150000001, -7.272822599999927], [112.74017460000005, -7.272895399999925], [112.74016270000004, -7.272928299999933], [112.7401489, -7.272965299999953], [112.74029650000011, -7.273026499999958], [112.74035590000005, -7.273051099999975], [112.74035680000009, -7.273055599999964], [112.74063740000008, -7.273222], [112.74063810000007, -7.273222399999952], [112.7405496, -7.27344549999998], [112.74048720000008, -7.273603], [112.74053780000008, -7.273622799999941], [112.74054540000009, -7.273625399999958], [112.7405136000001, -7.273715], [112.74045890000002, -7.273873799999933], [112.74045740000008, -7.273873399999957], [112.740219, -7.273803699999974], [112.74015580000003, -7.273765699999956], [112.74015080000004, -7.273775399999977], [112.73997760000009, -7.274121899999955], [112.73997610000004, -7.274121], [112.739976, -7.274121199999968], [112.73992150000004, -7.274094699999978], [112.7398495000001, -7.274228199999925], [112.7398267000001, -7.274270699999931], [112.73982660000001, -7.274270599999966], [112.73982650000005, -7.274270699999931], [112.73982490000003, -7.274269699999934], [112.73976730000004, -7.274238899999943], [112.7397668000001, -7.274237599999935], [112.7396821000001, -7.274183899999969], [112.73962860000006, -7.274268399999926], [112.73959940000009, -7.274316], [112.73959940000009, -7.274316099999965], [112.73967790000006, -7.274446399999931], [112.73967770000002, -7.274446799999964], [112.73967850000008, -7.274448], [112.73967, -7.274463299999979], [112.73966140000005, -7.274481499999979], [112.73966030000008, -7.274480599999947], [112.73965890000011, -7.274483], [112.73965870000006, -7.274483099999941], [112.73965950000002, -7.27448], [112.7394604000001, -7.274318099999959], [112.73940720000007, -7.274274799999944], [112.73941290000005, -7.274212899999952], [112.7394164000001, -7.274159299999951], [112.73941620000005, -7.274159099999963], [112.73941470000011, -7.274158599999964], [112.73941420000006, -7.274158399999976], [112.73943170000007, -7.274102], [112.73938680000003, -7.27407779999993], [112.73932310000009, -7.274044699999934], [112.73916210000004, -7.274000099999967], [112.73911190000001, -7.273986399999956], [112.7389194000001, -7.273933799999952], [112.73868410000011, -7.273886299999958], [112.7385703000001, -7.273888899999974], [112.73853340000005, -7.273888899999974], [112.73851530000002, -7.273889299999951], [112.73841120000009, -7.273937299999943], [112.7384078, -7.273939], [112.73840440000004, -7.273947299999975], [112.73833040000011, -7.27413619999993], [112.73832840000011, -7.274135699999931], [112.73826510000004, -7.27412019999997], [112.7382649000001, -7.274125], [112.7382507000001, -7.27440219999994], [112.7382507000001, -7.274403599999971], [112.73824780000007, -7.274540399999978], [112.73824760000002, -7.274541299999953], [112.73821040000007, -7.27469], [112.738195, -7.27476409999997], [112.7381673000001, -7.274897199999941], [112.73810330000003, -7.275082199999929], [112.73810110000011, -7.275088599999947], [112.73803780000003, -7.275356199999976], [112.73799170000007, -7.27552309999993], [112.73799460000009, -7.275534599999958], [112.7379810000001, -7.275579], [112.7379486000001, -7.275684199999944], [112.73791460000007, -7.275857599999938], [112.73784780000005, -7.276197899999943], [112.73784640000008, -7.276206], [112.73780470000008, -7.276436699999977], [112.7377914000001, -7.276507099999947], [112.7381, -7.27658], [112.73824, -7.27661], [112.73844, -7.27666], [112.7389, -7.27678], [112.73902, -7.27682], [112.73912710000002, -7.276839799999948], [112.73928280000007, -7.276868699999966], [112.73929, -7.27687], [112.73985, -7.27699], [112.74021, -7.27708], [112.74054450000006, -7.277140299999928], [112.74082, -7.27719], [112.74129, -7.27729], [112.74133, -7.27709], [112.74142710000001, -7.276681499999938], [112.74151540000003, -7.276309699999956], [112.74157, -7.27608], [112.7416793000001, -7.275499799999977], [112.74169940000002, -7.275393399999928], [112.7417, -7.27539], [112.74176490000002, -7.275049299999978], [112.74178, -7.27497], [112.74179570000001, -7.274910299999931], [112.74193, -7.2744], [112.74194330000012, -7.274354799999969], [112.7420062000001, -7.274140899999963], [112.74210160000007, -7.273816599999975], [112.74213, -7.27372], [112.7422600000001, -7.27353], [112.74229610000009, -7.27344979999998], [112.7423500000001, -7.27333], [112.74235380000005, -7.273332299999936], [112.74236810000002, -7.273340899999937], [112.742634, -7.273500899999931], [112.7434151000001, -7.273971], [112.74346440000011, -7.274000599999965], [112.74348, -7.27401], [112.74353, -7.27404], [112.74391, -7.27426], [112.74403, -7.27401], [112.74413, -7.27379], [112.74422, -7.27359], [112.74431, -7.27342], [112.74439, -7.27326], [112.74447, -7.27312], [112.74454, -7.273], [112.74461, -7.27288], [112.74467, -7.27278], [112.74473000000012, -7.27268], [112.74479, -7.27259], [112.74485, -7.27251], [112.74491, -7.27243], [112.7449600000001, -7.27236], [112.74502, -7.27229], [112.74508, -7.27222], [112.7451400000001, -7.27215], [112.74521, -7.27208], [112.74528, -7.27202], [112.74536, -7.27194], [112.74545, -7.27186], [112.74554, -7.27178], [112.74565, -7.27168], [112.7457700000001, -7.27157], [112.74586270000009, -7.271484499999929], [112.7459, -7.27145], [112.74605, -7.27132], [112.74621, -7.27118], [112.74637, -7.27103], [112.74655, -7.27087], [112.74672, -7.2707], [112.74691, -7.27053], [112.74709, -7.27036], [112.74728, -7.27018], [112.747341, -7.270125499999949], [112.74747, -7.27001], [112.74765, -7.26983], [112.74784000000011, -7.26966], [112.74796520000007, -7.269541799999956], [112.74802000000011, -7.26949], [112.74820000000011, -7.26932], [112.74838000000011, -7.26915], [112.74856000000011, -7.26898], [112.74874000000011, -7.26881], [112.74893, -7.26863], [112.74916, -7.26841], [112.749217, -7.268355099999951], [112.74944, -7.26814], [112.7498, -7.2678], [112.75000000000011, -7.2676]]] 
      }
    },
    {
      "type": "Feature",
      "properties": {
        "district_id": "3578200",
        "province": "Jawa Timur",
        "regency": "Surabaya",
        "district": "Tambaksari",
        "pria": 112303,
        "wanita": 114722,
        "total_penduduk": 227025
      },
      "geometry": {
        "type": "Polygon",
        "coordinates": [[[112.77156220000006, -7.235919699999954], [112.77155940000011, -7.235919399999943], [112.77134780000006, -7.235900199999946], [112.77107390000003, -7.23588019999994], [112.77078, -7.235793299999955], [112.77056620000008, -7.235706499999935], [112.7705628000001, -7.235701199999937], [112.77032780000002, -7.235733599999946], [112.77003780000007, -7.235741399999938], [112.77003450000007, -7.235746799999959], [112.76957290000007, -7.235756899999956], [112.76935950000006, -7.235772499999939], [112.76934260000007, -7.235773799999947], [112.76928730000009, -7.235777799999937], [112.7690665, -7.235794], [112.76879050000002, -7.235857499999952], [112.76832980000006, -7.235821699999974], [112.76803830000006, -7.235794699999929], [112.76782480000008, -7.236670799999956], [112.76781620000008, -7.236706099999935], [112.76736770000002, -7.236576599999978], [112.76711040000009, -7.236502299999927], [112.76711180000007, -7.236495099999956], [112.76706320000005, -7.236482199999955], [112.767053, -7.236309099999971], [112.76689090000002, -7.236284799999964], [112.76689810000005, -7.235885599999961], [112.766899, -7.235839399999975], [112.766899, -7.235839], [112.76679660000002, -7.235835099999974], [112.76651060000006, -7.235824299999933], [112.76647150000008, -7.23582289999996], [112.7664635000001, -7.235820499999932], [112.76621810000006, -7.235725499999944], [112.7662044000001, -7.235722399999929], [112.76608240000007, -7.235694199999955], [112.76600730000007, -7.23567689999993], [112.765971, -7.23567689999993], [112.76594250000005, -7.23567689999993], [112.76587040000004, -7.235915199999965], [112.7657987, -7.236152499999946], [112.76556, -7.23618], [112.76541390000011, -7.236192699999947], [112.76533, -7.2362], [112.76493, -7.23625], [112.76469240000006, -7.236311599999965], [112.76468350000005, -7.236312599999962], [112.76466560000006, -7.23631469999998], [112.76459320000004, -7.236336], [112.76445350000006, -7.23637709999997], [112.76437460000011, -7.236400299999957], [112.76424670000006, -7.236411399999952], [112.764057, -7.236428], [112.76405410000007, -7.236428199999978], [112.7639527, -7.23639739999993], [112.7639014, -7.236381699999981], [112.76383, -7.23636], [112.76375990000008, -7.236338399999966], [112.7637, -7.23632], [112.76356160000012, -7.236562899999967], [112.76317, -7.23725], [112.76294, -7.23769], [112.76293110000006, -7.237705499999947], [112.76277030000006, -7.237987], [112.76274, -7.23804], [112.76254, -7.23838], [112.7624, -7.23862], [112.76219, -7.23906], [112.76191, -7.23955], [112.7619059000001, -7.239560199999971], [112.76176, -7.23992], [112.7616, -7.24039], [112.76147, -7.24084], [112.76145960000008, -7.240871299999981], [112.76140310000005, -7.241040699999928], [112.76137560000006, -7.24112329999997], [112.76137390000008, -7.241128299999957], [112.76137, -7.24114], [112.76125, -7.2415], [112.76121, -7.24162], [112.76093780000008, -7.242498], [112.7608100000001, -7.24291], [112.76079, -7.24299], [112.7606300000001, -7.24359], [112.76058400000011, -7.243747599999949], [112.76042590000009, -7.244289099999946], [112.7604229000001, -7.244299199999944], [112.76023170000008, -7.244954099999973], [112.76023, -7.24496], [112.76014, -7.24529], [112.76011010000002, -7.245400599999925], [112.75998590000006, -7.245860099999959], [112.75995150000006, -7.245987299999967], [112.75985250000008, -7.246353899999974], [112.75974, -7.24677], [112.75971510000011, -7.246874599999956], [112.75969260000011, -7.246969], [112.75969, -7.24698], [112.75963580000007, -7.247187899999972], [112.75963, -7.24721], [112.75956480000002, -7.247470699999951], [112.75951, -7.24769], [112.75945, -7.248], [112.75926, -7.24896], [112.75889, -7.24889], [112.75833340000008, -7.248755099999926], [112.75823, -7.24873], [112.75795460000006, -7.248685199999954], [112.7578, -7.24866], [112.75769670000011, -7.24866], [112.75763, -7.24866], [112.7575700000001, -7.24866], [112.75732030000006, -7.248737499999947], [112.75728, -7.24875], [112.75641460000008, -7.249022299999979], [112.75639, -7.24903], [112.75613890000011, -7.249094199999945], [112.75596, -7.24914], [112.75565, -7.24919], [112.7556320000001, -7.249192699999981], [112.75538, -7.24923], [112.7553395000001, -7.249245599999938], [112.75525, -7.24928], [112.7551, -7.24927], [112.75482980000004, -7.249243799999931], [112.75479, -7.24924], [112.75405, -7.24919], [112.75400710000008, -7.249187099999972], [112.7539, -7.24918], [112.75382980000006, -7.249175199999968], [112.75382840000009, -7.249175099999945], [112.75361, -7.24916], [112.75360090000004, -7.249159499999962], [112.7536004000001, -7.249159499999962], [112.75325, -7.24914], [112.75319, -7.24998], [112.75317530000007, -7.25023589999995], [112.7531100000001, -7.25137], [112.75309080000011, -7.251368099999979], [112.75301, -7.25136], [112.75294, -7.25137], [112.75286, -7.25137], [112.75279550000005, -7.251377199999979], [112.75277, -7.25138], [112.75272480000001, -7.251381899999956], [112.75240710000003, -7.251395099999968], [112.75205, -7.25141], [112.75137, -7.25141], [112.75129, -7.25141], [112.75122350000004, -7.251411799999971], [112.75092, -7.25142], [112.75044, -7.25145], [112.75000000000011, -7.25143], [112.74972, -7.25138], [112.74972, -7.2518], [112.74972, -7.25246], [112.74972, -7.25275], [112.74975, -7.25288], [112.74984, -7.25314], [112.7498700000001, -7.25327], [112.7499, -7.25342], [112.7499600000001, -7.2537], [112.74996420000002, -7.253724299999931], [112.75000000000011, -7.25393], [112.74995, -7.25397], [112.74998, -7.25406], [112.75000000000011, -7.25412], [112.75015770000005, -7.25463069999995], [112.750192, -7.254741799999977], [112.75021, -7.2548], [112.75028, -7.25503], [112.75036000000011, -7.25528], [112.75040280000007, -7.255461699999955], [112.75048, -7.25579], [112.75052, -7.25602989999993], [112.75052, -7.25603], [112.75052210000001, -7.25603], [112.75085650000005, -7.256036499999936], [112.7510400000001, -7.25604], [112.75116, -7.25604], [112.75154, -7.25605], [112.75231, -7.25607], [112.75249280000003, -7.25607789999998], [112.75254, -7.25608], [112.75258630000008, -7.256082], [112.75264860000004, -7.256084699999974], [112.75277, -7.25609], [112.7527500000001, -7.25648], [112.7527500000001, -7.25662], [112.75271, -7.25733], [112.75268860000006, -7.257651399999929], [112.75259, -7.25913], [112.75257060000001, -7.259375299999931], [112.752536, -7.259812199999942], [112.75246770000001, -7.260676099999955], [112.75245, -7.2609], [112.75234010000008, -7.262277299999937], [112.75228, -7.26303], [112.75222, -7.26407], [112.75221280000005, -7.264214299999935], [112.7522100000001, -7.26427], [112.75190240000006, -7.264240199999961], [112.7519, -7.26424], [112.75189910000006, -7.264250799999957], [112.75188, -7.26448], [112.75172, -7.26596], [112.75164, -7.26614], [112.75154, -7.26631], [112.75142, -7.26651], [112.75138, -7.26665], [112.75133, -7.26681], [112.75119, -7.26729], [112.75111, -7.26749], [112.75099000000012, -7.26785], [112.75096, -7.26798], [112.75114, -7.26796], [112.751348, -7.267930299999932], [112.75135000000012, -7.26793], [112.75188190000006, -7.267709899999943], [112.75193, -7.26769], [112.75217, -7.26766], [112.75228, -7.26766], [112.75229250000007, -7.267668299999968], [112.7524, -7.26774], [112.75244, -7.26779], [112.75251, -7.26788], [112.75263260000008, -7.268089399999951], [112.7527500000001, -7.26829], [112.75283730000001, -7.268384599999933], [112.75287, -7.26842], [112.75314270000001, -7.268605], [112.75315, -7.26861], [112.75342380000006, -7.268792499999961], [112.75346560000003, -7.268820399999981], [112.75348, -7.26883], [112.75374680000004, -7.268917199999976], [112.754, -7.269], [112.754017, -7.269000699999935], [112.7540689000001, -7.269002899999975], [112.75421920000008, -7.269009099999948], [112.75434410000003, -7.269014299999981], [112.75448, -7.26902], [112.75463, -7.26902], [112.75468130000002, -7.269002899999975], [112.75472, -7.26899], [112.75482000000011, -7.26895], [112.75500130000012, -7.268826], [112.75501, -7.26882], [112.7551, -7.2687], [112.75516, -7.26854], [112.75515770000004, -7.268429599999934], [112.75515010000004, -7.26805829999995], [112.75514120000003, -7.267625799999962], [112.75514, -7.26757], [112.7551903000001, -7.267259799999977], [112.7552, -7.2672], [112.75526, -7.26698], [112.75535, -7.26678], [112.75569, -7.26646], [112.75596, -7.26624], [112.75637, -7.26576], [112.75638090000007, -7.26574729999993], [112.75641420000011, -7.26570849999996], [112.75649, -7.26562], [112.75659, -7.26565], [112.75677, -7.26568], [112.75707000000011, -7.26571], [112.75776, -7.26576], [112.75864, -7.2658], [112.75925, -7.26581], [112.75987640000005, -7.265838699999961], [112.76026190000005, -7.265856399999961], [112.76034, -7.26586], [112.76075, -7.26588], [112.7608, -7.26588], [112.76081890000012, -7.26588], [112.76093010000011, -7.26588], [112.76111, -7.26588], [112.76128, -7.26588], [112.76157, -7.26588], [112.76222, -7.26588], [112.76252260000001, -7.265888899999936], [112.76256, -7.26589], [112.76257140000007, -7.265854199999978], [112.76261450000004, -7.265718599999957], [112.762588, -7.265468899999973], [112.7630832000001, -7.264555599999937], [112.76315950000003, -7.264414899999963], [112.76320610000005, -7.264329], [112.76339910000002, -7.263981299999955], [112.76359850000006, -7.263619699999936], [112.76395470000011, -7.262973399999964], [112.76415050000003, -7.262815799999942], [112.764175, -7.262829199999942], [112.76418420000005, -7.26282219999996], [112.7642, -7.26281], [112.76427, -7.26283], [112.76445090000004, -7.262845099999936], [112.76451, -7.26285], [112.76466520000008, -7.262842599999942], [112.76472, -7.26284], [112.7648200000001, -7.26283], [112.76522000000011, -7.26289], [112.76544820000004, -7.262924599999963], [112.76555, -7.26294], [112.76629950000006, -7.26301449999994], [112.76648880000005, -7.263033399999927], [112.766972, -7.263081399999976], [112.76736, -7.26312], [112.76751650000006, -7.263139899999942], [112.76791, -7.26319], [112.76830970000003, -7.263236699999936], [112.768582, -7.263268499999981], [112.76928, -7.26335], [112.76956, -7.26339], [112.76975, -7.26341], [112.77012, -7.26345], [112.77049130000012, -7.263492699999972], [112.77081630000009, -7.26353], [112.7716, -7.26362], [112.7717368000001, -7.263637699999947], [112.77214, -7.26369], [112.77236630000004, -7.26370739999993], [112.77331, -7.26378], [112.7733118000001, -7.263780099999963], [112.77343, -7.26379], [112.7735100000001, -7.2638], [112.77415760000008, -7.263869399999976], [112.77435, -7.26389], [112.77459090000002, -7.263913499999944], [112.77476, -7.26393], [112.77511, -7.26397], [112.77515870000002, -7.263975599999981], [112.775616, -7.264027599999963], [112.7759, -7.26406], [112.77606, -7.26407], [112.77634610000007, -7.264097299999946], [112.7764800000001, -7.26411], [112.7766147000001, -7.264126799999929], [112.77682850000008, -7.263943199999972], [112.777043, -7.263907599999925], [112.77722270000004, -7.263872099999958], [112.77732690000005, -7.263819599999977], [112.77761690000011, -7.26379529999997], [112.777779, -7.263725099999931], [112.77791780000007, -7.26361449999996], [112.77806240000007, -7.263492299999939], [112.77818900000011, -7.26320329999993], [112.77694440000005, -7.262550899999951], [112.77694180000003, -7.262560399999927], [112.77656320000006, -7.262389499999927], [112.77656, -7.26238], [112.77649, -7.26234], [112.77642, -7.26231], [112.77640460000009, -7.262304899999947], [112.77554730000008, -7.261802099999954], [112.77554950000001, -7.261843299999953], [112.775478, -7.261974699999939], [112.775414, -7.262092099999961], [112.77522980000003, -7.262430399999971], [112.77509470000007, -7.262678499999936], [112.77503580000007, -7.262701099999958], [112.77496830000007, -7.26267329999996], [112.77490060000002, -7.262611899999968], [112.77471590000005, -7.262452599999961], [112.77466090000007, -7.262405199999932], [112.77454280000006, -7.262369199999966], [112.77422060000004, -7.262611699999979], [112.77392770000006, -7.26254229999995], [112.77390860000003, -7.262537699999939], [112.77400110000008, -7.262202099999968], [112.77401, -7.26217], [112.77410290000012, -7.261908099999971], [112.77412, -7.26186], [112.77426, -7.26158], [112.77432360000012, -7.261461899999972], [112.774388, -7.261342199999945], [112.77439060000006, -7.261337399999945], [112.7744, -7.26132], [112.77446, -7.26121], [112.77444070000001, -7.261158499999965], [112.77437, -7.26097], [112.77433, -7.26086], [112.77442710000003, -7.260651199999927], [112.77449070000011, -7.260514399999977], [112.77449940000008, -7.260495699999979], [112.77453, -7.26043], [112.77462140000011, -7.260235299999977], [112.77476, -7.25994], [112.77478630000007, -7.25990719999993], [112.77492, -7.25974], [112.77499000000012, -7.25965], [112.77499630000011, -7.259561499999961], [112.775, -7.25951], [112.775, -7.25933], [112.77501, -7.25927], [112.7751300000001, -7.25925], [112.77521, -7.25923], [112.77528, -7.25917], [112.7753, -7.25906], [112.7753100000001, -7.259], [112.77533, -7.25887], [112.7754900000001, -7.25869], [112.77557, -7.25865], [112.77557250000007, -7.258644699999934], [112.7757, -7.25837], [112.77573, -7.2583], [112.7757600000001, -7.25822], [112.77580000000012, -7.25813], [112.77584, -7.25803], [112.77588, -7.25793], [112.77593, -7.25782], [112.77598000000012, -7.25771], [112.77604, -7.25758], [112.7761, -7.25746], [112.77616, -7.25732], [112.77622, -7.25718], [112.77628, -7.25703], [112.77634, -7.25688], [112.77641, -7.25673], [112.7764800000001, -7.25657], [112.77655, -7.2564], [112.7766057, -7.256272699999954], [112.77662, -7.25624], [112.77669, -7.25607], [112.77676, -7.25591], [112.77677110000002, -7.255880499999932], [112.77682, -7.25575], [112.77689, -7.2556], [112.77690630000006, -7.255562099999963], [112.77695, -7.25546], [112.77701, -7.25533], [112.77706, -7.25522], [112.7771100000001, -7.25513], [112.77715, -7.25506], [112.77718, -7.255], [112.77722, -7.25495], [112.77726, -7.2549], [112.77732, -7.25485], [112.77738000000011, -7.25481], [112.77745, -7.25477], [112.77752, -7.25473], [112.77762, -7.25469], [112.7777678000001, -7.254645599999947], [112.77777850000007, -7.254642499999932], [112.77781510000011, -7.254546199999936], [112.77783520000003, -7.254550599999959], [112.777904, -7.254324099999963], [112.77791320000006, -7.254293699999948], [112.77850110000008, -7.254425699999956], [112.77852, -7.25442], [112.77915, -7.25455], [112.77998, -7.25468], [112.7809181, -7.254846], [112.78106910000008, -7.254658199999938], [112.78119650000008, -7.254499599999974], [112.78136860000006, -7.254285299999935], [112.78141630000005, -7.254230199999938], [112.78155060000006, -7.254074899999978], [112.7819177, -7.253650599999958], [112.78204690000007, -7.25350119999996], [112.78211250000004, -7.253415], [112.78223220000007, -7.253257299999973], [112.78044630000011, -7.252650899999935], [112.78019690000008, -7.252478799999949], [112.78056640000011, -7.252136899999925], [112.78081710000004, -7.251904799999977], [112.78088, -7.2519], [112.7812100000001, -7.25161], [112.78122830000007, -7.251615399999935], [112.78131340000004, -7.251536099999953], [112.781652, -7.251221], [112.78180710000004, -7.251073699999949], [112.7822245000001, -7.250677199999927], [112.7826778000001, -7.250246599999969], [112.7830239000001, -7.249917899999957], [112.78336250000007, -7.249596199999928], [112.7833736, -7.249598699999979], [112.78341820000003, -7.249512599999946], [112.78342140000007, -7.24948349999994], [112.7834524000001, -7.249200799999926], [112.78358420000006, -7.248918199999935], [112.783618, -7.248920699999928], [112.78372050000007, -7.248928199999966], [112.78370030000008, -7.248967299999947], [112.78380350000009, -7.248983599999974], [112.78403320000007, -7.24902], [112.78427110000007, -7.24905769999998], [112.7851832, -7.249202], [112.7853381000001, -7.249226599999929], [112.785526, -7.249257099999966], [112.78592990000004, -7.249322699999937], [112.78628560000004, -7.24938039999995], [112.78673560000004, -7.249484799999948], [112.78797340000006, -7.249772], [112.78871130000005, -7.250196599999981], [112.78881130000002, -7.249758399999962], [112.78899220000005, -7.248965399999975], [112.789207, -7.248024499999929], [112.7892571000001, -7.247805], [112.78894, -7.24778], [112.78866, -7.2477], [112.78737, -7.24764], [112.78737520000004, -7.247588499999949], [112.7872049, -7.247578099999942], [112.7859932, -7.24750419999998], [112.78557220000005, -7.247478599999965], [112.78414350000003, -7.247391499999935], [112.7828386000001, -7.247312], [112.78284190000011, -7.247280299999943], [112.78299570000001, -7.245817299999942], [112.78301470000008, -7.24563569999998], [112.7829044, -7.245644], [112.7828985000001, -7.245644499999969], [112.783192, -7.244249799999977], [112.78320250000002, -7.244199899999956], [112.78320880000001, -7.244169799999952], [112.7834937, -7.242813599999977], [112.78359590000002, -7.242394299999944], [112.78359150000006, -7.241274499999975], [112.78349720000006, -7.239497699999959], [112.78346140000008, -7.238823899999943], [112.78344620000007, -7.238035899999943], [112.7834458000001, -7.23801519999995], [112.78366070000004, -7.236691399999927], [112.7840175, -7.235114], [112.78396070000008, -7.235098899999969], [112.78389, -7.23508], [112.78379, -7.2351], [112.7834, -7.23507], [112.78305160000002, -7.235026399999981], [112.783, -7.23502], [112.78270870000006, -7.234974699999952], [112.78255, -7.23495], [112.78254760000004, -7.234949699999959], [112.7824700000001, -7.23494], [112.78232570000011, -7.234932799999967], [112.78227, -7.23493], [112.78210930000012, -7.23492269999997], [112.78205, -7.23492], [112.78191750000008, -7.234896299999946], [112.78176750000011, -7.23486939999998], [112.78159060000007, -7.234837699999957], [112.78158750000011, -7.234837599999935], [112.7812828000001, -7.234825], [112.78127720000009, -7.234839299999976], [112.78121580000004, -7.234994299999926], [112.78105010000002, -7.235399799999925], [112.7809443000001, -7.235678399999927], [112.78091430000006, -7.235686599999951], [112.78082790000008, -7.235710199999971], [112.78063750000001, -7.235734899999954], [112.7805211000001, -7.235731299999941], [112.78046820000009, -7.235682], [112.78038350000008, -7.235678399999927], [112.780382, -7.23567769999994], [112.78030600000011, -7.23564319999997], [112.78029540000011, -7.235593799999947], [112.7802742, -7.235540899999933], [112.78018610000004, -7.235477399999979], [112.78008380000006, -7.235396299999934], [112.78006860000005, -7.235383], [112.77999910000005, -7.23532229999995], [112.77994980000005, -7.235262299999931], [112.7799427000001, -7.235216499999979], [112.7799427000001, -7.235149499999977], [112.7799639000001, -7.235068299999966], [112.77999910000005, -7.234987199999978], [112.780052, -7.234916699999928], [112.7800926000001, -7.234886699999947], [112.78017020000004, -7.234855], [112.78023010000004, -7.234802099999968], [112.7802795, -7.234759799999949], [112.78030070000011, -7.234703299999978], [112.78030070000011, -7.234642699999938], [112.78030070000011, -7.234611599999937], [112.78027250000002, -7.234523499999966], [112.78022310000006, -7.23444939999996], [112.78015960000005, -7.234371799999963], [112.780075, -7.234294199999965], [112.78004090000002, -7.234249499999976], [112.780008, -7.234206099999938], [112.77998330000003, -7.234156699999971], [112.7799903, -7.234110899999962], [112.77998470000011, -7.234095099999934], [112.77991980000002, -7.233913399999949], [112.77991150000003, -7.233911299999932], [112.77981770000008, -7.233888099999945], [112.77975580000009, -7.233872799999972], [112.77970930000004, -7.233857799999953], [112.77963590000002, -7.233834], [112.77962280000008, -7.233805199999949], [112.77961830000004, -7.233795199999975], [112.77954420000003, -7.233777599999939], [112.77946660000009, -7.233735299999978], [112.77947040000004, -7.23369329999997], [112.77949600000011, -7.233412499999929], [112.77949840000008, -7.233386099999962], [112.77954420000003, -7.23323449999998], [112.7795205000001, -7.233115899999973], [112.77949840000008, -7.233005299999945], [112.779482, -7.233006799999941], [112.77945960000011, -7.233008799999936], [112.7794067000001, -7.233171], [112.7792938, -7.233470799999964], [112.77929030000007, -7.233562499999948], [112.7792339, -7.233682399999964], [112.7790917000001, -7.233631799999955], [112.77902580000011, -7.233608299999958], [112.77887180000005, -7.233520299999952], [112.7788283000001, -7.233495499999947], [112.77871270000003, -7.23341389999996], [112.77864840000007, -7.233368499999926], [112.77862440000001, -7.233353699999952], [112.77856910000003, -7.233319499999936], [112.77853030000006, -7.23329549999994], [112.7785285000001, -7.233294399999977], [112.77845290000005, -7.233229599999959], [112.77836630000002, -7.233192199999962], [112.77827460000003, -7.233121599999947], [112.778123, -7.233072299999947], [112.77793250000002, -7.233012299999928], [112.77793960000008, -7.233040499999959], [112.77793780000002, -7.233043299999963], [112.77789370000005, -7.233111099999974], [112.77782140000011, -7.233292699999936], [112.77773330000002, -7.233483099999944], [112.777671, -7.233625899999936], [112.77764860000002, -7.233677099999966], [112.77758870000002, -7.233811099999969], [112.77757110000005, -7.233818199999973], [112.77750760000004, -7.233998], [112.77745120000009, -7.234058], [112.77744540000003, -7.234078], [112.77743, -7.234132], [112.77752170000008, -7.234220199999982], [112.77754260000006, -7.234231099999931], [112.77760980000005, -7.234266], [112.77767690000007, -7.234329499999944], [112.777668, -7.234377099999961], [112.7777033000001, -7.234408899999949], [112.77778090000004, -7.234444099999962], [112.7778267000001, -7.234514699999977], [112.77772450000009, -7.234934299999964], [112.77765750000003, -7.234969599999943], [112.77763980000009, -7.235001299999965], [112.77758690000007, -7.235117699999932], [112.77752360000011, -7.235134499999958], [112.77746700000012, -7.235149499999977], [112.7772096000001, -7.235114199999941], [112.77720690000001, -7.235124599999949], [112.77718180000011, -7.235221699999954], [112.77715310000008, -7.235332799999981], [112.77712140000006, -7.235346899999968], [112.77711560000012, -7.23534589999997], [112.77696620000006, -7.235318699999937], [112.77675110000007, -7.235269399999936], [112.77663470000005, -7.235251699999935], [112.77641960000005, -7.235188199999925], [112.77628210000012, -7.235177699999952], [112.77625030000002, -7.235248199999944], [112.77622050000002, -7.23529949999994], [112.77604930000007, -7.235593799999947], [112.77591880000011, -7.235808899999938], [112.77584310000009, -7.23596619999995], [112.7758424000001, -7.235967799999969], [112.77582670000004, -7.235963199999958], [112.775769, -7.236057799999969], [112.77569, -7.236187499999971], [112.77558980000003, -7.236327699999947], [112.77546490000009, -7.236462199999949], [112.77541610000003, -7.236514799999952], [112.77530920000004, -7.236608299999943], [112.77525580000008, -7.236715199999935], [112.77516230000003, -7.236788699999977], [112.77480820000005, -7.236895599999968], [112.774688, -7.236929], [112.77460110000004, -7.236915599999975], [112.77453430000003, -7.236795399999949], [112.77442740000004, -7.236668399999928], [112.77436060000002, -7.236661799999979], [112.77427380000006, -7.236835399999961], [112.77423370000008, -7.236962399999925], [112.77422510000008, -7.236968399999967], [112.77410010000006, -7.237055899999973], [112.7739798, -7.237069299999973], [112.77383290000012, -7.237069299999973], [112.77377, -7.237016], [112.773746, -7.236995799999931], [112.77367250000009, -7.236895599999968], [112.77366330000007, -7.236849599999971], [112.77364580000005, -7.236762], [112.7735924000001, -7.23665509999995], [112.77350550000006, -7.236601599999972], [112.7735004000001, -7.236563299999943], [112.77349220000008, -7.236501399999952], [112.77340530000004, -7.236468], [112.77334520000011, -7.236367799999925], [112.77317820000007, -7.236314399999969], [112.77317010000002, -7.236297499999978], [112.7731099, -7.236172599999975], [112.77309140000011, -7.236134], [112.77279070000009, -7.236120599999936], [112.7727863, -7.236120599999936], [112.77255520000006, -7.236120599999936], [112.77237660000003, -7.236120599999936], [112.77228360000004, -7.236112599999956], [112.7721467, -7.236100699999952], [112.77183160000004, -7.23607329999993], [112.771762, -7.236067199999979], [112.77156820000005, -7.236087199999929], [112.77161500000011, -7.235940299999982], [112.77156820000005, -7.235920199999953], [112.77156220000006, -7.235919699999954]]] 
      }
    },
    {
      "type": "Feature",
      "properties": {
        "district_id": "3578210",
        "province": "Jawa Timur",
        "regency": "Surabaya",
        "district": "Kenjeran",
        "pria": 93195,
        "wanita": 92099,
        "total_penduduk": 185294
      },
      "geometry": {
        "type": "Polygon",
        "coordinates": [[[112.76086940000005, -7.212978699999951], [112.76086550000002, -7.213059399999963], [112.76086020000002, -7.213168499999938], [112.76085350000005, -7.213307499999928], [112.76085220000004, -7.213334299999929], [112.76085, -7.21338], [112.76084750000007, -7.213456099999974], [112.760843, -7.213597099999959], [112.76084, -7.21369], [112.7608196000001, -7.213820399999975], [112.76079060000006, -7.214005899999961], [112.76079, -7.21401], [112.76078, -7.21407], [112.76076750000004, -7.21411489999997], [112.7607339000001, -7.214236], [112.76073, -7.21425], [112.76071, -7.21432], [112.760704, -7.214338], [112.76066250000008, -7.214462599999933], [112.76063140000008, -7.214555899999937], [112.76057050000009, -7.214738399999931], [112.76055540000004, -7.214783899999929], [112.7605201, -7.214889699999958], [112.760474, -7.215028], [112.76043510000011, -7.215144699999939], [112.76038690000007, -7.215289299999938], [112.76032810000004, -7.215465599999959], [112.76029110000002, -7.215576699999929], [112.76024760000007, -7.215707299999963], [112.76024, -7.21573], [112.76022260000002, -7.215864899999929], [112.76020340000002, -7.21601359999994], [112.7602, -7.21604], [112.76018070000009, -7.216156], [112.7601532000001, -7.216321], [112.76015060000009, -7.216336199999944], [112.76015, -7.21634], [112.76005, -7.21704], [112.7600000000001, -7.21737], [112.7599752000001, -7.217506299999968], [112.75997070000005, -7.217531399999928], [112.75996, -7.21759], [112.75991920000001, -7.217866499999957], [112.75990390000004, -7.217970299999934], [112.75987, -7.2182], [112.75986980000005, -7.218201299999976], [112.75983140000005, -7.218447199999957], [112.75979340000004, -7.21869049999998], [112.7597879000001, -7.21872529999996], [112.75977000000012, -7.21884], [112.75975310000001, -7.218943299999978], [112.75974740000004, -7.218978], [112.75971650000008, -7.219166499999972], [112.7597115000001, -7.219196899999929], [112.759672, -7.219438099999934], [112.75967, -7.21945], [112.75965350000001, -7.219549], [112.75963030000003, -7.219688499999961], [112.75960850000001, -7.219818699999962], [112.75959000000012, -7.21993], [112.75958760000003, -7.219945299999949], [112.75956450000001, -7.220095499999957], [112.75955410000006, -7.220163199999945], [112.75953, -7.22032], [112.75951, -7.22041], [112.7594808, -7.220537599999943], [112.75935, -7.22111], [112.75934660000007, -7.221142399999962], [112.75933860000009, -7.221217699999954], [112.7593127, -7.221461199999965], [112.75928580000004, -7.221563499999945], [112.75923440000008, -7.221996599999954], [112.75921860000005, -7.222129799999948], [112.75922380000009, -7.222130299999947], [112.7594878000001, -7.222157], [112.75966920000008, -7.222251599999936], [112.75967060000005, -7.222425199999975], [112.7596731000001, -7.222744599999942], [112.76034830000003, -7.222814099999937], [112.76036330000011, -7.222815599999933], [112.76033360000008, -7.223060199999964], [112.76031210000008, -7.223237599999948], [112.76055660000009, -7.223265199999958], [112.76055010000005, -7.223599199999967], [112.760549, -7.223653], [112.76054870000007, -7.223671399999944], [112.76042640000003, -7.223687199999972], [112.76035150000007, -7.223726699999929], [112.76032590000011, -7.223890299999937], [112.7601681000001, -7.223953399999971], [112.76000640000007, -7.224063899999976], [112.75991570000008, -7.224170299999969], [112.75989990000005, -7.224221599999964], [112.75977770000009, -7.224174299999959], [112.75956860000008, -7.224351799999965], [112.75941480000006, -7.224525299999925], [112.75915650000002, -7.224405], [112.75880940000002, -7.224306399999932], [112.75876210000001, -7.224625899999978], [112.75824220000004, -7.224421799999959], [112.75822710000011, -7.224415799999974], [112.75822660000006, -7.224416899999937], [112.75812910000002, -7.224339899999961], [112.75807, -7.224462199999948], [112.75803840000003, -7.224541099999954], [112.75805020000007, -7.224667299999965], [112.75805810000008, -7.224856599999953], [112.75806210000007, -7.224967], [112.75803250000001, -7.224979899999937], [112.7580177000001, -7.224986399999977], [112.75801820000004, -7.224987699999929], [112.75801690000003, -7.22500169999995], [112.75800690000005, -7.225105], [112.75800820000006, -7.225112799999977], [112.75805810000008, -7.225404799999978], [112.75810150000007, -7.22564929999993], [112.75812910000002, -7.225818899999979], [112.75817250000011, -7.226039699999944], [112.7582159000001, -7.226209299999937], [112.75829480000004, -7.226371], [112.7583618000001, -7.226469599999973], [112.75852150000003, -7.226712199999952], [112.75852940000004, -7.226992199999927], [112.7584624000001, -7.227347099999974], [112.75845410000011, -7.227373599999964], [112.75844070000005, -7.227416099999971], [112.75848750000011, -7.227437299999963], [112.75848520000011, -7.227443899999969], [112.75849330000005, -7.227448199999969], [112.75871880000011, -7.227567799999974], [112.75838460000011, -7.228426499999955], [112.75831490000007, -7.228404699999942], [112.75829570000008, -7.228569299999947], [112.75826860000006, -7.22856319999994], [112.75816, -7.228539099999978], [112.75816, -7.228541699999937], [112.75802660000011, -7.228484899999955], [112.75805420000006, -7.22865059999998], [112.75806210000007, -7.228772799999945], [112.75802260000012, -7.228891199999964], [112.75772880000011, -7.229287499999941], [112.7576342000001, -7.229465], [112.7575316000001, -7.22965819999996], [112.75748040000008, -7.229748899999947], [112.75746830000003, -7.229759299999955], [112.75736990000007, -7.229843599999981], [112.75714710000011, -7.230011199999979], [112.75709580000012, -7.230098], [112.7570505000001, -7.230135399999938], [112.75707410000007, -7.230372099999954], [112.75713330000008, -7.230711199999973], [112.75716680000005, -7.230997199999933], [112.75719050000009, -7.231364], [112.75722010000004, -7.231547299999932], [112.75726740000005, -7.231874699999935], [112.75727920000008, -7.232111299999929], [112.7573364000001, -7.232527399999981], [112.7573837000001, -7.232839], [112.75746850000007, -7.233495599999969], [112.75748040000008, -7.233649399999933], [112.75760460000004, -7.234302099999979], [112.75762040000006, -7.234475699999962], [112.75763040000004, -7.234567899999945], [112.75763110000003, -7.23457389999993], [112.75762180000004, -7.234574799999962], [112.75761210000007, -7.234575699999937], [112.75763970000003, -7.234791099999939], [112.75770040000009, -7.235266699999954], [112.75770290000003, -7.235267], [112.75784220000003, -7.235282599999948], [112.75817280000001, -7.235319599999968], [112.75839970000004, -7.235287099999937], [112.75848270000006, -7.235275299999955], [112.75875090000011, -7.235237], [112.75879210000005, -7.235211799999945], [112.75882130000002, -7.235211199999981], [112.75901450000003, -7.235171799999932], [112.759342, -7.235129899999947], [112.75946210000006, -7.235114599999974], [112.75975790000007, -7.235142199999927], [112.76000060000001, -7.235145599999953], [112.760038, -7.235146099999952], [112.76048760000003, -7.235125399999959], [112.76085240000009, -7.235108699999955], [112.76093910000009, -7.235108699999955], [112.76094640000008, -7.235064699999953], [112.7609609000001, -7.235063499999967], [112.7609728000001, -7.234968499999979], [112.76097750000008, -7.234931399999937], [112.761139, -7.234922599999948], [112.76126210000007, -7.234915799999953], [112.76129630000003, -7.234913899999981], [112.7615674000001, -7.234857199999965], [112.7617, -7.234829499999933], [112.761789, -7.234810899999957], [112.76194680000003, -7.234712299999956], [112.76200420000009, -7.234710499999949], [112.7620730000001, -7.234708399999931], [112.7621696000001, -7.234674799999937], [112.76223670000002, -7.234603799999945], [112.76229980000005, -7.234580199999925], [112.76233920000004, -7.234548599999926], [112.76235290000011, -7.234537899999964], [112.76235960000008, -7.234532599999966], [112.7625230000001, -7.234564599999942], [112.76252350000004, -7.234564699999964], [112.76265890000002, -7.234647299999949], [112.76295960000004, -7.234825699999931], [112.7629955000001, -7.234845499999949], [112.76310060000003, -7.234903399999951], [112.76318750000007, -7.234951199999955], [112.7632086000001, -7.234964799999943], [112.76320890000011, -7.234965], [112.7637085, -7.23522719999994], [112.76374620000001, -7.235250299999961], [112.76410610000005, -7.235471199999949], [112.7641129000001, -7.235475299999962], [112.7641221, -7.235475299999962], [112.7641109000001, -7.235498799999959], [112.763927, -7.235883899999976], [112.763933, -7.235891299999935], [112.76394, -7.2359], [112.76393330000008, -7.235911699999974], [112.7638998000001, -7.235970299999963], [112.7637, -7.23632], [112.76375990000008, -7.236338399999966], [112.76383, -7.23636], [112.7639014, -7.236381699999981], [112.7639527, -7.23639739999993], [112.76405410000007, -7.236428199999978], [112.764057, -7.236428], [112.76424670000006, -7.236411399999952], [112.76437460000011, -7.236400299999957], [112.76445350000006, -7.23637709999997], [112.76459320000004, -7.236336], [112.76466560000006, -7.23631469999998], [112.76468350000005, -7.236312599999962], [112.76469240000006, -7.236311599999965], [112.76493, -7.23625], [112.76533, -7.2362], [112.76541390000011, -7.236192699999947], [112.76556, -7.23618], [112.7657987, -7.236152499999946], [112.76587040000004, -7.235915199999965], [112.76594250000005, -7.23567689999993], [112.765971, -7.23567689999993], [112.76600730000007, -7.23567689999993], [112.76608240000007, -7.235694199999955], [112.7662044000001, -7.235722399999929], [112.76621810000006, -7.235725499999944], [112.7664635000001, -7.235820499999932], [112.76647150000008, -7.23582289999996], [112.76651060000006, -7.235824299999933], [112.76679660000002, -7.235835099999974], [112.766899, -7.235839], [112.766899, -7.235839399999975], [112.76689810000005, -7.235885599999961], [112.76689090000002, -7.236284799999964], [112.767053, -7.236309099999971], [112.76706320000005, -7.236482199999955], [112.76711180000007, -7.236495099999956], [112.76711040000009, -7.236502299999927], [112.76736770000002, -7.236576599999978], [112.76781620000008, -7.236706099999935], [112.76782480000008, -7.236670799999956], [112.76803830000006, -7.235794699999929], [112.76832980000006, -7.235821699999974], [112.76879050000002, -7.235857499999952], [112.7690665, -7.235794], [112.76928730000009, -7.235777799999937], [112.76934260000007, -7.235773799999947], [112.76935950000006, -7.235772499999939], [112.76957290000007, -7.235756899999956], [112.77003450000007, -7.235746799999959], [112.77003780000007, -7.235741399999938], [112.77032780000002, -7.235733599999946], [112.7705628000001, -7.235701199999937], [112.77056620000008, -7.235706499999935], [112.77058470000009, -7.235605899999939], [112.77059950000012, -7.235525699999926], [112.77077310000004, -7.23469659999995], [112.77090690000011, -7.23472449999997], [112.77091240000004, -7.23470169999996], [112.7709195000001, -7.234704199999953], [112.77105730000005, -7.234136699999965], [112.77133110000011, -7.233049], [112.77224, -7.23315], [112.7725, -7.23317], [112.7727000000001, -7.2332], [112.7727423, -7.233205299999952], [112.77278, -7.23321], [112.77284810000003, -7.233035299999926], [112.77296850000005, -7.232726], [112.7731606000001, -7.232260399999973], [112.7734200000001, -7.23227], [112.77400000000011, -7.23225], [112.77455, -7.23221], [112.77492960000006, -7.232217399999968], [112.77494090000005, -7.232217699999978], [112.77494780000006, -7.232190499999945], [112.775199, -7.231200599999966], [112.77520570000001, -7.231093699999974], [112.77529360000005, -7.230742099999929], [112.77545020000002, -7.230115799999965], [112.77553300000011, -7.229784299999949], [112.77566, -7.229824399999927], [112.77588710000009, -7.229917899999975], [112.7758960000001, -7.229906], [112.77600730000006, -7.229757599999971], [112.77614760000006, -7.229717499999936], [112.77650170000004, -7.229223199999979], [112.77657180000006, -7.229193099999975], [112.77669870000011, -7.229193099999975], [112.77706620000004, -7.229219799999953], [112.77721980000001, -7.229213199999947], [112.77737350000007, -7.229213199999947], [112.77744030000008, -7.228859099999966], [112.77747370000009, -7.228839099999959], [112.7777142000001, -7.228859099999966], [112.7777622000001, -7.228913499999976], [112.77778, -7.22893369999997], [112.77778, -7.228926099999967], [112.77789450000012, -7.228999399999964], [112.77802150000002, -7.228992699999935], [112.7780603000001, -7.228979099999947], [112.77815510000005, -7.228945899999928], [112.778215, -7.228965899999935], [112.77834750000011, -7.228872799999976], [112.77838240000005, -7.228848299999981], [112.77842, -7.22885], [112.77865, -7.22896], [112.7787085000001, -7.228980599999943], [112.77919, -7.22915], [112.77931030000002, -7.229165699999953], [112.78011, -7.22927], [112.78012600000011, -7.22927], [112.78021, -7.22927], [112.78040440000007, -7.228920099999925], [112.78041, -7.22891], [112.78048210000009, -7.228743599999973], [112.78096720000008, -7.228829799999971], [112.78103780000004, -7.22886509999995], [112.7810766, -7.228946299999961], [112.781084, -7.229060299999958], [112.78108720000012, -7.229108599999961], [112.7810922000001, -7.229355599999963], [112.7810932000001, -7.229405099999951], [112.78113220000012, -7.229619599999978], [112.78116940000007, -7.229824399999927], [112.78117940000004, -7.229829399999971], [112.78136310000002, -7.229921299999944], [112.78136830000005, -7.22992389999996], [112.78137960000004, -7.229929499999969], [112.78139040000008, -7.229934899999932], [112.7813923000001, -7.22993589999993], [112.78137420000007, -7.230179699999951], [112.781372, -7.230209399999978], [112.78122010000004, -7.230635], [112.78125050000006, -7.230624899999953], [112.78154430000006, -7.230716099999938], [112.7818989000001, -7.230746499999952], [112.78228400000012, -7.230746499999952], [112.78259810000009, -7.230716099999938], [112.78302360000009, -7.230847799999935], [112.783206, -7.231070699999975], [112.783439, -7.231293599999958], [112.78365180000003, -7.231506399999944], [112.78369240000006, -7.231374699999947], [112.78375310000001, -7.231273299999941], [112.78383420000011, -7.231172], [112.7839153000001, -7.230533699999967], [112.7838038000001, -7.230371599999955], [112.78381990000003, -7.230229299999962], [112.78387470000007, -7.229743399999961], [112.78385890000004, -7.22966], [112.78378010000006, -7.229246499999931], [112.78375310000001, -7.229105], [112.78375430000006, -7.229081299999962], [112.78377340000009, -7.228679499999942], [112.78388490000009, -7.228568], [112.7839398000001, -7.22847349999995], [112.78404160000002, -7.228298399999971], [112.78409710000005, -7.228203], [112.78411520000009, -7.22817189999995], [112.78412670000012, -7.22818], [112.78419070000007, -7.227991599999939], [112.78419970000004, -7.227965099999949], [112.78413820000003, -7.227861], [112.78412150000008, -7.227849], [112.78393480000011, -7.227714399999968], [112.78372190000005, -7.227534599999956], [112.7836119000001, -7.227454799999975], [112.7836013000001, -7.227447099999949], [112.78335530000004, -7.227234199999941], [112.78327960000001, -7.227229499999964], [112.78303360000007, -7.227222499999925], [112.78277810000009, -7.227215299999955], [112.78275840000003, -7.227214099999969], [112.78274890000012, -7.227207799999974], [112.78268420000006, -7.227164699999946], [112.7826553000001, -7.227073], [112.782671, -7.226968099999965], [112.78269870000008, -7.226900899999976], [112.7832204, -7.226393099999939], [112.78352030000008, -7.225916699999971], [112.78355740000006, -7.225855899999942], [112.78392230000009, -7.225257299999953], [112.7839226000001, -7.225256799999954], [112.78394710000009, -7.225261], [112.7839752000001, -7.225265099999945], [112.7842399000001, -7.225304], [112.78450960000009, -7.225341899999933], [112.78473460000009, -7.225366899999926], [112.78485970000008, -7.225380799999925], [112.78499140000008, -7.225395399999968], [112.78502150000008, -7.225398799999937], [112.78511010000011, -7.225371499999937], [112.78534270000011, -7.225458699999933], [112.7854771000001, -7.225509099999954], [112.78559710000002, -7.225604399999952], [112.78567470000007, -7.225738499999977], [112.7858159000001, -7.225897299999929], [112.78618260000007, -7.226146399999948], [112.7866077000001, -7.224521099999947], [112.78670330000011, -7.224154499999941], [112.78682290000006, -7.223695599999928], [112.78689860000009, -7.223373899999956], [112.78669520000005, -7.22335019999997], [112.786437, -7.223331499999972], [112.78559650000011, -7.223208399999976], [112.78557710000007, -7.223205499999949], [112.78553420000003, -7.223199199999954], [112.78457150000008, -7.223036299999933], [112.78412490000005, -7.222933699999942], [112.78408860000002, -7.222870299999954], [112.78408060000004, -7.222739299999944], [112.7840493000001, -7.222230799999977], [112.78408710000008, -7.222062599999958], [112.7840900000001, -7.222049599999934], [112.7840900000001, -7.221671899999933], [112.7840900000001, -7.221615899999961], [112.7840900000001, -7.2216], [112.78305750000004, -7.22129179999996], [112.78222040000003, -7.221041899999932], [112.78211850000002, -7.221007399999962], [112.78200580000009, -7.220969199999956], [112.78167, -7.22083], [112.78095, -7.2205], [112.7802, -7.22024], [112.7797872000001, -7.220197699999972], [112.779773, -7.22019169999993], [112.77975530000003, -7.220184199999949], [112.77983390000009, -7.219803], [112.778941, -7.219477599999948], [112.77865450000002, -7.219363], [112.77835690000006, -7.219243899999981], [112.77722760000006, -7.218804399999954], [112.77714, -7.21887], [112.77724, -7.21836], [112.77727, -7.21819], [112.77739, -7.21777], [112.77749, -7.21728], [112.77773, -7.21646], [112.77788, -7.21579], [112.778, -7.21551], [112.77817, -7.21505], [112.77833910000004, -7.214520799999946], [112.7784, -7.21433], [112.77866780000011, -7.213368], [112.77867, -7.21336], [112.77867420000007, -7.21334319999994], [112.77876, -7.213], [112.77884, -7.21268], [112.77897930000006, -7.212122799999975], [112.77898, -7.21212], [112.77909000000011, -7.21172], [112.77923, -7.21121], [112.77927970000007, -7.211050899999975], [112.77928, -7.21105], [112.77934, -7.21105], [112.77937630000008, -7.211051599999962], [112.77945360000001, -7.210836], [112.7795814000001, -7.210580499999935], [112.77969560000008, -7.21029139999996], [112.7797696, -7.20988129999995], [112.77982340000005, -7.209619099999941], [112.77989730000002, -7.209269499999948], [112.77995790000011, -7.209007299999939], [112.78001970000003, -7.208660799999961], [112.7795, -7.20849], [112.77908, -7.20837], [112.77853, -7.20823], [112.77808, -7.20808], [112.777341, -7.207902299999944], [112.77699960000007, -7.207736599999976], [112.776966, -7.207790399999965], [112.776845, -7.207971899999961], [112.77676430000008, -7.208200499999975], [112.77666350000004, -7.208570299999963], [112.77658280000003, -7.208570299999963], [112.77639450000004, -7.208550099999968], [112.77639220000003, -7.208541499999967], [112.77634830000011, -7.208382499999971], [112.77636, -7.20832], [112.77634, -7.20818], [112.77625, -7.20795], [112.7762, -7.20781], [112.77613, -7.20775], [112.77602860000002, -7.20770349999998], [112.776018, -7.207696299999952], [112.7760128000001, -7.207696299999952], [112.77589000000012, -7.20764], [112.77574, -7.20759], [112.77573440000003, -7.20759], [112.77529530000004, -7.207417199999952], [112.77535580000006, -7.207235699999956], [112.77546340000004, -7.206906299999957], [112.77534240000011, -7.206839099999968], [112.775107, -7.206711299999938], [112.77490640000008, -7.206599199999971], [112.77419150000003, -7.206217299999935], [112.7740487000001, -7.205455899999947], [112.77444720000005, -7.203015099999959], [112.7727959, -7.202843799999926], [112.7727959, -7.202252099999953], [112.7724902000001, -7.202179299999955], [112.77254240000002, -7.202103299999976], [112.7723717, -7.201693499999976], [112.77186790000007, -7.201223899999945], [112.77084, -7.20046], [112.77061, -7.20031], [112.77039, -7.20015], [112.77024, -7.20005], [112.77007, -7.19992], [112.76983, -7.1997], [112.76958, -7.19945], [112.76865, -7.19873], [112.76827, -7.19854], [112.76799, -7.19844], [112.76769, -7.19825], [112.76706, -7.19777], [112.76658, -7.19737], [112.76627, -7.19714], [112.76598, -7.19695], [112.76582, -7.19682], [112.76552, -7.19668], [112.76550170000007, -7.196672599999943], [112.7652763000001, -7.19649359999994], [112.76479820000009, -7.196254599999975], [112.76396140000008, -7.196032599999967], [112.7639577000001, -7.196032499999944], [112.7636199000001, -7.195930099999941], [112.76303930000006, -7.195810599999959], [112.76256110000008, -7.195742299999949], [112.76215130000003, -7.19572519999997], [112.76182560000007, -7.195809599999961], [112.7616561000001, -7.195793499999979], [112.76093890000004, -7.195759299999963], [112.76040950000004, -7.195827599999973], [112.75996550000002, -7.195896], [112.75935070000003, -7.196100899999976], [112.7588555000001, -7.196288699999968], [112.7585994000001, -7.19649359999994], [112.75810410000008, -7.196715599999948], [112.7575577, -7.197091299999954], [112.75728450000008, -7.197262099999932], [112.75707950000003, -7.197518199999934], [112.75706730000002, -7.197631799999954], [112.75706, -7.1977], [112.7569909, -7.19776909999996], [112.7568874000001, -7.198332599999958], [112.75702940000008, -7.198981799999956], [112.75743510000007, -7.199529499999926], [112.75751630000002, -7.199630899999931], [112.757638, -7.200543799999934], [112.75778, -7.201132], [112.75826680000011, -7.201598599999954], [112.75852040000007, -7.202156499999944], [112.75841900000012, -7.202663599999937], [112.7582364000001, -7.203069299999981], [112.75807410000004, -7.203434499999958], [112.75801330000002, -7.203535899999963], [112.75829780000004, -7.203946899999949], [112.75829880000003, -7.203963499999929], [112.75884090000011, -7.20444539999994], [112.759509, -7.205183799999929], [112.76010670000005, -7.205834299999935], [112.76079240000001, -7.206555099999946], [112.76126710000005, -7.207082499999956], [112.76146050000011, -7.207258299999978], [112.761144, -7.207258299999978], [112.76109130000009, -7.208014299999945], [112.76206700000012, -7.208339599999931], [112.762037, -7.208443], [112.7616799000001, -7.209675599999969], [112.7617, -7.2097], [112.7616696, -7.209836699999926], [112.76164, -7.20997], [112.76154, -7.21036], [112.76149, -7.21053], [112.7614400000001, -7.21079], [112.76136760000009, -7.211103899999955], [112.7613500000001, -7.21118], [112.76132, -7.21125], [112.76124, -7.21143], [112.76101, -7.21149], [112.76103690000002, -7.211615599999959], [112.76104, -7.21163], [112.76106, -7.21176], [112.7609900000001, -7.21177], [112.761, -7.21183], [112.76101, -7.21191], [112.761, -7.21198], [112.76098450000006, -7.212093599999946], [112.76097, -7.2122], [112.76088, -7.21276], [112.76086940000005, -7.212978699999951]]] 
      }
    },
    {
      "type": "Feature",
      "properties": {
        "district_id": "3578211",
        "province": "Jawa Timur",
        "regency": "Surabaya",
        "district": "Bulak",
        "pria": 23797,
        "wanita": 24042,
        "total_penduduk": 47839
      },
      "geometry": {
        "type": "Polygon",
        "coordinates": [[[112.78883, -7.22585], [112.7887300000001, -7.22576], [112.78867, -7.22559], [112.7885500000001, -7.22509], [112.78841000000011, -7.22429], [112.78839070000004, -7.224202], [112.78834, -7.22397], [112.7883045000001, -7.223828], [112.78812340000002, -7.223103699999967], [112.78796340000008, -7.222463599999969], [112.7879, -7.22221], [112.78781730000003, -7.221854299999961], [112.7878, -7.22178], [112.78766, -7.22118], [112.78765190000001, -7.22114769999996], [112.78749, -7.2205], [112.7875, -7.21991], [112.78749, -7.21956], [112.78738, -7.21926], [112.78699, -7.21901], [112.78643000000011, -7.21867], [112.78575, -7.21827], [112.78551, -7.21814], [112.78546, -7.21804], [112.78531, -7.21759], [112.78524, -7.21743], [112.78518, -7.21739], [112.7849900000001, -7.21732], [112.78487, -7.21723], [112.78483, -7.21715], [112.78453460000003, -7.215919099999951], [112.7842518000001, -7.214654899999971], [112.78346660000011, -7.214041], [112.783024, -7.213584099999935], [112.78253860000007, -7.213255799999956], [112.782453, -7.21299879999998], [112.78211030000011, -7.211342699999932], [112.78199610000001, -7.21077159999993], [112.78175340000007, -7.210500299999978], [112.78102530000001, -7.210143399999936], [112.78028290000009, -7.209843599999942], [112.78032570000005, -7.209244], [112.7803685, -7.208958499999937], [112.78029720000006, -7.208758599999953], [112.78001970000003, -7.208660799999961], [112.77995790000011, -7.209007299999939], [112.77989730000002, -7.209269499999948], [112.77982340000005, -7.209619099999941], [112.7797696, -7.20988129999995], [112.77969560000008, -7.21029139999996], [112.7795814000001, -7.210580499999935], [112.77945360000001, -7.210836], [112.77937630000008, -7.211051599999962], [112.77934, -7.21105], [112.77928, -7.21105], [112.77927970000007, -7.211050899999975], [112.77923, -7.21121], [112.77909000000011, -7.21172], [112.77898, -7.21212], [112.77897930000006, -7.212122799999975], [112.77884, -7.21268], [112.77876, -7.213], [112.77867420000007, -7.21334319999994], [112.77867, -7.21336], [112.77866780000011, -7.213368], [112.7784, -7.21433], [112.77833910000004, -7.214520799999946], [112.77817, -7.21505], [112.778, -7.21551], [112.77788, -7.21579], [112.77773, -7.21646], [112.77749, -7.21728], [112.77739, -7.21777], [112.77727, -7.21819], [112.77724, -7.21836], [112.77714, -7.21887], [112.77722760000006, -7.218804399999954], [112.77835690000006, -7.219243899999981], [112.77865450000002, -7.219363], [112.778941, -7.219477599999948], [112.77983390000009, -7.219803], [112.77975530000003, -7.220184199999949], [112.779773, -7.22019169999993], [112.7797872000001, -7.220197699999972], [112.7802, -7.22024], [112.78095, -7.2205], [112.78167, -7.22083], [112.78200580000009, -7.220969199999956], [112.78211850000002, -7.221007399999962], [112.78222040000003, -7.221041899999932], [112.78305750000004, -7.22129179999996], [112.7840900000001, -7.2216], [112.7840900000001, -7.221615899999961], [112.7840900000001, -7.221671899999933], [112.7840900000001, -7.222049599999934], [112.78408710000008, -7.222062599999958], [112.7840493000001, -7.222230799999977], [112.78408060000004, -7.222739299999944], [112.78408860000002, -7.222870299999954], [112.78412490000005, -7.222933699999942], [112.78457150000008, -7.223036299999933], [112.78553420000003, -7.223199199999954], [112.78557710000007, -7.223205499999949], [112.78559650000011, -7.223208399999976], [112.786437, -7.223331499999972], [112.78669520000005, -7.22335019999997], [112.78689860000009, -7.223373899999956], [112.78682290000006, -7.223695599999928], [112.78670330000011, -7.224154499999941], [112.7866077000001, -7.224521099999947], [112.78618260000007, -7.226146399999948], [112.7858159000001, -7.225897299999929], [112.78567470000007, -7.225738499999977], [112.78559710000002, -7.225604399999952], [112.7854771000001, -7.225509099999954], [112.78534270000011, -7.225458699999933], [112.78511010000011, -7.225371499999937], [112.78502150000008, -7.225398799999937], [112.78499140000008, -7.225395399999968], [112.78485970000008, -7.225380799999925], [112.78473460000009, -7.225366899999926], [112.78450960000009, -7.225341899999933], [112.7842399000001, -7.225304], [112.7839752000001, -7.225265099999945], [112.78394710000009, -7.225261], [112.7839226000001, -7.225256799999954], [112.78392230000009, -7.225257299999953], [112.78355740000006, -7.225855899999942], [112.78352030000008, -7.225916699999971], [112.7832204, -7.226393099999939], [112.78269870000008, -7.226900899999976], [112.782671, -7.226968099999965], [112.7826553000001, -7.227073], [112.78268420000006, -7.227164699999946], [112.78274890000012, -7.227207799999974], [112.78275840000003, -7.227214099999969], [112.78277810000009, -7.227215299999955], [112.78303360000007, -7.227222499999925], [112.78327960000001, -7.227229499999964], [112.78335530000004, -7.227234199999941], [112.7836013000001, -7.227447099999949], [112.7836119000001, -7.227454799999975], [112.78372190000005, -7.227534599999956], [112.78393480000011, -7.227714399999968], [112.78412150000008, -7.227849], [112.78413820000003, -7.227861], [112.78419970000004, -7.227965099999949], [112.78419070000007, -7.227991599999939], [112.78412670000012, -7.22818], [112.78411520000009, -7.22817189999995], [112.78409710000005, -7.228203], [112.78404160000002, -7.228298399999971], [112.7839398000001, -7.22847349999995], [112.78388490000009, -7.228568], [112.78377340000009, -7.228679499999942], [112.78375430000006, -7.229081299999962], [112.78375310000001, -7.229105], [112.78378010000006, -7.229246499999931], [112.78385890000004, -7.22966], [112.78387470000007, -7.229743399999961], [112.78381990000003, -7.230229299999962], [112.7838038000001, -7.230371599999955], [112.7839153000001, -7.230533699999967], [112.78383420000011, -7.231172], [112.78375310000001, -7.231273299999941], [112.78369240000006, -7.231374699999947], [112.78365180000003, -7.231506399999944], [112.783439, -7.231293599999958], [112.783206, -7.231070699999975], [112.78302360000009, -7.230847799999935], [112.78259810000009, -7.230716099999938], [112.78228400000012, -7.230746499999952], [112.7818989000001, -7.230746499999952], [112.78154430000006, -7.230716099999938], [112.78125050000006, -7.230624899999953], [112.78122010000004, -7.230635], [112.781372, -7.230209399999978], [112.78137420000007, -7.230179699999951], [112.7813923000001, -7.22993589999993], [112.78139040000008, -7.229934899999932], [112.78137960000004, -7.229929499999969], [112.78136830000005, -7.22992389999996], [112.78136310000002, -7.229921299999944], [112.78117940000004, -7.229829399999971], [112.78116940000007, -7.229824399999927], [112.78113220000012, -7.229619599999978], [112.7810932000001, -7.229405099999951], [112.7810922000001, -7.229355599999963], [112.78108720000012, -7.229108599999961], [112.781084, -7.229060299999958], [112.7810766, -7.228946299999961], [112.78103780000004, -7.22886509999995], [112.78096720000008, -7.228829799999971], [112.78048210000009, -7.228743599999973], [112.78041, -7.22891], [112.78040440000007, -7.228920099999925], [112.78021, -7.22927], [112.78012600000011, -7.22927], [112.78011, -7.22927], [112.77931030000002, -7.229165699999953], [112.77919, -7.22915], [112.7787085000001, -7.228980599999943], [112.77865, -7.22896], [112.77842, -7.22885], [112.77838240000005, -7.228848299999981], [112.77834750000011, -7.228872799999976], [112.778215, -7.228965899999935], [112.77815510000005, -7.228945899999928], [112.7780603000001, -7.228979099999947], [112.77802150000002, -7.228992699999935], [112.77789450000012, -7.228999399999964], [112.77778, -7.228926099999967], [112.77778, -7.22893369999997], [112.7777622000001, -7.228913499999976], [112.7777142000001, -7.228859099999966], [112.77747370000009, -7.228839099999959], [112.77744030000008, -7.228859099999966], [112.77737350000007, -7.229213199999947], [112.77721980000001, -7.229213199999947], [112.77706620000004, -7.229219799999953], [112.77669870000011, -7.229193099999975], [112.77657180000006, -7.229193099999975], [112.77650170000004, -7.229223199999979], [112.77614760000006, -7.229717499999936], [112.77600730000006, -7.229757599999971], [112.7758960000001, -7.229906], [112.77588710000009, -7.229917899999975], [112.77566, -7.229824399999927], [112.77553300000011, -7.229784299999949], [112.77545020000002, -7.230115799999965], [112.77529360000005, -7.230742099999929], [112.77520570000001, -7.231093699999974], [112.775199, -7.231200599999966], [112.77494780000006, -7.232190499999945], [112.77494090000005, -7.232217699999978], [112.77492960000006, -7.232217399999968], [112.77455, -7.23221], [112.77400000000011, -7.23225], [112.7734200000001, -7.23227], [112.7731606000001, -7.232260399999973], [112.77296850000005, -7.232726], [112.77284810000003, -7.233035299999926], [112.77278, -7.23321], [112.7727423, -7.233205299999952], [112.7727000000001, -7.2332], [112.7725, -7.23317], [112.77224, -7.23315], [112.77133110000011, -7.233049], [112.77105730000005, -7.234136699999965], [112.7709195000001, -7.234704199999953], [112.77091240000004, -7.23470169999996], [112.77090690000011, -7.23472449999997], [112.77077310000004, -7.23469659999995], [112.77059950000012, -7.235525699999926], [112.77058470000009, -7.235605899999939], [112.77056620000008, -7.235706499999935], [112.77078, -7.235793299999955], [112.77107390000003, -7.23588019999994], [112.77134780000006, -7.235900199999946], [112.77155940000011, -7.235919399999943], [112.77156220000006, -7.235919699999954], [112.77156820000005, -7.235920199999953], [112.77161500000011, -7.235940299999982], [112.77156820000005, -7.236087199999929], [112.771762, -7.236067199999979], [112.77183160000004, -7.23607329999993], [112.7721467, -7.236100699999952], [112.77228360000004, -7.236112599999956], [112.77237660000003, -7.236120599999936], [112.77255520000006, -7.236120599999936], [112.7727863, -7.236120599999936], [112.77279070000009, -7.236120599999936], [112.77309140000011, -7.236134], [112.7731099, -7.236172599999975], [112.77317010000002, -7.236297499999978], [112.77317820000007, -7.236314399999969], [112.77334520000011, -7.236367799999925], [112.77340530000004, -7.236468], [112.77349220000008, -7.236501399999952], [112.7735004000001, -7.236563299999943], [112.77350550000006, -7.236601599999972], [112.7735924000001, -7.23665509999995], [112.77364580000005, -7.236762], [112.77366330000007, -7.236849599999971], [112.77367250000009, -7.236895599999968], [112.773746, -7.236995799999931], [112.77377, -7.237016], [112.77383290000012, -7.237069299999973], [112.7739798, -7.237069299999973], [112.77410010000006, -7.237055899999973], [112.77422510000008, -7.236968399999967], [112.77423370000008, -7.236962399999925], [112.77427380000006, -7.236835399999961], [112.77436060000002, -7.236661799999979], [112.77442740000004, -7.236668399999928], [112.77453430000003, -7.236795399999949], [112.77460110000004, -7.236915599999975], [112.774688, -7.236929], [112.77480820000005, -7.236895599999968], [112.77516230000003, -7.236788699999977], [112.77525580000008, -7.236715199999935], [112.77530920000004, -7.236608299999943], [112.77541610000003, -7.236514799999952], [112.77546490000009, -7.236462199999949], [112.77558980000003, -7.236327699999947], [112.77569, -7.236187499999971], [112.775769, -7.236057799999969], [112.77582670000004, -7.235963199999958], [112.7758424000001, -7.235967799999969], [112.77584310000009, -7.23596619999995], [112.77591880000011, -7.235808899999938], [112.77604930000007, -7.235593799999947], [112.77622050000002, -7.23529949999994], [112.77625030000002, -7.235248199999944], [112.77628210000012, -7.235177699999952], [112.77641960000005, -7.235188199999925], [112.77663470000005, -7.235251699999935], [112.77675110000007, -7.235269399999936], [112.77696620000006, -7.235318699999937], [112.77711560000012, -7.23534589999997], [112.77712140000006, -7.235346899999968], [112.77715310000008, -7.235332799999981], [112.77718180000011, -7.235221699999954], [112.77720690000001, -7.235124599999949], [112.7772096000001, -7.235114199999941], [112.77746700000012, -7.235149499999977], [112.77752360000011, -7.235134499999958], [112.77758690000007, -7.235117699999932], [112.77763980000009, -7.235001299999965], [112.77765750000003, -7.234969599999943], [112.77772450000009, -7.234934299999964], [112.7778267000001, -7.234514699999977], [112.77778090000004, -7.234444099999962], [112.7777033000001, -7.234408899999949], [112.777668, -7.234377099999961], [112.77767690000007, -7.234329499999944], [112.77760980000005, -7.234266], [112.77754260000006, -7.234231099999931], [112.77752170000008, -7.234220199999982], [112.77743, -7.234132], [112.77744540000003, -7.234078], [112.77745120000009, -7.234058], [112.77750760000004, -7.233998], [112.77757110000005, -7.233818199999973], [112.77758870000002, -7.233811099999969], [112.77764860000002, -7.233677099999966], [112.777671, -7.233625899999936], [112.77773330000002, -7.233483099999944], [112.77782140000011, -7.233292699999936], [112.77789370000005, -7.233111099999974], [112.77793780000002, -7.233043299999963], [112.77793960000008, -7.233040499999959], [112.77793250000002, -7.233012299999928], [112.778123, -7.233072299999947], [112.77827460000003, -7.233121599999947], [112.77836630000002, -7.233192199999962], [112.77845290000005, -7.233229599999959], [112.7785285000001, -7.233294399999977], [112.77853030000006, -7.23329549999994], [112.77856910000003, -7.233319499999936], [112.77862440000001, -7.233353699999952], [112.77864840000007, -7.233368499999926], [112.77871270000003, -7.23341389999996], [112.7788283000001, -7.233495499999947], [112.77887180000005, -7.233520299999952], [112.77902580000011, -7.233608299999958], [112.7790917000001, -7.233631799999955], [112.7792339, -7.233682399999964], [112.77929030000007, -7.233562499999948], [112.7792938, -7.233470799999964], [112.7794067000001, -7.233171], [112.77945960000011, -7.233008799999936], [112.779482, -7.233006799999941], [112.77949840000008, -7.233005299999945], [112.7795205000001, -7.233115899999973], [112.77954420000003, -7.23323449999998], [112.77949840000008, -7.233386099999962], [112.77949600000011, -7.233412499999929], [112.77947040000004, -7.23369329999997], [112.77946660000009, -7.233735299999978], [112.77954420000003, -7.233777599999939], [112.77961830000004, -7.233795199999975], [112.77962280000008, -7.233805199999949], [112.77963590000002, -7.233834], [112.77970930000004, -7.233857799999953], [112.77975580000009, -7.233872799999972], [112.77981770000008, -7.233888099999945], [112.77991150000003, -7.233911299999932], [112.77991980000002, -7.233913399999949], [112.77998470000011, -7.234095099999934], [112.7799903, -7.234110899999962], [112.77998330000003, -7.234156699999971], [112.780008, -7.234206099999938], [112.78004090000002, -7.234249499999976], [112.780075, -7.234294199999965], [112.78015960000005, -7.234371799999963], [112.78022310000006, -7.23444939999996], [112.78027250000002, -7.234523499999966], [112.78030070000011, -7.234611599999937], [112.78030070000011, -7.234642699999938], [112.78030070000011, -7.234703299999978], [112.7802795, -7.234759799999949], [112.78023010000004, -7.234802099999968], [112.78017020000004, -7.234855], [112.7800926000001, -7.234886699999947], [112.780052, -7.234916699999928], [112.77999910000005, -7.234987199999978], [112.7799639000001, -7.235068299999966], [112.7799427000001, -7.235149499999977], [112.7799427000001, -7.235216499999979], [112.77994980000005, -7.235262299999931], [112.77999910000005, -7.23532229999995], [112.78006860000005, -7.235383], [112.78008380000006, -7.235396299999934], [112.78018610000004, -7.235477399999979], [112.7802742, -7.235540899999933], [112.78029540000011, -7.235593799999947], [112.78030600000011, -7.23564319999997], [112.780382, -7.23567769999994], [112.78038350000008, -7.235678399999927], [112.78046820000009, -7.235682], [112.7805211000001, -7.235731299999941], [112.78063750000001, -7.235734899999954], [112.78082790000008, -7.235710199999971], [112.78091430000006, -7.235686599999951], [112.7809443000001, -7.235678399999927], [112.78105010000002, -7.235399799999925], [112.78121580000004, -7.234994299999926], [112.78127720000009, -7.234839299999976], [112.7812828000001, -7.234825], [112.78158750000011, -7.234837599999935], [112.78159060000007, -7.234837699999957], [112.78176750000011, -7.23486939999998], [112.78191750000008, -7.234896299999946], [112.78205, -7.23492], [112.78210930000012, -7.23492269999997], [112.78227, -7.23493], [112.78232570000011, -7.234932799999967], [112.7824700000001, -7.23494], [112.78254760000004, -7.234949699999959], [112.78255, -7.23495], [112.78270870000006, -7.234974699999952], [112.783, -7.23502], [112.78305160000002, -7.235026399999981], [112.7834, -7.23507], [112.78379, -7.2351], [112.78389, -7.23508], [112.78396070000008, -7.235098899999969], [112.7840175, -7.235114], [112.78366070000004, -7.236691399999927], [112.7834458000001, -7.23801519999995], [112.78344620000007, -7.238035899999943], [112.78346140000008, -7.238823899999943], [112.78349720000006, -7.239497699999959], [112.78359150000006, -7.241274499999975], [112.78359590000002, -7.242394299999944], [112.7834937, -7.242813599999977], [112.78320880000001, -7.244169799999952], [112.78320250000002, -7.244199899999956], [112.783192, -7.244249799999977], [112.7828985000001, -7.245644499999969], [112.7829044, -7.245644], [112.78301470000008, -7.24563569999998], [112.78299570000001, -7.245817299999942], [112.78284190000011, -7.247280299999943], [112.7828386000001, -7.247312], [112.78414350000003, -7.247391499999935], [112.78557220000005, -7.247478599999965], [112.7859932, -7.24750419999998], [112.7872049, -7.247578099999942], [112.78737520000004, -7.247588499999949], [112.78737, -7.24764], [112.78866, -7.2477], [112.78894, -7.24778], [112.7892571000001, -7.247805], [112.78932, -7.24781], [112.78975, -7.24785], [112.79034, -7.24793], [112.79057000000012, -7.24795], [112.79155620000006, -7.248031099999935], [112.7921500000001, -7.24808], [112.79228, -7.24808], [112.79282250000006, -7.248264099999972], [112.79284, -7.24827], [112.79283, -7.2486], [112.79281, -7.24919], [112.7928, -7.24936], [112.79275, -7.25002], [112.79271, -7.25029], [112.7926900000001, -7.25054], [112.79266, -7.2509], [112.79265770000006, -7.250925699999925], [112.79263290000006, -7.251206699999955], [112.79172290000008, -7.251034699999934], [112.7915054, -7.250993599999958], [112.79144370000006, -7.251220699999976], [112.7917083000001, -7.251283599999965], [112.7926159000001, -7.251499099999933], [112.79258, -7.25201], [112.79257, -7.2521], [112.79301, -7.25223], [112.79341000000011, -7.25234], [112.79384, -7.25245], [112.79411, -7.25254], [112.79452, -7.25265], [112.79460070000005, -7.252668899999946], [112.79529, -7.25283], [112.79534210000008, -7.252822599999945], [112.79536, -7.25282], [112.79543, -7.25282], [112.79557000000011, -7.25282], [112.7959, -7.25294], [112.79592150000008, -7.252947499999948], [112.79701720000003, -7.253327799999965], [112.79711, -7.25336], [112.79714, -7.25347], [112.79761, -7.25351], [112.79777, -7.25355], [112.7986, -7.25385], [112.7994000000001, -7.25408], [112.80002, -7.25422], [112.80119, -7.25456], [112.80188, -7.25476], [112.80289, -7.25515], [112.80357, -7.25527], [112.80379, -7.25531], [112.8038600000001, -7.25532], [112.80401, -7.25537], [112.80427, -7.25544], [112.80445, -7.25548], [112.80468, -7.25549], [112.80582, -7.25563], [112.80637, -7.25571], [112.80641260000004, -7.25571709999997], [112.80655, -7.25574], [112.80654850000008, -7.255679599999951], [112.80654820000007, -7.255667599999981], [112.80654, -7.25534], [112.80648, -7.25472], [112.80646, -7.25452], [112.8064, -7.25387], [112.80633000000012, -7.25327], [112.8065, -7.25318], [112.8067, -7.25308], [112.80687000000012, -7.25289], [112.80699, -7.25268], [112.80703, -7.25252], [112.80703590000007, -7.252512599999932], [112.80705450000005, -7.252423599999929], [112.80705020000005, -7.252410499999939], [112.80702480000002, -7.252163899999971], [112.80691420000005, -7.252002699999935], [112.80676910000011, -7.251839099999927], [112.80665850000003, -7.251756199999932], [112.80643730000008, -7.251682499999959], [112.8062761000001, -7.251677799999925], [112.80613330000006, -7.251705499999957], [112.80599040000004, -7.251756199999932], [112.80585680000002, -7.251811499999974], [112.80571860000009, -7.251912799999957], [112.80408880000005, -7.251961899999969], [112.80408000000011, -7.2519], [112.80409, -7.2515], [112.80408000000011, -7.25142], [112.80405, -7.25094], [112.80398, -7.25], [112.80397, -7.24994], [112.80396, -7.24982], [112.8039500000001, -7.24972], [112.80392960000006, -7.249695499999973], [112.80381810000006, -7.249450199999956], [112.8031638000001, -7.248782099999971], [112.80276070000002, -7.248489599999971], [112.802452, -7.247499], [112.802922, -7.247356199999956], [112.80272380000008, -7.246734199999935], [112.80267780000008, -7.246743399999957], [112.80214330000001, -7.24689079999996], [112.801718, -7.246705], [112.80159, -7.246117499999968], [112.8021940000001, -7.245960099999934], [112.8020074000001, -7.245202199999937], [112.80189480000001, -7.244793199999947], [112.80132450000008, -7.244909699999937], [112.80108180000002, -7.243853299999955], [112.801196, -7.243810399999973], [112.8011246000001, -7.243439199999955], [112.80101040000011, -7.24342489999998], [112.80088190000004, -7.242796799999951], [112.80126730000006, -7.242639699999927], [112.8012453, -7.242374799999936], [112.80085330000009, -7.242325599999958], [112.799822, -7.242495899999938], [112.7998189000001, -7.242488499999979], [112.79974510000011, -7.242287599999941], [112.799736, -7.242262799999935], [112.7995108, -7.24175589999993], [112.79947390000007, -7.241672699999981], [112.79931140000008, -7.241711699999939], [112.7986178000001, -7.240222199999948], [112.79755540000008, -7.240526799999941], [112.797227, -7.239941399999964], [112.79704140000001, -7.239470299999937], [112.79691530000002, -7.238688299999978], [112.79658230000007, -7.238670299999967], [112.79619910000008, -7.238485199999957], [112.7960706, -7.237999799999955], [112.79605630000003, -7.237857], [112.79595640000002, -7.237257399999976], [112.7957851000001, -7.237257399999976], [112.795628, -7.236629199999925], [112.7956709, -7.236500699999965], [112.795371, -7.235758299999929], [112.79528540000001, -7.235444199999961], [112.79528540000001, -7.235258599999952], [112.79577140000004, -7.23511979999995], [112.79489860000001, -7.232743399999947], [112.79462870000009, -7.232860099999925], [112.794543, -7.232646], [112.79458580000005, -7.232446099999947], [112.79451440000003, -7.232346199999938], [112.79438590000007, -7.232331899999963], [112.79427170000008, -7.232260499999938], [112.79378710000003, -7.230588499999953], [112.7930004000001, -7.230684599999961], [112.79299, -7.23068], [112.79298210000002, -7.230665699999975], [112.79294, -7.23059], [112.79279, -7.23025], [112.7925100000001, -7.2297], [112.79227, -7.2292], [112.7916, -7.22754], [112.79137, -7.22702], [112.79127, -7.22691], [112.79098760000011, -7.226740599999971], [112.79082, -7.22664], [112.7905300000001, -7.22648], [112.78967000000011, -7.22611], [112.78883, -7.22585]]] 
      }
    },
    {
      "type": "Feature",
      "properties": {
        "district_id": "3578220",
        "province": "Jawa Timur",
        "regency": "Surabaya",
        "district": "Simokerto",
        "pria": 45759,
        "wanita": 46298,
        "total_penduduk": 92057
      },
      "geometry": {
        "type": "Polygon",
        "coordinates": [[[112.75208, -7.24496], [112.75215, -7.24504], [112.75219, -7.24509], [112.75235, -7.24531], [112.75264, -7.24579], [112.7526739000001, -7.245859099999961], [112.75273620000007, -7.245985699999949], [112.752856, -7.246229799999981], [112.75292, -7.24636], [112.75297890000002, -7.246499299999925], [112.75302040000008, -7.246597299999962], [112.75314, -7.24688], [112.75324080000007, -7.247228199999938], [112.75325, -7.24726], [112.7533, -7.24768], [112.75330270000006, -7.247836599999971], [112.75330340000005, -7.247871], [112.75331, -7.24825], [112.7532900000001, -7.24868], [112.75325180000004, -7.249119299999961], [112.75325, -7.24914], [112.7536004000001, -7.249159499999962], [112.75360090000004, -7.249159499999962], [112.75361, -7.24916], [112.75382840000009, -7.249175099999945], [112.75382980000006, -7.249175199999968], [112.7539, -7.24918], [112.75400710000008, -7.249187099999972], [112.75405, -7.24919], [112.75479, -7.24924], [112.75482980000004, -7.249243799999931], [112.7551, -7.24927], [112.75525, -7.24928], [112.7553395000001, -7.249245599999938], [112.75538, -7.24923], [112.7556320000001, -7.249192699999981], [112.75565, -7.24919], [112.75596, -7.24914], [112.75613890000011, -7.249094199999945], [112.75639, -7.24903], [112.75641460000008, -7.249022299999979], [112.75728, -7.24875], [112.75732030000006, -7.248737499999947], [112.7575700000001, -7.24866], [112.75763, -7.24866], [112.75769670000011, -7.24866], [112.7578, -7.24866], [112.75795460000006, -7.248685199999954], [112.75823, -7.24873], [112.75833340000008, -7.248755099999926], [112.75889, -7.24889], [112.75926, -7.24896], [112.75945, -7.248], [112.75951, -7.24769], [112.75956480000002, -7.247470699999951], [112.75963, -7.24721], [112.75963580000007, -7.247187899999972], [112.75969, -7.24698], [112.75969260000011, -7.246969], [112.75971510000011, -7.246874599999956], [112.75974, -7.24677], [112.75985250000008, -7.246353899999974], [112.75995150000006, -7.245987299999967], [112.75998590000006, -7.245860099999959], [112.76011010000002, -7.245400599999925], [112.76014, -7.24529], [112.76023, -7.24496], [112.76023170000008, -7.244954099999973], [112.7604229000001, -7.244299199999944], [112.76042590000009, -7.244289099999946], [112.76058400000011, -7.243747599999949], [112.7606300000001, -7.24359], [112.76079, -7.24299], [112.7608100000001, -7.24291], [112.76093780000008, -7.242498], [112.76121, -7.24162], [112.76125, -7.2415], [112.76137, -7.24114], [112.76137390000008, -7.241128299999957], [112.76137560000006, -7.24112329999997], [112.76140310000005, -7.241040699999928], [112.76145960000008, -7.240871299999981], [112.76147, -7.24084], [112.7616, -7.24039], [112.76176, -7.23992], [112.7619059000001, -7.239560199999971], [112.76191, -7.23955], [112.76219, -7.23906], [112.7624, -7.23862], [112.76254, -7.23838], [112.76274, -7.23804], [112.76277030000006, -7.237987], [112.76293110000006, -7.237705499999947], [112.76294, -7.23769], [112.76317, -7.23725], [112.76356160000012, -7.236562899999967], [112.7637, -7.23632], [112.7638998000001, -7.235970299999963], [112.76393330000008, -7.235911699999974], [112.76394, -7.2359], [112.763933, -7.235891299999935], [112.763927, -7.235883899999976], [112.7641109000001, -7.235498799999959], [112.7641221, -7.235475299999962], [112.7641129000001, -7.235475299999962], [112.76410610000005, -7.235471199999949], [112.76374620000001, -7.235250299999961], [112.7637085, -7.23522719999994], [112.76320890000011, -7.234965], [112.7632086000001, -7.234964799999943], [112.76318750000007, -7.234951199999955], [112.76310060000003, -7.234903399999951], [112.7629955000001, -7.234845499999949], [112.76295960000004, -7.234825699999931], [112.76265890000002, -7.234647299999949], [112.76252350000004, -7.234564699999964], [112.7625230000001, -7.234564599999942], [112.76235960000008, -7.234532599999966], [112.76235290000011, -7.234537899999964], [112.76233920000004, -7.234548599999926], [112.76229980000005, -7.234580199999925], [112.76223670000002, -7.234603799999945], [112.7621696000001, -7.234674799999937], [112.7620730000001, -7.234708399999931], [112.76200420000009, -7.234710499999949], [112.76194680000003, -7.234712299999956], [112.761789, -7.234810899999957], [112.7617, -7.234829499999933], [112.7615674000001, -7.234857199999965], [112.76129630000003, -7.234913899999981], [112.76126210000007, -7.234915799999953], [112.761139, -7.234922599999948], [112.76097750000008, -7.234931399999937], [112.7609728000001, -7.234968499999979], [112.7609609000001, -7.235063499999967], [112.76094640000008, -7.235064699999953], [112.76093910000009, -7.235108699999955], [112.76085240000009, -7.235108699999955], [112.76048760000003, -7.235125399999959], [112.760038, -7.235146099999952], [112.76000060000001, -7.235145599999953], [112.75975790000007, -7.235142199999927], [112.75946210000006, -7.235114599999974], [112.759342, -7.235129899999947], [112.75901450000003, -7.235171799999932], [112.75882130000002, -7.235211199999981], [112.75879210000005, -7.235211799999945], [112.75875090000011, -7.235237], [112.75848270000006, -7.235275299999955], [112.75839970000004, -7.235287099999937], [112.75817280000001, -7.235319599999968], [112.75784220000003, -7.235282599999948], [112.75770290000003, -7.235267], [112.75770040000009, -7.235266699999954], [112.75763970000003, -7.234791099999939], [112.75761210000007, -7.234575699999937], [112.75666, -7.23467], [112.75558, -7.23442], [112.75523, -7.23437], [112.75504940000008, -7.234340299999928], [112.75495150000006, -7.234324199999946], [112.75467870000011, -7.234279399999934], [112.7545, -7.23425], [112.75448870000002, -7.234246399999961], [112.75446740000007, -7.234239699999932], [112.75412, -7.23413], [112.75403190000009, -7.234091699999965], [112.75389, -7.23403], [112.75364, -7.23392], [112.75328, -7.23372], [112.7532447000001, -7.2337], [112.753226, -7.233689399999946], [112.75322590000007, -7.233689399999946], [112.7527500000001, -7.23342], [112.75263310000003, -7.233258099999944], [112.75262, -7.23324], [112.75250820000008, -7.233037299999978], [112.75246, -7.23295], [112.752446, -7.232960499999933], [112.75238, -7.23301], [112.75213, -7.23311], [112.75199, -7.23312], [112.75174, -7.23308], [112.75137970000003, -7.232973199999947], [112.7512, -7.23292], [112.7509993000001, -7.232847299999946], [112.7504, -7.23263], [112.75026, -7.23258], [112.75000000000011, -7.23254], [112.7497800000001, -7.23251], [112.74949, -7.23245], [112.7494402000001, -7.232441], [112.74937580000005, -7.232429199999956], [112.74927, -7.23241], [112.749, -7.2324], [112.74891180000009, -7.232395099999962], [112.74864, -7.23238], [112.74860400000011, -7.23238], [112.74859730000003, -7.23238], [112.74856000000011, -7.23238], [112.74833520000004, -7.232360599999936], [112.74798, -7.23233], [112.74738, -7.23223], [112.74735140000007, -7.232225199999959], [112.74732590000008, -7.232221], [112.74714, -7.23219], [112.74680390000003, -7.232081299999948], [112.7468, -7.23208], [112.7469, -7.23164], [112.74689830000011, -7.231634], [112.74689410000008, -7.231619], [112.74683, -7.23139], [112.74673990000008, -7.231171299999971], [112.74669, -7.23105], [112.7466396000001, -7.23094089999995], [112.74649640000007, -7.230630599999927], [112.74639490000004, -7.230410699999936], [112.74639, -7.2304], [112.74638720000007, -7.230398699999967], [112.74621430000002, -7.230316199999947], [112.74595000000011, -7.23019], [112.74569, -7.23007], [112.74547, -7.23009], [112.7454, -7.23023], [112.74539, -7.230245199999956], [112.74524310000004, -7.230469], [112.74519, -7.23055], [112.74508850000007, -7.230684499999938], [112.7449041000001, -7.230928799999958], [112.7448161000001, -7.231045499999937], [112.74479, -7.23108], [112.74471490000008, -7.231172299999969], [112.74418, -7.23183], [112.74392570000009, -7.232183199999952], [112.74382, -7.23233], [112.74358, -7.23266], [112.74351780000006, -7.232747099999926], [112.74345620000008, -7.232833299999982], [112.74344910000002, -7.232843199999934], [112.7432755000001, -7.233086299999968], [112.74323, -7.23315], [112.74322140000004, -7.233164599999952], [112.74304370000004, -7.233466], [112.743, -7.23354], [112.74289120000003, -7.233846799999981], [112.7428900000001, -7.23385], [112.74287, -7.23399], [112.7429, -7.23417], [112.74293000000011, -7.23427], [112.74295, -7.23433], [112.7431, -7.23469], [112.74311360000002, -7.234738399999969], [112.74319, -7.23501], [112.74319720000005, -7.235089099999925], [112.74321590000011, -7.235295399999927], [112.74322, -7.23534], [112.7433234, -7.235857199999941], [112.74335, -7.23599], [112.7433850000001, -7.236055599999929], [112.74342550000006, -7.236131599999965], [112.7434300000001, -7.23614], [112.7435200000001, -7.23632], [112.74372, -7.23657], [112.74387250000007, -7.236756699999944], [112.74389480000002, -7.236783899999978], [112.74405530000001, -7.236980499999959], [112.74426390000008, -7.237343799999962], [112.74447840000005, -7.237684399999978], [112.7448154000001, -7.238416699999959], [112.74484210000003, -7.238424399999928], [112.74485, -7.23845], [112.74499, -7.23891], [112.74506430000008, -7.239355699999976], [112.74508, -7.23945], [112.745088, -7.239493899999957], [112.7451, -7.23956], [112.74514470000008, -7.239789799999926], [112.74517, -7.23992], [112.74536, -7.24037], [112.74540230000002, -7.240475], [112.74563, -7.24104], [112.74595920000002, -7.241795299999978], [112.74597, -7.24182], [112.74606, -7.24195], [112.74638, -7.24221], [112.74703050000005, -7.242798099999959], [112.74711, -7.24287], [112.74726290000001, -7.243183899999963], [112.74730000000011, -7.24326], [112.74734, -7.24344], [112.74734, -7.243544399999962], [112.74734, -7.24361], [112.74783, -7.2436], [112.74828360000004, -7.243613], [112.74853, -7.24362], [112.7489766000001, -7.243661399999951], [112.74907, -7.24367], [112.74944, -7.24373], [112.74992, -7.24381], [112.75012370000002, -7.243854399999975], [112.75047, -7.24393], [112.7505916, -7.243986699999937], [112.7512, -7.24427], [112.75152630000002, -7.244508099999962], [112.751527, -7.244508599999961], [112.75157, -7.24454], [112.75173, -7.24463], [112.7519400000001, -7.24479], [112.75208, -7.24496]]] 
      }
    },
    {
      "type": "Feature",
      "properties": {
        "district_id": "3578230",
        "province": "Jawa Timur",
        "regency": "Surabaya",
        "district": "Semampir",
        "pria": 91826,
        "wanita": 91469,
        "total_penduduk": 183295
      },
      "geometry": {
        "type": "Polygon",
        "coordinates": [[[112.74547, -7.23009], [112.74569, -7.23007], [112.74595000000011, -7.23019], [112.74621430000002, -7.230316199999947], [112.74638720000007, -7.230398699999967], [112.74639, -7.2304], [112.74639490000004, -7.230410699999936], [112.74649640000007, -7.230630599999927], [112.7466396000001, -7.23094089999995], [112.74669, -7.23105], [112.74673990000008, -7.231171299999971], [112.74683, -7.23139], [112.74689410000008, -7.231619], [112.74689830000011, -7.231634], [112.7469, -7.23164], [112.7468, -7.23208], [112.74680390000003, -7.232081299999948], [112.74714, -7.23219], [112.74732590000008, -7.232221], [112.74735140000007, -7.232225199999959], [112.74738, -7.23223], [112.74798, -7.23233], [112.74833520000004, -7.232360599999936], [112.74856000000011, -7.23238], [112.74859730000003, -7.23238], [112.74860400000011, -7.23238], [112.74864, -7.23238], [112.74891180000009, -7.232395099999962], [112.749, -7.2324], [112.74927, -7.23241], [112.74937580000005, -7.232429199999956], [112.7494402000001, -7.232441], [112.74949, -7.23245], [112.7497800000001, -7.23251], [112.75000000000011, -7.23254], [112.75026, -7.23258], [112.7504, -7.23263], [112.7509993000001, -7.232847299999946], [112.7512, -7.23292], [112.75137970000003, -7.232973199999947], [112.75174, -7.23308], [112.75199, -7.23312], [112.75213, -7.23311], [112.75238, -7.23301], [112.752446, -7.232960499999933], [112.75246, -7.23295], [112.75250820000008, -7.233037299999978], [112.75262, -7.23324], [112.75263310000003, -7.233258099999944], [112.7527500000001, -7.23342], [112.75322590000007, -7.233689399999946], [112.753226, -7.233689399999946], [112.7532447000001, -7.2337], [112.75328, -7.23372], [112.75364, -7.23392], [112.75389, -7.23403], [112.75403190000009, -7.234091699999965], [112.75412, -7.23413], [112.75446740000007, -7.234239699999932], [112.75448870000002, -7.234246399999961], [112.7545, -7.23425], [112.75467870000011, -7.234279399999934], [112.75495150000006, -7.234324199999946], [112.75504940000008, -7.234340299999928], [112.75523, -7.23437], [112.75558, -7.23442], [112.75666, -7.23467], [112.75761210000007, -7.234575699999937], [112.75762180000004, -7.234574799999962], [112.75763110000003, -7.23457389999993], [112.75763040000004, -7.234567899999945], [112.75762040000006, -7.234475699999962], [112.75760460000004, -7.234302099999979], [112.75748040000008, -7.233649399999933], [112.75746850000007, -7.233495599999969], [112.7573837000001, -7.232839], [112.7573364000001, -7.232527399999981], [112.75727920000008, -7.232111299999929], [112.75726740000005, -7.231874699999935], [112.75722010000004, -7.231547299999932], [112.75719050000009, -7.231364], [112.75716680000005, -7.230997199999933], [112.75713330000008, -7.230711199999973], [112.75707410000007, -7.230372099999954], [112.7570505000001, -7.230135399999938], [112.75709580000012, -7.230098], [112.75714710000011, -7.230011199999979], [112.75736990000007, -7.229843599999981], [112.75746830000003, -7.229759299999955], [112.75748040000008, -7.229748899999947], [112.7575316000001, -7.22965819999996], [112.7576342000001, -7.229465], [112.75772880000011, -7.229287499999941], [112.75802260000012, -7.228891199999964], [112.75806210000007, -7.228772799999945], [112.75805420000006, -7.22865059999998], [112.75802660000011, -7.228484899999955], [112.75816, -7.228541699999937], [112.75816, -7.228539099999978], [112.75826860000006, -7.22856319999994], [112.75829570000008, -7.228569299999947], [112.75831490000007, -7.228404699999942], [112.75838460000011, -7.228426499999955], [112.75871880000011, -7.227567799999974], [112.75849330000005, -7.227448199999969], [112.75848520000011, -7.227443899999969], [112.75848750000011, -7.227437299999963], [112.75844070000005, -7.227416099999971], [112.75845410000011, -7.227373599999964], [112.7584624000001, -7.227347099999974], [112.75852940000004, -7.226992199999927], [112.75852150000003, -7.226712199999952], [112.7583618000001, -7.226469599999973], [112.75829480000004, -7.226371], [112.7582159000001, -7.226209299999937], [112.75817250000011, -7.226039699999944], [112.75812910000002, -7.225818899999979], [112.75810150000007, -7.22564929999993], [112.75805810000008, -7.225404799999978], [112.75800820000006, -7.225112799999977], [112.75800690000005, -7.225105], [112.75801690000003, -7.22500169999995], [112.75801820000004, -7.224987699999929], [112.7580177000001, -7.224986399999977], [112.75803250000001, -7.224979899999937], [112.75806210000007, -7.224967], [112.75805810000008, -7.224856599999953], [112.75805020000007, -7.224667299999965], [112.75803840000003, -7.224541099999954], [112.75807, -7.224462199999948], [112.75812910000002, -7.224339899999961], [112.75822660000006, -7.224416899999937], [112.75822710000011, -7.224415799999974], [112.75824220000004, -7.224421799999959], [112.75876210000001, -7.224625899999978], [112.75880940000002, -7.224306399999932], [112.75915650000002, -7.224405], [112.75941480000006, -7.224525299999925], [112.75956860000008, -7.224351799999965], [112.75977770000009, -7.224174299999959], [112.75989990000005, -7.224221599999964], [112.75991570000008, -7.224170299999969], [112.76000640000007, -7.224063899999976], [112.7601681000001, -7.223953399999971], [112.76032590000011, -7.223890299999937], [112.76035150000007, -7.223726699999929], [112.76042640000003, -7.223687199999972], [112.76054870000007, -7.223671399999944], [112.760549, -7.223653], [112.76055010000005, -7.223599199999967], [112.76055660000009, -7.223265199999958], [112.76031210000008, -7.223237599999948], [112.76033360000008, -7.223060199999964], [112.76036330000011, -7.222815599999933], [112.76034830000003, -7.222814099999937], [112.7596731000001, -7.222744599999942], [112.75967060000005, -7.222425199999975], [112.75966920000008, -7.222251599999936], [112.7594878000001, -7.222157], [112.75922380000009, -7.222130299999947], [112.75921860000005, -7.222129799999948], [112.75923440000008, -7.221996599999954], [112.75928580000004, -7.221563499999945], [112.7593127, -7.221461199999965], [112.75933860000009, -7.221217699999954], [112.75934660000007, -7.221142399999962], [112.75935, -7.22111], [112.7594808, -7.220537599999943], [112.75951, -7.22041], [112.75953, -7.22032], [112.75955410000006, -7.220163199999945], [112.75956450000001, -7.220095499999957], [112.75958760000003, -7.219945299999949], [112.75959000000012, -7.21993], [112.75960850000001, -7.219818699999962], [112.75963030000003, -7.219688499999961], [112.75965350000001, -7.219549], [112.75967, -7.21945], [112.759672, -7.219438099999934], [112.7597115000001, -7.219196899999929], [112.75971650000008, -7.219166499999972], [112.75974740000004, -7.218978], [112.75975310000001, -7.218943299999978], [112.75977000000012, -7.21884], [112.7597879000001, -7.21872529999996], [112.75979340000004, -7.21869049999998], [112.75983140000005, -7.218447199999957], [112.75986980000005, -7.218201299999976], [112.75987, -7.2182], [112.75990390000004, -7.217970299999934], [112.75991920000001, -7.217866499999957], [112.75996, -7.21759], [112.75997070000005, -7.217531399999928], [112.7599752000001, -7.217506299999968], [112.7600000000001, -7.21737], [112.76005, -7.21704], [112.76015, -7.21634], [112.76015060000009, -7.216336199999944], [112.7601532000001, -7.216321], [112.76018070000009, -7.216156], [112.7602, -7.21604], [112.76020340000002, -7.21601359999994], [112.76022260000002, -7.215864899999929], [112.76024, -7.21573], [112.76024760000007, -7.215707299999963], [112.76029110000002, -7.215576699999929], [112.76032810000004, -7.215465599999959], [112.76038690000007, -7.215289299999938], [112.76043510000011, -7.215144699999939], [112.760474, -7.215028], [112.7605201, -7.214889699999958], [112.76055540000004, -7.214783899999929], [112.76057050000009, -7.214738399999931], [112.76063140000008, -7.214555899999937], [112.76066250000008, -7.214462599999933], [112.760704, -7.214338], [112.76071, -7.21432], [112.76073, -7.21425], [112.7607339000001, -7.214236], [112.76076750000004, -7.21411489999997], [112.76078, -7.21407], [112.76079, -7.21401], [112.76079060000006, -7.214005899999961], [112.7608196000001, -7.213820399999975], [112.76084, -7.21369], [112.760843, -7.213597099999959], [112.76084750000007, -7.213456099999974], [112.76085, -7.21338], [112.76085220000004, -7.213334299999929], [112.76085350000005, -7.213307499999928], [112.76086020000002, -7.213168499999938], [112.76086550000002, -7.213059399999963], [112.76086940000005, -7.212978699999951], [112.76088, -7.21276], [112.76097, -7.2122], [112.76098450000006, -7.212093599999946], [112.761, -7.21198], [112.76101, -7.21191], [112.761, -7.21183], [112.7609900000001, -7.21177], [112.76106, -7.21176], [112.76104, -7.21163], [112.76103690000002, -7.211615599999959], [112.76101, -7.21149], [112.76124, -7.21143], [112.76132, -7.21125], [112.7613500000001, -7.21118], [112.76136760000009, -7.211103899999955], [112.7614400000001, -7.21079], [112.76149, -7.21053], [112.76154, -7.21036], [112.76164, -7.20997], [112.7616696, -7.209836699999926], [112.7617, -7.2097], [112.7616799000001, -7.209675599999969], [112.762037, -7.208443], [112.76206700000012, -7.208339599999931], [112.76109130000009, -7.208014299999945], [112.761144, -7.207258299999978], [112.76146050000011, -7.207258299999978], [112.76126710000005, -7.207082499999956], [112.76079240000001, -7.206555099999946], [112.76010670000005, -7.205834299999935], [112.759509, -7.205183799999929], [112.75884090000011, -7.20444539999994], [112.75829880000003, -7.203963499999929], [112.75829780000004, -7.203946899999949], [112.75801330000002, -7.203535899999963], [112.75807410000004, -7.203434499999958], [112.7582364000001, -7.203069299999981], [112.75841900000012, -7.202663599999937], [112.75852040000007, -7.202156499999944], [112.75826680000011, -7.201598599999954], [112.75778, -7.201132], [112.757638, -7.200543799999934], [112.75751630000002, -7.199630899999931], [112.75743510000007, -7.199529499999926], [112.75702940000008, -7.198981799999956], [112.7568874000001, -7.198332599999958], [112.7569909, -7.19776909999996], [112.7569, -7.19786], [112.75669, -7.19801], [112.75613, -7.19836], [112.75578, -7.19856], [112.75522, -7.19894], [112.75475, -7.19921], [112.75441, -7.19943], [112.75408, -7.19967], [112.75334, -7.19983], [112.75242, -7.19988], [112.75204, -7.1999], [112.75182, -7.19987], [112.75159, -7.19972], [112.75136, -7.19955], [112.7511, -7.19923], [112.75094, -7.19909], [112.75018000000011, -7.19867], [112.75000000000011, -7.19846], [112.74992, -7.19836], [112.74982000000011, -7.19824], [112.74966, -7.19821], [112.74931, -7.19797], [112.74855, -7.19748], [112.74838000000011, -7.19742], [112.74808, -7.1974], [112.74798, -7.19743], [112.74788, -7.19749], [112.74778, -7.19751], [112.74751, -7.19743], [112.74641, -7.19687], [112.74627, -7.19681], [112.74616, -7.19679], [112.74612, -7.19674], [112.74615, -7.19664], [112.74619, -7.1965], [112.74612, -7.19635], [112.7461, -7.19622], [112.74612, -7.19614], [112.74635, -7.19606], [112.74651, -7.19597], [112.74682, -7.1958], [112.74683, -7.1957], [112.74678, -7.19563], [112.74744, -7.19548], [112.74777, -7.19545], [112.74865000000011, -7.1952], [112.74852, -7.19509], [112.74815, -7.19489], [112.74817, -7.19462], [112.74796, -7.19441], [112.74781, -7.19433], [112.74768, -7.19427], [112.74762, -7.19423], [112.74614, -7.19446], [112.74551, -7.19458], [112.7453, -7.19461], [112.74494, -7.19464], [112.74453, -7.1947], [112.7444177000001, -7.194717299999979], [112.7438800000001, -7.1948], [112.74351, -7.19482], [112.74345, -7.1948], [112.74335540000004, -7.194723099999976], [112.74329000000012, -7.19467], [112.74323, -7.19447], [112.74335, -7.19444], [112.74332, -7.19434], [112.74061, -7.19484], [112.74014450000004, -7.19491759999994], [112.73941, -7.19504], [112.7370800000001, -7.19569], [112.73574, -7.19597], [112.73493, -7.1961], [112.73498, -7.19643], [112.73503, -7.19676], [112.73507, -7.19703], [112.73511, -7.19724], [112.73514000000011, -7.19742], [112.73517, -7.19759], [112.73521, -7.19775], [112.73524, -7.19792], [112.7352800000001, -7.19808], [112.73531, -7.19825], [112.73535, -7.19841], [112.73539, -7.19857], [112.73542, -7.19873], [112.73545, -7.19888], [112.73549, -7.19903], [112.73552, -7.19918], [112.7355500000001, -7.19932], [112.73558, -7.19947], [112.7356, -7.19961], [112.735613, -7.199666299999933], [112.73561640000003, -7.199681099999964], [112.73562560000005, -7.199720699999943], [112.73563, -7.19974], [112.73566, -7.19988], [112.73569, -7.20002], [112.73572, -7.20015], [112.73575, -7.20029], [112.73578, -7.20042], [112.73581, -7.20055], [112.73584, -7.20068], [112.73587, -7.20081], [112.7359, -7.20094], [112.73593, -7.20106], [112.73596, -7.20118], [112.73599, -7.2013], [112.73602, -7.20142], [112.73605, -7.20153], [112.73608, -7.20165], [112.73611, -7.20177], [112.73613000000012, -7.20188], [112.73616, -7.202], [112.73619, -7.20213], [112.73621, -7.20225], [112.73624, -7.20238], [112.73626, -7.20252], [112.73629, -7.20265], [112.73631000000012, -7.20279], [112.73634, -7.20294], [112.7363600000001, -7.20308], [112.73639, -7.20323], [112.73642, -7.20339], [112.7364500000001, -7.20354], [112.73647, -7.20369], [112.7365, -7.20385], [112.73653, -7.204], [112.73656, -7.20415], [112.73658000000012, -7.2043], [112.73661, -7.20444], [112.73664, -7.20458], [112.73666, -7.20471], [112.73668, -7.20484], [112.73671, -7.20497], [112.73673, -7.2051], [112.73676000000012, -7.20523], [112.73678, -7.20536], [112.7368, -7.20549], [112.73682, -7.20562], [112.73685000000012, -7.20576], [112.73687, -7.20589], [112.73689, -7.20601], [112.73691, -7.20614], [112.73694000000012, -7.20626], [112.73696, -7.20637], [112.73698, -7.20648], [112.737, -7.20658], [112.73702, -7.20668], [112.73704, -7.20677], [112.73706, -7.20687], [112.73707, -7.20696], [112.73709, -7.20706], [112.73711, -7.20716], [112.73713, -7.20726], [112.73715, -7.20736], [112.7371700000001, -7.20747], [112.73719, -7.20757], [112.73722, -7.20768], [112.73724, -7.20779], [112.7372600000001, -7.20789], [112.73728, -7.208], [112.7373, -7.20809], [112.73732, -7.20819], [112.73732270000005, -7.208213899999976], [112.73733, -7.20828], [112.7373500000001, -7.20837], [112.73737, -7.20846], [112.73739, -7.20855], [112.7374, -7.20863], [112.73742, -7.20871], [112.73743, -7.20879], [112.73745, -7.20887], [112.73746, -7.20895], [112.73747, -7.20903], [112.73748, -7.20911], [112.73749, -7.20919], [112.7375, -7.20927], [112.73752, -7.20936], [112.73752, -7.20945], [112.7375300000001, -7.20954], [112.73754, -7.20963], [112.73755, -7.20972], [112.73756, -7.20982], [112.73757, -7.20991], [112.73757, -7.21], [112.73758, -7.21008], [112.73759, -7.21017], [112.73759, -7.21025], [112.7376, -7.21032], [112.7376, -7.2104], [112.7376, -7.21047], [112.73761, -7.21055], [112.73761, -7.21062], [112.7376200000001, -7.21069], [112.7376200000001, -7.21076], [112.73763, -7.21084], [112.73763, -7.21091], [112.73764, -7.21099], [112.73764, -7.21106], [112.73764, -7.21114], [112.73765, -7.21121], [112.73765, -7.21129], [112.73765890000004, -7.211360899999931], [112.73766, -7.21137], [112.73766, -7.21145], [112.73766, -7.21153], [112.73766, -7.21161], [112.73767, -7.21169], [112.73767, -7.21178], [112.73767, -7.21187], [112.73767, -7.21197], [112.73768, -7.21208], [112.73768, -7.21218], [112.73768, -7.2123], [112.73769, -7.21241], [112.73769, -7.21253], [112.73769, -7.21265], [112.7377, -7.21276], [112.7377, -7.212784699999929], [112.7377, -7.21288], [112.7377100000001, -7.21299], [112.7377100000001, -7.2131], [112.7377100000001, -7.21321], [112.73772, -7.21332], [112.73772, -7.21343], [112.73773, -7.21353], [112.73773, -7.21364], [112.73773, -7.21374], [112.73774, -7.21385], [112.73775, -7.21395], [112.73775, -7.21405], [112.73776, -7.21416], [112.73776, -7.21426], [112.73777, -7.21436], [112.73777, -7.21445], [112.73778, -7.21455], [112.73778, -7.21465], [112.73779, -7.21474], [112.73779, -7.21483], [112.73779, -7.21492], [112.7378000000001, -7.21501], [112.7378000000001, -7.2151], [112.7378000000001, -7.21519], [112.73781, -7.21529], [112.73781, -7.21538], [112.73781, -7.21547], [112.73782, -7.21557], [112.73782, -7.21567], [112.73783, -7.21576], [112.73783, -7.21586], [112.73784, -7.21596], [112.73784, -7.21606], [112.73785, -7.21615], [112.73785, -7.21625], [112.73785, -7.21635], [112.73786, -7.21644], [112.73786, -7.21653], [112.73786, -7.21661], [112.73787, -7.21669], [112.73787, -7.21676], [112.73787, -7.21683], [112.73787, -7.21691], [112.73787, -7.217], [112.73788, -7.21706], [112.73788, -7.217079199999944], [112.73788, -7.21712], [112.73788, -7.21718], [112.7378900000001, -7.21726], [112.7378900000001, -7.21734], [112.7379, -7.21743], [112.73791, -7.21753], [112.73791, -7.21763], [112.73792, -7.21773], [112.73793, -7.21784], [112.73794, -7.21795], [112.73794, -7.21805], [112.73795, -7.21816], [112.73795, -7.21826], [112.73795, -7.21837], [112.73795, -7.21847], [112.73796, -7.21856], [112.73796, -7.21866], [112.73796, -7.21876], [112.73796, -7.21885], [112.73796, -7.21894], [112.73797, -7.21904], [112.73797, -7.21913], [112.73797, -7.21922], [112.73797, -7.2193], [112.7379800000001, -7.21939], [112.7379800000001, -7.21947], [112.7379800000001, -7.21955], [112.73799, -7.21963], [112.73799, -7.21971], [112.73799, -7.21978], [112.73799, -7.21986], [112.738, -7.21993], [112.738, -7.22001], [112.738, -7.22008], [112.73800420000009, -7.220113199999957], [112.73801, -7.22016], [112.73801, -7.22023], [112.73801, -7.22031], [112.73802, -7.22039], [112.73802, -7.22047], [112.73803, -7.22054], [112.73803, -7.22062], [112.73803, -7.22069], [112.73804, -7.22076], [112.73804, -7.22083], [112.73804, -7.22089], [112.73804, -7.22096], [112.73804, -7.22102], [112.73804, -7.22108], [112.73804, -7.22114], [112.73805, -7.2212], [112.73805, -7.22126], [112.73805, -7.22132], [112.73805, -7.22139], [112.73805, -7.22145], [112.73805, -7.22151], [112.73805, -7.22157], [112.73806, -7.22164], [112.73806, -7.2217], [112.73806, -7.22177], [112.73806, -7.22183], [112.7380700000001, -7.2219], [112.7380700000001, -7.22196], [112.7380700000001, -7.22202], [112.73808, -7.22208], [112.73808, -7.22216], [112.73809, -7.22225], [112.73809, -7.22231], [112.738098, -7.222358], [112.7381, -7.22237], [112.73811, -7.22245], [112.73812, -7.22252], [112.73812, -7.22258], [112.73813, -7.22266], [112.73813, -7.22274], [112.73813, -7.22281], [112.73814, -7.22288], [112.73814, -7.22296], [112.73814, -7.222988899999962], [112.73814, -7.22302], [112.73814, -7.22309], [112.73814, -7.22315], [112.73815, -7.22322], [112.73815, -7.22331], [112.73815, -7.22339], [112.73814, -7.22346], [112.73814, -7.22353], [112.73814, -7.22359], [112.73814, -7.22368], [112.73814, -7.22376], [112.73834000000011, -7.22376], [112.73845870000002, -7.22376], [112.73846, -7.22376], [112.73856, -7.22389], [112.73862, -7.22399], [112.73875, -7.22419], [112.73878, -7.22424], [112.73882450000008, -7.224301199999957], [112.73885990000008, -7.224349899999936], [112.73894, -7.22446], [112.73911, -7.22465], [112.73937, -7.22481], [112.73959, -7.22489], [112.73980230000006, -7.224960799999963], [112.73995, -7.22501], [112.74029, -7.22512], [112.74051, -7.22518], [112.74065, -7.22521], [112.74072, -7.22524], [112.74096610000004, -7.225325199999929], [112.74098, -7.22533], [112.74099, -7.22545], [112.74098430000004, -7.225671299999931], [112.74098210000011, -7.225757699999974], [112.74098, -7.22584], [112.74098, -7.225958099999957], [112.74098, -7.22614], [112.74096410000004, -7.226331399999935], [112.74095000000011, -7.2265], [112.74093850000008, -7.226699199999928], [112.74092410000003, -7.226946099999964], [112.74091780000003, -7.227055699999937], [112.74091020000003, -7.227186399999937], [112.74091, -7.22719], [112.74111, -7.22722], [112.74144, -7.22733], [112.74144880000006, -7.22833769999994], [112.7414500000001, -7.22847], [112.7414500000001, -7.228481299999942], [112.7414500000001, -7.22855], [112.7414500000001, -7.22909], [112.74145290000001, -7.229168199999947], [112.74146, -7.22936], [112.74146, -7.22962], [112.74145730000009, -7.229684299999974], [112.74144, -7.2301], [112.74129, -7.2301], [112.74109, -7.2301], [112.74089, -7.23011], [112.74089, -7.230110299999978], [112.740894, -7.230228699999941], [112.7409, -7.23041], [112.74090170000011, -7.230452899999932], [112.7409053, -7.23054609999997], [112.74092, -7.23092], [112.74092310000003, -7.231042299999956], [112.740925, -7.231118199999969], [112.74092960000007, -7.231304799999975], [112.74093, -7.23132], [112.74093140000002, -7.231357799999955], [112.74093820000007, -7.23154], [112.74094, -7.23159], [112.7409477000001, -7.231785699999932], [112.7409520000001, -7.231896699999936], [112.74096, -7.2321], [112.74097, -7.23222], [112.74097110000002, -7.232234399999925], [112.74101, -7.23275], [112.7410245000001, -7.232851699999969], [112.74102960000005, -7.232887199999936], [112.74103, -7.23289], [112.74103710000009, -7.232934299999954], [112.74103800000012, -7.232940299999939], [112.74107, -7.23314], [112.7410992, -7.233327], [112.74112, -7.23346], [112.74117, -7.23361], [112.7411919000001, -7.23366459999994], [112.74123, -7.23376], [112.7413, -7.23384], [112.74137, -7.233882799999947], [112.74148, -7.23395], [112.7416644000001, -7.233998499999927], [112.74167000000011, -7.234], [112.74223, -7.23409], [112.74229170000001, -7.234109399999966], [112.74256750000006, -7.234196099999963], [112.742578, -7.234199399999966], [112.74258, -7.2342], [112.74268280000001, -7.234228799999926], [112.74283, -7.23427], [112.74293000000011, -7.23427], [112.7429, -7.23417], [112.74287, -7.23399], [112.7428900000001, -7.23385], [112.74289120000003, -7.233846799999981], [112.743, -7.23354], [112.74304370000004, -7.233466], [112.74322140000004, -7.233164599999952], [112.74323, -7.23315], [112.7432755000001, -7.233086299999968], [112.74344910000002, -7.232843199999934], [112.74345620000008, -7.232833299999982], [112.74351780000006, -7.232747099999926], [112.74358, -7.23266], [112.74382, -7.23233], [112.74392570000009, -7.232183199999952], [112.74418, -7.23183], [112.74471490000008, -7.231172299999969], [112.74479, -7.23108], [112.7448161000001, -7.231045499999937], [112.7449041000001, -7.230928799999958], [112.74508850000007, -7.230684499999938], [112.74519, -7.23055], [112.74524310000004, -7.230469], [112.74539, -7.230245199999956], [112.7454, -7.23023], [112.74547, -7.23009]]] 
      }
    },
    {
      "type": "Feature",
      "properties": {
        "district_id": "3578240",
        "province": "Jawa Timur",
        "regency": "Surabaya",
        "district": "Pabean Cantian",
        "pria": 36682,
        "wanita": 37249,
        "total_penduduk": 73931
      },
      "geometry": {
        "type": "Polygon",
        "coordinates": [[[112.7448154000001, -7.238416699999959], [112.74447840000005, -7.237684399999978], [112.74426390000008, -7.237343799999962], [112.74405530000001, -7.236980499999959], [112.74389480000002, -7.236783899999978], [112.74387250000007, -7.236756699999944], [112.74372, -7.23657], [112.7435200000001, -7.23632], [112.7434300000001, -7.23614], [112.74342550000006, -7.236131599999965], [112.7433850000001, -7.236055599999929], [112.74335, -7.23599], [112.7433234, -7.235857199999941], [112.74322, -7.23534], [112.74321590000011, -7.235295399999927], [112.74319720000005, -7.235089099999925], [112.74319, -7.23501], [112.74311360000002, -7.234738399999969], [112.7431, -7.23469], [112.74295, -7.23433], [112.74293000000011, -7.23427], [112.74283, -7.23427], [112.74268280000001, -7.234228799999926], [112.74258, -7.2342], [112.742578, -7.234199399999966], [112.74256750000006, -7.234196099999963], [112.74229170000001, -7.234109399999966], [112.74223, -7.23409], [112.74167000000011, -7.234], [112.7416644000001, -7.233998499999927], [112.74148, -7.23395], [112.74137, -7.233882799999947], [112.7413, -7.23384], [112.74123, -7.23376], [112.7411919000001, -7.23366459999994], [112.74117, -7.23361], [112.74112, -7.23346], [112.7410992, -7.233327], [112.74107, -7.23314], [112.74103800000012, -7.232940299999939], [112.74103710000009, -7.232934299999954], [112.74103, -7.23289], [112.74102960000005, -7.232887199999936], [112.7410245000001, -7.232851699999969], [112.74101, -7.23275], [112.74097110000002, -7.232234399999925], [112.74097, -7.23222], [112.74096, -7.2321], [112.7409520000001, -7.231896699999936], [112.7409477000001, -7.231785699999932], [112.74094, -7.23159], [112.74093820000007, -7.23154], [112.74093140000002, -7.231357799999955], [112.74093, -7.23132], [112.74092960000007, -7.231304799999975], [112.740925, -7.231118199999969], [112.74092310000003, -7.231042299999956], [112.74092, -7.23092], [112.7409053, -7.23054609999997], [112.74090170000011, -7.230452899999932], [112.7409, -7.23041], [112.740894, -7.230228699999941], [112.74089, -7.230110299999978], [112.74089, -7.23011], [112.74109, -7.2301], [112.74129, -7.2301], [112.74144, -7.2301], [112.74145730000009, -7.229684299999974], [112.74146, -7.22962], [112.74146, -7.22936], [112.74145290000001, -7.229168199999947], [112.7414500000001, -7.22909], [112.7414500000001, -7.22855], [112.7414500000001, -7.228481299999942], [112.7414500000001, -7.22847], [112.74144880000006, -7.22833769999994], [112.74144, -7.22733], [112.74111, -7.22722], [112.74091, -7.22719], [112.74091020000003, -7.227186399999937], [112.74091780000003, -7.227055699999937], [112.74092410000003, -7.226946099999964], [112.74093850000008, -7.226699199999928], [112.74095000000011, -7.2265], [112.74096410000004, -7.226331399999935], [112.74098, -7.22614], [112.74098, -7.225958099999957], [112.74098, -7.22584], [112.74098210000011, -7.225757699999974], [112.74098430000004, -7.225671299999931], [112.74099, -7.22545], [112.74098, -7.22533], [112.74096610000004, -7.225325199999929], [112.74072, -7.22524], [112.74065, -7.22521], [112.74051, -7.22518], [112.74029, -7.22512], [112.73995, -7.22501], [112.73980230000006, -7.224960799999963], [112.73959, -7.22489], [112.73937, -7.22481], [112.73911, -7.22465], [112.73894, -7.22446], [112.73885990000008, -7.224349899999936], [112.73882450000008, -7.224301199999957], [112.73878, -7.22424], [112.73875, -7.22419], [112.73862, -7.22399], [112.73856, -7.22389], [112.73846, -7.22376], [112.73845870000002, -7.22376], [112.73834000000011, -7.22376], [112.73814, -7.22376], [112.73814, -7.22368], [112.73814, -7.22359], [112.73814, -7.22353], [112.73814, -7.22346], [112.73815, -7.22339], [112.73815, -7.22331], [112.73815, -7.22322], [112.73814, -7.22315], [112.73814, -7.22309], [112.73814, -7.22302], [112.73814, -7.222988899999962], [112.73814, -7.22296], [112.73814, -7.22288], [112.73813, -7.22281], [112.73813, -7.22274], [112.73813, -7.22266], [112.73812, -7.22258], [112.73812, -7.22252], [112.73811, -7.22245], [112.7381, -7.22237], [112.738098, -7.222358], [112.73809, -7.22231], [112.73809, -7.22225], [112.73808, -7.22216], [112.73808, -7.22208], [112.7380700000001, -7.22202], [112.7380700000001, -7.22196], [112.7380700000001, -7.2219], [112.73806, -7.22183], [112.73806, -7.22177], [112.73806, -7.2217], [112.73806, -7.22164], [112.73805, -7.22157], [112.73805, -7.22151], [112.73805, -7.22145], [112.73805, -7.22139], [112.73805, -7.22132], [112.73805, -7.22126], [112.73805, -7.2212], [112.73804, -7.22114], [112.73804, -7.22108], [112.73804, -7.22102], [112.73804, -7.22096], [112.73804, -7.22089], [112.73804, -7.22083], [112.73804, -7.22076], [112.73803, -7.22069], [112.73803, -7.22062], [112.73803, -7.22054], [112.73802, -7.22047], [112.73802, -7.22039], [112.73801, -7.22031], [112.73801, -7.22023], [112.73801, -7.22016], [112.73800420000009, -7.220113199999957], [112.738, -7.22008], [112.738, -7.22001], [112.738, -7.21993], [112.73799, -7.21986], [112.73799, -7.21978], [112.73799, -7.21971], [112.73799, -7.21963], [112.7379800000001, -7.21955], [112.7379800000001, -7.21947], [112.7379800000001, -7.21939], [112.73797, -7.2193], [112.73797, -7.21922], [112.73797, -7.21913], [112.73797, -7.21904], [112.73796, -7.21894], [112.73796, -7.21885], [112.73796, -7.21876], [112.73796, -7.21866], [112.73796, -7.21856], [112.73795, -7.21847], [112.73795, -7.21837], [112.73795, -7.21826], [112.73795, -7.21816], [112.73794, -7.21805], [112.73794, -7.21795], [112.73793, -7.21784], [112.73792, -7.21773], [112.73791, -7.21763], [112.73791, -7.21753], [112.7379, -7.21743], [112.7378900000001, -7.21734], [112.7378900000001, -7.21726], [112.73788, -7.21718], [112.73788, -7.21712], [112.73788, -7.217079199999944], [112.73788, -7.21706], [112.73787, -7.217], [112.73787, -7.21691], [112.73787, -7.21683], [112.73787, -7.21676], [112.73787, -7.21669], [112.73786, -7.21661], [112.73786, -7.21653], [112.73786, -7.21644], [112.73785, -7.21635], [112.73785, -7.21625], [112.73785, -7.21615], [112.73784, -7.21606], [112.73784, -7.21596], [112.73783, -7.21586], [112.73783, -7.21576], [112.73782, -7.21567], [112.73782, -7.21557], [112.73781, -7.21547], [112.73781, -7.21538], [112.73781, -7.21529], [112.7378000000001, -7.21519], [112.7378000000001, -7.2151], [112.7378000000001, -7.21501], [112.73779, -7.21492], [112.73779, -7.21483], [112.73779, -7.21474], [112.73778, -7.21465], [112.73778, -7.21455], [112.73777, -7.21445], [112.73777, -7.21436], [112.73776, -7.21426], [112.73776, -7.21416], [112.73775, -7.21405], [112.73775, -7.21395], [112.73774, -7.21385], [112.73773, -7.21374], [112.73773, -7.21364], [112.73773, -7.21353], [112.73772, -7.21343], [112.73772, -7.21332], [112.7377100000001, -7.21321], [112.7377100000001, -7.2131], [112.7377100000001, -7.21299], [112.7377, -7.21288], [112.7377, -7.212784699999929], [112.7377, -7.21276], [112.73769, -7.21265], [112.73769, -7.21253], [112.73769, -7.21241], [112.73768, -7.2123], [112.73768, -7.21218], [112.73768, -7.21208], [112.73767, -7.21197], [112.73767, -7.21187], [112.73767, -7.21178], [112.73767, -7.21169], [112.73766, -7.21161], [112.73766, -7.21153], [112.73766, -7.21145], [112.73766, -7.21137], [112.73765890000004, -7.211360899999931], [112.73765, -7.21129], [112.73765, -7.21121], [112.73764, -7.21114], [112.73764, -7.21106], [112.73764, -7.21099], [112.73763, -7.21091], [112.73763, -7.21084], [112.7376200000001, -7.21076], [112.7376200000001, -7.21069], [112.73761, -7.21062], [112.73761, -7.21055], [112.7376, -7.21047], [112.7376, -7.2104], [112.7376, -7.21032], [112.73759, -7.21025], [112.73759, -7.21017], [112.73758, -7.21008], [112.73757, -7.21], [112.73757, -7.20991], [112.73756, -7.20982], [112.73755, -7.20972], [112.73754, -7.20963], [112.7375300000001, -7.20954], [112.73752, -7.20945], [112.73752, -7.20936], [112.7375, -7.20927], [112.73749, -7.20919], [112.73748, -7.20911], [112.73747, -7.20903], [112.73746, -7.20895], [112.73745, -7.20887], [112.73743, -7.20879], [112.73742, -7.20871], [112.7374, -7.20863], [112.73739, -7.20855], [112.73737, -7.20846], [112.7373500000001, -7.20837], [112.73733, -7.20828], [112.73732270000005, -7.208213899999976], [112.73732, -7.20819], [112.7373, -7.20809], [112.73728, -7.208], [112.7372600000001, -7.20789], [112.73724, -7.20779], [112.73722, -7.20768], [112.73719, -7.20757], [112.7371700000001, -7.20747], [112.73715, -7.20736], [112.73713, -7.20726], [112.73711, -7.20716], [112.73709, -7.20706], [112.73707, -7.20696], [112.73706, -7.20687], [112.73704, -7.20677], [112.73702, -7.20668], [112.737, -7.20658], [112.73698, -7.20648], [112.73696, -7.20637], [112.73694000000012, -7.20626], [112.73691, -7.20614], [112.73689, -7.20601], [112.73687, -7.20589], [112.73685000000012, -7.20576], [112.73682, -7.20562], [112.7368, -7.20549], [112.73678, -7.20536], [112.73676000000012, -7.20523], [112.73673, -7.2051], [112.73671, -7.20497], [112.73668, -7.20484], [112.73666, -7.20471], [112.73664, -7.20458], [112.73661, -7.20444], [112.73658000000012, -7.2043], [112.73656, -7.20415], [112.73653, -7.204], [112.7365, -7.20385], [112.73647, -7.20369], [112.7364500000001, -7.20354], [112.73642, -7.20339], [112.73639, -7.20323], [112.7363600000001, -7.20308], [112.73634, -7.20294], [112.73631000000012, -7.20279], [112.73629, -7.20265], [112.73626, -7.20252], [112.73624, -7.20238], [112.73621, -7.20225], [112.73619, -7.20213], [112.73616, -7.202], [112.73613000000012, -7.20188], [112.73611, -7.20177], [112.73608, -7.20165], [112.73605, -7.20153], [112.73602, -7.20142], [112.73599, -7.2013], [112.73596, -7.20118], [112.73593, -7.20106], [112.7359, -7.20094], [112.73587, -7.20081], [112.73584, -7.20068], [112.73581, -7.20055], [112.73578, -7.20042], [112.73575, -7.20029], [112.73572, -7.20015], [112.73569, -7.20002], [112.73566, -7.19988], [112.73563, -7.19974], [112.73562560000005, -7.199720699999943], [112.73561640000003, -7.199681099999964], [112.735613, -7.199666299999933], [112.7356, -7.19961], [112.73558, -7.19947], [112.7355500000001, -7.19932], [112.73552, -7.19918], [112.73549, -7.19903], [112.73545, -7.19888], [112.73542, -7.19873], [112.73539, -7.19857], [112.73535, -7.19841], [112.73531, -7.19825], [112.7352800000001, -7.19808], [112.73524, -7.19792], [112.73521, -7.19775], [112.73517, -7.19759], [112.73514000000011, -7.19742], [112.73511, -7.19724], [112.73507, -7.19703], [112.73503, -7.19676], [112.73498, -7.19643], [112.73493, -7.1961], [112.73428, -7.1962], [112.7334777000001, -7.196335099999942], [112.7334694000001, -7.196336499999973], [112.72359, -7.198], [112.72357000000011, -7.19852], [112.72434, -7.19987], [112.73153, -7.19851], [112.73169, -7.19971], [112.73190000000011, -7.1997], [112.73198, -7.20008], [112.73042, -7.20037], [112.73063, -7.20124], [112.73072, -7.20128], [112.73076, -7.20151], [112.73087, -7.20152], [112.73086, -7.20134], [112.73102, -7.20134], [112.73105, -7.20147], [112.73117, -7.20144], [112.73117, -7.20135], [112.73132, -7.20132], [112.73135, -7.20142], [112.73142, -7.20141], [112.73141, -7.20129], [112.73198, -7.20122], [112.7321, -7.20135], [112.73219, -7.2019], [112.73190000000011, -7.20197], [112.73191, -7.20203], [112.7322, -7.20199], [112.73239, -7.20289], [112.73252, -7.20292], [112.7327, -7.20347], [112.73291, -7.20344], [112.73292, -7.2035], [112.73257, -7.20358], [112.73259, -7.20374], [112.73217000000011, -7.20382], [112.73273, -7.20665], [112.72984, -7.20715], [112.73002, -7.20818], [112.73037000000011, -7.20811], [112.73047, -7.20877], [112.7286686000001, -7.209114899999975], [112.72859790000007, -7.209128499999963], [112.72859, -7.20913], [112.72559, -7.20277], [112.72446, -7.20327], [112.72697, -7.20903], [112.72711, -7.20937], [112.72631, -7.20943], [112.72633, -7.20963], [112.72621, -7.20965], [112.72571, -7.20976], [112.72533, -7.20902], [112.72218, -7.20229], [112.7213200000001, -7.20053], [112.72121, -7.20059], [112.72115, -7.2006], [112.72086, -7.19999], [112.7206000000001, -7.1995], [112.72049, -7.19926], [112.72047510000004, -7.199242199999958], [112.72005600000011, -7.198403799999937], [112.71991590000005, -7.198337099999947], [112.72004260000006, -7.198643899999979], [112.7198426000001, -7.198657199999957], [112.71974250000005, -7.198790599999938], [112.71966250000003, -7.198823899999979], [112.71949580000012, -7.198823899999979], [112.71937570000011, -7.198884], [112.71928240000011, -7.198997299999974], [112.7192490000001, -7.199057299999936], [112.71907570000008, -7.199124], [112.719009, -7.199157399999933], [112.7189823000001, -7.199170699999968], [112.71886230000007, -7.199164], [112.71873560000006, -7.199077399999965], [112.71865550000007, -7.199024], [112.71860220000008, -7.199037299999929], [112.71854220000012, -7.199084], [112.71849550000002, -7.199124], [112.7184688000001, -7.199157399999933], [112.71844210000006, -7.199184099999968], [112.7184155000001, -7.199190699999974], [112.71830210000007, -7.199164], [112.71822210000005, -7.199104], [112.718142, -7.199070699999936], [112.7180287000001, -7.199057299999936], [112.717982, -7.19903069999998], [112.71794860000011, -7.19903069999998], [112.71791530000007, -7.199037299999929], [112.71786860000009, -7.199044], [112.71780860000001, -7.199044], [112.71774190000008, -7.199057299999936], [112.71768860000009, -7.199084], [112.71754850000002, -7.199117399999977], [112.7175085, -7.199130699999955], [112.71748180000009, -7.199137399999927], [112.71744850000005, -7.199137399999927], [112.71754180000005, -7.199317399999927], [112.71787530000006, -7.199844299999938], [112.71806880000008, -7.200180599999953], [112.71797, -7.20023], [112.71774, -7.20057], [112.71758000000011, -7.20067], [112.71748, -7.20076], [112.71739, -7.2009], [112.71739, -7.20104], [112.71754, -7.20135], [112.71792, -7.20218], [112.71801, -7.20239], [112.71803000000011, -7.20245], [112.71848000000011, -7.20337], [112.71928, -7.20498], [112.71938000000011, -7.2053], [112.71963, -7.20529], [112.71972, -7.20528], [112.71981, -7.20535], [112.71971, -7.20553], [112.71963, -7.20561], [112.71964, -7.20571], [112.7197000000001, -7.20581], [112.71976, -7.20583], [112.71986, -7.20582], [112.71992000000012, -7.20588], [112.71995, -7.20598], [112.71954, -7.20619], [112.72010000000012, -7.20745], [112.72113, -7.20708], [112.72142, -7.20757], [112.72074, -7.20786], [112.72098, -7.20831], [112.72166, -7.20802], [112.72178, -7.2082], [112.72131, -7.20843], [112.7213200000001, -7.20849], [112.72112, -7.20866], [112.7216, -7.20847], [112.72165, -7.20857], [112.7212, -7.20879], [112.7212300000001, -7.20892], [112.72124, -7.20899], [112.72122, -7.20906], [112.7214100000001, -7.2093], [112.72144, -7.20941], [112.72139, -7.20949], [112.72129, -7.20958], [112.72155, -7.20982], [112.72164, -7.20993], [112.72169, -7.21013], [112.7216800000001, -7.21021], [112.7215900000001, -7.21028], [112.72161, -7.21034], [112.72171, -7.21073], [112.72192, -7.21109], [112.7219500000001, -7.21114], [112.7219500000001, -7.21124], [112.7219500000001, -7.21145], [112.72193, -7.21175], [112.722, -7.21179], [112.72218, -7.21178], [112.72225, -7.21179], [112.72259, -7.21178], [112.72288, -7.21171], [112.72319, -7.21158], [112.72364, -7.21133], [112.7236421, -7.211336499999959], [112.72373, -7.21161], [112.72417, -7.21261], [112.72426, -7.21281], [112.7243, -7.2129], [112.724841, -7.214034499999968], [112.72502, -7.21441], [112.72531, -7.21503], [112.72537000000011, -7.21514], [112.72542310000006, -7.215239399999973], [112.72592, -7.21617], [112.72624, -7.21665], [112.72640920000003, -7.216826499999968], [112.72647, -7.21689], [112.72682, -7.2172], [112.72755, -7.21775], [112.72781, -7.21792], [112.72828, -7.21818], [112.72935, -7.21887], [112.7294, -7.21895], [112.72949010000002, -7.218933299999946], [112.72967, -7.2189], [112.72987, -7.21898], [112.72999, -7.21905], [112.73006, -7.21909], [112.73017, -7.21925], [112.73021, -7.21936], [112.73018, -7.21957], [112.73011, -7.21967], [112.73033, -7.21987], [112.73039, -7.21992], [112.73049, -7.22], [112.73057, -7.2202], [112.73067, -7.22038], [112.73069220000002, -7.220429299999978], [112.73081, -7.22069], [112.73099, -7.22114], [112.73103, -7.22121], [112.73109250000005, -7.221327299999928], [112.73123580000004, -7.221168499999976], [112.73149120000005, -7.220941399999958], [112.73155440000005, -7.220885199999941], [112.73182760000009, -7.220738499999925], [112.73218670000006, -7.220607], [112.7321942000001, -7.220606299999929], [112.73245480000003, -7.220581699999968], [112.73254080000004, -7.220591899999931], [112.7323914000001, -7.221665499999972], [112.73226180000006, -7.222597399999927], [112.73228, -7.2226], [112.73223, -7.22286], [112.73216, -7.22336], [112.73215, -7.22347], [112.73203, -7.22421], [112.73193220000007, -7.224532699999941], [112.73193, -7.22454], [112.73191, -7.2246], [112.73165, -7.22528], [112.73091000000011, -7.22694], [112.73081, -7.22715], [112.730806, -7.227159], [112.73018, -7.22857], [112.72995, -7.22904], [112.72991050000007, -7.229117499999973], [112.72968, -7.22957], [112.72962, -7.22968], [112.72946, -7.23004], [112.72944, -7.2301], [112.7291100000001, -7.23067], [112.72889, -7.23104], [112.72885, -7.23110859999997], [112.72882, -7.23116], [112.72879000000012, -7.23121], [112.72876, -7.23127], [112.72841, -7.23198], [112.72840440000004, -7.23209849999995], [112.7284, -7.23219], [112.72849370000006, -7.232351799999947], [112.72851, -7.23238], [112.72865740000009, -7.232643799999948], [112.72870000000012, -7.23272], [112.72871840000005, -7.232737899999961], [112.72900690000006, -7.23301859999998], [112.72907, -7.23308], [112.72916, -7.23317], [112.72921090000011, -7.233216399999947], [112.72939, -7.23338], [112.72954030000005, -7.233501599999954], [112.72986, -7.23376], [112.72993290000011, -7.233816699999977], [112.73004, -7.2339], [112.73036, -7.23417], [112.73048850000009, -7.234256799999969], [112.73073000000011, -7.23442], [112.73073640000007, -7.234291599999949], [112.73074, -7.23422], [112.7308, -7.23386], [112.73083, -7.23365], [112.73087, -7.23327], [112.73087070000008, -7.233265], [112.7309, -7.23305], [112.73095, -7.2324], [112.73102, -7.23241], [112.73115, -7.23243], [112.73124, -7.23244], [112.73138, -7.23249], [112.7314328000001, -7.232509799999946], [112.73232560000008, -7.232845399999974], [112.732422, -7.232881599999928], [112.73287, -7.23305], [112.73296370000003, -7.233092599999964], [112.73298000000011, -7.2331], [112.73302810000007, -7.233120799999938], [112.73342, -7.23329], [112.73359, -7.23336], [112.73388000000011, -7.23353], [112.73420220000003, -7.233663599999943], [112.7342900000001, -7.2337], [112.7347390000001, -7.233821099999943], [112.73518, -7.23394], [112.73521, -7.233946899999978], [112.73531, -7.23397], [112.73533390000011, -7.233760199999949], [112.7354, -7.23318], [112.73541870000008, -7.232918299999938], [112.73542, -7.2329], [112.73541530000011, -7.232774399999926], [112.73541010000008, -7.232632699999954], [112.73541000000012, -7.23263], [112.73458, -7.23241], [112.73439, -7.23234], [112.73449, -7.23183], [112.7345600000001, -7.23144], [112.73456980000003, -7.231413099999941], [112.73460000000011, -7.23133], [112.73462280000001, -7.231258599999933], [112.73468, -7.23108], [112.73485, -7.23066], [112.73485180000011, -7.230660599999965], [112.73563, -7.23091], [112.73589, -7.23096], [112.73598, -7.23099], [112.7362700000001, -7.23107], [112.7368100000001, -7.2312], [112.73738, -7.23133], [112.73761, -7.23138], [112.73767, -7.23142], [112.7377, -7.2315], [112.73771560000012, -7.231562599999961], [112.73772, -7.23158], [112.73785, -7.23158], [112.73803, -7.23158], [112.7381, -7.23157], [112.73816000000011, -7.23156], [112.73822, -7.23159], [112.73825000000011, -7.23164], [112.73827, -7.23171], [112.73828, -7.2318], [112.73828, -7.23189], [112.73828, -7.231958799999973], [112.73828, -7.23198], [112.73829, -7.23206], [112.73829, -7.23213], [112.73829490000003, -7.232174499999928], [112.7383, -7.23222], [112.73831, -7.23232], [112.738311, -7.23232669999993], [112.73832, -7.23239], [112.73833, -7.23245], [112.73834000000011, -7.23251], [112.73836, -7.23258], [112.73837, -7.23266], [112.7384, -7.23277], [112.73842, -7.23285], [112.73845, -7.23293], [112.73846, -7.233], [112.73849, -7.23306], [112.73852000000011, -7.23315], [112.73854890000007, -7.233236599999941], [112.73855, -7.23324], [112.73859, -7.23333], [112.73860260000004, -7.233374199999957], [112.73861000000011, -7.2334], [112.73864, -7.23346], [112.73867, -7.23354], [112.73867550000011, -7.233562099999972], [112.73869, -7.23362], [112.73872, -7.23369], [112.73874, -7.23375], [112.73874060000003, -7.233751899999959], [112.73876, -7.23381], [112.73878, -7.23387], [112.7388, -7.23394], [112.73880990000009, -7.233969599999966], [112.73883, -7.23403], [112.73885, -7.23413], [112.73885980000011, -7.234208599999931], [112.73886, -7.23421], [112.73886, -7.23428], [112.73887, -7.23436], [112.73886, -7.23446], [112.73885, -7.23454], [112.73885, -7.23462], [112.73883, -7.23468], [112.73883, -7.23475], [112.73881, -7.23483], [112.73879000000011, -7.23489], [112.73878, -7.23495], [112.73877, -7.23502], [112.73875, -7.2351], [112.73873, -7.23518], [112.73871, -7.23526], [112.73869, -7.23534], [112.73867, -7.23542], [112.73865, -7.23551], [112.73863, -7.23559], [112.7386, -7.23567], [112.73858, -7.23576], [112.73855, -7.23584], [112.73854960000006, -7.235841899999969], [112.73853, -7.23593], [112.7385, -7.23601], [112.73847, -7.23611], [112.73844, -7.2362], [112.7384, -7.2363], [112.73837, -7.2364], [112.73833, -7.2365], [112.73832, -7.23658], [112.73830190000001, -7.236640499999965], [112.73829, -7.23668], [112.73825350000004, -7.236780499999952], [112.73825000000011, -7.23679], [112.7382, -7.23689], [112.73817, -7.23698], [112.73815, -7.23706], [112.73812, -7.23714], [112.7381, -7.23721], [112.73808, -7.23727], [112.73805, -7.23736], [112.73802, -7.23747], [112.73799, -7.23755], [112.73797, -7.23762], [112.73794, -7.23771], [112.73791, -7.23779], [112.7378900000001, -7.23786], [112.73787, -7.23793], [112.73785, -7.23799], [112.73784, -7.23805], [112.73782, -7.23814], [112.73781, -7.23823], [112.7378000000001, -7.23832], [112.7378000000001, -7.23839], [112.7378000000001, -7.23845], [112.73779, -7.23852], [112.7378000000001, -7.23858], [112.73781, -7.23866], [112.73783, -7.23877], [112.73786, -7.23886], [112.73788, -7.23894], [112.73789660000011, -7.238984399999936], [112.73791, -7.23902], [112.73794, -7.2391], [112.73799, -7.2392], [112.73804, -7.23931], [112.73808, -7.2394], [112.73811, -7.23945], [112.73813, -7.23951], [112.73816000000011, -7.23956], [112.73818, -7.23962], [112.73822, -7.23969], [112.73827, -7.23979], [112.7383, -7.23986], [112.73834000000011, -7.23992], [112.73839, -7.23999], [112.73844, -7.24007], [112.7385, -7.24016], [112.73855, -7.24022], [112.7386, -7.24029], [112.73863470000003, -7.240359499999954], [112.73864, -7.24037], [112.73869, -7.24045], [112.73872, -7.24053], [112.73874, -7.2406], [112.73877, -7.24067], [112.73878, -7.24073], [112.73881, -7.24079], [112.73883, -7.24087], [112.73885, -7.24095], [112.73887, -7.24103], [112.73889, -7.24112], [112.73889330000009, -7.241139499999974], [112.7389, -7.24118], [112.73892, -7.24125], [112.73893, -7.24134], [112.73895, -7.24144], [112.73897000000011, -7.24154], [112.73899, -7.24164], [112.73902, -7.24175], [112.73904, -7.24185], [112.73906000000011, -7.24196], [112.73908, -7.24206], [112.73909, -7.24213], [112.73911, -7.2422], [112.73913, -7.24229], [112.73914720000005, -7.242335899999944], [112.73916, -7.24237], [112.7391646000001, -7.242397299999936], [112.73917, -7.24243], [112.7392, -7.24248], [112.73924000000011, -7.24256], [112.73928, -7.24264], [112.73933000000011, -7.24271], [112.73936, -7.24277], [112.7394, -7.24282], [112.73945, -7.24289], [112.73951000000011, -7.24297], [112.73958, -7.24306], [112.73959720000005, -7.243080099999929], [112.73964, -7.24313], [112.73972, -7.24322], [112.73978000000011, -7.24328], [112.73985, -7.24334], [112.73993, -7.24339], [112.73999, -7.24344], [112.74006, -7.24347], [112.74015, -7.24352], [112.74022, -7.24355], [112.74029, -7.24357], [112.74036, -7.24359], [112.74042, -7.24361], [112.74049, -7.24362], [112.74056, -7.24363], [112.74064, -7.24364], [112.74074, -7.24365], [112.74084, -7.24366], [112.74095000000011, -7.24367], [112.74106, -7.24367], [112.74116, -7.24368], [112.7412700000001, -7.24368], [112.7413600000001, -7.24368], [112.7414500000001, -7.24368], [112.74152, -7.24367], [112.74161, -7.24367], [112.74169, -7.24367], [112.74176000000011, -7.24368], [112.74184, -7.24368], [112.74192, -7.24369], [112.742, -7.2437], [112.74206, -7.24371], [112.74212000000011, -7.24372], [112.74222, -7.24374], [112.74231, -7.24377], [112.74232840000002, -7.243780199999946], [112.7424, -7.24382], [112.74247, -7.24387], [112.74252, -7.24394], [112.74256, -7.24399], [112.74258980000002, -7.244032599999969], [112.74263, -7.24409], [112.7426762, -7.244159199999956], [112.74269, -7.24418], [112.74272, -7.24423], [112.74276, -7.24429], [112.7428000000001, -7.24434], [112.74285, -7.24442], [112.7428900000001, -7.2445], [112.74293000000011, -7.24458], [112.74296, -7.24464], [112.74299, -7.24471], [112.74300870000002, -7.244784899999956], [112.74301, -7.24479], [112.74301190000006, -7.244807199999968], [112.74302000000012, -7.24488], [112.74303, -7.24498], [112.74303, -7.24505], [112.74304, -7.24511], [112.74304, -7.245176799999967], [112.74304, -7.24518], [112.74304, -7.24526], [112.74304, -7.24534], [112.74304, -7.24542], [112.74303650000002, -7.245444199999952], [112.74303, -7.24549], [112.74303, -7.24559], [112.74302000000012, -7.24568], [112.74301450000007, -7.245718699999941], [112.74301, -7.24575], [112.743008, -7.245758799999976], [112.74299, -7.24584], [112.74297, -7.24594], [112.74295070000005, -7.245997799999941], [112.74294, -7.24603], [112.74292900000012, -7.246059299999956], [112.74291, -7.24611], [112.74288, -7.24619], [112.74284000000011, -7.2463], [112.74281, -7.24639], [112.74278, -7.24646], [112.74273720000008, -7.246554099999969], [112.74273, -7.24657], [112.74268, -7.24667], [112.74265, -7.24674], [112.74263040000005, -7.246769399999948], [112.74261, -7.2468], [112.74258, -7.24686], [112.74255, -7.24691], [112.74253340000007, -7.246948799999927], [112.74252, -7.24698], [112.74249, -7.24704], [112.74246, -7.2471], [112.74245810000002, -7.247104499999978], [112.74243, -7.24717], [112.7424, -7.24723], [112.74237, -7.24729], [112.74234, -7.24735], [112.74231, -7.24743], [112.74227, -7.24751], [112.74224, -7.24759], [112.74223, -7.24765], [112.74219, -7.24775], [112.74234, -7.24781], [112.74241, -7.24783], [112.74258, -7.24791], [112.74294120000002, -7.24798629999998], [112.74329000000012, -7.24806], [112.7434952000001, -7.24809659999994], [112.74357, -7.24811], [112.74373, -7.24814], [112.74393, -7.24814], [112.74408, -7.24814], [112.74449, -7.24812], [112.74529, -7.24818], [112.74548, -7.24819], [112.74569, -7.24821], [112.74604000000011, -7.24822], [112.74640000000011, -7.24829], [112.7466, -7.24833], [112.74682, -7.24834], [112.74683730000004, -7.248310499999945], [112.74684280000008, -7.248301199999958], [112.74691660000008, -7.248175699999933], [112.74702, -7.248], [112.74715, -7.24771], [112.74715370000001, -7.247701599999971], [112.74724780000008, -7.247487199999966], [112.74733, -7.2473], [112.74734970000009, -7.247253699999931], [112.74747, -7.24697], [112.7474817000001, -7.246925], [112.74751640000011, -7.246790899999951], [112.74754, -7.2467], [112.74754240000004, -7.246661099999926], [112.74756, -7.24637], [112.74754360000009, -7.246289599999955], [112.74750630000005, -7.246107599999959], [112.74750030000007, -7.246078099999977], [112.74747, -7.24593], [112.74746530000004, -7.245894699999951], [112.7474214, -7.245567799999947], [112.74739510000006, -7.245372699999962], [112.74738, -7.24526], [112.74737940000011, -7.245218], [112.74737670000002, -7.245039799999972], [112.74737, -7.24459], [112.74736930000006, -7.244559799999934], [112.74736840000003, -7.244524699999943], [112.74735690000011, -7.24404549999997], [112.74735, -7.24376], [112.74734740000008, -7.243720699999926], [112.74734, -7.24361], [112.74734, -7.243544399999962], [112.74734, -7.24344], [112.74730000000011, -7.24326], [112.74726290000001, -7.243183899999963], [112.74711, -7.24287], [112.74703050000005, -7.242798099999959], [112.74638, -7.24221], [112.74606, -7.24195], [112.74597, -7.24182], [112.74595920000002, -7.241795299999978], [112.74563, -7.24104], [112.74540230000002, -7.240475], [112.74536, -7.24037], [112.74517, -7.23992], [112.74514470000008, -7.239789799999926], [112.7451, -7.23956], [112.745088, -7.239493899999957], [112.74508, -7.23945], [112.74506430000008, -7.239355699999976], [112.74499, -7.23891], [112.74485, -7.23845], [112.74484210000003, -7.238424399999928], [112.7448154000001, -7.238416699999959]]] 
      }
    },
    {
      "type": "Feature",
      "properties": {
        "district_id": "3578250",
        "province": "Jawa Timur",
        "regency": "Surabaya",
        "district": "Bubutan",
        "pria": 47922,
        "wanita": 48782,
        "total_penduduk": 96704
      },
      "geometry": {
        "type": "Polygon",
        "coordinates": [[[112.73718, -7.24487], [112.73706, -7.24484], [112.73665, -7.24475], [112.73612, -7.24463], [112.73598, -7.24459], [112.73589270000002, -7.244566199999952], [112.73587, -7.24456], [112.73551, -7.24448], [112.73489, -7.24435], [112.7347400000001, -7.24431], [112.734539, -7.24426909999994], [112.73415000000011, -7.24419], [112.73382, -7.24414], [112.73378050000008, -7.244135099999937], [112.73358, -7.24411], [112.73324950000006, -7.244070799999974], [112.73299, -7.24404], [112.7328774, -7.244009], [112.73259, -7.24393], [112.73225, -7.24385], [112.73222360000011, -7.243843599999934], [112.73206140000002, -7.243804399999931], [112.73170220000009, -7.243717599999968], [112.73134, -7.24363], [112.73098690000006, -7.24354349999993], [112.73039940000001, -7.243399499999953], [112.73018130000003, -7.24334609999994], [112.7298300000001, -7.24326], [112.72935, -7.24313], [112.7293218000001, -7.243119799999931], [112.72900740000011, -7.243006299999934], [112.72899, -7.243], [112.72896280000009, -7.242986199999962], [112.72878380000009, -7.242895699999963], [112.728292, -7.242647199999965], [112.72808, -7.24254], [112.72798210000008, -7.242481299999952], [112.72798000000012, -7.24248], [112.72791, -7.24243], [112.7277600000001, -7.24228], [112.72762470000009, -7.242121099999963], [112.72753000000012, -7.24201], [112.72729420000007, -7.241688499999952], [112.7272, -7.24156], [112.7269712000001, -7.241165499999966], [112.72691, -7.24106], [112.726884, -7.241016699999932], [112.72685, -7.24096], [112.72674710000001, -7.240699599999971], [112.72651, -7.2401], [112.72646040000006, -7.239917], [112.72635, -7.23951], [112.72629, -7.23917], [112.72634730000004, -7.23866959999998], [112.72634790000006, -7.238664399999948], [112.726381, -7.238375599999927], [112.7264, -7.23821], [112.72643, -7.23797], [112.72645920000002, -7.237814499999956], [112.72646, -7.23781], [112.72645010000008, -7.23780759999994], [112.72621, -7.23775], [112.7260563000001, -7.237711599999955], [112.72577, -7.23764], [112.72546370000009, -7.23753789999995], [112.72544, -7.23753], [112.72513, -7.23742], [112.72475, -7.2373], [112.72442920000003, -7.237205499999959], [112.72408, -7.237102499999935], [112.7239714000001, -7.237070499999959], [112.7238, -7.23702], [112.72363880000012, -7.236971199999971], [112.72352990000002, -7.236938299999963], [112.72311220000006, -7.236811799999941], [112.72304, -7.23679], [112.72226210000008, -7.236581499999943], [112.72207, -7.23653], [112.72129, -7.23632], [112.7206000000001, -7.23613], [112.72058, -7.23623], [112.720547, -7.236419699999942], [112.72054, -7.23646], [112.72048040000004, -7.236832299999946], [112.72046000000012, -7.23696], [112.72044, -7.23767], [112.72049, -7.23863], [112.72052, -7.23914], [112.72053, -7.23931], [112.72055000000012, -7.23948], [112.72065, -7.24072], [112.72068840000009, -7.24123869999994], [112.7206900000001, -7.24126], [112.7206900000001, -7.241380799999945], [112.7206900000001, -7.2414], [112.72069130000011, -7.241409199999964], [112.72071, -7.24154], [112.72072950000006, -7.241782399999977], [112.720772, -7.242310399999951], [112.72078660000011, -7.242491499999971], [112.72080580000011, -7.242729699999927], [112.72083, -7.24303], [112.72083370000007, -7.243107399999928], [112.72084040000004, -7.243247599999961], [112.7208485000001, -7.24341869999995], [112.72085, -7.24345], [112.7208700000001, -7.2438], [112.72087930000009, -7.243874099999971], [112.72088, -7.24388], [112.72089, -7.24402], [112.72089270000004, -7.244179], [112.7209047, -7.244885099999976], [112.72090930000002, -7.245159699999931], [112.72091000000012, -7.2452], [112.72091030000001, -7.245208199999979], [112.72092, -7.24546], [112.72090160000005, -7.246491899999967], [112.72089, -7.24714], [112.72082000000012, -7.24715], [112.72052370000006, -7.247145399999965], [112.72032890000003, -7.24714229999995], [112.72018, -7.24714], [112.71996, -7.24714], [112.71983080000007, -7.247135499999956], [112.71967, -7.24713], [112.71936, -7.24712], [112.7189, -7.24709], [112.71889970000007, -7.24709], [112.7184400000001, -7.24709], [112.71833, -7.24709], [112.71818, -7.24709], [112.71810550000009, -7.24709], [112.7179000000001, -7.24709], [112.71766060000004, -7.24709], [112.71764, -7.24709], [112.71762420000005, -7.247090899999932], [112.71712, -7.24712], [112.71708, -7.24719], [112.71703, -7.24729], [112.71698, -7.24739], [112.71693, -7.24749], [112.71689, -7.24757], [112.71687, -7.24763], [112.71684, -7.24768], [112.71681, -7.24774], [112.71678, -7.24779], [112.71675, -7.24785], [112.71672, -7.2479], [112.71671050000009, -7.247928399999978], [112.7167, -7.24796], [112.71667, -7.24801], [112.71664, -7.24807], [112.71661, -7.24812], [112.71657, -7.24819], [112.71653, -7.24827], [112.71650000000011, -7.24833], [112.71648940000011, -7.248347599999931], [112.71647, -7.24838], [112.71644, -7.24844], [112.71641000000011, -7.2485], [112.71638, -7.24857], [112.71635, -7.24864], [112.71632000000011, -7.24871], [112.71629, -7.24879], [112.716264, -7.24883559999995], [112.71625, -7.24886], [112.71623960000011, -7.248884299999929], [112.71622, -7.24893], [112.71619, -7.249], [112.71616, -7.24906], [112.71614350000004, -7.249109499999975], [112.71614000000011, -7.24912], [112.71610150000004, -7.249187399999926], [112.7161, -7.24919], [112.71606, -7.24927], [112.71605950000003, -7.249271199999953], [112.71603, -7.24934], [112.71599, -7.24943], [112.715981, -7.249448099999938], [112.71597530000008, -7.249459299999955], [112.71595, -7.24951], [112.71593, -7.24957], [112.7159, -7.24964], [112.71587490000002, -7.249715199999969], [112.71587000000011, -7.24973], [112.715864, -7.249752], [112.71584, -7.24984], [112.71579, -7.24999], [112.7158098000001, -7.250385699999981], [112.7158243, -7.250675399999977], [112.71584630000007, -7.251116599999932], [112.7158591000001, -7.251371699999936], [112.71587140000008, -7.25161769999994], [112.71588, -7.25179], [112.71583270000008, -7.252068299999962], [112.7157916000001, -7.252310699999953], [112.71579, -7.25232], [112.71558340000001, -7.253109799999947], [112.71534, -7.25404], [112.7153353000001, -7.254071], [112.7153164, -7.254143599999963], [112.7150746000001, -7.255073599999946], [112.71508390000008, -7.255067399999973], [112.71508, -7.25508], [112.71507190000011, -7.255102199999953], [112.71518290000006, -7.255129899999929], [112.71536950000007, -7.255153199999938], [112.7157347000001, -7.255293499999937], [112.71573880000005, -7.255295099999955], [112.715791, -7.255257099999938], [112.71587650000004, -7.255242799999962], [112.71598090000009, -7.255219099999977], [112.71611860000007, -7.255185899999958], [112.716349, -7.255211499999973], [112.71659380000006, -7.255293199999926], [112.71680370000001, -7.255468099999973], [112.71714190000012, -7.255654599999957], [112.71737510000003, -7.255678], [112.71757330000003, -7.255701299999942], [112.71782990000008, -7.255864499999973], [112.718203, -7.255876199999932], [112.71862510000005, -7.255952], [112.71865780000007, -7.255957799999976], [112.71926410000003, -7.256167699999935], [112.7194641000001, -7.256206799999973], [112.71947510000007, -7.256208899999933], [112.71951600000011, -7.25621689999997], [112.7198012, -7.256272699999954], [112.72027860000003, -7.256365899999935], [112.72029940000004, -7.256369899999981], [112.72045060000005, -7.256398799999943], [112.72045150000008, -7.256398899999965], [112.7206139000001, -7.256429899999944], [112.72119470000007, -7.256540799999925], [112.7218061000001, -7.256657399999938], [112.72193990000005, -7.256676099999936], [112.72262050000006, -7.25677079999997], [112.72266130000003, -7.256776399999978], [112.72275960000002, -7.256790099999932], [112.7231471, -7.256844], [112.72374180000008, -7.256879], [112.72409160000007, -7.256983899999966], [112.72438340000008, -7.256998499999952], [112.72439410000004, -7.256999099999973], [112.72439960000008, -7.256999299999961], [112.72455800000012, -7.257007299999941], [112.72483870000008, -7.257055699999967], [112.72501670000008, -7.257086399999935], [112.72523430000001, -7.257123899999954], [112.7256493000001, -7.257022099999972], [112.7258452000001, -7.256974099999979], [112.72585, -7.25695], [112.72597, -7.25637], [112.72608, -7.2558], [112.7260950000001, -7.255802599999981], [112.72631, -7.25584], [112.7264100000001, -7.25584], [112.72642140000005, -7.25584079999993], [112.7266800000001, -7.25586], [112.72711240000001, -7.255890299999976], [112.72763960000009, -7.255927199999974], [112.72768, -7.25593], [112.72780000000012, -7.25594], [112.72823, -7.25601], [112.72825140000009, -7.256012799999951], [112.72838, -7.25603], [112.72876, -7.25604], [112.72953, -7.25605], [112.72980070000006, -7.256088699999964], [112.72995, -7.25611], [112.72995580000008, -7.256110899999953], [112.73068, -7.25622], [112.73099, -7.25625], [112.7312, -7.25623], [112.73154000000011, -7.25611], [112.73199380000005, -7.255912699999953], [112.732, -7.25591], [112.732139, -7.255893299999968], [112.73225, -7.25588], [112.73234, -7.25589], [112.73237770000003, -7.255891899999938], [112.73267770000007, -7.255906899999957], [112.73274, -7.25591], [112.73282570000003, -7.255915399999935], [112.7329, -7.25592], [112.7333059, -7.255941399999926], [112.7336600000001, -7.25596], [112.73396, -7.25595], [112.7343, -7.25589], [112.73430130000008, -7.255887299999927], [112.7343019000001, -7.255885899999953], [112.73441830000002, -7.255874399999925], [112.73478650000004, -7.255830499999945], [112.73505000000011, -7.25585], [112.7358, -7.25583], [112.73621, -7.25582], [112.73694840000007, -7.255792699999972], [112.73695630000009, -7.255792399999962], [112.73702, -7.25579], [112.7370800000001, -7.25581], [112.73724, -7.25586], [112.7375, -7.25594], [112.73799, -7.25603], [112.739445, -7.256100099999969], [112.73965, -7.25611], [112.74097290000009, -7.256081], [112.74102, -7.25608], [112.74144, -7.25608], [112.74211, -7.25612], [112.74232, -7.25614], [112.7423212000001, -7.256140399999936], [112.74233820000006, -7.256137599999931], [112.74234710000007, -7.256136099999935], [112.74240280000004, -7.256130699999972], [112.74243690000003, -7.256118199999946], [112.7424711000001, -7.256100199999935], [112.74251780000009, -7.256075], [112.74256280000009, -7.256042699999966], [112.74262210000006, -7.255995899999959], [112.74266340000008, -7.255947399999968], [112.74270120000006, -7.255906], [112.74274790000004, -7.255839499999979], [112.74276070000008, -7.255806499999949], [112.74221000000011, -7.25574], [112.74187, -7.25571], [112.74152, -7.2557], [112.7411770000001, -7.255713199999946], [112.741, -7.25572], [112.74033, -7.25571], [112.73986, -7.25572], [112.73895, -7.25569], [112.73863, -7.25564], [112.7384, -7.25558], [112.73812, -7.25546], [112.73792, -7.25524], [112.73783450000008, -7.25503619999995], [112.73779, -7.25493], [112.73774, -7.25464], [112.73769, -7.25417], [112.73766, -7.25397], [112.7376, -7.2537], [112.737592, -7.253675099999953], [112.73756430000003, -7.253589099999942], [112.73751, -7.25342], [112.73738, -7.25305], [112.73733390000007, -7.252884699999981], [112.7372600000001, -7.25262], [112.7372418000001, -7.252538199999947], [112.73724, -7.25253], [112.73724, -7.25245], [112.73725, -7.25238], [112.7372600000001, -7.25231], [112.73726840000006, -7.25228629999998], [112.73732, -7.25214], [112.73737, -7.25201], [112.7374172000001, -7.251915699999927], [112.73742, -7.25191], [112.73757, -7.25167], [112.73760170000003, -7.251638299999968], [112.73781, -7.25143], [112.73805, -7.25124], [112.73826, -7.2511], [112.738404, -7.251016], [112.7385, -7.25096], [112.73867, -7.25085], [112.73879190000002, -7.250783099999978], [112.73885980000011, -7.25074589999997], [112.73898, -7.25068], [112.73929, -7.2505], [112.73933720000002, -7.250474299999951], [112.73951000000011, -7.25038], [112.73960110000007, -7.250327399999946], [112.73977, -7.25023], [112.73983040000007, -7.250194099999931], [112.74007430000006, -7.250048799999945], [112.74019, -7.24998], [112.74035, -7.24987], [112.7404259000001, -7.249807899999951], [112.74046, -7.24978], [112.74055, -7.24972], [112.74059310000007, -7.249689199999978], [112.74062, -7.24967], [112.74067, -7.24963], [112.74072, -7.2496], [112.74077000000011, -7.24957], [112.74083, -7.24953], [112.74086360000001, -7.249506], [112.7409, -7.24948], [112.74095000000011, -7.24945], [112.741, -7.24942], [112.74106, -7.24936], [112.74110770000004, -7.249324199999933], [112.74114, -7.2493], [112.74119, -7.24926], [112.74124, -7.24921], [112.74129, -7.24917], [112.74133, -7.24912], [112.74135180000007, -7.24910129999995], [112.74140000000011, -7.24906], [112.74146, -7.249], [112.74151, -7.24894], [112.74153190000004, -7.248912599999926], [112.74155, -7.24889], [112.7416, -7.24883], [112.74165, -7.24877], [112.74169, -7.24872], [112.74170250000009, -7.248704399999951], [112.74173, -7.24867], [112.74176000000011, -7.24861], [112.7418, -7.24856], [112.74184, -7.2485], [112.74185080000007, -7.248478299999931], [112.74187, -7.24844], [112.7419000000001, -7.24839], [112.74193, -7.24834], [112.74197, -7.24828], [112.74197960000004, -7.24826319999994], [112.742, -7.248227499999928], [112.74201, -7.24821], [112.74204, -7.24815], [112.74206, -7.24809], [112.7421, -7.24799], [112.74214, -7.2479], [112.74218870000004, -7.247754], [112.74219, -7.24775], [112.74223, -7.24765], [112.74224, -7.24759], [112.74227, -7.24751], [112.74231, -7.24743], [112.74234, -7.24735], [112.74237, -7.24729], [112.7424, -7.24723], [112.74243, -7.24717], [112.74245810000002, -7.247104499999978], [112.74246, -7.2471], [112.74249, -7.24704], [112.74252, -7.24698], [112.74253340000007, -7.246948799999927], [112.74255, -7.24691], [112.74258, -7.24686], [112.74261, -7.2468], [112.74263040000005, -7.246769399999948], [112.74265, -7.24674], [112.74268, -7.24667], [112.74273, -7.24657], [112.74273720000008, -7.246554099999969], [112.74278, -7.24646], [112.74281, -7.24639], [112.74284000000011, -7.2463], [112.74288, -7.24619], [112.74291, -7.24611], [112.74292900000012, -7.246059299999956], [112.74294, -7.24603], [112.74295070000005, -7.245997799999941], [112.74297, -7.24594], [112.74299, -7.24584], [112.743008, -7.245758799999976], [112.74301, -7.24575], [112.74301450000007, -7.245718699999941], [112.74302000000012, -7.24568], [112.74303, -7.24559], [112.74303, -7.24549], [112.74303650000002, -7.245444199999952], [112.74304, -7.24542], [112.74304, -7.24534], [112.74304, -7.24526], [112.74304, -7.24518], [112.74304, -7.245176799999967], [112.74304, -7.24511], [112.74303, -7.24505], [112.74303, -7.24498], [112.74302000000012, -7.24488], [112.74301190000006, -7.244807199999968], [112.74301, -7.24479], [112.74300870000002, -7.244784899999956], [112.74299, -7.24471], [112.74296, -7.24464], [112.74293000000011, -7.24458], [112.7428900000001, -7.2445], [112.74285, -7.24442], [112.7428000000001, -7.24434], [112.74276, -7.24429], [112.74272, -7.24423], [112.74269, -7.24418], [112.7426762, -7.244159199999956], [112.74263, -7.24409], [112.74251, -7.2441], [112.7422, -7.24412], [112.74213, -7.24412], [112.74179, -7.24419], [112.7413600000001, -7.24435], [112.7408, -7.24457], [112.73993, -7.24492], [112.73950320000006, -7.245012299999928], [112.73919, -7.24508], [112.73907, -7.24508], [112.73858, -7.24511], [112.73843000000011, -7.2451], [112.7383880000001, -7.245097899999962], [112.73838, -7.245097499999929], [112.73823, -7.24509], [112.73736, -7.24491], [112.73718, -7.24487]]] 
      }
    },
    {
      "type": "Feature",
      "properties": {
        "district_id": "3578260",
        "province": "Jawa Timur",
        "regency": "Surabaya",
        "district": "Krembangan",
        "pria": 57094,
        "wanita": 57772,
        "total_penduduk": 114866
      },
      "geometry": {
        "type": "Polygon",
        "coordinates": [[[112.7206000000001, -7.23613], [112.72129, -7.23632], [112.72207, -7.23653], [112.72226210000008, -7.236581499999943], [112.72304, -7.23679], [112.72311220000006, -7.236811799999941], [112.72352990000002, -7.236938299999963], [112.72363880000012, -7.236971199999971], [112.7238, -7.23702], [112.7239714000001, -7.237070499999959], [112.72408, -7.237102499999935], [112.72442920000003, -7.237205499999959], [112.72475, -7.2373], [112.72513, -7.23742], [112.72544, -7.23753], [112.72546370000009, -7.23753789999995], [112.72577, -7.23764], [112.7260563000001, -7.237711599999955], [112.72621, -7.23775], [112.72645010000008, -7.23780759999994], [112.72646, -7.23781], [112.72645920000002, -7.237814499999956], [112.72643, -7.23797], [112.7264, -7.23821], [112.726381, -7.238375599999927], [112.72634790000006, -7.238664399999948], [112.72634730000004, -7.23866959999998], [112.72629, -7.23917], [112.72635, -7.23951], [112.72646040000006, -7.239917], [112.72651, -7.2401], [112.72674710000001, -7.240699599999971], [112.72685, -7.24096], [112.726884, -7.241016699999932], [112.72691, -7.24106], [112.7269712000001, -7.241165499999966], [112.7272, -7.24156], [112.72729420000007, -7.241688499999952], [112.72753000000012, -7.24201], [112.72762470000009, -7.242121099999963], [112.7277600000001, -7.24228], [112.72791, -7.24243], [112.72798000000012, -7.24248], [112.72798210000008, -7.242481299999952], [112.72808, -7.24254], [112.728292, -7.242647199999965], [112.72878380000009, -7.242895699999963], [112.72896280000009, -7.242986199999962], [112.72899, -7.243], [112.72900740000011, -7.243006299999934], [112.7293218000001, -7.243119799999931], [112.72935, -7.24313], [112.7298300000001, -7.24326], [112.73018130000003, -7.24334609999994], [112.73039940000001, -7.243399499999953], [112.73098690000006, -7.24354349999993], [112.73134, -7.24363], [112.73170220000009, -7.243717599999968], [112.73206140000002, -7.243804399999931], [112.73222360000011, -7.243843599999934], [112.73225, -7.24385], [112.73259, -7.24393], [112.7328774, -7.244009], [112.73299, -7.24404], [112.73324950000006, -7.244070799999974], [112.73358, -7.24411], [112.73378050000008, -7.244135099999937], [112.73382, -7.24414], [112.73415000000011, -7.24419], [112.734539, -7.24426909999994], [112.7347400000001, -7.24431], [112.73489, -7.24435], [112.73551, -7.24448], [112.73587, -7.24456], [112.73589270000002, -7.244566199999952], [112.73598, -7.24459], [112.73612, -7.24463], [112.73665, -7.24475], [112.73706, -7.24484], [112.73718, -7.24487], [112.73736, -7.24491], [112.73823, -7.24509], [112.73838, -7.245097499999929], [112.7383880000001, -7.245097899999962], [112.73843000000011, -7.2451], [112.73858, -7.24511], [112.73907, -7.24508], [112.73919, -7.24508], [112.73950320000006, -7.245012299999928], [112.73993, -7.24492], [112.7408, -7.24457], [112.7413600000001, -7.24435], [112.74179, -7.24419], [112.74213, -7.24412], [112.7422, -7.24412], [112.74251, -7.2441], [112.74263, -7.24409], [112.74258980000002, -7.244032599999969], [112.74256, -7.24399], [112.74252, -7.24394], [112.74247, -7.24387], [112.7424, -7.24382], [112.74232840000002, -7.243780199999946], [112.74231, -7.24377], [112.74222, -7.24374], [112.74212000000011, -7.24372], [112.74206, -7.24371], [112.742, -7.2437], [112.74192, -7.24369], [112.74184, -7.24368], [112.74176000000011, -7.24368], [112.74169, -7.24367], [112.74161, -7.24367], [112.74152, -7.24367], [112.7414500000001, -7.24368], [112.7413600000001, -7.24368], [112.7412700000001, -7.24368], [112.74116, -7.24368], [112.74106, -7.24367], [112.74095000000011, -7.24367], [112.74084, -7.24366], [112.74074, -7.24365], [112.74064, -7.24364], [112.74056, -7.24363], [112.74049, -7.24362], [112.74042, -7.24361], [112.74036, -7.24359], [112.74029, -7.24357], [112.74022, -7.24355], [112.74015, -7.24352], [112.74006, -7.24347], [112.73999, -7.24344], [112.73993, -7.24339], [112.73985, -7.24334], [112.73978000000011, -7.24328], [112.73972, -7.24322], [112.73964, -7.24313], [112.73959720000005, -7.243080099999929], [112.73958, -7.24306], [112.73951000000011, -7.24297], [112.73945, -7.24289], [112.7394, -7.24282], [112.73936, -7.24277], [112.73933000000011, -7.24271], [112.73928, -7.24264], [112.73924000000011, -7.24256], [112.7392, -7.24248], [112.73917, -7.24243], [112.7391646000001, -7.242397299999936], [112.73916, -7.24237], [112.73914720000005, -7.242335899999944], [112.73913, -7.24229], [112.73911, -7.2422], [112.73909, -7.24213], [112.73908, -7.24206], [112.73906000000011, -7.24196], [112.73904, -7.24185], [112.73902, -7.24175], [112.73899, -7.24164], [112.73897000000011, -7.24154], [112.73895, -7.24144], [112.73893, -7.24134], [112.73892, -7.24125], [112.7389, -7.24118], [112.73889330000009, -7.241139499999974], [112.73889, -7.24112], [112.73887, -7.24103], [112.73885, -7.24095], [112.73883, -7.24087], [112.73881, -7.24079], [112.73878, -7.24073], [112.73877, -7.24067], [112.73874, -7.2406], [112.73872, -7.24053], [112.73869, -7.24045], [112.73864, -7.24037], [112.73863470000003, -7.240359499999954], [112.7386, -7.24029], [112.73855, -7.24022], [112.7385, -7.24016], [112.73844, -7.24007], [112.73839, -7.23999], [112.73834000000011, -7.23992], [112.7383, -7.23986], [112.73827, -7.23979], [112.73822, -7.23969], [112.73818, -7.23962], [112.73816000000011, -7.23956], [112.73813, -7.23951], [112.73811, -7.23945], [112.73808, -7.2394], [112.73804, -7.23931], [112.73799, -7.2392], [112.73794, -7.2391], [112.73791, -7.23902], [112.73789660000011, -7.238984399999936], [112.73788, -7.23894], [112.73786, -7.23886], [112.73783, -7.23877], [112.73781, -7.23866], [112.7378000000001, -7.23858], [112.73779, -7.23852], [112.7378000000001, -7.23845], [112.7378000000001, -7.23839], [112.7378000000001, -7.23832], [112.73781, -7.23823], [112.73782, -7.23814], [112.73784, -7.23805], [112.73785, -7.23799], [112.73787, -7.23793], [112.7378900000001, -7.23786], [112.73791, -7.23779], [112.73794, -7.23771], [112.73797, -7.23762], [112.73799, -7.23755], [112.73802, -7.23747], [112.73805, -7.23736], [112.73808, -7.23727], [112.7381, -7.23721], [112.73812, -7.23714], [112.73815, -7.23706], [112.73817, -7.23698], [112.7382, -7.23689], [112.73825000000011, -7.23679], [112.73825350000004, -7.236780499999952], [112.73829, -7.23668], [112.73830190000001, -7.236640499999965], [112.73832, -7.23658], [112.73833, -7.2365], [112.73837, -7.2364], [112.7384, -7.2363], [112.73844, -7.2362], [112.73847, -7.23611], [112.7385, -7.23601], [112.73853, -7.23593], [112.73854960000006, -7.235841899999969], [112.73855, -7.23584], [112.73858, -7.23576], [112.7386, -7.23567], [112.73863, -7.23559], [112.73865, -7.23551], [112.73867, -7.23542], [112.73869, -7.23534], [112.73871, -7.23526], [112.73873, -7.23518], [112.73875, -7.2351], [112.73877, -7.23502], [112.73878, -7.23495], [112.73879000000011, -7.23489], [112.73881, -7.23483], [112.73883, -7.23475], [112.73883, -7.23468], [112.73885, -7.23462], [112.73885, -7.23454], [112.73886, -7.23446], [112.73887, -7.23436], [112.73886, -7.23428], [112.73886, -7.23421], [112.73885980000011, -7.234208599999931], [112.73885, -7.23413], [112.73883, -7.23403], [112.73880990000009, -7.233969599999966], [112.7388, -7.23394], [112.73878, -7.23387], [112.73876, -7.23381], [112.73874060000003, -7.233751899999959], [112.73874, -7.23375], [112.73872, -7.23369], [112.73869, -7.23362], [112.73867550000011, -7.233562099999972], [112.73867, -7.23354], [112.73864, -7.23346], [112.73861000000011, -7.2334], [112.73860260000004, -7.233374199999957], [112.73859, -7.23333], [112.73855, -7.23324], [112.73854890000007, -7.233236599999941], [112.73852000000011, -7.23315], [112.73849, -7.23306], [112.73846, -7.233], [112.73845, -7.23293], [112.73842, -7.23285], [112.7384, -7.23277], [112.73837, -7.23266], [112.73836, -7.23258], [112.73834000000011, -7.23251], [112.73833, -7.23245], [112.73832, -7.23239], [112.738311, -7.23232669999993], [112.73831, -7.23232], [112.7383, -7.23222], [112.73829490000003, -7.232174499999928], [112.73829, -7.23213], [112.73829, -7.23206], [112.73828, -7.23198], [112.73828, -7.231958799999973], [112.73828, -7.23189], [112.73828, -7.2318], [112.73827, -7.23171], [112.73825000000011, -7.23164], [112.73822, -7.23159], [112.73816000000011, -7.23156], [112.7381, -7.23157], [112.73803, -7.23158], [112.73785, -7.23158], [112.73772, -7.23158], [112.73771560000012, -7.231562599999961], [112.7377, -7.2315], [112.73767, -7.23142], [112.73761, -7.23138], [112.73738, -7.23133], [112.7368100000001, -7.2312], [112.7362700000001, -7.23107], [112.73598, -7.23099], [112.73589, -7.23096], [112.73563, -7.23091], [112.73485180000011, -7.230660599999965], [112.73485, -7.23066], [112.73468, -7.23108], [112.73462280000001, -7.231258599999933], [112.73460000000011, -7.23133], [112.73456980000003, -7.231413099999941], [112.7345600000001, -7.23144], [112.73449, -7.23183], [112.73439, -7.23234], [112.73458, -7.23241], [112.73541000000012, -7.23263], [112.73541010000008, -7.232632699999954], [112.73541530000011, -7.232774399999926], [112.73542, -7.2329], [112.73541870000008, -7.232918299999938], [112.7354, -7.23318], [112.73533390000011, -7.233760199999949], [112.73531, -7.23397], [112.73521, -7.233946899999978], [112.73518, -7.23394], [112.7347390000001, -7.233821099999943], [112.7342900000001, -7.2337], [112.73420220000003, -7.233663599999943], [112.73388000000011, -7.23353], [112.73359, -7.23336], [112.73342, -7.23329], [112.73302810000007, -7.233120799999938], [112.73298000000011, -7.2331], [112.73296370000003, -7.233092599999964], [112.73287, -7.23305], [112.732422, -7.232881599999928], [112.73232560000008, -7.232845399999974], [112.7314328000001, -7.232509799999946], [112.73138, -7.23249], [112.73124, -7.23244], [112.73115, -7.23243], [112.73102, -7.23241], [112.73095, -7.2324], [112.7309, -7.23305], [112.73087070000008, -7.233265], [112.73087, -7.23327], [112.73083, -7.23365], [112.7308, -7.23386], [112.73074, -7.23422], [112.73073640000007, -7.234291599999949], [112.73073000000011, -7.23442], [112.73048850000009, -7.234256799999969], [112.73036, -7.23417], [112.73004, -7.2339], [112.72993290000011, -7.233816699999977], [112.72986, -7.23376], [112.72954030000005, -7.233501599999954], [112.72939, -7.23338], [112.72921090000011, -7.233216399999947], [112.72916, -7.23317], [112.72907, -7.23308], [112.72900690000006, -7.23301859999998], [112.72871840000005, -7.232737899999961], [112.72870000000012, -7.23272], [112.72865740000009, -7.232643799999948], [112.72851, -7.23238], [112.72849370000006, -7.232351799999947], [112.7284, -7.23219], [112.72840440000004, -7.23209849999995], [112.72841, -7.23198], [112.72876, -7.23127], [112.72879000000012, -7.23121], [112.72882, -7.23116], [112.72885, -7.23110859999997], [112.72889, -7.23104], [112.7291100000001, -7.23067], [112.72944, -7.2301], [112.72946, -7.23004], [112.72962, -7.22968], [112.72968, -7.22957], [112.72991050000007, -7.229117499999973], [112.72995, -7.22904], [112.73018, -7.22857], [112.730806, -7.227159], [112.73081, -7.22715], [112.73091000000011, -7.22694], [112.73165, -7.22528], [112.73191, -7.2246], [112.73193, -7.22454], [112.73193220000007, -7.224532699999941], [112.73203, -7.22421], [112.73215, -7.22347], [112.73216, -7.22336], [112.73223, -7.22286], [112.73228, -7.2226], [112.73226180000006, -7.222597399999927], [112.7323914000001, -7.221665499999972], [112.73254080000004, -7.220591899999931], [112.73245480000003, -7.220581699999968], [112.7321942000001, -7.220606299999929], [112.73218670000006, -7.220607], [112.73182760000009, -7.220738499999925], [112.73155440000005, -7.220885199999941], [112.73149120000005, -7.220941399999958], [112.73123580000004, -7.221168499999976], [112.73109250000005, -7.221327299999928], [112.73103, -7.22121], [112.73099, -7.22114], [112.73081, -7.22069], [112.73069220000002, -7.220429299999978], [112.73067, -7.22038], [112.73057, -7.2202], [112.73049, -7.22], [112.73039, -7.21992], [112.73033, -7.21987], [112.73011, -7.21967], [112.73018, -7.21957], [112.73021, -7.21936], [112.73017, -7.21925], [112.73006, -7.21909], [112.72999, -7.21905], [112.72987, -7.21898], [112.72967, -7.2189], [112.72949010000002, -7.218933299999946], [112.7294, -7.21895], [112.72935, -7.21887], [112.72828, -7.21818], [112.72781, -7.21792], [112.72755, -7.21775], [112.72682, -7.2172], [112.72647, -7.21689], [112.72640920000003, -7.216826499999968], [112.72624, -7.21665], [112.72592, -7.21617], [112.72542310000006, -7.215239399999973], [112.72537000000011, -7.21514], [112.72531, -7.21503], [112.72502, -7.21441], [112.724841, -7.214034499999968], [112.7243, -7.2129], [112.72426, -7.21281], [112.72417, -7.21261], [112.72373, -7.21161], [112.7236421, -7.211336499999959], [112.72364, -7.21133], [112.72319, -7.21158], [112.72288, -7.21171], [112.72259, -7.21178], [112.72225, -7.21179], [112.72218, -7.21178], [112.722, -7.21179], [112.72193, -7.21175], [112.7219500000001, -7.21145], [112.7219500000001, -7.21124], [112.7219500000001, -7.21114], [112.72192, -7.21109], [112.72171, -7.21073], [112.72161, -7.21034], [112.7215900000001, -7.21028], [112.72152, -7.21032], [112.72142, -7.21029], [112.72118000000012, -7.21022], [112.72104, -7.21019], [112.72079, -7.21014], [112.72071, -7.21011], [112.72028000000012, -7.20925], [112.72010000000012, -7.20892], [112.71987, -7.20844], [112.71969, -7.20807], [112.71956000000011, -7.20779], [112.71931, -7.2073], [112.71901180000009, -7.206717], [112.7157519000001, -7.208192299999951], [112.7151808000001, -7.208097099999975], [112.71470490000002, -7.208073299999967], [112.71449080000002, -7.207930499999975], [112.7141577000001, -7.207240499999955], [112.71363420000012, -7.207097699999963], [112.71296790000008, -7.207407], [112.71253960000001, -7.208001899999942], [112.71258720000003, -7.208525399999928], [112.71292030000006, -7.208882299999971], [112.71327730000007, -7.208977499999946], [112.71368180000002, -7.209167799999932], [112.71396730000004, -7.209239199999956], [112.71418150000011, -7.209025099999963], [112.71432420000008, -7.209334399999932], [112.71449080000002, -7.209548599999948], [112.71472870000002, -7.209667499999966], [112.71482390000006, -7.209905499999934], [112.7149018, -7.210006399999941], [112.71488430000011, -7.210729599999979], [112.71512350000012, -7.21141369999998], [112.71513, -7.21164], [112.71513, -7.21177], [112.71542000000011, -7.21219], [112.7155, -7.21239], [112.71564, -7.21316], [112.71568, -7.21353], [112.71566, -7.21365], [112.71557, -7.21382], [112.71539, -7.21401], [112.71519, -7.21421], [112.71457410000005, -7.215083199999981], [112.71402200000011, -7.215787499999976], [112.71375550000005, -7.216054], [112.71364770000002, -7.216469], [112.71304, -7.21669], [112.713017, -7.216695399999935], [112.71266, -7.21678], [112.71246, -7.21676], [112.7123600000001, -7.21684], [112.7123, -7.21691], [112.71211, -7.21697], [112.71204000000012, -7.21699], [112.71111, -7.21728], [112.7110100000001, -7.2173], [112.71087000000011, -7.21729], [112.71078000000011, -7.21732], [112.71048, -7.21744], [112.71040570000002, -7.217455799999925], [112.71032910000008, -7.217253299999925], [112.70928210000011, -7.217710099999977], [112.70912990000011, -7.218033699999978], [112.70939640000006, -7.218661899999972], [112.70987230000003, -7.219785], [112.71006260000001, -7.220356099999947], [112.71038620000002, -7.22052739999998], [112.7105762000001, -7.220585799999981], [112.71050040000011, -7.221307899999942], [112.70947250000006, -7.221669499999962], [112.70895850000011, -7.22220249999998], [112.70895140000005, -7.223022199999946], [112.70872760000009, -7.223265399999946], [112.70861280000008, -7.223292099999981], [112.70802, -7.22343], [112.70773, -7.22339], [112.70759, -7.22331], [112.70734, -7.22309], [112.70725, -7.22308], [112.7071, -7.22312], [112.70693, -7.22321], [112.70675, -7.22331], [112.7065500000001, -7.22332], [112.70653, -7.22338], [112.70656, -7.22348], [112.70642680000003, -7.224277399999949], [112.70648440000002, -7.224766899999963], [112.70648, -7.22478], [112.70624, -7.22476], [112.70623, -7.2249], [112.70623, -7.22496], [112.70623, -7.22502], [112.70623, -7.22509], [112.70622, -7.22515], [112.70622, -7.22521], [112.70622, -7.22527], [112.70622, -7.22533], [112.70621, -7.22539], [112.70621, -7.22545], [112.70621, -7.22551], [112.7062, -7.22559], [112.7062, -7.22569], [112.7062, -7.22579], [112.7062, -7.22588], [112.7062, -7.22596], [112.70621, -7.22607], [112.70622, -7.22617], [112.70624, -7.22626], [112.70626, -7.22634], [112.7062800000001, -7.22643], [112.7063, -7.22651], [112.70632, -7.22657], [112.70635, -7.22664], [112.7064, -7.22674], [112.70643, -7.2268], [112.70647, -7.22685], [112.70652, -7.22691], [112.7066, -7.22699], [112.70669, -7.22707], [112.70675, -7.22713], [112.70681, -7.22719], [112.70687, -7.22726], [112.70693, -7.22735], [112.70696, -7.22742], [112.70699, -7.22749], [112.70701, -7.22757], [112.70703, -7.22765], [112.70704, -7.22773], [112.70705, -7.22779], [112.70706, -7.22786], [112.70707, -7.22792], [112.70708, -7.22799], [112.70708, -7.22807], [112.70708, -7.22813], [112.70708, -7.2282], [112.70708, -7.22827], [112.70708, -7.22833], [112.70708450000006, -7.228356899999937], [112.70709000000011, -7.22839], [112.70709000000011, -7.22846], [112.70709000000011, -7.22848179999994], [112.70709000000011, -7.22853], [112.70709000000011, -7.22861], [112.70709000000011, -7.22869], [112.70709000000011, -7.22879], [112.70709000000011, -7.22889], [112.70709000000011, -7.228984599999933], [112.70709000000011, -7.229], [112.70709000000011, -7.22912], [112.70709000000011, -7.22923], [112.70709000000011, -7.22935], [112.70709000000011, -7.22946], [112.70709000000011, -7.229492499999935], [112.70709000000011, -7.229506499999957], [112.70709000000011, -7.22956], [112.70709000000011, -7.22966], [112.70709000000011, -7.22974], [112.70709000000011, -7.22982], [112.70709000000011, -7.22989], [112.70709000000011, -7.22997], [112.70709000000011, -7.23007], [112.7071, -7.23014], [112.7071, -7.230154299999981], [112.7071, -7.23021], [112.70711, -7.23027], [112.70713, -7.23034], [112.70715, -7.23041], [112.70718000000011, -7.23046], [112.70723, -7.23053], [112.70724310000003, -7.23054529999996], [112.70729, -7.2306], [112.70738, -7.23064], [112.70746, -7.23067], [112.70752, -7.23069], [112.70758, -7.2307], [112.70764, -7.2307], [112.7077, -7.2307], [112.70776, -7.23069], [112.70783, -7.23067], [112.707879, -7.230653699999948], [112.70789, -7.23065], [112.70795, -7.23064], [112.70802, -7.23062], [112.70808000000011, -7.2306], [112.70815, -7.23059], [112.70821, -7.23059], [112.70827, -7.23058], [112.70833, -7.23058], [112.70838810000009, -7.230585799999972], [112.70843, -7.23059], [112.70851, -7.2306], [112.70857, -7.23061], [112.70864, -7.23062], [112.70872240000006, -7.230636499999946], [112.70872570000006, -7.230637099999967], [112.7088384000001, -7.23061789999997], [112.70887390000007, -7.230612], [112.70897030000003, -7.230596199999979], [112.7090224000001, -7.230611299999964], [112.7091170000001, -7.230639699999927], [112.70924530000002, -7.230709699999977], [112.70926580000003, -7.230721399999936], [112.70935770000006, -7.230771499999946], [112.70941670000002, -7.230800599999952], [112.70956980000005, -7.23087709999993], [112.709572, -7.230879699999946], [112.7096117000001, -7.230927899999926], [112.70965, -7.230974499999945], [112.7096749000001, -7.231005299999936], [112.70969480000008, -7.231028899999956], [112.70977180000011, -7.231122399999947], [112.70978220000006, -7.231135599999959], [112.70988980000004, -7.231274599999949], [112.70991870000012, -7.231312499999945], [112.70992310000008, -7.231317599999954], [112.70994970000004, -7.231351899999936], [112.70999210000002, -7.231397699999945], [112.71002140000007, -7.231431899999961], [112.7101116, -7.231530499999963], [112.71012470000005, -7.231541], [112.71013230000005, -7.231549099999938], [112.71026370000004, -7.231797399999948], [112.71029240000007, -7.231904199999974], [112.71030130000008, -7.231937599999981], [112.71031370000003, -7.23198629999996], [112.71032820000005, -7.232037699999978], [112.71034380000003, -7.232095699999945], [112.7103452, -7.232130499999926], [112.71035130000007, -7.232314799999926], [112.71033970000008, -7.232333599999947], [112.71032220000006, -7.232359799999927], [112.70994240000005, -7.232345199999941], [112.7099091, -7.232335399999954], [112.7096259000001, -7.232251499999961], [112.70962570000006, -7.232251699999949], [112.7096216000001, -7.232256499999949], [112.709604, -7.232257699999934], [112.70960330000003, -7.232257699999934], [112.70958310000003, -7.23225919999993], [112.7094019000001, -7.232272199999954], [112.70938740000008, -7.232294399999944], [112.70932320000009, -7.232392199999936], [112.70931460000008, -7.232405699999958], [112.70930680000004, -7.232417599999962], [112.7092996, -7.232418299999949], [112.70928750000007, -7.232426199999964], [112.70925330000011, -7.232448499999975], [112.709246, -7.232453199999952], [112.70923590000007, -7.232459899999981], [112.70911580000006, -7.232538499999976], [112.70911150000006, -7.232540399999948], [112.70910990000004, -7.232542299999977], [112.70910970000011, -7.232542399999943], [112.70897270000012, -7.232707799999957], [112.70889790000001, -7.232798099999968], [112.7088556000001, -7.232858], [112.70883450000008, -7.232887099999971], [112.70878790000006, -7.232953799999962], [112.708467, -7.233408], [112.70845410000004, -7.233440099999939], [112.70837930000005, -7.233627099999978], [112.7083464000001, -7.233717499999955], [112.70832960000007, -7.233761699999945], [112.70831180000005, -7.233812799999953], [112.70829170000002, -7.233868099999938], [112.7083086, -7.234059899999977], [112.70831340000007, -7.234166399999935], [112.70831340000007, -7.234334399999966], [112.70831360000011, -7.234348099999977], [112.70831360000011, -7.234401299999945], [112.70830360000002, -7.234446299999945], [112.70812400000011, -7.235258], [112.70812320000005, -7.235260799999935], [112.70802870000011, -7.235522499999945], [112.7080267, -7.235530099999949], [112.70802090000007, -7.235548299999948], [112.7080059000001, -7.235605599999928], [112.7080042, -7.235613699999931], [112.70794840000008, -7.235821899999962], [112.707972, -7.236223], [112.70797760000005, -7.236318599999947], [112.7079811000001, -7.236323499999969], [112.70798160000004, -7.236327099999926], [112.70808370000009, -7.236465299999963], [112.70809480000003, -7.236480299999926], [112.70818940000004, -7.236610799999937], [112.70819040000003, -7.236610799999937], [112.70819140000003, -7.236612799999932], [112.70838690000005, -7.236616599999934], [112.70841080000002, -7.236616799999979], [112.70845960000008, -7.23661809999993], [112.70846360000007, -7.236617199999955], [112.708466, -7.236617199999955], [112.70859540000004, -7.23658729999994], [112.70864580000011, -7.23657529999997], [112.70882480000012, -7.236534099999972], [112.70905130000006, -7.236439099999927], [112.70929230000002, -7.236366099999941], [112.70941540000001, -7.236296699999968], [112.709418, -7.236295199999972], [112.70947940000008, -7.236261099999979], [112.70956660000002, -7.236212599999931], [112.709575, -7.236206599999946], [112.70957720000001, -7.23620539999996], [112.70975970000006, -7.236077], [112.70977440000001, -7.236066599999958], [112.70995650000009, -7.235973699999931], [112.71001790000003, -7.235943], [112.71014610000009, -7.235878299999968], [112.7104667000001, -7.235741899999937], [112.71047570000007, -7.235737899999947], [112.71054560000005, -7.235736199999963], [112.71058750000009, -7.235735699999964], [112.71069940000007, -7.235732399999961], [112.71076770000002, -7.235730599999954], [112.71096520000003, -7.235773], [112.71097220000001, -7.235774499999934], [112.7109726000001, -7.235774799999945], [112.71107360000008, -7.235857399999929], [112.71112160000007, -7.23589759999993], [112.71112750000009, -7.235901499999954], [112.71113290000005, -7.235905899999977], [112.71117520000007, -7.236054], [112.71120310000003, -7.236153399999978], [112.71121430000005, -7.236213199999952], [112.71122140000011, -7.23625009999995], [112.7112644, -7.23649759999995], [112.71128540000007, -7.236868299999969], [112.71129360000009, -7.237012499999935], [112.71129430000008, -7.237016499999982], [112.71129460000009, -7.237023099999931], [112.71131460000004, -7.23714259999997], [112.71135880000008, -7.237391], [112.71136030000002, -7.237399099999948], [112.71136660000002, -7.237436099999968], [112.71124250000003, -7.237896299999932], [112.71107330000007, -7.237994899999933], [112.71098830000005, -7.238031199999966], [112.71085540000001, -7.238086199999941], [112.71081790000005, -7.238089599999967], [112.7107271000001, -7.238097899999957], [112.7107089000001, -7.238099399999953], [112.71070720000012, -7.238099699999964], [112.71069470000009, -7.238100799999927], [112.71046090000004, -7.238137299999948], [112.71024360000001, -7.238086599999974], [112.71024020000004, -7.238084499999957], [112.7102119000001, -7.238054199999965], [112.71009490000006, -7.237925799999971], [112.70999680000011, -7.237811299999976], [112.709932, -7.237733399999968], [112.7098787000001, -7.237673499999971], [112.70986930000004, -7.237662599999965], [112.70966220000003, -7.237546], [112.70963630000006, -7.237531], [112.70952110000007, -7.237488199999973], [112.7094019000001, -7.237443399999961], [112.70939720000001, -7.237444699999969], [112.70939540000006, -7.237444499999981], [112.7092517000001, -7.237481099999968], [112.70920490000003, -7.237493099999938], [112.70917380000003, -7.237548499999946], [112.70914060000007, -7.237606699999958], [112.7091309000001, -7.237623699999972], [112.70911770000009, -7.237642499999936], [112.70911520000004, -7.237646199999972], [112.7092503, -7.237861], [112.70925550000004, -7.237866699999927], [112.70925580000005, -7.23786709999996], [112.70929730000012, -7.237912399999971], [112.70933, -7.237948099999926], [112.70942050000008, -7.238046699999927], [112.70957720000001, -7.23821769999995], [112.7095991000001, -7.238464], [112.70961450000004, -7.238649699999939], [112.70962040000006, -7.238713599999926], [112.70956990000002, -7.238973599999952], [112.709594, -7.239038799999946], [112.709663, -7.239228599999933], [112.709673, -7.239247299999931], [112.7097003, -7.239292599999942], [112.70982630000003, -7.239517099999944], [112.70983420000005, -7.239531799999952], [112.70986160000007, -7.239571599999977], [112.7098873000001, -7.239609499999972], [112.71001540000009, -7.239799], [112.71001830000012, -7.239802499999939], [112.7100216, -7.239807599999949], [112.71010130000002, -7.23990219999996], [112.710141, -7.239949699999954], [112.71020550000003, -7.240027099999963], [112.7102334000001, -7.240060599999936], [112.71028620000004, -7.240124399999956], [112.710336, -7.240184199999931], [112.71033850000003, -7.240186699999981], [112.71034410000004, -7.240193399999953], [112.7103806, -7.240212199999974], [112.71040320000009, -7.240224], [112.710453, -7.240250199999934], [112.71048870000004, -7.240268499999956], [112.71063170000002, -7.240341699999931], [112.7107823, -7.240420099999938], [112.71080140000004, -7.240429199999937], [112.71081150000009, -7.24043439999997], [112.7108462000001, -7.240429099999972], [112.71086320000006, -7.240427599999975], [112.71092890000011, -7.240446899999938], [112.7110288, -7.24047719999993], [112.71105210000007, -7.240478699999926], [112.71111780000001, -7.240484599999945], [112.71117030000005, -7.240486499999975], [112.71129890000009, -7.240494899999931], [112.711337, -7.240497399999981], [112.71140180000009, -7.240504], [112.71141910000006, -7.240502799999945], [112.7114269000001, -7.240503299999943], [112.71146840000006, -7.240513399999941], [112.71153020000008, -7.24053129999993], [112.7116294000001, -7.240554599999939], [112.71166310000001, -7.240560899999934], [112.71169450000002, -7.24056859999996], [112.71175670000002, -7.240602499999966], [112.71181030000002, -7.240632399999981], [112.71188820000009, -7.240675199999941], [112.7118928000001, -7.24067679999996], [112.71190980000006, -7.240686], [112.71202930000004, -7.240723599999967], [112.71213820000003, -7.240757799999926], [112.71215350000011, -7.240761899999939], [112.71220230000006, -7.240777399999956], [112.71232640000005, -7.240808], [112.71243190000007, -7.240836099999967], [112.71243360000005, -7.240836199999933], [112.7124533000001, -7.240841499999931], [112.712616, -7.240841499999931], [112.71265380000011, -7.240842699999973], [112.7126555000001, -7.240841499999931], [112.71265750000009, -7.240841499999931], [112.71276810000006, -7.240770599999962], [112.71280270000011, -7.240877499999954], [112.7128100000001, -7.2409], [112.71299710000005, -7.240651599999978], [112.71336, -7.24017], [112.7135300000001, -7.23995], [112.71354460000009, -7.239930799999968], [112.71369, -7.23974], [112.71374730000002, -7.23981729999997], [112.7137533, -7.239825499999938], [112.7136392000001, -7.239994299999978], [112.71362940000006, -7.240010099999949], [112.71335010000007, -7.240417699999966], [112.71328590000007, -7.240564699999936], [112.71328580000011, -7.240564899999981], [112.71323460000008, -7.240646899999945], [112.71320930000002, -7.24074029999997], [112.71318310000004, -7.240800399999955], [112.7131223, -7.241062199999931], [112.71311530000003, -7.241088199999979], [112.713105, -7.241102799999965], [112.7131121000001, -7.241106399999978], [112.7130926000001, -7.24119], [112.7131098000001, -7.241402299999947], [112.71309, -7.24143], [112.71379520000005, -7.242831399999943], [112.71387410000011, -7.24300919999996], [112.71420490000003, -7.242991099999927], [112.71446790000005, -7.242976599999963], [112.71448270000008, -7.24295079999996], [112.7145, -7.24295], [112.71450510000011, -7.242911599999957], [112.71460020000006, -7.242745199999945], [112.71469730000001, -7.242702299999962], [112.71485070000006, -7.242695], [112.715026, -7.242760799999928], [112.715267, -7.242884899999979], [112.71563220000007, -7.242950699999938], [112.7163849000001, -7.242893099999947], [112.71659330000011, -7.24287709999993], [112.71695590000002, -7.242849399999955], [112.717, -7.24292], [112.71704000000011, -7.24298], [112.71704480000005, -7.242989499999965], [112.71707, -7.24304], [112.71711, -7.24311], [112.7171131, -7.243116199999974], [112.71715, -7.24319], [112.71715560000007, -7.243204799999944], [112.71718, -7.24327], [112.71721, -7.24334], [112.71724, -7.24342], [112.71725, -7.24348], [112.71727, -7.24355], [112.71729, -7.24363], [112.7173, -7.2437], [112.71731490000002, -7.24375219999996], [112.71732, -7.24377], [112.71735, -7.24386], [112.71735380000007, -7.243890599999929], [112.71736, -7.24394], [112.71736850000002, -7.243962799999963], [112.71739, -7.24402], [112.7173974000001, -7.244053199999939], [112.71740790000001, -7.244100799999956], [112.71741, -7.24411], [112.71741780000002, -7.244157], [112.71742, -7.24417], [112.71744, -7.24423], [112.71745, -7.24429], [112.71747, -7.24435], [112.71749000000011, -7.24442], [112.7175, -7.24448], [112.71752, -7.24455], [112.71753, -7.24458], [112.71754, -7.24461], [112.71755, -7.24467], [112.71757, -7.24473], [112.71758000000011, -7.24479], [112.7176, -7.24485], [112.71762, -7.24493], [112.71764730000007, -7.245011799999929], [112.71766, -7.24505], [112.71766, -7.245129], [112.71766, -7.24514], [112.71769, -7.24521], [112.7177, -7.2453], [112.71771, -7.24536], [112.71772, -7.24544], [112.71772, -7.24551], [112.71773, -7.24559], [112.71774, -7.24568], [112.71774, -7.24575], [112.71774, -7.24582], [112.71773, -7.24589], [112.71771, -7.24599], [112.71769, -7.24606], [112.71766, -7.24612], [112.71763, -7.2462], [112.71759, -7.24628], [112.71756, -7.24635], [112.71753, -7.24641], [112.71749970000008, -7.246478199999956], [112.71749000000011, -7.2465], [112.71745, -7.24658], [112.71741, -7.24664], [112.71738, -7.24669], [112.71733, -7.24677], [112.71728, -7.24686], [112.71723, -7.24695], [112.71718, -7.24702], [112.71715, -7.24707], [112.71712, -7.24712], [112.71762420000005, -7.247090899999932], [112.71764, -7.24709], [112.71766060000004, -7.24709], [112.7179000000001, -7.24709], [112.71810550000009, -7.24709], [112.71818, -7.24709], [112.71833, -7.24709], [112.7184400000001, -7.24709], [112.71889970000007, -7.24709], [112.7189, -7.24709], [112.71936, -7.24712], [112.71967, -7.24713], [112.71983080000007, -7.247135499999956], [112.71996, -7.24714], [112.72018, -7.24714], [112.72032890000003, -7.24714229999995], [112.72052370000006, -7.247145399999965], [112.72082000000012, -7.24715], [112.72089, -7.24714], [112.72090160000005, -7.246491899999967], [112.72092, -7.24546], [112.72091030000001, -7.245208199999979], [112.72091000000012, -7.2452], [112.72090930000002, -7.245159699999931], [112.7209047, -7.244885099999976], [112.72089270000004, -7.244179], [112.72089, -7.24402], [112.72088, -7.24388], [112.72087930000009, -7.243874099999971], [112.7208700000001, -7.2438], [112.72085, -7.24345], [112.7208485000001, -7.24341869999995], [112.72084040000004, -7.243247599999961], [112.72083370000007, -7.243107399999928], [112.72083, -7.24303], [112.72080580000011, -7.242729699999927], [112.72078660000011, -7.242491499999971], [112.720772, -7.242310399999951], [112.72072950000006, -7.241782399999977], [112.72071, -7.24154], [112.72069130000011, -7.241409199999964], [112.7206900000001, -7.2414], [112.7206900000001, -7.241380799999945], [112.7206900000001, -7.24126], [112.72068840000009, -7.24123869999994], [112.72065, -7.24072], [112.72055000000012, -7.23948], [112.72053, -7.23931], [112.72052, -7.23914], [112.72049, -7.23863], [112.72044, -7.23767], [112.72046000000012, -7.23696], [112.72048040000004, -7.236832299999946], [112.72054, -7.23646], [112.720547, -7.236419699999942], [112.72058, -7.23623], [112.7206000000001, -7.23613]]] 
      }
    },
    {
      "type": "Feature",
      "properties": {
        "district_id": "3578270",
        "province": "Jawa Timur",
        "regency": "Surabaya",
        "district": "Asemrowo",
        "pria": 24636,
        "wanita": 24205,
        "total_penduduk": 48841
      },
      "geometry": {
        "type": "Polygon",
        "coordinates": [[[112.71766, -7.24514], [112.71766, -7.245129], [112.71766, -7.24505], [112.71764730000007, -7.245011799999929], [112.71762, -7.24493], [112.7176, -7.24485], [112.71758000000011, -7.24479], [112.71757, -7.24473], [112.71755, -7.24467], [112.71754, -7.24461], [112.71753, -7.24458], [112.71752, -7.24455], [112.7175, -7.24448], [112.71749000000011, -7.24442], [112.71747, -7.24435], [112.71745, -7.24429], [112.71744, -7.24423], [112.71742, -7.24417], [112.71741780000002, -7.244157], [112.71741, -7.24411], [112.71740790000001, -7.244100799999956], [112.7173974000001, -7.244053199999939], [112.71739, -7.24402], [112.71736850000002, -7.243962799999963], [112.71736, -7.24394], [112.71735380000007, -7.243890599999929], [112.71735, -7.24386], [112.71732, -7.24377], [112.71731490000002, -7.24375219999996], [112.7173, -7.2437], [112.71729, -7.24363], [112.71727, -7.24355], [112.71725, -7.24348], [112.71724, -7.24342], [112.71721, -7.24334], [112.71718, -7.24327], [112.71715560000007, -7.243204799999944], [112.71715, -7.24319], [112.7171131, -7.243116199999974], [112.71711, -7.24311], [112.71707, -7.24304], [112.71704480000005, -7.242989499999965], [112.71704000000011, -7.24298], [112.717, -7.24292], [112.71695590000002, -7.242849399999955], [112.71659330000011, -7.24287709999993], [112.7163849000001, -7.242893099999947], [112.71563220000007, -7.242950699999938], [112.715267, -7.242884899999979], [112.715026, -7.242760799999928], [112.71485070000006, -7.242695], [112.71469730000001, -7.242702299999962], [112.71460020000006, -7.242745199999945], [112.71450510000011, -7.242911599999957], [112.7145, -7.24295], [112.71448270000008, -7.24295079999996], [112.71446790000005, -7.242976599999963], [112.71420490000003, -7.242991099999927], [112.71387410000011, -7.24300919999996], [112.71379520000005, -7.242831399999943], [112.71309, -7.24143], [112.7131098000001, -7.241402299999947], [112.7130926000001, -7.24119], [112.7131121000001, -7.241106399999978], [112.713105, -7.241102799999965], [112.71311530000003, -7.241088199999979], [112.7131223, -7.241062199999931], [112.71318310000004, -7.240800399999955], [112.71320930000002, -7.24074029999997], [112.71323460000008, -7.240646899999945], [112.71328580000011, -7.240564899999981], [112.71328590000007, -7.240564699999936], [112.71335010000007, -7.240417699999966], [112.71362940000006, -7.240010099999949], [112.7136392000001, -7.239994299999978], [112.7137533, -7.239825499999938], [112.71374730000002, -7.23981729999997], [112.71369, -7.23974], [112.71354460000009, -7.239930799999968], [112.7135300000001, -7.23995], [112.71336, -7.24017], [112.71299710000005, -7.240651599999978], [112.7128100000001, -7.2409], [112.71280270000011, -7.240877499999954], [112.71276810000006, -7.240770599999962], [112.71265750000009, -7.240841499999931], [112.7126555000001, -7.240841499999931], [112.71265380000011, -7.240842699999973], [112.712616, -7.240841499999931], [112.7124533000001, -7.240841499999931], [112.71243360000005, -7.240836199999933], [112.71243190000007, -7.240836099999967], [112.71232640000005, -7.240808], [112.71220230000006, -7.240777399999956], [112.71215350000011, -7.240761899999939], [112.71213820000003, -7.240757799999926], [112.71202930000004, -7.240723599999967], [112.71190980000006, -7.240686], [112.7118928000001, -7.24067679999996], [112.71188820000009, -7.240675199999941], [112.71181030000002, -7.240632399999981], [112.71175670000002, -7.240602499999966], [112.71169450000002, -7.24056859999996], [112.71166310000001, -7.240560899999934], [112.7116294000001, -7.240554599999939], [112.71153020000008, -7.24053129999993], [112.71146840000006, -7.240513399999941], [112.7114269000001, -7.240503299999943], [112.71141910000006, -7.240502799999945], [112.71140180000009, -7.240504], [112.711337, -7.240497399999981], [112.71129890000009, -7.240494899999931], [112.71117030000005, -7.240486499999975], [112.71111780000001, -7.240484599999945], [112.71105210000007, -7.240478699999926], [112.7110288, -7.24047719999993], [112.71092890000011, -7.240446899999938], [112.71086320000006, -7.240427599999975], [112.7108462000001, -7.240429099999972], [112.71081150000009, -7.24043439999997], [112.71080140000004, -7.240429199999937], [112.7107823, -7.240420099999938], [112.71063170000002, -7.240341699999931], [112.71048870000004, -7.240268499999956], [112.710453, -7.240250199999934], [112.71040320000009, -7.240224], [112.7103806, -7.240212199999974], [112.71034410000004, -7.240193399999953], [112.71033850000003, -7.240186699999981], [112.710336, -7.240184199999931], [112.71028620000004, -7.240124399999956], [112.7102334000001, -7.240060599999936], [112.71020550000003, -7.240027099999963], [112.710141, -7.239949699999954], [112.71010130000002, -7.23990219999996], [112.7100216, -7.239807599999949], [112.71001830000012, -7.239802499999939], [112.71001540000009, -7.239799], [112.7098873000001, -7.239609499999972], [112.70986160000007, -7.239571599999977], [112.70983420000005, -7.239531799999952], [112.70982630000003, -7.239517099999944], [112.7097003, -7.239292599999942], [112.709673, -7.239247299999931], [112.709663, -7.239228599999933], [112.709594, -7.239038799999946], [112.70956990000002, -7.238973599999952], [112.70962040000006, -7.238713599999926], [112.70961450000004, -7.238649699999939], [112.7095991000001, -7.238464], [112.70957720000001, -7.23821769999995], [112.70942050000008, -7.238046699999927], [112.70933, -7.237948099999926], [112.70929730000012, -7.237912399999971], [112.70925580000005, -7.23786709999996], [112.70925550000004, -7.237866699999927], [112.7092503, -7.237861], [112.70911520000004, -7.237646199999972], [112.70911770000009, -7.237642499999936], [112.7091309000001, -7.237623699999972], [112.70914060000007, -7.237606699999958], [112.70917380000003, -7.237548499999946], [112.70920490000003, -7.237493099999938], [112.7092517000001, -7.237481099999968], [112.70939540000006, -7.237444499999981], [112.70939720000001, -7.237444699999969], [112.7094019000001, -7.237443399999961], [112.70952110000007, -7.237488199999973], [112.70963630000006, -7.237531], [112.70966220000003, -7.237546], [112.70986930000004, -7.237662599999965], [112.7098787000001, -7.237673499999971], [112.709932, -7.237733399999968], [112.70999680000011, -7.237811299999976], [112.71009490000006, -7.237925799999971], [112.7102119000001, -7.238054199999965], [112.71024020000004, -7.238084499999957], [112.71024360000001, -7.238086599999974], [112.71046090000004, -7.238137299999948], [112.71069470000009, -7.238100799999927], [112.71070720000012, -7.238099699999964], [112.7107089000001, -7.238099399999953], [112.7107271000001, -7.238097899999957], [112.71081790000005, -7.238089599999967], [112.71085540000001, -7.238086199999941], [112.71098830000005, -7.238031199999966], [112.71107330000007, -7.237994899999933], [112.71124250000003, -7.237896299999932], [112.71136660000002, -7.237436099999968], [112.71136030000002, -7.237399099999948], [112.71135880000008, -7.237391], [112.71131460000004, -7.23714259999997], [112.71129460000009, -7.237023099999931], [112.71129430000008, -7.237016499999982], [112.71129360000009, -7.237012499999935], [112.71128540000007, -7.236868299999969], [112.7112644, -7.23649759999995], [112.71122140000011, -7.23625009999995], [112.71121430000005, -7.236213199999952], [112.71120310000003, -7.236153399999978], [112.71117520000007, -7.236054], [112.71113290000005, -7.235905899999977], [112.71112750000009, -7.235901499999954], [112.71112160000007, -7.23589759999993], [112.71107360000008, -7.235857399999929], [112.7109726000001, -7.235774799999945], [112.71097220000001, -7.235774499999934], [112.71096520000003, -7.235773], [112.71076770000002, -7.235730599999954], [112.71069940000007, -7.235732399999961], [112.71058750000009, -7.235735699999964], [112.71054560000005, -7.235736199999963], [112.71047570000007, -7.235737899999947], [112.7104667000001, -7.235741899999937], [112.71014610000009, -7.235878299999968], [112.71001790000003, -7.235943], [112.70995650000009, -7.235973699999931], [112.70977440000001, -7.236066599999958], [112.70975970000006, -7.236077], [112.70957720000001, -7.23620539999996], [112.709575, -7.236206599999946], [112.70956660000002, -7.236212599999931], [112.70947940000008, -7.236261099999979], [112.709418, -7.236295199999972], [112.70941540000001, -7.236296699999968], [112.70929230000002, -7.236366099999941], [112.70905130000006, -7.236439099999927], [112.70882480000012, -7.236534099999972], [112.70864580000011, -7.23657529999997], [112.70859540000004, -7.23658729999994], [112.708466, -7.236617199999955], [112.70846360000007, -7.236617199999955], [112.70845960000008, -7.23661809999993], [112.70841080000002, -7.236616799999979], [112.70838690000005, -7.236616599999934], [112.70819140000003, -7.236612799999932], [112.70819040000003, -7.236610799999937], [112.70818940000004, -7.236610799999937], [112.70809480000003, -7.236480299999926], [112.70808370000009, -7.236465299999963], [112.70798160000004, -7.236327099999926], [112.7079811000001, -7.236323499999969], [112.70797760000005, -7.236318599999947], [112.707972, -7.236223], [112.70794840000008, -7.235821899999962], [112.7080042, -7.235613699999931], [112.7080059000001, -7.235605599999928], [112.70802090000007, -7.235548299999948], [112.7080267, -7.235530099999949], [112.70802870000011, -7.235522499999945], [112.70812320000005, -7.235260799999935], [112.70812400000011, -7.235258], [112.70830360000002, -7.234446299999945], [112.70831360000011, -7.234401299999945], [112.70831360000011, -7.234348099999977], [112.70831340000007, -7.234334399999966], [112.70831340000007, -7.234166399999935], [112.7083086, -7.234059899999977], [112.70829170000002, -7.233868099999938], [112.70831180000005, -7.233812799999953], [112.70832960000007, -7.233761699999945], [112.7083464000001, -7.233717499999955], [112.70837930000005, -7.233627099999978], [112.70845410000004, -7.233440099999939], [112.708467, -7.233408], [112.70878790000006, -7.232953799999962], [112.70883450000008, -7.232887099999971], [112.7088556000001, -7.232858], [112.70889790000001, -7.232798099999968], [112.70897270000012, -7.232707799999957], [112.70910970000011, -7.232542399999943], [112.70910990000004, -7.232542299999977], [112.70911150000006, -7.232540399999948], [112.70911580000006, -7.232538499999976], [112.70923590000007, -7.232459899999981], [112.709246, -7.232453199999952], [112.70925330000011, -7.232448499999975], [112.70928750000007, -7.232426199999964], [112.7092996, -7.232418299999949], [112.70930680000004, -7.232417599999962], [112.70931460000008, -7.232405699999958], [112.70932320000009, -7.232392199999936], [112.70938740000008, -7.232294399999944], [112.7094019000001, -7.232272199999954], [112.70958310000003, -7.23225919999993], [112.70960330000003, -7.232257699999934], [112.709604, -7.232257699999934], [112.7096216000001, -7.232256499999949], [112.70962570000006, -7.232251699999949], [112.7096259000001, -7.232251499999961], [112.7099091, -7.232335399999954], [112.70994240000005, -7.232345199999941], [112.71032220000006, -7.232359799999927], [112.71033970000008, -7.232333599999947], [112.71035130000007, -7.232314799999926], [112.7103452, -7.232130499999926], [112.71034380000003, -7.232095699999945], [112.71032820000005, -7.232037699999978], [112.71031370000003, -7.23198629999996], [112.71030130000008, -7.231937599999981], [112.71029240000007, -7.231904199999974], [112.71026370000004, -7.231797399999948], [112.71013230000005, -7.231549099999938], [112.71012470000005, -7.231541], [112.7101116, -7.231530499999963], [112.71002140000007, -7.231431899999961], [112.70999210000002, -7.231397699999945], [112.70994970000004, -7.231351899999936], [112.70992310000008, -7.231317599999954], [112.70991870000012, -7.231312499999945], [112.70988980000004, -7.231274599999949], [112.70978220000006, -7.231135599999959], [112.70977180000011, -7.231122399999947], [112.70969480000008, -7.231028899999956], [112.7096749000001, -7.231005299999936], [112.70965, -7.230974499999945], [112.7096117000001, -7.230927899999926], [112.709572, -7.230879699999946], [112.70956980000005, -7.23087709999993], [112.70941670000002, -7.230800599999952], [112.70935770000006, -7.230771499999946], [112.70926580000003, -7.230721399999936], [112.70924530000002, -7.230709699999977], [112.7091170000001, -7.230639699999927], [112.7090224000001, -7.230611299999964], [112.70897030000003, -7.230596199999979], [112.70887390000007, -7.230612], [112.7088384000001, -7.23061789999997], [112.70872570000006, -7.230637099999967], [112.70872240000006, -7.230636499999946], [112.70864, -7.23062], [112.70857, -7.23061], [112.70851, -7.2306], [112.70843, -7.23059], [112.70838810000009, -7.230585799999972], [112.70833, -7.23058], [112.70827, -7.23058], [112.70821, -7.23059], [112.70815, -7.23059], [112.70808000000011, -7.2306], [112.70802, -7.23062], [112.70795, -7.23064], [112.70789, -7.23065], [112.707879, -7.230653699999948], [112.70783, -7.23067], [112.70776, -7.23069], [112.7077, -7.2307], [112.70764, -7.2307], [112.70758, -7.2307], [112.70752, -7.23069], [112.70746, -7.23067], [112.70738, -7.23064], [112.70729, -7.2306], [112.70724310000003, -7.23054529999996], [112.70723, -7.23053], [112.70718000000011, -7.23046], [112.70715, -7.23041], [112.70713, -7.23034], [112.70711, -7.23027], [112.7071, -7.23021], [112.7071, -7.230154299999981], [112.7071, -7.23014], [112.70709000000011, -7.23007], [112.70709000000011, -7.22997], [112.70709000000011, -7.22989], [112.70709000000011, -7.22982], [112.70709000000011, -7.22974], [112.70709000000011, -7.22966], [112.70709000000011, -7.22956], [112.70709000000011, -7.229506499999957], [112.70709000000011, -7.229492499999935], [112.70709000000011, -7.22946], [112.70709000000011, -7.22935], [112.70709000000011, -7.22923], [112.70709000000011, -7.22912], [112.70709000000011, -7.229], [112.70709000000011, -7.228984599999933], [112.70709000000011, -7.22889], [112.70709000000011, -7.22879], [112.70709000000011, -7.22869], [112.70709000000011, -7.22861], [112.70709000000011, -7.22853], [112.70709000000011, -7.22848179999994], [112.70709000000011, -7.22846], [112.70709000000011, -7.22839], [112.70708450000006, -7.228356899999937], [112.70708, -7.22833], [112.70708, -7.22827], [112.70708, -7.2282], [112.70708, -7.22813], [112.70708, -7.22807], [112.70708, -7.22799], [112.70707, -7.22792], [112.70706, -7.22786], [112.70705, -7.22779], [112.70704, -7.22773], [112.70703, -7.22765], [112.70701, -7.22757], [112.70699, -7.22749], [112.70696, -7.22742], [112.70693, -7.22735], [112.70687, -7.22726], [112.70681, -7.22719], [112.70675, -7.22713], [112.70669, -7.22707], [112.7066, -7.22699], [112.70652, -7.22691], [112.70647, -7.22685], [112.70643, -7.2268], [112.7064, -7.22674], [112.70635, -7.22664], [112.70632, -7.22657], [112.7063, -7.22651], [112.7062800000001, -7.22643], [112.70626, -7.22634], [112.70624, -7.22626], [112.70622, -7.22617], [112.70621, -7.22607], [112.7062, -7.22596], [112.7062, -7.22588], [112.7062, -7.22579], [112.7062, -7.22569], [112.7062, -7.22559], [112.70621, -7.22551], [112.70621, -7.22545], [112.70621, -7.22539], [112.70622, -7.22533], [112.70622, -7.22527], [112.70622, -7.22521], [112.70622, -7.22515], [112.70623, -7.22509], [112.70623, -7.22502], [112.70623, -7.22496], [112.70623, -7.2249], [112.70624, -7.22476], [112.70603, -7.22475], [112.70585, -7.22322], [112.70581, -7.22263], [112.70573, -7.22238], [112.70568, -7.22218], [112.70562, -7.22194], [112.7055, -7.22175], [112.7052900000001, -7.22147], [112.70525, -7.22127], [112.7047136000001, -7.221060399999942], [112.70399, -7.22087], [112.70353000000011, -7.22096], [112.70326690000002, -7.22014669999993], [112.70033540000009, -7.220889099999965], [112.70010690000004, -7.221403], [112.70014190000006, -7.221973799999944], [112.69984000000011, -7.2221], [112.69894580000005, -7.222431], [112.69856510000011, -7.222507099999973], [112.69859, -7.22228], [112.69852, -7.22201], [112.69836, -7.22203], [112.69776080000008, -7.222137399999951], [112.69691000000012, -7.22229], [112.69688, -7.22265], [112.69662340000002, -7.223078199999975], [112.69581, -7.22341], [112.69572, -7.22337], [112.69556000000011, -7.22322], [112.69545, -7.22317], [112.6953400000001, -7.22317], [112.69531, -7.222887799999967], [112.694282, -7.223040099999935], [112.69420490000005, -7.223668], [112.69419, -7.22367], [112.69405, -7.22363], [112.69382, -7.22359], [112.69368, -7.22363], [112.69346, -7.2237], [112.69332020000002, -7.223707799999943], [112.69328, -7.22371], [112.69318, -7.22368], [112.69315, -7.22362], [112.69312, -7.22342], [112.69305, -7.22303], [112.69295000000011, -7.22306], [112.69274, -7.2232], [112.69249, -7.22324], [112.69231, -7.22327], [112.6923, -7.22339], [112.69227, -7.22345], [112.69216, -7.22349], [112.69206, -7.22348], [112.69202, -7.22341], [112.69192, -7.22326], [112.6918, -7.22326], [112.69161, -7.22336], [112.69158650000008, -7.223393], [112.69151000000011, -7.2235], [112.69141, -7.22357], [112.6912400000001, -7.2236], [112.69056, -7.22362], [112.69035, -7.22358], [112.6900700000001, -7.22347], [112.68978, -7.22342], [112.68948000000012, -7.22336], [112.6892600000001, -7.22336], [112.6891700000001, -7.22332], [112.68901, -7.2233], [112.6887200000001, -7.22335], [112.68839, -7.22342], [112.68822000000011, -7.22352], [112.68815, -7.22362], [112.68799, -7.22381], [112.68784, -7.22388], [112.68664, -7.22423], [112.68647, -7.22436], [112.68642000000011, -7.22446], [112.68635, -7.22473], [112.68632, -7.22497], [112.68627, -7.22541], [112.68617, -7.22547], [112.6861, -7.22549], [112.68604, -7.22551], [112.68583, -7.22549], [112.6853, -7.22539], [112.68486, -7.22526], [112.68394, -7.22489], [112.68369, -7.22481], [112.68315, -7.22463], [112.6829100000001, -7.22461], [112.68267, -7.22458], [112.68241, -7.2245], [112.6821063000001, -7.224362], [112.68197, -7.2243], [112.6819200000001, -7.22422], [112.68182, -7.22395], [112.68146, -7.22382], [112.68063, -7.22356], [112.68037, -7.2234], [112.68010730000003, -7.22317019999997], [112.68005, -7.22312], [112.68002, -7.22299], [112.6800300000001, -7.22265], [112.68011, -7.22243], [112.68024, -7.22205], [112.68026, -7.22181], [112.68023, -7.22153], [112.68015, -7.22145], [112.6800300000001, -7.22138], [112.67921, -7.22116], [112.67884, -7.2211], [112.6785, -7.22135], [112.67843, -7.22151], [112.67835, -7.22154], [112.67825, -7.22153], [112.67813, -7.22147], [112.67796, -7.22131], [112.6779, -7.22118], [112.6779, -7.22082], [112.67793, -7.22059], [112.67796, -7.22029], [112.67793, -7.22023], [112.67786, -7.22023], [112.67778, -7.22028], [112.67774, -7.22038], [112.67765, -7.22081], [112.67742, -7.2222], [112.67732, -7.22285], [112.67735, -7.2236], [112.67728000000011, -7.2237], [112.67715, -7.2238], [112.67709, -7.22382], [112.67699, -7.22385], [112.67663, -7.22392], [112.67641, -7.22391], [112.67616, -7.22382], [112.67595, -7.22369], [112.6756, -7.2234], [112.6754800000001, -7.22332], [112.6749, -7.22303], [112.6746700000001, -7.22303], [112.67415, -7.22288], [112.67390000000012, -7.22276], [112.67362, -7.22264], [112.67335, -7.2225], [112.6730500000001, -7.22234], [112.67283, -7.22223], [112.67262, -7.22224], [112.67248, -7.22222], [112.67232, -7.22214], [112.67217, -7.22209], [112.67165000000011, -7.22203], [112.67158, -7.22208], [112.67147000000011, -7.22222], [112.6713, -7.22246], [112.67120000000011, -7.22254], [112.67112, -7.22252], [112.671, -7.22244], [112.67096, -7.22237], [112.67101, -7.22225], [112.67126, -7.22161], [112.67123, -7.2215], [112.67113, -7.2214], [112.67097, -7.22131], [112.67039000000011, -7.22104], [112.67017, -7.2209], [112.66940000000011, -7.22045], [112.6692, -7.22041], [112.66889490000005, -7.220371899999975], [112.66888, -7.22037], [112.66866, -7.22031], [112.66850000000011, -7.22022], [112.66837, -7.22011], [112.66831, -7.22016], [112.66821, -7.22023], [112.66814000000011, -7.22029], [112.66809, -7.22033], [112.66804, -7.22036], [112.66798, -7.22041], [112.66793, -7.22046], [112.66786, -7.22052], [112.6677800000001, -7.2206], [112.66773, -7.22066], [112.66768, -7.22072], [112.66761, -7.22079], [112.66757, -7.22085], [112.66753, -7.22091], [112.66749, -7.22098], [112.66744, -7.22106], [112.6674, -7.22115], [112.66738, -7.22121], [112.66735, -7.22128], [112.66732, -7.22134], [112.66728, -7.22141], [112.66725, -7.22146], [112.66722, -7.22151], [112.66719, -7.22157], [112.66716, -7.22162], [112.66711, -7.22169], [112.66707, -7.22176], [112.66702, -7.22183], [112.6669700000001, -7.22189], [112.66692, -7.22196], [112.66686, -7.22204], [112.66681, -7.2221], [112.66676, -7.22215], [112.66671, -7.22221], [112.66666, -7.22226], [112.6666100000001, -7.22232], [112.66655, -7.22237], [112.66649, -7.22242], [112.66642, -7.22247], [112.6663400000001, -7.22251], [112.66626, -7.22255], [112.66618, -7.22258], [112.6661, -7.22261], [112.666, -7.22264], [112.66594, -7.22266], [112.66588, -7.22268], [112.66582, -7.2227], [112.66573, -7.22272], [112.66565, -7.22273], [112.66559, -7.22274], [112.6655300000001, -7.22275], [112.66547, -7.22275], [112.66539000000012, -7.22273], [112.66528, -7.22271], [112.6651700000001, -7.22267], [112.6651, -7.22262], [112.66503000000012, -7.22258], [112.66498, -7.22254], [112.66492, -7.2225], [112.66485000000011, -7.22244], [112.66478, -7.22238], [112.66473, -7.22234], [112.66464, -7.22228], [112.66455, -7.22223], [112.66447, -7.2222], [112.66439, -7.22219], [112.66431000000011, -7.22219], [112.66422000000011, -7.22223], [112.66417, -7.22228], [112.66412, -7.22232], [112.66408, -7.22237], [112.66403, -7.22243], [112.66397, -7.22252], [112.66393, -7.22259], [112.6639, -7.22265], [112.66386000000011, -7.22272], [112.6638200000001, -7.2228], [112.66379, -7.22287], [112.66377000000011, -7.22294], [112.66374, -7.22302], [112.6637300000001, -7.22311], [112.6637300000001, -7.223115399999926], [112.6637300000001, -7.223164399999973], [112.6637300000001, -7.22319], [112.66374, -7.22327], [112.66377000000011, -7.22335], [112.66379, -7.22343], [112.6638200000001, -7.22348], [112.66385, -7.22354], [112.66389, -7.2236], [112.66394, -7.22368], [112.66398, -7.22375], [112.66402, -7.2238], [112.66408, -7.22398], [112.66408910000007, -7.22420829999993], [112.6640900000001, -7.22423], [112.66403, -7.22461], [112.66390780000006, -7.224749599999939], [112.66390050000007, -7.224758], [112.66389, -7.22477], [112.66374040000005, -7.224994399999957], [112.66371, -7.22504], [112.66368000000011, -7.22518], [112.66372350000006, -7.225426399999947], [112.6638, -7.22586], [112.66387, -7.22623], [112.66387, -7.226456599999949], [112.66387, -7.2265], [112.6638200000001, -7.2271], [112.66376, -7.22743], [112.6636400000001, -7.22767], [112.66350000000011, -7.22782], [112.66336, -7.22792], [112.66316240000003, -7.227989199999968], [112.66316, -7.22799], [112.66286, -7.22803], [112.66217, -7.22804], [112.66194, -7.22811], [112.66171, -7.22824], [112.66157, -7.22837], [112.66142, -7.2286], [112.66125000000011, -7.22894], [112.66124, -7.22906], [112.6613, -7.22961], [112.66142, -7.2299], [112.66170000000011, -7.23043], [112.662, -7.23073], [112.66247, -7.23118], [112.66271, -7.23161], [112.66287000000011, -7.23191], [112.66287000000011, -7.23208], [112.66286160000004, -7.232100599999967], [112.66285760000005, -7.232110299999931], [112.66260000000011, -7.23274], [112.66251000000011, -7.23284], [112.66244, -7.23292], [112.66238, -7.23299], [112.66233000000011, -7.23306], [112.66226, -7.23316], [112.66221, -7.23326], [112.66218, -7.23335], [112.66216, -7.23341], [112.66215000000011, -7.23347], [112.66214, -7.23354], [112.66216, -7.23361], [112.66218, -7.23367], [112.66221, -7.23373], [112.66224000000011, -7.23378], [112.6623, -7.23385], [112.66234, -7.23391], [112.6624, -7.23398], [112.66246, -7.23405], [112.66253, -7.23413], [112.66261, -7.23421], [112.66265, -7.23428], [112.66269000000011, -7.23435], [112.66272, -7.23445], [112.66275, -7.23453], [112.66275, -7.23464], [112.66274, -7.23474], [112.66273, -7.2348], [112.66272, -7.23487], [112.6627, -7.23494], [112.66267, -7.23504], [112.66265, -7.23511], [112.66263, -7.23518], [112.66261, -7.23525], [112.66259, -7.23532], [112.66257, -7.23538], [112.66255, -7.23544], [112.66253, -7.23552], [112.6625, -7.2356], [112.66247, -7.23567], [112.66244, -7.23576], [112.6624, -7.23585], [112.66233000000011, -7.23589], [112.66226, -7.23589], [112.66217, -7.23587], [112.66207, -7.23586], [112.662, -7.23585], [112.66192, -7.23583], [112.66184, -7.23582], [112.66176, -7.2358], [112.66165, -7.23577], [112.66159, -7.23575], [112.66152000000011, -7.23573], [112.66146, -7.23571], [112.6614, -7.2357], [112.66133, -7.23569], [112.66125000000011, -7.23567], [112.66116000000011, -7.23567], [112.66107000000011, -7.23567], [112.66101, -7.23568], [112.66093, -7.2357], [112.66084, -7.23573], [112.66077, -7.23575], [112.66068, -7.23578], [112.6606, -7.23581], [112.66052, -7.23586], [112.66043, -7.23592], [112.66036, -7.23599], [112.66032, -7.23607], [112.66029, -7.23613], [112.66027, -7.2362], [112.66024, -7.23629], [112.66023, -7.23636], [112.66023, -7.23643], [112.66023, -7.23649], [112.66024, -7.23656], [112.66027, -7.23665], [112.66033, -7.23672], [112.66039, -7.23679], [112.66047, -7.23686], [112.6605, -7.23691], [112.66054, -7.23696], [112.66058, -7.23703], [112.6606, -7.2371], [112.66061, -7.23717], [112.66061, -7.23725], [112.66054, -7.23726], [112.6606, -7.23745], [112.66068, -7.23757], [112.66081, -7.23762], [112.66097, -7.23783], [112.66121, -7.23808], [112.66126, -7.23817], [112.66126, -7.23824], [112.66178, -7.23841], [112.6624, -7.23861], [112.66279, -7.23877], [112.66365, -7.23889], [112.66376, -7.2389], [112.6640000000001, -7.23894], [112.66424, -7.23901], [112.66443, -7.23912], [112.66464, -7.23931], [112.66492, -7.23948], [112.66519, -7.2396], [112.6654, -7.23985], [112.66548000000012, -7.24001], [112.66548530000011, -7.240028099999961], [112.6656200000001, -7.24049], [112.66566000000012, -7.24071], [112.66572, -7.24103], [112.66587, -7.24165], [112.66597, -7.24202], [112.66627, -7.2422], [112.66659, -7.24238], [112.66659370000002, -7.24237839999995], [112.66693, -7.24223], [112.66709, -7.24215], [112.66726, -7.24217], [112.66743, -7.24222], [112.66751420000003, -7.242210599999964], [112.66752, -7.24221], [112.66759, -7.24215], [112.66771, -7.24162], [112.66774, -7.24148], [112.6678, -7.24136], [112.66788, -7.24134], [112.66849, -7.24149], [112.66878, -7.24158], [112.66968, -7.24187], [112.66974, -7.24189], [112.66973, -7.24177], [112.66997, -7.24066], [112.67002, -7.24016], [112.67002, -7.23995], [112.67001, -7.23988], [112.66999, -7.23978], [112.66998, -7.23969], [112.67006, -7.23954], [112.67039000000011, -7.23913], [112.67058, -7.23894], [112.67074, -7.23881], [112.67086, -7.23867], [112.67091, -7.23851], [112.67099, -7.23821], [112.67109, -7.23801], [112.67142, -7.23743], [112.67156000000011, -7.23728], [112.67167, -7.2373], [112.67175, -7.23732], [112.67184, -7.23733], [112.67193, -7.23735], [112.67199, -7.23737], [112.67205, -7.23738], [112.67211, -7.2374], [112.6722, -7.23743], [112.67228000000011, -7.23744], [112.67235, -7.23746], [112.67245, -7.23747], [112.67253, -7.23749], [112.67259, -7.23749], [112.67265, -7.2375], [112.67274, -7.2375], [112.67281, -7.2375], [112.67289, -7.2375], [112.67300000000012, -7.2375], [112.67308, -7.2375], [112.6731400000001, -7.2375], [112.6732, -7.2375], [112.67326, -7.2375], [112.6733200000001, -7.2375], [112.67338, -7.2375], [112.67344, -7.23751], [112.67351, -7.23751], [112.67357, -7.23752], [112.67364, -7.23753], [112.6737, -7.23753], [112.6737700000001, -7.23754], [112.67383, -7.23755], [112.67390000000012, -7.23756], [112.67396, -7.23757], [112.67403, -7.23758], [112.6741, -7.23759], [112.67417000000012, -7.23761], [112.67424, -7.23762], [112.6743100000001, -7.23763], [112.67439, -7.23764], [112.6744900000001, -7.23766], [112.67461, -7.23768], [112.6747600000001, -7.2377], [112.67495, -7.23773], [112.67519, -7.23776], [112.6754800000001, -7.23779], [112.67546, -7.23805], [112.67545, -7.23822], [112.67527, -7.23925], [112.6752100000001, -7.24036], [112.6752, -7.24081], [112.67516, -7.24118], [112.67509, -7.24143], [112.67498, -7.24159], [112.67454, -7.2422], [112.67443, -7.2425], [112.67439210000009, -7.242727199999933], [112.67437, -7.24286], [112.67426000000012, -7.24351], [112.67414, -7.24405], [112.674, -7.24461], [112.67391950000001, -7.244840699999941], [112.67390160000002, -7.244892], [112.67385, -7.24504], [112.67415, -7.24504], [112.67481, -7.24522], [112.6754800000001, -7.24541], [112.67665000000011, -7.24574], [112.67761, -7.2461], [112.67782950000003, -7.24619279999996], [112.67787, -7.24621], [112.67778, -7.24637], [112.67769, -7.2466], [112.67762, -7.24682], [112.67747, -7.24732], [112.677398, -7.24752529999995], [112.677, -7.24866], [112.67689, -7.24902], [112.6776, -7.24926], [112.67805, -7.24943], [112.67837, -7.2495], [112.67837830000008, -7.249501099999975], [112.67896, -7.24958], [112.67957, -7.24964], [112.68041, -7.24973], [112.68148, -7.24983], [112.68191, -7.24986], [112.682178, -7.24986], [112.68223000000012, -7.24986], [112.68223000000012, -7.25], [112.68224210000005, -7.251007399999935], [112.68225, -7.25167], [112.68215, -7.25241], [112.68199, -7.25319], [112.68176, -7.25397], [112.68159, -7.25444], [112.68157, -7.25461], [112.68132, -7.25552], [112.68127550000008, -7.255635799999936], [112.68127, -7.25565], [112.68226, -7.25601], [112.68292, -7.25623], [112.68301610000003, -7.256264499999929], [112.68317420000005, -7.256321399999933], [112.68356, -7.25646], [112.6838, -7.25655], [112.68461, -7.25685], [112.68513, -7.25699], [112.68606000000011, -7.25724], [112.68611, -7.25706], [112.68617, -7.25673], [112.68629970000006, -7.255851799999959], [112.68638850000002, -7.255249899999967], [112.68614860000002, -7.255125499999963], [112.68595110000001, -7.255033799999978], [112.6863320000001, -7.253143499999965], [112.686607, -7.25326339999998], [112.68676220000009, -7.253341], [112.6868750000001, -7.252917799999977], [112.68692350000003, -7.252772499999935], [112.68693850000011, -7.252727399999969], [112.68721360000006, -7.252797899999962], [112.68754210000009, -7.252884699999981], [112.68755770000007, -7.252888799999937], [112.68759020000005, -7.25289719999995], [112.68760580000003, -7.252900099999977], [112.687933, -7.252960199999961], [112.68799350000006, -7.252964199999951], [112.6880781000001, -7.252575], [112.69100590000005, -7.253107299999954], [112.6911500000001, -7.25309], [112.69132, -7.25302], [112.69160000000011, -7.2529], [112.69184, -7.25277], [112.69205000000011, -7.25274], [112.6920520000001, -7.252740599999981], [112.69227710000007, -7.251620199999934], [112.69227770000009, -7.251617], [112.69261630000005, -7.251476199999956], [112.693701, -7.250761599999976], [112.69414410000002, -7.250469599999974], [112.69524650000005, -7.249720699999955], [112.69550860000004, -7.249591599999974], [112.6955034, -7.249576899999965], [112.69556200000011, -7.249544599999979], [112.6955977, -7.249525], [112.69559290000007, -7.249514099999942], [112.69552420000002, -7.249359499999969], [112.69540780000011, -7.248893799999962], [112.69520820000002, -7.248627599999963], [112.69500860000005, -7.24817859999996], [112.69504180000001, -7.248078799999973], [112.69515830000012, -7.247912399999962], [112.69517940000003, -7.247895299999925], [112.69520140000009, -7.247910699999977], [112.6954909000001, -7.248112], [112.69569050000007, -7.24834489999995], [112.69574040000009, -7.24854449999998], [112.69572380000011, -7.248710799999969], [112.6956073, -7.248893799999962], [112.6956073, -7.249076699999932], [112.69565720000003, -7.249376099999949], [112.69569840000008, -7.249489299999937], [112.69579030000011, -7.249742], [112.69600650000007, -7.24987509999994], [112.69648890000008, -7.249825199999975], [112.69670510000003, -7.24987509999994], [112.69680490000007, -7.250024799999949], [112.69693360000008, -7.250271599999962], [112.69700450000005, -7.250407299999949], [112.697254, -7.250889699999959], [112.69753670000011, -7.251222299999938], [112.69785270000011, -7.251421899999968], [112.69811890000005, -7.25138869999995], [112.69840160000001, -7.251305499999944], [112.698701, -7.251122499999951], [112.69875090000005, -7.250956199999962], [112.69895050000002, -7.250706699999967], [112.69890060000012, -7.250490499999955], [112.69878420000009, -7.250357399999928], [112.69858460000012, -7.250274299999944], [112.69840160000001, -7.250141199999973], [112.6982852000001, -7.250058099999933], [112.69825190000006, -7.249891699999978], [112.69825190000006, -7.249725399999932], [112.6983351, -7.249525799999958], [112.6986511, -7.249359499999969], [112.69886730000007, -7.249243099999944], [112.69915010000011, -7.249243099999944], [112.69936630000007, -7.249193199999979], [112.69968230000006, -7.249293], [112.69984870000008, -7.249342899999931], [112.69985070000007, -7.249342], [112.70016470000007, -7.24920979999996], [112.7002936, -7.249000399999943], [112.70029770000008, -7.248993599999949], [112.70061380000004, -7.24884389999994], [112.7008499000001, -7.248857199999975], [112.70099630000004, -7.248777299999972], [112.7011427000001, -7.248737399999925], [112.70130230000007, -7.248737399999925], [112.70143540000004, -7.248857199999975], [112.70155520000003, -7.249083399999961], [112.70160170000008, -7.249356199999966], [112.7015884000001, -7.249502499999949], [112.70140210000011, -7.249635599999976], [112.70122920000006, -7.249768599999925], [112.70110160000002, -7.24985369999996], [112.70106950000002, -7.24987509999994], [112.7009763000001, -7.249954899999977], [112.70088320000002, -7.250008199999968], [112.70080440000004, -7.250034399999947], [112.7007235000001, -7.250061399999936], [112.70055050000008, -7.250074699999971], [112.70037760000002, -7.250114599999961], [112.7002711, -7.250167799999929], [112.7002179000001, -7.250274299999944], [112.7001514000001, -7.250354099999981], [112.700178, -7.250527099999942], [112.7002179000001, -7.250713399999938], [112.70024450000005, -7.250926299999946], [112.70033770000009, -7.251258899999925], [112.700484, -7.251538399999959], [112.70047710000006, -7.251595799999961], [112.70053, -7.25179], [112.70062, -7.25208], [112.7008, -7.25238], [112.70087610000007, -7.252460799999938], [112.70096, -7.25255], [112.70106770000007, -7.252630799999963], [112.70108, -7.25264], [112.70118880000007, -7.25273569999996], [112.70131260000005, -7.252844699999969], [112.70133, -7.25286], [112.70141, -7.25287], [112.70152, -7.252940699999954], [112.70153190000008, -7.25297409999996], [112.70154250000007, -7.253033699999946], [112.70154550000007, -7.253050799999926], [112.70155260000001, -7.253091099999949], [112.70154570000011, -7.253173799999956], [112.701525, -7.253215099999977], [112.70138040000006, -7.253290899999968], [112.70130460000007, -7.253346], [112.70119440000008, -7.253428699999972], [112.70116, -7.25349749999998], [112.70113930000002, -7.253552699999943], [112.70116, -7.253628399999968], [112.7012013000001, -7.253683499999966], [112.70124950000002, -7.253731699999946], [112.70136660000003, -7.253711099999975], [112.70145620000005, -7.253621499999952], [112.70157330000006, -7.253573299999971], [112.70168350000006, -7.253538899999967], [112.70180060000007, -7.253532], [112.70180170000003, -7.253532099999973], [112.70190390000005, -7.253538899999967], [112.70197280000002, -7.253573299999971], [112.70205540000006, -7.253587099999947], [112.70210490000011, -7.253611799999931], [112.70212430000004, -7.253621499999952], [112.70222070000011, -7.253662899999938], [112.7022478, -7.253689899999927], [112.7023034, -7.25374549999998], [112.70236200000011, -7.253804099999968], [112.70232740000006, -7.254163299999959], [112.7023137000001, -7.254310699999962], [112.70226650000006, -7.254821899999968], [112.7022641000001, -7.254848699999968], [112.70225920000007, -7.254901199999949], [112.70225130000006, -7.254986799999926], [112.70255190000012, -7.254876099999933], [112.70358550000003, -7.25477], [112.70398300000011, -7.254681699999935], [112.70436290000009, -7.254734699999972], [112.70481350000011, -7.254743499999961], [112.70503190000011, -7.25471959999993], [112.70537890000003, -7.254681699999935], [112.7056616000001, -7.254531499999928], [112.70572780000009, -7.254503099999965], [112.70597080000005, -7.254399], [112.70623580000006, -7.25424], [112.70658030000004, -7.254213499999935], [112.7069514000001, -7.254213499999935], [112.70726060000004, -7.25423109999997], [112.707264, -7.254230899999925], [112.70749910000006, -7.254213499999935], [112.70785250000006, -7.254098599999963], [112.70812640000008, -7.253921899999966], [112.7084532, -7.253798299999971], [112.70868230000008, -7.253768], [112.70868730000007, -7.253767299999936], [112.70869880000009, -7.253561599999955], [112.70870020000007, -7.253535799999952], [112.70875, -7.25354], [112.7089, -7.25355], [112.70903, -7.25353], [112.70929400000011, -7.253495], [112.70932520000008, -7.253490899999974], [112.709802, -7.253427699999975], [112.70980640000005, -7.253427099999953], [112.70993270000008, -7.253237799999965], [112.710039, -7.25307829999997], [112.7102245000001, -7.252795599999956], [112.7103747000001, -7.252548199999978], [112.710463, -7.252398], [112.71052610000004, -7.252271899999926], [112.71058180000011, -7.252160499999945], [112.71058670000002, -7.252150699999959], [112.71098430000006, -7.252177199999949], [112.71092350000004, -7.252550799999938], [112.71092240000007, -7.252557], [112.71091360000003, -7.252618899999959], [112.71099310000011, -7.252769099999966], [112.71117860000004, -7.252998799999943], [112.71139070000004, -7.25315779999994], [112.71172640000009, -7.253414], [112.71203560000004, -7.253511099999969], [112.7124950000001, -7.25350229999998], [112.71286770000006, -7.253476899999953], [112.71288370000002, -7.253475799999933], [112.71292860000005, -7.253559299999949], [112.71306920000006, -7.253820299999973], [112.71303740000008, -7.253828299999952], [112.71243310000011, -7.253979399999935], [112.71230760000003, -7.254016299999932], [112.7122673, -7.254028099999971], [112.71239, -7.25414], [112.7124500000001, -7.25425], [112.71258420000004, -7.254669399999955], [112.71269, -7.255], [112.7127200000001, -7.25509], [112.71285000000012, -7.25512], [112.71293, -7.255143499999974], [112.71302, -7.25517], [112.71325, -7.25533], [112.71349, -7.2556], [112.7136200000001, -7.25578], [112.71367320000002, -7.255809], [112.71373, -7.25584], [112.71390230000009, -7.255876899999976], [112.71401, -7.2559], [112.7143400000001, -7.25611], [112.71462, -7.2563], [112.714726, -7.25633849999997], [112.71473, -7.25634], [112.71485380000001, -7.256159], [112.71486, -7.25615], [112.7148595000001, -7.25614319999994], [112.71485, -7.25602], [112.7149, -7.25567], [112.715, -7.2553], [112.71507190000011, -7.255102199999953], [112.71508, -7.25508], [112.71508390000008, -7.255067399999973], [112.7150746000001, -7.255073599999946], [112.7153164, -7.254143599999963], [112.7153353000001, -7.254071], [112.71534, -7.25404], [112.71558340000001, -7.253109799999947], [112.71579, -7.25232], [112.7157916000001, -7.252310699999953], [112.71583270000008, -7.252068299999962], [112.71588, -7.25179], [112.71587140000008, -7.25161769999994], [112.7158591000001, -7.251371699999936], [112.71584630000007, -7.251116599999932], [112.7158243, -7.250675399999977], [112.7158098000001, -7.250385699999981], [112.71579, -7.24999], [112.71584, -7.24984], [112.715864, -7.249752], [112.71587000000011, -7.24973], [112.71587490000002, -7.249715199999969], [112.7159, -7.24964], [112.71593, -7.24957], [112.71595, -7.24951], [112.71597530000008, -7.249459299999955], [112.715981, -7.249448099999938], [112.71599, -7.24943], [112.71603, -7.24934], [112.71605950000003, -7.249271199999953], [112.71606, -7.24927], [112.7161, -7.24919], [112.71610150000004, -7.249187399999926], [112.71614000000011, -7.24912], [112.71614350000004, -7.249109499999975], [112.71616, -7.24906], [112.71619, -7.249], [112.71622, -7.24893], [112.71623960000011, -7.248884299999929], [112.71625, -7.24886], [112.716264, -7.24883559999995], [112.71629, -7.24879], [112.71632000000011, -7.24871], [112.71635, -7.24864], [112.71638, -7.24857], [112.71641000000011, -7.2485], [112.71644, -7.24844], [112.71647, -7.24838], [112.71648940000011, -7.248347599999931], [112.71650000000011, -7.24833], [112.71653, -7.24827], [112.71657, -7.24819], [112.71661, -7.24812], [112.71664, -7.24807], [112.71667, -7.24801], [112.7167, -7.24796], [112.71671050000009, -7.247928399999978], [112.71672, -7.2479], [112.71675, -7.24785], [112.71678, -7.24779], [112.71681, -7.24774], [112.71684, -7.24768], [112.71687, -7.24763], [112.71689, -7.24757], [112.71693, -7.24749], [112.71698, -7.24739], [112.71703, -7.24729], [112.71708, -7.24719], [112.71712, -7.24712], [112.71715, -7.24707], [112.71718, -7.24702], [112.71723, -7.24695], [112.71728, -7.24686], [112.71733, -7.24677], [112.71738, -7.24669], [112.71741, -7.24664], [112.71745, -7.24658], [112.71749000000011, -7.2465], [112.71749970000008, -7.246478199999956], [112.71753, -7.24641], [112.71756, -7.24635], [112.71759, -7.24628], [112.71763, -7.2462], [112.71766, -7.24612], [112.71769, -7.24606], [112.71771, -7.24599], [112.71773, -7.24589], [112.71774, -7.24582], [112.71774, -7.24575], [112.71774, -7.24568], [112.71773, -7.24559], [112.71772, -7.24551], [112.71772, -7.24544], [112.71771, -7.24536], [112.7177, -7.2453], [112.71769, -7.24521], [112.71766, -7.24514]]] 
      }
    },
    {
      "type": "Feature",
      "properties": {
        "district_id": "3578280",
        "province": "Jawa Timur",
        "regency": "Surabaya",
        "district": "Benowo",
        "pria": 37456,
        "wanita": 37477,
        "total_penduduk": 74933
      },
      "geometry": {
        "type": "MultiPolygon",
        "coordinates": [[[[112.65764, -7.23876], [112.65771, -7.23874], [112.65777, -7.23872], [112.65784, -7.23871], [112.6579, -7.23871], [112.65799, -7.23871], [112.65808, -7.23875], [112.65816, -7.23879], [112.65823000000012, -7.23884], [112.6582800000001, -7.23889], [112.65833, -7.23893], [112.65839, -7.23898], [112.65849, -7.23903], [112.65857, -7.23906], [112.6586400000001, -7.23907], [112.65871, -7.23909], [112.65877000000012, -7.23911], [112.65883, -7.23911], [112.6589, -7.23913], [112.65899, -7.23914], [112.6591, -7.23914], [112.65919, -7.23908], [112.65922, -7.23901], [112.65922, -7.23892], [112.65923, -7.23884], [112.65922, -7.23874], [112.65921, -7.23864], [112.6592, -7.23857], [112.6592, -7.2385], [112.65919, -7.23841], [112.6591800000001, -7.23833], [112.65919, -7.23826], [112.6592, -7.2382], [112.65922, -7.23812], [112.65925, -7.23804], [112.65929, -7.23797], [112.65932, -7.23791], [112.65935, -7.23784], [112.6594, -7.23776], [112.65944, -7.23769], [112.65948, -7.23763], [112.65951, -7.23757], [112.65955, -7.23751], [112.65962, -7.23744], [112.65968, -7.23737], [112.65974, -7.23731], [112.65979, -7.23727], [112.65985, -7.23722], [112.65992, -7.23717], [112.65997, -7.23714], [112.66004, -7.23711], [112.66011, -7.2371], [112.66017000000011, -7.2371], [112.66023, -7.2371], [112.6603, -7.23712], [112.66038, -7.23716], [112.66046, -7.23721], [112.66054, -7.23726], [112.66061, -7.23725], [112.66061, -7.23717], [112.6606, -7.2371], [112.66058, -7.23703], [112.66054, -7.23696], [112.6605, -7.23691], [112.66047, -7.23686], [112.66039, -7.23679], [112.66033, -7.23672], [112.66027, -7.23665], [112.66024, -7.23656], [112.66023, -7.23649], [112.66023, -7.23643], [112.66023, -7.23636], [112.66024, -7.23629], [112.66027, -7.2362], [112.66029, -7.23613], [112.66032, -7.23607], [112.66036, -7.23599], [112.66043, -7.23592], [112.66052, -7.23586], [112.6606, -7.23581], [112.66068, -7.23578], [112.66077, -7.23575], [112.66084, -7.23573], [112.66093, -7.2357], [112.66101, -7.23568], [112.66107000000011, -7.23567], [112.66116000000011, -7.23567], [112.66125000000011, -7.23567], [112.66133, -7.23569], [112.6614, -7.2357], [112.66146, -7.23571], [112.66152000000011, -7.23573], [112.66159, -7.23575], [112.66165, -7.23577], [112.66176, -7.2358], [112.66184, -7.23582], [112.66192, -7.23583], [112.662, -7.23585], [112.66207, -7.23586], [112.66217, -7.23587], [112.66226, -7.23589], [112.66233000000011, -7.23589], [112.6624, -7.23585], [112.66244, -7.23576], [112.66247, -7.23567], [112.6625, -7.2356], [112.66253, -7.23552], [112.66255, -7.23544], [112.66257, -7.23538], [112.66259, -7.23532], [112.66261, -7.23525], [112.66263, -7.23518], [112.66265, -7.23511], [112.66267, -7.23504], [112.6627, -7.23494], [112.66272, -7.23487], [112.66273, -7.2348], [112.66274, -7.23474], [112.66275, -7.23464], [112.66275, -7.23453], [112.66272, -7.23445], [112.66269000000011, -7.23435], [112.66265, -7.23428], [112.66261, -7.23421], [112.66253, -7.23413], [112.66246, -7.23405], [112.6624, -7.23398], [112.66234, -7.23391], [112.6623, -7.23385], [112.66224000000011, -7.23378], [112.66221, -7.23373], [112.66218, -7.23367], [112.66216, -7.23361], [112.66214, -7.23354], [112.66215000000011, -7.23347], [112.66216, -7.23341], [112.66218, -7.23335], [112.66221, -7.23326], [112.66226, -7.23316], [112.66233000000011, -7.23306], [112.66238, -7.23299], [112.66244, -7.23292], [112.66251000000011, -7.23284], [112.66260000000011, -7.23274], [112.66285760000005, -7.232110299999931], [112.66286160000004, -7.232100599999967], [112.66287000000011, -7.23208], [112.66287000000011, -7.23191], [112.66271, -7.23161], [112.66247, -7.23118], [112.662, -7.23073], [112.66170000000011, -7.23043], [112.66142, -7.2299], [112.6613, -7.22961], [112.66124, -7.22906], [112.66125000000011, -7.22894], [112.66142, -7.2286], [112.66157, -7.22837], [112.66171, -7.22824], [112.66194, -7.22811], [112.66217, -7.22804], [112.66286, -7.22803], [112.66316, -7.22799], [112.66316240000003, -7.227989199999968], [112.66336, -7.22792], [112.66350000000011, -7.22782], [112.6636400000001, -7.22767], [112.66376, -7.22743], [112.6638200000001, -7.2271], [112.66387, -7.2265], [112.66387, -7.226456599999949], [112.66387, -7.22623], [112.6638, -7.22586], [112.66372350000006, -7.225426399999947], [112.66368000000011, -7.22518], [112.66371, -7.22504], [112.66374040000005, -7.224994399999957], [112.66389, -7.22477], [112.66390050000007, -7.224758], [112.66390780000006, -7.224749599999939], [112.66403, -7.22461], [112.6640900000001, -7.22423], [112.66408910000007, -7.22420829999993], [112.66408, -7.22398], [112.66402, -7.2238], [112.66398, -7.22375], [112.66394, -7.22368], [112.66389, -7.2236], [112.66385, -7.22354], [112.6638200000001, -7.22348], [112.66379, -7.22343], [112.66377000000011, -7.22335], [112.66374, -7.22327], [112.6637300000001, -7.22319], [112.6637300000001, -7.223164399999973], [112.6637300000001, -7.223115399999926], [112.6637300000001, -7.22311], [112.66374, -7.22302], [112.66377000000011, -7.22294], [112.66379, -7.22287], [112.6638200000001, -7.2228], [112.66386000000011, -7.22272], [112.6639, -7.22265], [112.66393, -7.22259], [112.66397, -7.22252], [112.66403, -7.22243], [112.66408, -7.22237], [112.66412, -7.22232], [112.66417, -7.22228], [112.66422000000011, -7.22223], [112.66431000000011, -7.22219], [112.66439, -7.22219], [112.66447, -7.2222], [112.66455, -7.22223], [112.66464, -7.22228], [112.66473, -7.22234], [112.66478, -7.22238], [112.66485000000011, -7.22244], [112.66492, -7.2225], [112.66498, -7.22254], [112.66503000000012, -7.22258], [112.6651, -7.22262], [112.6651700000001, -7.22267], [112.66528, -7.22271], [112.66539000000012, -7.22273], [112.66547, -7.22275], [112.6655300000001, -7.22275], [112.66559, -7.22274], [112.66565, -7.22273], [112.66573, -7.22272], [112.66582, -7.2227], [112.66588, -7.22268], [112.66594, -7.22266], [112.666, -7.22264], [112.6661, -7.22261], [112.66618, -7.22258], [112.66626, -7.22255], [112.6663400000001, -7.22251], [112.66642, -7.22247], [112.66649, -7.22242], [112.66655, -7.22237], [112.6666100000001, -7.22232], [112.66666, -7.22226], [112.66671, -7.22221], [112.66676, -7.22215], [112.66681, -7.2221], [112.66686, -7.22204], [112.66692, -7.22196], [112.6669700000001, -7.22189], [112.66702, -7.22183], [112.66707, -7.22176], [112.66711, -7.22169], [112.66716, -7.22162], [112.66719, -7.22157], [112.66722, -7.22151], [112.66725, -7.22146], [112.66728, -7.22141], [112.66732, -7.22134], [112.66735, -7.22128], [112.66738, -7.22121], [112.6674, -7.22115], [112.66744, -7.22106], [112.66749, -7.22098], [112.66753, -7.22091], [112.66757, -7.22085], [112.66761, -7.22079], [112.66768, -7.22072], [112.66773, -7.22066], [112.6677800000001, -7.2206], [112.66786, -7.22052], [112.66793, -7.22046], [112.66798, -7.22041], [112.66804, -7.22036], [112.66809, -7.22033], [112.66814000000011, -7.22029], [112.66821, -7.22023], [112.66831, -7.22016], [112.66837, -7.22011], [112.66866, -7.219766], [112.66898360000005, -7.219252], [112.6689646000001, -7.218795099999966], [112.66850770000008, -7.218167], [112.66782240000009, -7.21712], [112.66740360000006, -7.216568], [112.667042, -7.216587], [112.66645710000012, -7.216964699999949], [112.6660902000001, -7.217177099999958], [112.66612820000012, -7.216853499999957], [112.6660902000001, -7.21668219999998], [112.6660902000001, -7.216358599999978], [112.66636, -7.21611], [112.66649, -7.21597], [112.66649, -7.2159], [112.66629000000012, -7.21581], [112.66583, -7.21534], [112.66572, -7.21521], [112.66566000000012, -7.21489], [112.6656, -7.21465], [112.66541, -7.21418], [112.66529, -7.21409], [112.66512000000012, -7.21393], [112.66489, -7.2137], [112.66461, -7.21348], [112.66456, -7.21334], [112.66442, -7.21292], [112.66404000000011, -7.21243], [112.66394, -7.21232], [112.66383, -7.21206], [112.66372, -7.21166], [112.66368000000011, -7.21152], [112.66354, -7.21123], [112.66341000000011, -7.21094], [112.66293, -7.20999], [112.667897, -7.204872899999941], [112.66918190000001, -7.205681899999945], [112.67013370000006, -7.204777699999966], [112.66927710000004, -7.203921099999945], [112.66932470000006, -7.20373079999996], [112.67389320000007, -7.198924299999931], [112.676701, -7.196259299999952], [112.67765280000003, -7.197068299999955], [112.68041290000008, -7.199162199999932], [112.68141230000003, -7.198400799999945], [112.68274480000002, -7.196497199999953], [112.68231650000007, -7.195831], [112.6824117000001, -7.194974399999978], [112.68169780000005, -7.193689499999948], [112.68084120000003, -7.19307079999993], [112.68041290000008, -7.192832799999962], [112.68027020000011, -7.192452099999969], [112.67988950000006, -7.192119], [112.6791280000001, -7.191881099999932], [112.67836660000012, -7.191119599999979], [112.6786045, -7.190786499999945], [112.67812870000012, -7.190358199999935], [112.67784310000002, -7.190548599999943], [112.67751, -7.190358199999935], [112.67698650000011, -7.190881699999977], [112.6759396000001, -7.19131], [112.67527330000007, -7.191881099999932], [112.67517810000004, -7.192452099999969], [112.6750829, -7.19349909999994], [112.67522570000006, -7.194165299999952], [112.67551120000007, -7.194593599999962], [112.6759396000001, -7.195117099999948], [112.67636790000006, -7.195117099999948], [112.67417880000005, -7.197734499999967], [112.67346490000011, -7.198210399999937], [112.67203720000009, -7.199971199999936], [112.67118060000007, -7.20078019999994], [112.67022880000002, -7.199971199999936], [112.66737350000005, -7.202731399999948], [112.66742110000007, -7.204444599999931], [112.66767690000006, -7.20462109999994], [112.66271630000006, -7.209658699999977], [112.66238, -7.20911], [112.66222, -7.20869], [112.6621, -7.20853], [112.66154, -7.20795], [112.66135, -7.20784], [112.66104, -7.20773], [112.66092, -7.20774], [112.66068, -7.20781], [112.66045, -7.20787], [112.6603391000001, -7.207866499999966], [112.66013, -7.20786], [112.66005, -7.20779], [112.66002, -7.20769], [112.66, -7.20735], [112.66003, -7.20714], [112.66016, -7.20665], [112.66027, -7.20617], [112.66039, -7.20587], [112.66051, -7.20569], [112.66080000000011, -7.20534], [112.6609, -7.20486], [112.66088, -7.20478], [112.66079, -7.20467], [112.66098220000003, -7.203534199999979], [112.66175550000003, -7.203415299999961], [112.66208270000004, -7.203534199999979], [112.66232060000004, -7.203385499999968], [112.6621421000001, -7.201690099999951], [112.663897, -7.201154799999927], [112.66440260000002, -7.200649099999964], [112.663897, -7.200054299999977], [112.66520570000012, -7.198715799999945], [112.66490830000009, -7.198329199999932], [112.66434310000011, -7.197645099999932], [112.66390750000005, -7.196927499999958], [112.663947, -7.196389299999964], [112.6638709, -7.195254299999931], [112.66400170000009, -7.194313799999975], [112.66387320000001, -7.19389979999994], [112.66358770000011, -7.193657099999939], [112.66316130000007, -7.193517799999938], [112.66102880000005, -7.193307499999946], [112.66034700000012, -7.193757499999947], [112.65984390000006, -7.19434229999996], [112.65914920000012, -7.195149899999933], [112.65917210000009, -7.196354399999962], [112.65445710000006, -7.196051599999976], [112.65417890000003, -7.196131599999944], [112.65128330000005, -7.196964699999967], [112.6485748, -7.197607], [112.64673080000011, -7.197879299999954], [112.64636230000008, -7.197933699999965], [112.64365390000012, -7.198083899999972], [112.63967130000003, -7.198734299999956], [112.63712670000007, -7.199206899999979], [112.6348190000001, -7.199635499999943], [112.63100860000009, -7.200848699999938], [112.62883000000011, -7.201542399999937], [112.62571, -7.203301199999942], [112.62567130000002, -7.203532099999961], [112.6255569000001, -7.204141899999968], [112.62527460000001, -7.205555299999958], [112.62523640000006, -7.206074099999967], [112.6251754000001, -7.20632779999994], [112.62508390000005, -7.20648749999998], [112.62506750000011, -7.206529299999943], [112.6250533000001, -7.206565699999942], [112.62503410000011, -7.206711899999959], [112.62502740000002, -7.206901699999946], [112.625039, -7.207105799999965], [112.62505080000005, -7.207255199999963], [112.62568980000003, -7.207946599999957], [112.62567480000007, -7.20840359999994], [112.625625, -7.209095], [112.62565490000009, -7.20935389999994], [112.62572060000002, -7.209483599999942], [112.62575760000004, -7.209596699999963], [112.62575320000008, -7.209745899999973], [112.62569780000001, -7.209947499999942], [112.62563030000001, -7.210261599999967], [112.62555980000002, -7.210807099999954], [112.62551660000008, -7.21099769999995], [112.62554670000009, -7.211225599999977], [112.625579, -7.211351599999944], [112.62573010000006, -7.211472899999933], [112.625746, -7.211508599999945], [112.6258726000001, -7.21161879999994], [112.62605940000003, -7.21168849999998], [112.62698300000011, -7.21196], [112.6277778000001, -7.21193779999993], [112.62786470000003, -7.21198279999993], [112.62793130000011, -7.212091899999962], [112.6280018000001, -7.212353399999927], [112.62804620000009, -7.212697299999945], [112.62806880000005, -7.21328879999993], [112.62808060000009, -7.213599099999954], [112.62767030000009, -7.214753899999948], [112.62758560000009, -7.214948799999945], [112.62721780000004, -7.215746599999932], [112.62700740000002, -7.216167699999971], [112.6268659000001, -7.216458199999977], [112.6269747, -7.216919299999972], [112.62702930000012, -7.21725639999994], [112.62704620000011, -7.217634699999962], [112.62704850000011, -7.218069], [112.62698480000006, -7.218278399999974], [112.62697120000007, -7.218376299999932], [112.62693420000005, -7.218642099999954], [112.62677610000003, -7.21924249999995], [112.62666170000011, -7.21969839999997], [112.626661, -7.219701199999975], [112.62674, -7.2198], [112.62701, -7.22014], [112.62707000000012, -7.22037], [112.62715, -7.2207], [112.6271, -7.22074], [112.62711, -7.2211], [112.62718, -7.22176], [112.62726, -7.22246], [112.62722, -7.22263], [112.62744, -7.22252], [112.62763, -7.2225], [112.62787, -7.22252], [112.62804, -7.22252], [112.62882, -7.22298], [112.62909, -7.22311], [112.62939, -7.22325], [112.62946000000011, -7.22313], [112.62953, -7.22241], [112.62956, -7.22216], [112.62961, -7.22201], [112.62972, -7.22185], [112.62984, -7.22176], [112.63004, -7.2219], [112.63055, -7.22218], [112.63132, -7.22254], [112.63185, -7.22281], [112.63189000000011, -7.22288], [112.63202, -7.2231], [112.63227, -7.22315], [112.63249, -7.22314], [112.63269, -7.22307], [112.63296, -7.22293], [112.63314, -7.22281], [112.63337, -7.22261], [112.6339, -7.22286], [112.63395, -7.22274], [112.63393, -7.22261], [112.63391, -7.22233], [112.63393, -7.22175], [112.63415, -7.22143], [112.63441000000012, -7.22121], [112.63477000000012, -7.22101], [112.6349100000001, -7.22093], [112.63521, -7.22104], [112.63541, -7.22083], [112.63553, -7.2207], [112.63556, -7.22085], [112.63564, -7.22138], [112.63575, -7.22139], [112.63628, -7.22158], [112.63678, -7.22176], [112.63728, -7.22185], [112.6374, -7.22188], [112.63706, -7.22256], [112.63687, -7.22284], [112.63657, -7.22317], [112.63643, -7.22326], [112.63624, -7.22333], [112.6360800000001, -7.22343], [112.63588, -7.22365], [112.63561, -7.22401], [112.63546, -7.22427], [112.63539, -7.22442], [112.63521, -7.22479], [112.63507, -7.22534], [112.63479, -7.22631], [112.63474, -7.22649], [112.63442, -7.22721], [112.6343700000001, -7.22753], [112.6343700000001, -7.22769], [112.6346400000001, -7.22777], [112.6348, -7.22784], [112.63489, -7.22789], [112.6349, -7.22832], [112.6349, -7.22856], [112.63472, -7.22915], [112.63463, -7.22947], [112.63458, -7.22983], [112.63457, -7.23082], [112.63454, -7.23125], [112.63451, -7.23161], [112.63452, -7.23209], [112.63452, -7.23243], [112.63443, -7.23297], [112.63434, -7.23338], [112.63433, -7.23344], [112.63434, -7.23383], [112.63427, -7.23486], [112.63435290000007, -7.234962099999962], [112.63438860000008, -7.235006], [112.6343951, -7.235014], [112.6344524000001, -7.234995799999979], [112.6346506000001, -7.234964099999956], [112.6352604000001, -7.235144799999944], [112.63556870000002, -7.235144799999944], [112.63556870000002, -7.235242699999958], [112.63557910000009, -7.235482199999979], [112.6355271000001, -7.235711199999969], [112.635423, -7.236096499999974], [112.63536130000011, -7.236353299999962], [112.63526650000006, -7.236560199999928], [112.63524560000008, -7.236627699999929], [112.6352147, -7.236700399999961], [112.63514050000003, -7.236923099999956], [112.63511060000008, -7.237012799999945], [112.63506890000008, -7.237241799999936], [112.63505470000007, -7.237275], [112.63502440000002, -7.237331299999937], [112.63505960000009, -7.23741339999998], [112.6350695000001, -7.237457599999971], [112.635074, -7.237478], [112.63503340000011, -7.237681], [112.63500770000007, -7.237787799999978], [112.63495440000008, -7.237970699999948], [112.63487110000005, -7.238251799999944], [112.63482220000003, -7.238520699999981], [112.63480920000006, -7.238559699999939], [112.634749, -7.238744599999961], [112.6346837000001, -7.238907799999936], [112.63462120000008, -7.239355599999953], [112.63462120000008, -7.239355899999964], [112.63460750000002, -7.239451799999927], [112.63460750000002, -7.239624], [112.63460610000004, -7.239631499999973], [112.63458770000011, -7.23973449999994], [112.63456, -7.23989], [112.63452260000008, -7.23993669999993], [112.6344994000001, -7.239962299999945], [112.6343644000001, -7.240081399999951], [112.63432120000004, -7.240073699999925], [112.63424880000002, -7.240043599999979], [112.63421970000002, -7.240019299999972], [112.63421460000006, -7.240014499999972], [112.63421050000011, -7.240011699999968], [112.63397980000002, -7.239819399999931], [112.63373660000002, -7.239649199999974], [112.63369540000008, -7.239615699999945], [112.63368880000007, -7.239609], [112.63357070000006, -7.239464099999964], [112.63349210000001, -7.239422799999943], [112.63345, -7.239391699999942], [112.63345, -7.23942], [112.63345270000002, -7.239438899999925], [112.6317792000001, -7.24316], [112.63178370000003, -7.24316239999996], [112.6317831, -7.243163899999956], [112.632008, -7.243281], [112.632018, -7.243286199999943], [112.63301650000005, -7.243813599999953], [112.63299730000006, -7.243847199999948], [112.63299, -7.24386], [112.6330832000001, -7.243899099999965], [112.634217, -7.244531699999925], [112.6343065000001, -7.244581899999957], [112.63410970000007, -7.244998099999975], [112.63403360000007, -7.245145399999956], [112.63371240000004, -7.245837299999948], [112.63364540000009, -7.245957799999928], [112.63356740000006, -7.246077899999932], [112.63346530000001, -7.246391599999981], [112.63326860000006, -7.246974899999941], [112.63325, -7.247007199999928], [112.63325, -7.24703], [112.63325, -7.24709], [112.63325, -7.24715], [112.63323, -7.24723], [112.63321, -7.24732], [112.63319, -7.2474], [112.63317, -7.24748], [112.63314, -7.24757], [112.63313, -7.24763], [112.6331100000001, -7.24769], [112.63309, -7.24776], [112.63308, -7.24783], [112.63306000000011, -7.2479], [112.63304, -7.24797], [112.63301, -7.24805], [112.63299, -7.24814], [112.63296, -7.24823], [112.63294, -7.24833], [112.63291, -7.24842], [112.63289, -7.24852], [112.63286, -7.24862], [112.63283, -7.24871], [112.63281, -7.2488], [112.63280770000006, -7.248809299999948], [112.63279000000011, -7.24888], [112.63277, -7.24895], [112.6327500000001, -7.24903], [112.6327341000001, -7.249109499999975], [112.63273, -7.24913], [112.63272, -7.2492], [112.63270000000011, -7.24926], [112.632698, -7.249274299999968], [112.63264620000007, -7.249314799999979], [112.63262590000011, -7.249323699999934], [112.63260350000007, -7.249348199999929], [112.63255960000004, -7.249382699999956], [112.63250510000012, -7.249456], [112.63243760000012, -7.24952989999997], [112.63228520000007, -7.249727199999938], [112.63210270000002, -7.249941399999955], [112.63208780000002, -7.249957599999959], [112.63206570000011, -7.249981699999978], [112.6319535, -7.250085799999965], [112.63173830000005, -7.250480399999958], [112.63173830000005, -7.25054659999995], [112.63173830000005, -7.250722499999938], [112.63167, -7.25082], [112.6314, -7.25124], [112.63123, -7.25151], [112.63122710000005, -7.251515199999972], [112.63122350000003, -7.251521699999955], [112.63127540000005, -7.251596499999948], [112.63135950000003, -7.251737599999956], [112.63107450000007, -7.252381699999944], [112.63104790000011, -7.252435], [112.63086030000011, -7.252865799999938], [112.63049440000009, -7.253692899999976], [112.6304947000001, -7.253705799999977], [112.6304970000001, -7.25381479999993], [112.6304980000001, -7.253864199999953], [112.63053080000009, -7.253917199999933], [112.63060340000004, -7.254137], [112.63085780000006, -7.254865799999948], [112.6310228000001, -7.255295599999954], [112.63104930000009, -7.255372399999942], [112.63105420000011, -7.255372799999975], [112.6310658000001, -7.255402899999979], [112.63120930000002, -7.255833199999927], [112.63128170000005, -7.256033699999932], [112.63132370000005, -7.25615], [112.63134750000006, -7.256180599999936], [112.631373, -7.256213599999967], [112.63136170000007, -7.256281599999966], [112.63172930000007, -7.257267899999931], [112.63187810000011, -7.257663599999944], [112.63193560000002, -7.257824099999937], [112.6321084000001, -7.258294499999977], [112.63213330000008, -7.258362099999943], [112.63218590000008, -7.258496199999968], [112.63220450000006, -7.25855], [112.63221610000005, -7.258573199999944], [112.6322398000001, -7.258633699999962], [112.63232750000009, -7.258803899999975], [112.63238250000006, -7.25889669999998], [112.63241920000007, -7.258952299999976], [112.6324105000001, -7.258986499999935], [112.6323976000001, -7.259036899999955], [112.63231, -7.25938], [112.6322, -7.25967], [112.63186, -7.26015], [112.63171000000011, -7.26027], [112.63150430000007, -7.260505099999932], [112.6315078, -7.260507899999936], [112.631546, -7.260538899999972], [112.63168330000008, -7.26069769999998], [112.63182060000008, -7.260883599999943], [112.6318817, -7.260932299999979], [112.63233180000009, -7.26173579999994], [112.63268270000003, -7.262707499999976], [112.63272290000009, -7.26288889999995], [112.63281240000003, -7.263292599999943], [112.63279720000003, -7.264031], [112.6328, -7.26403], [112.63303, -7.26395], [112.6334, -7.26394], [112.63393, -7.26406], [112.6346, -7.26413], [112.63476, -7.26422], [112.63506, -7.2645], [112.63555, -7.26466], [112.63591, -7.2647], [112.63616, -7.26459], [112.63639, -7.26436], [112.63642, -7.26409], [112.63634, -7.26396], [112.63622, -7.26385], [112.63614, -7.26375], [112.63637, -7.2634], [112.63645990000009, -7.263237], [112.6365300000001, -7.26311], [112.63662000000011, -7.26276], [112.63668, -7.26253], [112.63677, -7.26226], [112.63688280000008, -7.262147199999959], [112.63702, -7.26201], [112.63722, -7.2615], [112.63779000000011, -7.26164], [112.63831, -7.26175], [112.63861, -7.26186], [112.6387, -7.26194], [112.63868040000011, -7.261861599999975], [112.63868, -7.26186], [112.63868, -7.26178], [112.63874, -7.26169], [112.63881, -7.26163], [112.63895, -7.26131], [112.63895160000004, -7.261302799999953], [112.63901, -7.26104], [112.63904, -7.2608], [112.63911, -7.26073], [112.63925, -7.26072], [112.63932000000011, -7.2607], [112.63942, -7.26062], [112.63949, -7.26041], [112.63949920000005, -7.260347399999944], [112.63954, -7.26007], [112.63957, -7.25989], [112.63961, -7.25965], [112.63966830000004, -7.259516], [112.63981, -7.25919], [112.64001, -7.25928], [112.64017, -7.25933], [112.64039, -7.25934], [112.64062, -7.25943], [112.64075, -7.25948], [112.64091, -7.25945], [112.64105, -7.25943], [112.64112000000011, -7.25943], [112.64113640000005, -7.25935439999995], [112.64117070000009, -7.259366099999966], [112.6416345, -7.259524799999951], [112.6421342000001, -7.259618399999965], [112.64244640000004, -7.259509099999946], [112.6429773000001, -7.259587199999942], [112.643352, -7.259712099999945], [112.643433, -7.259734399999957], [112.64397660000009, -7.259883899999977], [112.64423210000007, -7.259952], [112.644241, -7.25995439999997], [112.644445, -7.26000879999998], [112.64444670000012, -7.260002099999951], [112.64452310000001, -7.259696499999961], [112.64472160000003, -7.259771799999953], [112.64497590000008, -7.259868299999937], [112.64525690000005, -7.259477899999979], [112.64594390000002, -7.259618399999965], [112.64594910000005, -7.259597299999939], [112.64610940000011, -7.258936699999936], [112.64620680000007, -7.258535199999926], [112.64642370000001, -7.257641199999966], [112.64651, -7.25765], [112.64651210000011, -7.257650099999978], [112.64662090000002, -7.257654099999968], [112.64663420000011, -7.257887299999936], [112.64664660000005, -7.258103899999981], [112.64696650000008, -7.258242499999938], [112.647115, -7.25830689999998], [112.64771810000002, -7.258364299999926], [112.6477708000001, -7.25836929999997], [112.6481549, -7.258394899999928], [112.64847340000006, -7.258416199999942], [112.64854610000009, -7.258408699999961], [112.64881910000008, -7.258475799999928], [112.64894890000005, -7.258487599999967], [112.649297, -7.258464], [112.64944450000007, -7.258464], [112.64967460000003, -7.258393199999944], [112.64969310000004, -7.258357599999954], [112.64975130000005, -7.258245699999975], [112.649779, -7.258230699999956], [112.64981960000011, -7.258208699999955], [112.650049, -7.258198499999935], [112.65024, -7.25819], [112.6507, -7.25803], [112.65093, -7.258], [112.65147, -7.25781], [112.65197870000009, -7.257724099999962], [112.65223910000009, -7.257680099999959], [112.65224, -7.25768], [112.65225, -7.25786], [112.6523, -7.25793], [112.65245, -7.2581], [112.65250660000004, -7.25822119999998], [112.65252, -7.25825], [112.65256000000011, -7.25839], [112.65259, -7.25872], [112.65255, -7.25888], [112.65252, -7.25904], [112.65256000000011, -7.25922], [112.65272, -7.25954], [112.65277, -7.25964], [112.65272, -7.25968], [112.65235, -7.25992], [112.65234, -7.26002], [112.65237, -7.26012], [112.65243450000003, -7.260276499999975], [112.65244, -7.26029], [112.65246, -7.26051], [112.6524415, -7.260889899999938], [112.65244, -7.26092], [112.65243270000008, -7.260943], [112.65238000000011, -7.26111], [112.65234, -7.26128], [112.65231, -7.26155], [112.65223, -7.26163], [112.65214, -7.26162], [112.65177, -7.26157], [112.65149, -7.26159], [112.65135, -7.26169], [112.65119, -7.26177], [112.65109, -7.26181], [112.65108, -7.26189], [112.65109, -7.26199], [112.65141, -7.2622], [112.65141, -7.26227], [112.6513801000001, -7.262516599999969], [112.65137, -7.2626], [112.65141, -7.26269], [112.65154, -7.26286], [112.6515, -7.26298], [112.65136, -7.26329], [112.6513900000001, -7.26359], [112.65145, -7.26363], [112.6515, -7.26368], [112.65149, -7.26399], [112.65158, -7.26405], [112.65177, -7.26409], [112.65183320000006, -7.264109799999972], [112.6519300000001, -7.26414], [112.65195, -7.26422], [112.65193030000012, -7.264348299999938], [112.652159, -7.264437799999939], [112.65235890000008, -7.264525699999979], [112.65251680000006, -7.264595199999974], [112.65306060000012, -7.264824199999964], [112.65361870000004, -7.265081699999939], [112.65413390000003, -7.26531069999993], [112.65474930000005, -7.265582599999959], [112.65497650000009, -7.265469], [112.65497820000007, -7.265468099999964], [112.65502120000008, -7.265038799999957], [112.65502890000005, -7.26495929999993], [112.65505120000012, -7.264729], [112.65506410000012, -7.264595199999974], [112.65520720000006, -7.264337599999976], [112.65523690000009, -7.264212899999961], [112.65532850000011, -7.264224599999977], [112.6553646000001, -7.26408], [112.65539430000001, -7.264052099999958], [112.65542830000004, -7.26402], [112.65543780000007, -7.264011099999948], [112.65560790000006, -7.263851], [112.65603720000001, -7.263750799999968], [112.65608330000009, -7.26372379999998], [112.65609710000001, -7.263715599999955], [112.65622, -7.263643299999956], [112.65623940000012, -7.26363189999995], [112.6562805000001, -7.263607699999966], [112.65645230000007, -7.263436], [112.6565495000001, -7.263047], [112.65655240000001, -7.263035299999956], [112.65662340000006, -7.263047799999981], [112.657039, -7.263121199999944], [112.65731090000008, -7.263049599999931], [112.6574379000001, -7.262979], [112.65756850000002, -7.262906499999929], [112.6576113000001, -7.262900799999954], [112.65862750000008, -7.26276439999998], [112.65865420000011, -7.262760799999967], [112.65865540000004, -7.26274449999994], [112.65872520000005, -7.262749199999973], [112.65892680000002, -7.26278949999994], [112.65894450000008, -7.262784099999976], [112.659103, -7.262735299999974], [112.6593375000001, -7.262643499999967], [112.65941480000004, -7.262613299999941], [112.659609, -7.262561499999947], [112.659609, -7.262532199999953], [112.65935900000011, -7.262282299999981], [112.65920440000002, -7.262127599999928], [112.659124, -7.262031199999967], [112.65906380000001, -7.261814299999969], [112.6589633000001, -7.261645599999952], [112.65889510000011, -7.261501], [112.65886490000003, -7.261306199999979], [112.6589613000001, -7.261262], [112.6588054, -7.261088099999938], [112.658793, -7.261074299999962], [112.65881220000006, -7.260981899999933], [112.65889090000007, -7.260932199999957], [112.65888880000011, -7.260826699999939], [112.65892610000003, -7.260731499999963], [112.65899640000009, -7.260586599999954], [112.65909990000011, -7.260491399999978], [112.65920340000002, -7.260412799999926], [112.65926060000004, -7.26037649999995], [112.65930060000005, -7.26035109999998], [112.65932750000002, -7.260334099999966], [112.65941440000006, -7.260296899999958], [112.65943890000005, -7.260287699999935], [112.65948920000005, -7.260242299999959], [112.65955010000005, -7.260187299999927], [112.65968670000007, -7.260100399999942], [112.65983570000003, -7.260007199999961], [112.65984690000005, -7.259976399999971], [112.65985730000011, -7.259947899999929], [112.65982010000005, -7.259907799999951], [112.6597, -7.259804299999928], [112.65966950000006, -7.259754099999952], [112.65965560000006, -7.259740199999953], [112.659621, -7.259690399999954], [112.65956970000002, -7.259661499999936], [112.6594573000001, -7.259639099999958], [112.65940380000006, -7.25963239999993], [112.65940340000009, -7.259621899999956], [112.65940180000007, -7.259576099999947], [112.65940110000008, -7.259554], [112.65951280000002, -7.259305599999948], [112.65957490000005, -7.259057199999972], [112.65961060000006, -7.259005899999977], [112.65959210000005, -7.259002299999963], [112.65977360000011, -7.258188], [112.65978860000007, -7.258071799999925], [112.65980650000006, -7.258074], [112.65989160000004, -7.257238], [112.65988570000002, -7.257216599999936], [112.65993, -7.256876899999952], [112.65996870000004, -7.256580499999927], [112.65998420000005, -7.256498], [112.66002480000009, -7.256283199999928], [112.66002330000003, -7.256270499999971], [112.66001630000005, -7.256206899999938], [112.65997390000007, -7.256130499999927], [112.65994060000003, -7.256115299999976], [112.65987210000003, -7.256083899999965], [112.65978730000006, -7.256054199999937], [112.65978530000007, -7.256053799999961], [112.65936090000002, -7.255966899999976], [112.65934820000007, -7.255942699999935], [112.65894260000005, -7.255868199999952], [112.65887160000011, -7.255866699999956], [112.65836860000002, -7.255763699999932], [112.65829180000003, -7.255765099999962], [112.65824110000005, -7.255746099999953], [112.65796790000002, -7.255630199999928], [112.65758810000011, -7.255482299999926], [112.6576162, -7.25540559999996], [112.65764090000005, -7.255316299999947], [112.65760940000007, -7.255303799999979], [112.65755520000005, -7.255282199999954], [112.6569, -7.25507], [112.6566, -7.25501], [112.65622, -7.25495], [112.65617550000002, -7.254985599999941], [112.65609110000003, -7.254947699999946], [112.65598740000007, -7.254932899999972], [112.65593030000002, -7.254914699999972], [112.65589580000005, -7.254903799999965], [112.65584120000005, -7.254897799999981], [112.6555661000001, -7.254874499999971], [112.6553358000001, -7.254797699999926], [112.6552084000001, -7.254785399999946], [112.65478710000002, -7.254764799999975], [112.65467600000011, -7.254759299999932], [112.65467, -7.25473], [112.65441150000004, -7.25473], [112.6544, -7.25473], [112.6545, -7.25436], [112.65454000000011, -7.25422], [112.65462, -7.25405], [112.65462760000003, -7.254022], [112.65472000000011, -7.25368], [112.65473, -7.25362], [112.65483, -7.25318], [112.65485, -7.25309], [112.65486460000011, -7.253026], [112.65506, -7.25217], [112.65512, -7.25188], [112.65518, -7.25152], [112.65518, -7.25124], [112.65512, -7.25084], [112.65513, -7.2506], [112.65516, -7.25038], [112.65519, -7.2503], [112.65523, -7.25015], [112.65523110000004, -7.250142599999947], [112.65523140000005, -7.25014], [112.65525, -7.25001], [112.65517000000011, -7.24989], [112.65513, -7.24943], [112.65509, -7.24903], [112.65506, -7.24867], [112.65503, -7.24835], [112.655, -7.24808], [112.65498, -7.24783], [112.65496, -7.24761], [112.65494, -7.24742], [112.65492, -7.24724], [112.65490000000011, -7.24709], [112.65489, -7.24695], [112.65487, -7.24682], [112.65486, -7.2467], [112.65485, -7.24659], [112.65484, -7.24649], [112.65482, -7.24639], [112.65481000000011, -7.24629], [112.6548, -7.24618], [112.65478, -7.24608], [112.65477, -7.24596], [112.65475, -7.24584], [112.65474, -7.24571], [112.65472000000011, -7.24556], [112.6547, -7.24541], [112.65469, -7.24524], [112.65467, -7.24506], [112.65465, -7.24488], [112.65463000000011, -7.2447], [112.65462, -7.24453], [112.6546, -7.24437], [112.65459, -7.24422], [112.65457, -7.24409], [112.65456, -7.24397], [112.65455, -7.24387], [112.65454000000011, -7.24377], [112.65453, -7.24368], [112.65453, -7.2436], [112.65452, -7.24352], [112.65451, -7.24344], [112.6545, -7.24335], [112.65449, -7.24327], [112.65448, -7.24318], [112.65447, -7.24309], [112.65446, -7.243], [112.65445000000011, -7.24292], [112.65444, -7.24284], [112.65444, -7.24276], [112.65443, -7.24269], [112.65442, -7.24262], [112.65442, -7.24256], [112.65442, -7.2425], [112.65442, -7.24241], [112.65442, -7.24231], [112.65442, -7.24223], [112.65442, -7.24215], [112.65443, -7.24208], [112.65444, -7.24201], [112.65445000000011, -7.24192], [112.65446, -7.24181], [112.65448, -7.24174], [112.6545, -7.24166], [112.65452, -7.24158], [112.65455, -7.24152], [112.65457, -7.24144], [112.6546, -7.24138], [112.65462, -7.24131], [112.65462670000011, -7.241298399999948], [112.65466, -7.24124], [112.6547, -7.24118], [112.65474, -7.24113], [112.65481000000011, -7.24107], [112.65489, -7.24098], [112.65495, -7.24093], [112.65501, -7.24089], [112.65509, -7.24081], [112.65517000000011, -7.24074], [112.65524, -7.24068], [112.65529, -7.24065], [112.65534, -7.2406], [112.65539, -7.24056], [112.65545, -7.24051], [112.65552, -7.24045], [112.6556, -7.24038], [112.6556700000001, -7.24034], [112.65573, -7.24028], [112.65582, -7.24021], [112.65591, -7.24014], [112.656, -7.24007], [112.65607000000011, -7.24002], [112.6561200000001, -7.23998], [112.65618, -7.23993], [112.65624, -7.23988], [112.6563000000001, -7.23983], [112.65637, -7.23977], [112.65645, -7.23971], [112.65653, -7.23964], [112.65661000000011, -7.23958], [112.65668, -7.23951], [112.65676, -7.23944], [112.65683, -7.23938], [112.6569, -7.23932], [112.65696, -7.23927], [112.6570200000001, -7.23922], [112.65707, -7.23918], [112.65712, -7.23914], [112.65718, -7.23908], [112.65726, -7.23901], [112.65732, -7.23896], [112.65739, -7.23891], [112.6574700000001, -7.23886], [112.65753, -7.23882], [112.65759, -7.23879], [112.65764, -7.23876]]], [[[112.66426750000005, -7.193747199999962], [112.6644113000001, -7.19400429999996], [112.6644490000001, -7.194147399999963], [112.66436930000009, -7.195560799999953], [112.66438640000001, -7.196226099999933], [112.66458110000008, -7.197079899999949], [112.66508670000007, -7.197407099999964], [112.66544370000008, -7.197436899999957], [112.66586010000003, -7.197317899999973], [112.6660700000001, -7.1965], [112.66615, -7.1962], [112.6661600000001, -7.19558], [112.66614, -7.19524], [112.66603, -7.19467], [112.66604, -7.19448], [112.66605, -7.19418], [112.66602000000012, -7.19385], [112.66584000000012, -7.19348], [112.6657431000001, -7.193314699999974], [112.66545790000009, -7.192386499999941], [112.6652438000001, -7.192129499999965], [112.66495820000011, -7.192100899999957], [112.66460820000009, -7.192285699999957], [112.66403670000011, -7.192703599999959], [112.66358470000011, -7.193138599999941], [112.66426750000005, -7.193747199999962]]]] 
      }
    },
    {
      "type": "Feature",
      "properties": {
        "district_id": "3578281",
        "province": "Jawa Timur",
        "regency": "Surabaya",
        "district": "Pakal",
        "pria": 32377,
        "wanita": 32138,
        "total_penduduk": 64515
      },
      "geometry": {
        "type": "Polygon",
        "coordinates": [[[112.62722, -7.22263], [112.62726, -7.22246], [112.62718, -7.22176], [112.62711, -7.2211], [112.6271, -7.22074], [112.62715, -7.2207], [112.62707000000012, -7.22037], [112.62701, -7.22014], [112.62674, -7.2198], [112.626661, -7.219701199999975], [112.62666170000011, -7.21969839999997], [112.62677610000003, -7.21924249999995], [112.62693420000005, -7.218642099999954], [112.62697120000007, -7.218376299999932], [112.62698480000006, -7.218278399999974], [112.62704850000011, -7.218069], [112.62704620000011, -7.217634699999962], [112.62702930000012, -7.21725639999994], [112.6269747, -7.216919299999972], [112.6268659000001, -7.216458199999977], [112.62700740000002, -7.216167699999971], [112.62721780000004, -7.215746599999932], [112.62758560000009, -7.214948799999945], [112.62767030000009, -7.214753899999948], [112.62808060000009, -7.213599099999954], [112.62806880000005, -7.21328879999993], [112.62804620000009, -7.212697299999945], [112.6280018000001, -7.212353399999927], [112.62793130000011, -7.212091899999962], [112.62786470000003, -7.21198279999993], [112.6277778000001, -7.21193779999993], [112.62698300000011, -7.21196], [112.62605940000003, -7.21168849999998], [112.6258726000001, -7.21161879999994], [112.625746, -7.211508599999945], [112.62573010000006, -7.211472899999933], [112.625579, -7.211351599999944], [112.62554670000009, -7.211225599999977], [112.62551660000008, -7.21099769999995], [112.62555980000002, -7.210807099999954], [112.62563030000001, -7.210261599999967], [112.62569780000001, -7.209947499999942], [112.62575320000008, -7.209745899999973], [112.62575760000004, -7.209596699999963], [112.62572060000002, -7.209483599999942], [112.62565490000009, -7.20935389999994], [112.625625, -7.209095], [112.62567480000007, -7.20840359999994], [112.62568980000003, -7.207946599999957], [112.62505080000005, -7.207255199999963], [112.625039, -7.207105799999965], [112.62502740000002, -7.206901699999946], [112.62503410000011, -7.206711899999959], [112.6250533000001, -7.206565699999942], [112.62506750000011, -7.206529299999943], [112.62508390000005, -7.20648749999998], [112.6251754000001, -7.20632779999994], [112.62523640000006, -7.206074099999967], [112.62527460000001, -7.205555299999958], [112.6255569000001, -7.204141899999968], [112.62567130000002, -7.203532099999961], [112.62571, -7.203301199999942], [112.62568140000008, -7.203317299999981], [112.62420650000001, -7.204148799999928], [112.62090300000011, -7.206069], [112.61973950000004, -7.206615299999953], [112.61874690000002, -7.207081399999936], [112.616127, -7.208311599999945], [112.61344150000002, -7.209043], [112.61032870000008, -7.208659199999943], [112.60680390000005, -7.206892], [112.6061433000001, -7.206553299999939], [112.60407920000011, -7.205495099999951], [112.60150150000004, -7.204173599999933], [112.59916930000009, -7.203227099999935], [112.59916690000011, -7.203226099999938], [112.59622960000002, -7.202528499999971], [112.5926895, -7.202303899999947], [112.5921631000001, -7.204542599999968], [112.59244540000009, -7.206687399999964], [112.59244540000009, -7.206978299999946], [112.59233860000006, -7.207057], [112.59447940000007, -7.208003299999973], [112.59494810000001, -7.209057899999948], [112.59600280000006, -7.210229799999979], [112.5981121000001, -7.211987599999929], [112.5984496000001, -7.212452299999939], [112.598236, -7.212400299999956], [112.597969, -7.212401199999931], [112.59765620000007, -7.212468], [112.59743490000005, -7.212561], [112.59706110000002, -7.21277269999996], [112.59664150000003, -7.213050199999941], [112.596199, -7.213407399999937], [112.59567250000009, -7.213843199999928], [112.59514610000008, -7.214291899999978], [112.59477990000005, -7.214622399999939], [112.59465780000005, -7.214729599999941], [112.5952529000001, -7.215073399999937], [112.59554280000009, -7.215337099999942], [112.59571070000004, -7.215855399999953], [112.59610740000005, -7.216154399999937], [112.596466, -7.216381399999932], [112.59709920000012, -7.216462499999977], [112.59729760000005, -7.216316599999971], [112.5973815000001, -7.216025699999932], [112.5975036000001, -7.215755799999954], [112.5976257000001, -7.215589399999942], [112.59805290000008, -7.215494499999977], [112.5985717000001, -7.215638], [112.59943380000004, -7.215925099999936], [112.59968560000004, -7.216007099999956], [112.60014340000009, -7.216026599999964], [112.60049430000004, -7.216284599999938], [112.60074610000004, -7.216823], [112.60064690000002, -7.217445199999929], [112.60039510000001, -7.217778099999975], [112.59916680000003, -7.218305399999963], [112.59854430000007, -7.218605599999933], [112.598091, -7.218824199999972], [112.597702, -7.219065499999942], [112.59759510000004, -7.219349699999952], [112.59780880000005, -7.220228099999929], [112.59774010000001, -7.22136439999997], [112.59757990000003, -7.221675699999935], [112.59731290000002, -7.222022899999956], [112.59696190000011, -7.221864099999948], [112.59642020000001, -7.221457799999939], [112.5961761000001, -7.221050099999957], [112.59615320000012, -7.220677199999955], [112.59610740000005, -7.220402599999943], [112.59592430000009, -7.220181299999979], [112.59563440000011, -7.219969099999958], [112.59538260000011, -7.219614899999954], [112.59535210000001, -7.219144699999958], [112.5952377000001, -7.218656899999928], [112.59494770000003, -7.217867699999942], [112.594551, -7.217169599999977], [112.59400930000004, -7.215124899999978], [112.59393310000007, -7.215124899999978], [112.59358970000005, -7.215284199999928], [112.59325400000012, -7.215495899999951], [112.59296410000002, -7.215720499999975], [112.5927352000001, -7.215905], [112.5926055000001, -7.216090099999974], [112.5924377, -7.216327], [112.59233090000009, -7.216498699999931], [112.59222410000007, -7.216775299999938], [112.59214770000006, -7.217156799999941], [112.59207150000009, -7.217552], [112.5920278000001, -7.217762799999946], [112.59211730000004, -7.21869659999993], [112.59212360000004, -7.218756699999972], [112.5922045000001, -7.219535499999949], [112.59233090000009, -7.220752199999936], [112.59161920000008, -7.221424699999943], [112.59164420000002, -7.221710099999939], [112.591629, -7.221998499999927], [112.59156030000008, -7.222568799999976], [112.59154500000011, -7.222788199999968], [112.59156030000008, -7.222904099999937], [112.59158320000006, -7.22302179999997], [112.59164420000002, -7.223218299999928], [112.59194940000009, -7.223578299999929], [112.59207150000009, -7.223687499999926], [112.5921935, -7.223734699999966], [112.59262080000008, -7.223734699999966], [112.59356680000008, -7.223444799999982], [112.59360540000011, -7.223435199999926], [112.5938777, -7.223367399999972], [112.59398640000006, -7.223340399999927], [112.594757, -7.223307499999976], [112.5961608, -7.223353199999963], [112.596611, -7.223373299999935], [112.5967025000001, -7.223389899999972], [112.59674070000005, -7.223404699999946], [112.59685280000008, -7.22346749999997], [112.5968597000001, -7.223471399999937], [112.59694660000002, -7.223520099999973], [112.59706870000002, -7.22362789999994], [112.59715270000004, -7.223744199999942], [112.59718060000012, -7.223885199999927], [112.59743490000005, -7.225168599999961], [112.59752650000007, -7.225786099999937], [112.597618, -7.226004899999964], [112.59778590000008, -7.226230499999929], [112.59792320000008, -7.226325799999927], [112.59804530000008, -7.226397399999939], [112.5984496000001, -7.226633399999969], [112.59857940000006, -7.226770699999975], [112.5987014000001, -7.226979099999937], [112.59877010000002, -7.227179399999955], [112.59877770000003, -7.227355799999941], [112.59871670000007, -7.227655299999981], [112.59861750000005, -7.227827399999967], [112.59845730000006, -7.228000499999951], [112.59828180000011, -7.228131099999928], [112.598175, -7.228145], [112.59787630000005, -7.228171199999963], [112.59781640000006, -7.228176499999961], [112.5978156000001, -7.228180699999939], [112.5977706000001, -7.228417299999933], [112.59781640000006, -7.228493599999979], [112.59791560000008, -7.228558899999939], [112.59811390000004, -7.228669], [112.59848780000004, -7.228942699999948], [112.598648, -7.228969899999981], [112.59894550000001, -7.229019], [112.5989303, -7.229275599999937], [112.598915, -7.229588399999955], [112.59899130000008, -7.229646099999968], [112.59924310000008, -7.22976239999997], [112.5993423000001, -7.229731899999933], [112.599388, -7.229677099999947], [112.599388, -7.229592699999955], [112.59938040000009, -7.229436199999952], [112.59944150000001, -7.229355699999928], [112.59950250000009, -7.229339899999957], [112.59963980000009, -7.229373799999962], [112.59976740000002, -7.229433599999936], [112.59985350000011, -7.229473899999959], [112.60011290000011, -7.229609799999935], [112.600273, -7.229685199999949], [112.600357, -7.229777699999943], [112.60036460000003, -7.229881099999943], [112.6004104000001, -7.230199699999957], [112.60048670000003, -7.230225399999938], [112.60111230000007, -7.230371799999944], [112.60153190000005, -7.230599299999938], [112.60175320000008, -7.230716099999938], [112.60178370000006, -7.230780899999957], [112.60364520000007, -7.232199], [112.60373680000009, -7.232265799999936], [112.60411070000009, -7.232438399999978], [112.60443110000006, -7.232611499999962], [112.604482, -7.232656599999927], [112.60460660000001, -7.232767], [112.60460640000008, -7.232768799999974], [112.60459130000004, -7.232901], [112.60459130000004, -7.233314399999927], [112.60459130000004, -7.233346799999936], [112.60459130000004, -7.233380699999941], [112.60459130000004, -7.233423099999925], [112.604454, -7.234005799999977], [112.60441440000011, -7.234200499999929], [112.60439290000011, -7.234306199999935], [112.60431660000006, -7.234896499999934], [112.60420980000004, -7.235425299999974], [112.60401910000007, -7.236247399999968], [112.6038665000001, -7.237008], [112.6038665000001, -7.237183], [112.6038665000001, -7.237196299999937], [112.6038665000001, -7.237234], [112.60395810000011, -7.237402299999928], [112.60407250000003, -7.237496199999953], [112.60415640000008, -7.23753679999993], [112.60418690000006, -7.237555399999962], [112.60435480000001, -7.237714599999947], [112.6044769, -7.237858099999926], [112.60448940000003, -7.237895399999957], [112.60454550000009, -7.238063199999942], [112.60456840000006, -7.238295899999969], [112.60456080000006, -7.238474199999928], [112.60491940000009, -7.23857959999998], [112.60501090000002, -7.238627299999962], [112.60496510000007, -7.238892399999941], [112.60496510000007, -7.238947699999926], [112.60568230000001, -7.239156099999946], [112.60613240000009, -7.23928669999998], [112.60646810000003, -7.239387799999975], [112.6065139000001, -7.239413599999978], [112.6065139000001, -7.239530399999978], [112.60646050000003, -7.23969829999993], [112.60641470000007, -7.239795099999981], [112.60643, -7.240057799999931], [112.60643760000005, -7.240216099999941], [112.60644520000005, -7.240286199999957], [112.6064986, -7.240386299999955], [112.60644520000005, -7.240516], [112.606346, -7.240756399999952], [112.60630030000004, -7.240958099999943], [112.60629270000004, -7.24099949999993], [112.60629270000004, -7.241002299999934], [112.60629270000004, -7.241052499999967], [112.60627740000007, -7.241159799999934], [112.60625450000009, -7.241267099999959], [112.6062392, -7.241295199999968], [112.60623160000011, -7.241372], [112.60622400000011, -7.241397699999936], [112.606163, -7.241741499999932], [112.60606380000002, -7.242151599999943], [112.60604850000004, -7.242197399999952], [112.6059570000001, -7.242194499999925], [112.60576620000006, -7.242143], [112.60568230000001, -7.242156299999976], [112.605606, -7.242220299999929], [112.6055679000001, -7.24229269999995], [112.6055907000001, -7.242492499999969], [112.60559840000008, -7.24257549999993], [112.60551450000003, -7.242707099999961], [112.60539240000003, -7.242799099999957], [112.60524740000005, -7.242839699999934], [112.605133, -7.242795299999955], [112.60490410000011, -7.242696599999931], [112.60473630000001, -7.242655099999979], [112.60449210000002, -7.242766199999949], [112.60408780000012, -7.243072799999936], [112.60394280000003, -7.243197299999963], [112.6038436, -7.243362799999943], [112.60359950000009, -7.244010799999955], [112.60358420000011, -7.244043699999963], [112.60333250000008, -7.244721699999957], [112.60332480000011, -7.244752699999935], [112.60316460000001, -7.244707], [112.60310360000005, -7.244692199999974], [112.60308830000008, -7.244760799999938], [112.603012, -7.245148499999971], [112.60298910000006, -7.245602899999938], [112.6027984000001, -7.245604799999967], [112.602684, -7.245646799999975], [112.60243980000007, -7.245847499999968], [112.60229490000006, -7.246012099999973], [112.60219570000004, -7.246068799999932], [112.60202780000009, -7.246327199999939], [112.6019897000001, -7.246485599999971], [112.60199740000007, -7.246490499999936], [112.60237110000003, -7.246730699999944], [112.602539, -7.246847], [112.6026687000001, -7.246956199999943], [112.60285180000005, -7.247019199999954], [112.60311880000006, -7.247074], [112.60324090000006, -7.247145499999931], [112.60338590000003, -7.247383], [112.60346980000008, -7.247563699999944], [112.60349270000006, -7.247635199999934], [112.6038665000001, -7.247767799999963], [112.60398040000007, -7.247831899999937], [112.6041335000001, -7.247918], [112.6045074000001, -7.248061499999949], [112.60498040000004, -7.248204599999951], [112.6055907000001, -7.248401499999943], [112.6065215000001, -7.248613199999966], [112.60673520000012, -7.248611299999936], [112.6078185, -7.248387199999968], [112.608406, -7.248279899999943], [112.608848, -7.248245299999951], [112.60885270000006, -7.248244899999975], [112.60885610000003, -7.248244599999964], [112.60937490000003, -7.248136399999964], [112.60985560000006, -7.248068599999954], [112.6104888000001, -7.248053399999947], [112.61277, -7.24811109999996], [112.61394490000009, -7.248133499999938], [112.6145553, -7.248207399999956], [112.61460110000007, -7.248369099999934], [112.6147155000001, -7.24878769999998], [112.6148071, -7.249421899999959], [112.61482230000001, -7.249483399999974], [112.61476130000005, -7.249767599999927], [112.61473840000008, -7.249942099999942], [112.61473080000007, -7.250000299999954], [112.6147231000001, -7.250024699999926], [112.61463160000005, -7.251096599999926], [112.61457050000001, -7.251362599999936], [112.61431880000009, -7.251998299999968], [112.61424250000005, -7.252400699999953], [112.61460870000008, -7.252446499999962], [112.6149673000001, -7.252460799999938], [112.61538690000009, -7.252477499999941], [112.6159133000001, -7.252522299999953], [112.61672970000006, -7.252598099999943], [112.61714930000005, -7.252643399999954], [112.61790460000009, -7.252652], [112.61784360000001, -7.253198499999939], [112.61769860000004, -7.254172199999971], [112.61766050000006, -7.254417699999976], [112.6176147000001, -7.25483689999993], [112.61757650000004, -7.255321799999933], [112.61757650000004, -7.255377599999974], [112.617607, -7.255501099999947], [112.61763760000008, -7.255660399999954], [112.617607, -7.255834399999969], [112.61758420000001, -7.255906399999958], [112.61753840000006, -7.256144799999959], [112.61744680000004, -7.256447599999944], [112.6173705000001, -7.256746599999929], [112.61734, -7.256906399999934], [112.61730190000003, -7.257061299999975], [112.61720980000007, -7.257525699999974], [112.6172027, -7.257561599999974], [112.61750790000008, -7.257548199999974], [112.61762990000011, -7.257551499999977], [112.61783590000005, -7.257556299999976], [112.61798850000002, -7.257585399999925], [112.6181716000001, -7.257622599999934], [112.61831660000007, -7.257654], [112.61846920000005, -7.257689299999981], [112.61862180000003, -7.257732699999963], [112.61879720000002, -7.257784699999945], [112.61891930000002, -7.257821899999954], [112.6190643000001, -7.257871499999965], [112.61926260000007, -7.257943], [112.61954490000005, -7.258043099999952], [112.61969390000002, -7.258096], [112.61971280000012, -7.258102699999938], [112.6198425, -7.258150899999976], [112.61998740000001, -7.25820049999993], [112.62021620000007, -7.258286699999928], [112.6202545000001, -7.258301099999926], [112.62033070000007, -7.258331099999964], [112.62046810000004, -7.258396499999947], [112.62057490000007, -7.258460799999966], [112.62067410000009, -7.258518599999945], [112.620758, -7.258576199999936], [112.62092590000009, -7.258681599999932], [112.62103270000011, -7.258744099999944], [112.6212005000001, -7.258822299999963], [112.62126920000003, -7.258856199999968], [112.62140650000003, -7.258918599999959], [112.6214599000001, -7.258944799999938], [112.6215744000001, -7.258996799999977], [112.6234740000001, -7.260155099999963], [112.6235656, -7.260149799999965], [112.62370290000001, -7.260154599999964], [112.62387080000008, -7.260181299999942], [112.62399280000011, -7.260202299999946], [112.62414540000009, -7.260231399999952], [112.62431330000004, -7.260288099999968], [112.62445820000005, -7.260338199999978], [112.62462610000011, -7.260391599999934], [112.62474820000011, -7.260427299999947], [112.62487790000012, -7.260446899999977], [112.62499990000003, -7.260466399999927], [112.62527920000002, -7.260662199999956], [112.62528220000002, -7.260664299999974], [112.62532130000011, -7.260691899999927], [112.6262283000001, -7.261333299999933], [112.6263656000001, -7.26135], [112.627098, -7.261178799999925], [112.6276203000001, -7.260978199999954], [112.62767020000001, -7.260959], [112.62855520000005, -7.260559399999977], [112.6291351000001, -7.26005349999997], [112.6292724000001, -7.259762599999931], [112.62929530000008, -7.259754499999929], [112.62930290000008, -7.259722599999975], [112.62947840000004, -7.259755899999959], [112.62981410000009, -7.259819799999946], [112.630371, -7.25996809999998], [112.63042440000004, -7.259983899999952], [112.63082120000001, -7.260094], [112.63132470000005, -7.260358199999928], [112.63150430000007, -7.260505099999932], [112.63171000000011, -7.26027], [112.63186, -7.26015], [112.6322, -7.25967], [112.63231, -7.25938], [112.6323976000001, -7.259036899999955], [112.6324105000001, -7.258986499999935], [112.63241920000007, -7.258952299999976], [112.63238250000006, -7.25889669999998], [112.63232750000009, -7.258803899999975], [112.6322398000001, -7.258633699999962], [112.63221610000005, -7.258573199999944], [112.63220450000006, -7.25855], [112.63218590000008, -7.258496199999968], [112.63213330000008, -7.258362099999943], [112.6321084000001, -7.258294499999977], [112.63193560000002, -7.257824099999937], [112.63187810000011, -7.257663599999944], [112.63172930000007, -7.257267899999931], [112.63136170000007, -7.256281599999966], [112.631373, -7.256213599999967], [112.63134750000006, -7.256180599999936], [112.63132370000005, -7.25615], [112.63128170000005, -7.256033699999932], [112.63120930000002, -7.255833199999927], [112.6310658000001, -7.255402899999979], [112.63105420000011, -7.255372799999975], [112.63104930000009, -7.255372399999942], [112.6310228000001, -7.255295599999954], [112.63085780000006, -7.254865799999948], [112.63060340000004, -7.254137], [112.63053080000009, -7.253917199999933], [112.6304980000001, -7.253864199999953], [112.6304970000001, -7.25381479999993], [112.6304947000001, -7.253705799999977], [112.63049440000009, -7.253692899999976], [112.63086030000011, -7.252865799999938], [112.63104790000011, -7.252435], [112.63107450000007, -7.252381699999944], [112.63135950000003, -7.251737599999956], [112.63127540000005, -7.251596499999948], [112.63122350000003, -7.251521699999955], [112.63122710000005, -7.251515199999972], [112.63123, -7.25151], [112.6314, -7.25124], [112.63167, -7.25082], [112.63173830000005, -7.250722499999938], [112.63173830000005, -7.25054659999995], [112.63173830000005, -7.250480399999958], [112.6319535, -7.250085799999965], [112.63206570000011, -7.249981699999978], [112.63208780000002, -7.249957599999959], [112.63210270000002, -7.249941399999955], [112.63228520000007, -7.249727199999938], [112.63243760000012, -7.24952989999997], [112.63250510000012, -7.249456], [112.63255960000004, -7.249382699999956], [112.63260350000007, -7.249348199999929], [112.63262590000011, -7.249323699999934], [112.63264620000007, -7.249314799999979], [112.632698, -7.249274299999968], [112.63270000000011, -7.24926], [112.63272, -7.2492], [112.63273, -7.24913], [112.6327341000001, -7.249109499999975], [112.6327500000001, -7.24903], [112.63277, -7.24895], [112.63279000000011, -7.24888], [112.63280770000006, -7.248809299999948], [112.63281, -7.2488], [112.63283, -7.24871], [112.63286, -7.24862], [112.63289, -7.24852], [112.63291, -7.24842], [112.63294, -7.24833], [112.63296, -7.24823], [112.63299, -7.24814], [112.63301, -7.24805], [112.63304, -7.24797], [112.63306000000011, -7.2479], [112.63308, -7.24783], [112.63309, -7.24776], [112.6331100000001, -7.24769], [112.63313, -7.24763], [112.63314, -7.24757], [112.63317, -7.24748], [112.63319, -7.2474], [112.63321, -7.24732], [112.63323, -7.24723], [112.63325, -7.24715], [112.63325, -7.24709], [112.63325, -7.24703], [112.63325, -7.247007199999928], [112.63326860000006, -7.246974899999941], [112.63346530000001, -7.246391599999981], [112.63356740000006, -7.246077899999932], [112.63364540000009, -7.245957799999928], [112.63371240000004, -7.245837299999948], [112.63403360000007, -7.245145399999956], [112.63410970000007, -7.244998099999975], [112.6343065000001, -7.244581899999957], [112.634217, -7.244531699999925], [112.6330832000001, -7.243899099999965], [112.63299, -7.24386], [112.63299730000006, -7.243847199999948], [112.63301650000005, -7.243813599999953], [112.632018, -7.243286199999943], [112.632008, -7.243281], [112.6317831, -7.243163899999956], [112.63178370000003, -7.24316239999996], [112.6317792000001, -7.24316], [112.63345270000002, -7.239438899999925], [112.63345, -7.23942], [112.63345, -7.239391699999942], [112.63349210000001, -7.239422799999943], [112.63357070000006, -7.239464099999964], [112.63368880000007, -7.239609], [112.63369540000008, -7.239615699999945], [112.63373660000002, -7.239649199999974], [112.63397980000002, -7.239819399999931], [112.63421050000011, -7.240011699999968], [112.63421460000006, -7.240014499999972], [112.63421970000002, -7.240019299999972], [112.63424880000002, -7.240043599999979], [112.63432120000004, -7.240073699999925], [112.6343644000001, -7.240081399999951], [112.6344994000001, -7.239962299999945], [112.63452260000008, -7.23993669999993], [112.63456, -7.23989], [112.63458770000011, -7.23973449999994], [112.63460610000004, -7.239631499999973], [112.63460750000002, -7.239624], [112.63460750000002, -7.239451799999927], [112.63462120000008, -7.239355899999964], [112.63462120000008, -7.239355599999953], [112.6346837000001, -7.238907799999936], [112.634749, -7.238744599999961], [112.63480920000006, -7.238559699999939], [112.63482220000003, -7.238520699999981], [112.63487110000005, -7.238251799999944], [112.63495440000008, -7.237970699999948], [112.63500770000007, -7.237787799999978], [112.63503340000011, -7.237681], [112.635074, -7.237478], [112.6350695000001, -7.237457599999971], [112.63505960000009, -7.23741339999998], [112.63502440000002, -7.237331299999937], [112.63505470000007, -7.237275], [112.63506890000008, -7.237241799999936], [112.63511060000008, -7.237012799999945], [112.63514050000003, -7.236923099999956], [112.6352147, -7.236700399999961], [112.63524560000008, -7.236627699999929], [112.63526650000006, -7.236560199999928], [112.63536130000011, -7.236353299999962], [112.635423, -7.236096499999974], [112.6355271000001, -7.235711199999969], [112.63557910000009, -7.235482199999979], [112.63556870000002, -7.235242699999958], [112.63556870000002, -7.235144799999944], [112.6352604000001, -7.235144799999944], [112.6346506000001, -7.234964099999956], [112.6344524000001, -7.234995799999979], [112.6343951, -7.235014], [112.63438860000008, -7.235006], [112.63435290000007, -7.234962099999962], [112.63427, -7.23486], [112.63434, -7.23383], [112.63433, -7.23344], [112.63434, -7.23338], [112.63443, -7.23297], [112.63452, -7.23243], [112.63452, -7.23209], [112.63451, -7.23161], [112.63454, -7.23125], [112.63457, -7.23082], [112.63458, -7.22983], [112.63463, -7.22947], [112.63472, -7.22915], [112.6349, -7.22856], [112.6349, -7.22832], [112.63489, -7.22789], [112.6348, -7.22784], [112.6346400000001, -7.22777], [112.6343700000001, -7.22769], [112.6343700000001, -7.22753], [112.63442, -7.22721], [112.63474, -7.22649], [112.63479, -7.22631], [112.63507, -7.22534], [112.63521, -7.22479], [112.63539, -7.22442], [112.63546, -7.22427], [112.63561, -7.22401], [112.63588, -7.22365], [112.6360800000001, -7.22343], [112.63624, -7.22333], [112.63643, -7.22326], [112.63657, -7.22317], [112.63687, -7.22284], [112.63706, -7.22256], [112.6374, -7.22188], [112.63728, -7.22185], [112.63678, -7.22176], [112.63628, -7.22158], [112.63575, -7.22139], [112.63564, -7.22138], [112.63556, -7.22085], [112.63553, -7.2207], [112.63541, -7.22083], [112.63521, -7.22104], [112.6349100000001, -7.22093], [112.63477000000012, -7.22101], [112.63441000000012, -7.22121], [112.63415, -7.22143], [112.63393, -7.22175], [112.63391, -7.22233], [112.63393, -7.22261], [112.63395, -7.22274], [112.6339, -7.22286], [112.63337, -7.22261], [112.63314, -7.22281], [112.63296, -7.22293], [112.63269, -7.22307], [112.63249, -7.22314], [112.63227, -7.22315], [112.63202, -7.2231], [112.63189000000011, -7.22288], [112.63185, -7.22281], [112.63132, -7.22254], [112.63055, -7.22218], [112.63004, -7.2219], [112.62984, -7.22176], [112.62972, -7.22185], [112.62961, -7.22201], [112.62956, -7.22216], [112.62953, -7.22241], [112.62946000000011, -7.22313], [112.62939, -7.22325], [112.62909, -7.22311], [112.62882, -7.22298], [112.62804, -7.22252], [112.62787, -7.22252], [112.62763, -7.2225], [112.62744, -7.22252], [112.62722, -7.22263]]] 
      }
    },
    {
      "type": "Feature",
      "properties": {
        "district_id": "3578",
        "province": "Jawa Timur",
        "regency": "Surabaya",
        "district": "Kota Surabaya",
        "pria": 0,
        "wanita": 0,
        "total_penduduk": 0
      },
      "geometry": {
        "type": "MultiPolygon",
        "coordinates": [[[[112.63150430000007, -7.260505099999932], [112.6315078, -7.260507899999936], [112.631546, -7.260538899999972], [112.63168330000008, -7.26069769999998], [112.63182060000008, -7.260883599999943], [112.6318817, -7.260932299999979], [112.63233180000009, -7.26173579999994], [112.63268270000003, -7.262707499999976], [112.63272290000009, -7.26288889999995], [112.63281240000003, -7.263292599999943], [112.63279720000003, -7.264031], [112.63279720000003, -7.264034099999947], [112.632553, -7.264456099999961], [112.63203420000002, -7.265354499999944], [112.63170620000005, -7.266198], [112.631607, -7.267241299999966], [112.63172340000006, -7.26835449999993], [112.6317901000001, -7.268992299999979], [112.63189690000002, -7.270885299999975], [112.63195030000009, -7.272157], [112.6316528000001, -7.273849799999937], [112.63136280000003, -7.274660899999958], [112.63110350000011, -7.275003799999979], [112.63095850000002, -7.275009], [112.63066860000004, -7.275022299999932], [112.6305618, -7.275120099999981], [112.63043970000001, -7.275211199999944], [112.63036340000008, -7.275268899999958], [112.6302184000001, -7.275313199999971], [112.62953940000011, -7.275507299999958], [112.62947080000004, -7.275525399999935], [112.629158, -7.275712799999951], [112.62907580000001, -7.275758], [112.6290130000001, -7.275792399999943], [112.62865440000007, -7.276020899999935], [112.628395, -7.276057099999946], [112.62819660000002, -7.27607809999995], [112.62789150000003, -7.276075699999978], [112.627716, -7.276057099999946], [112.62767020000001, -7.276101], [112.62763210000003, -7.276259699999969], [112.6275558000001, -7.27638509999997], [112.62747950000005, -7.276431399999979], [112.62715140000012, -7.276487199999963], [112.62688440000011, -7.276482], [112.6267471000001, -7.276611699999933], [112.62654110000005, -7.276946899999928], [112.62644190000003, -7.277101399999935], [112.62640370000008, -7.277211499999964], [112.6264572, -7.277237299999967], [112.62653340000008, -7.277274399999953], [112.62685390000001, -7.277395599999977], [112.62722010000005, -7.277459499999964], [112.62727350000011, -7.277968299999941], [112.6274413000001, -7.27808559999994], [112.62788380000006, -7.278299199999935], [112.62803640000004, -7.278465599999947], [112.62816610000004, -7.278729299999952], [112.62816610000004, -7.278896199999963], [112.62808980000011, -7.279004], [112.62787620000006, -7.279132199999935], [112.62771160000011, -7.27925259999995], [112.6277007000001, -7.279260499999964], [112.6275634000001, -7.279466499999955], [112.6274337000001, -7.279770699999972], [112.62728880000009, -7.280178899999953], [112.62719720000007, -7.280443], [112.62680050000006, -7.280935599999964], [112.62674650000008, -7.281102799999928], [112.62670890000004, -7.281219299999975], [112.62669370000003, -7.281994699999927], [112.62671650000004, -7.282863499999962], [112.62685390000001, -7.283354599999939], [112.62705990000006, -7.283731799999941], [112.62719370000002, -7.284029499999974], [112.62728880000009, -7.284241], [112.62747950000005, -7.284467499999948], [112.62774650000006, -7.284787499999936], [112.62801350000007, -7.285127], [112.62819660000002, -7.285759799999937], [112.62819690000003, -7.285761299999933], [112.62828060000004, -7.286203199999932], [112.62834160000011, -7.286845599999936], [112.62839970000005, -7.287575499999946], [112.62844080000002, -7.288092499999948], [112.62855520000005, -7.28856449999995], [112.62861630000009, -7.28907479999998], [112.62865280000005, -7.289640099999929], [112.62859160000005, -7.289646399999981], [112.62863240000001, -7.289737399999979], [112.62855810000008, -7.289960399999927], [112.62857050000002, -7.290703699999938], [112.62857050000002, -7.291447099999971], [112.62854570000002, -7.292165699999941], [112.62847140000008, -7.292933799999958], [112.62838460000012, -7.293478899999968], [112.62832540000011, -7.29377489999996], [112.62834180000004, -7.293825499999969], [112.62829580000005, -7.294229399999949], [112.628189, -7.294842599999981], [112.6280746000001, -7.295547799999952], [112.62802880000004, -7.295859199999938], [112.62800590000006, -7.295942599999933], [112.6279144, -7.296210099999939], [112.62786860000006, -7.296435699999961], [112.62780960000009, -7.296683599999938], [112.62776940000003, -7.296852399999977], [112.62770840000007, -7.297149], [112.62757870000007, -7.297623499999929], [112.6275558000001, -7.297685], [112.62743650000004, -7.29801539999994], [112.62734980000005, -7.298255299999937], [112.62710570000002, -7.298534699999948], [112.62699120000002, -7.298657799999944], [112.62690730000008, -7.298755], [112.62683860000004, -7.298888499999975], [112.62676230000011, -7.299080699999934], [112.62652390000005, -7.299641299999962], [112.62642660000006, -7.299869899999976], [112.6263732000001, -7.299958099999969], [112.6263351, -7.29998], [112.62622060000001, -7.300080099999946], [112.6274261000001, -7.300417699999969], [112.6277847, -7.300681399999974], [112.62835690000009, -7.300780199999963], [112.62843320000002, -7.300870299999929], [112.62845880000009, -7.300900699999943], [112.62858570000003, -7.301051499999971], [112.62869260000002, -7.301264099999969], [112.6287383, -7.301442899999927], [112.6287307, -7.301601699999935], [112.6287307, -7.301639399999942], [112.62869260000002, -7.302070499999957], [112.6287307, -7.302189699999929], [112.62882990000003, -7.302401399999951], [112.628807, -7.302485799999943], [112.6287383, -7.302593099999967], [112.62867260000007, -7.302687499999934], [112.62866970000005, -7.302691799999934], [112.62871560000008, -7.30270239999993], [112.628774, -7.303341699999976], [112.62885590000008, -7.304210199999943], [112.62926390000007, -7.308536599999968], [112.62914400000011, -7.308591099999944], [112.62924270000008, -7.309084299999938], [112.62925710000002, -7.309156399999949], [112.62941890000002, -7.311640399999931], [112.63091280000003, -7.311544399999946], [112.63371280000001, -7.311438099999975], [112.63397150000003, -7.311443899999972], [112.63659440000004, -7.311503099999925], [112.63659, -7.31193], [112.63652, -7.31255], [112.63648030000002, -7.312897299999975], [112.63648220000005, -7.312898], [112.637001, -7.313098699999955], [112.63725270000009, -7.31305969999994], [112.637535, -7.31297909999995], [112.63806910000005, -7.312815499999942], [112.6382446, -7.312852199999952], [112.63849630000004, -7.312946699999941], [112.6386566000001, -7.313066299999946], [112.63884730000007, -7.313306199999943], [112.63903040000002, -7.313494099999957], [112.63915250000002, -7.313545099999942], [112.63928220000003, -7.313542699999971], [112.639717, -7.313502599999936], [112.64006040000004, -7.31354319999997], [112.64029690000007, -7.313632299999938], [112.64060970000003, -7.313744399999962], [112.64077750000001, -7.313694799999951], [112.64089960000001, -7.313597099999981], [112.64128110000001, -7.313218399999926], [112.64138030000004, -7.313228899999956], [112.64159390000009, -7.313326199999949], [112.64203640000005, -7.313551799999971], [112.64241020000009, -7.31360559999996], [112.6424674000001, -7.313619599999981], [112.642929, -7.313732], [112.64334860000008, -7.313844499999959], [112.64422600000012, -7.314041499999973], [112.64491260000011, -7.314113], [112.64603420000003, -7.314128199999971], [112.64739220000001, -7.314272699999947], [112.64760580000006, -7.314309899999955], [112.64760980000005, -7.314310599999942], [112.64802550000002, -7.314379499999973], [112.6487959000001, -7.314485799999943], [112.64949260000003, -7.314581799999928], [112.64945680000005, -7.314594899999975], [112.64934660000006, -7.314615299999957], [112.64923640000006, -7.314823399999966], [112.64916710000011, -7.31497429999996], [112.6491426, -7.31514569999996], [112.64909160000002, -7.315408899999966], [112.64905080000005, -7.31556809999995], [112.64901810000003, -7.315727199999969], [112.64897330000008, -7.315951599999948], [112.64894470000002, -7.31626579999994], [112.64885290000007, -7.316553499999941], [112.64881620000006, -7.31668], [112.6487509000001, -7.316802399999972], [112.64873450000005, -7.316908499999954], [112.6487264000001, -7.317100299999936], [112.64871970000002, -7.317140299999949], [112.64868150000007, -7.31736959999995], [112.648657, -7.317553199999963], [112.64862640000001, -7.317759299999977], [112.6485652, -7.317971499999942], [112.64849580000009, -7.318240799999955], [112.64843460000009, -7.318502], [112.64839790000008, -7.318746799999928], [112.64833670000007, -7.318987499999935], [112.64839790000008, -7.319122199999981], [112.64850810000007, -7.319252799999958], [112.6486509, -7.319269099999929], [112.64881820000005, -7.319277299999953], [112.6489855000001, -7.319314], [112.64909750000004, -7.319321299999956], [112.64909750000004, -7.319324199999926], [112.64912170000002, -7.319329], [112.64922330000002, -7.319375], [112.64929560000007, -7.319419899999957], [112.64931280000008, -7.319430599999976], [112.64938780000011, -7.319469399999946], [112.64943740000001, -7.319528599999956], [112.64952210000001, -7.31962539999995], [112.649584, -7.319693299999926], [112.6496479000001, -7.319763299999977], [112.64972050000006, -7.319826199999966], [112.64979070000004, -7.319879399999934], [112.64991410000005, -7.319923], [112.64994310000009, -7.31993749999998], [112.65006890000006, -7.320029399999953], [112.65014870000005, -7.320150399999932], [112.65015850000009, -7.32016619999996], [112.65018380000004, -7.320207299999936], [112.65024430000005, -7.320342799999935], [112.6502564000001, -7.320371799999975], [112.65025160000005, -7.320519399999966], [112.65033380000011, -7.320657299999937], [112.6504887000001, -7.320792799999936], [112.65053220000004, -7.320829099999969], [112.65059880000001, -7.320888299999979], [112.65067130000011, -7.320956099999933], [112.65073180000002, -7.321045599999934], [112.65076090000002, -7.32108919999996], [112.65076330000011, -7.321185899999932], [112.65075840000009, -7.321270599999934], [112.65078620000008, -7.321326099999965], [112.65079960000003, -7.321352899999965], [112.65084310000009, -7.321432699999946], [112.6508794, -7.32147139999995], [112.650884, -7.321473499999968], [112.6508788000001, -7.321515399999953], [112.6507415000001, -7.322682699999973], [112.65069570000003, -7.323003599999936], [112.65061180000009, -7.323579099999961], [112.65052790000004, -7.32417], [112.65042110000002, -7.325058299999966], [112.65039840000009, -7.325302699999952], [112.65026090000003, -7.326783], [112.65023030000009, -7.32705859999993], [112.65013880000004, -7.327623699999947], [112.65013880000004, -7.327741899999978], [112.650017, -7.327741899999978], [112.6496221000001, -7.328047599999934], [112.64949480000007, -7.32820049999998], [112.64938010000003, -7.328493499999979], [112.64938010000003, -7.328620799999953], [112.6492273, -7.328862899999933], [112.64903620000007, -7.329155799999967], [112.64904890000003, -7.329487], [112.64909990000001, -7.33048059999993], [112.64911260000008, -7.331155699999954], [112.64913810000007, -7.331678], [112.64913810000007, -7.332416799999976], [112.64916360000007, -7.332722499999932], [112.64903620000007, -7.333040899999958], [112.64889610000012, -7.333461299999954], [112.64878140000008, -7.333601399999964], [112.64857530000006, -7.334239799999978], [112.64857530000006, -7.334816599999954], [112.64850910000007, -7.335300299999972], [112.65025330000003, -7.336403399999938], [112.6520081000001, -7.337533], [112.65383150000002, -7.338997799999959], [112.65442660000008, -7.340102199999933], [112.65463260000001, -7.340078799999958], [112.65498350000007, -7.340556099999958], [112.65575410000008, -7.342586], [112.65597530000002, -7.345558599999947], [112.65570830000001, -7.349159699999973], [112.65515140000002, -7.353210399999966], [112.65438080000001, -7.356211199999962], [112.65470850000008, -7.35672169999998], [112.655109, -7.356888499999968], [112.65604350000001, -7.356888499999968], [112.65634340000008, -7.356820099999936], [112.65686590000007, -7.356191399999943], [112.65693660000011, -7.356088799999952], [112.65836020000006, -7.354026], [112.65899980000006, -7.353643699999964], [112.65953030000003, -7.353641699999969], [112.65962060000004, -7.353641399999958], [112.65979760000005, -7.353587], [112.66078180000011, -7.353083], [112.66091520000009, -7.352994199999955], [112.66097920000004, -7.352919399999962], [112.66148010000006, -7.352334], [112.66195440000001, -7.351779599999929], [112.66242490000002, -7.351342899999963], [112.66309050000007, -7.351316199999928], [112.66309120000005, -7.351322699999969], [112.66314690000002, -7.351301], [112.66363170000011, -7.351381799999956], [112.66376490000005, -7.351404], [112.66446680000001, -7.351444599999979], [112.66456920000007, -7.351440499999967], [112.66480680000006, -7.351431199999979], [112.66553490000001, -7.351402599999972], [112.66597740000009, -7.351337099999967], [112.66619870000011, -7.351304399999947], [112.66731750000008, -7.351102099999935], [112.6676503000001, -7.351041899999927], [112.66770170000007, -7.35103259999994], [112.66854640000008, -7.351037699999949], [112.66881560000002, -7.351039399999934], [112.66903680000007, -7.351040699999942], [112.66980280000007, -7.351213399999949], [112.66989130000002, -7.351233299999933], [112.6705985000001, -7.35129569999998], [112.670667, -7.351301699999965], [112.671173, -7.351346399999954], [112.67147310000007, -7.351354399999934], [112.67154850000009, -7.351356399999929], [112.67182920000005, -7.351364], [112.67182930000001, -7.351364], [112.6725507000001, -7.351383799999951], [112.67327110000008, -7.351403499999947], [112.6736896000001, -7.351377099999979], [112.6738289000001, -7.351368299999933], [112.67449840000006, -7.351326099999937], [112.67480460000002, -7.351306799999975], [112.67534840000008, -7.351210699999967], [112.67592760000002, -7.35110839999993], [112.676357, -7.35103259999994], [112.67646780000007, -7.351013], [112.6769306000001, -7.350877499999967], [112.67714880000005, -7.350813599999981], [112.67773430000011, -7.350642], [112.6783028000001, -7.350450099999932], [112.67835990000003, -7.35043079999997], [112.67859350000003, -7.350293399999941], [112.6792243000001, -7.34992219999998], [112.67927980000002, -7.349889599999926], [112.67928310000002, -7.349887699999954], [112.67954710000004, -7.349732599999925], [112.68001550000008, -7.349457599999937], [112.68030040000008, -7.349217199999941], [112.681076, -7.34856259999998], [112.6815583, -7.348270699999944], [112.68175930000007, -7.348149099999944], [112.68177020000007, -7.348142499999938], [112.68177180000009, -7.34814149999994], [112.6821337, -7.347919299999944], [112.68231360000004, -7.347833599999944], [112.6828339000001, -7.347633199999962], [112.683792, -7.347264099999961], [112.68524920000004, -7.346815499999934], [112.68535940000004, -7.346781599999929], [112.68563840000002, -7.346695699999941], [112.68633260000001, -7.346495], [112.68633380000006, -7.346494799999959], [112.68638990000011, -7.346482599999945], [112.68712430000005, -7.346323499999926], [112.68795770000008, -7.346143099999949], [112.68850320000001, -7.345982499999934], [112.68872150000004, -7.345918299999937], [112.6894936000001, -7.345691], [112.68987780000009, -7.345578], [112.689921, -7.345565299999976], [112.69023890000005, -7.345471699999962], [112.69101200000011, -7.34516549999995], [112.69147210000006, -7.344983299999967], [112.69152050000002, -7.34496409999997], [112.69163910000009, -7.344917099999975], [112.6916427000001, -7.344915699999945], [112.6916801000001, -7.344898], [112.692414, -7.344549799999982], [112.69268190000003, -7.344422799999961], [112.69270630000005, -7.344411199999968], [112.69338980000009, -7.344087], [112.69341520000012, -7.344077099999936], [112.69349060000002, -7.344047799999942], [112.69402130000003, -7.343841399999974], [112.69405870000003, -7.343826899999954], [112.69406150000009, -7.343825799999934], [112.69469440000012, -7.343579599999941], [112.6952056, -7.343425599999932], [112.6952073000001, -7.343424599999935], [112.69521040000006, -7.34342289999995], [112.69522450000011, -7.343414899999971], [112.69522620000009, -7.343413899999973], [112.69522920000009, -7.343412199999932], [112.69563290000008, -7.343182899999931], [112.6961179000001, -7.342924399999958], [112.69612460000008, -7.342920799999945], [112.69700300000011, -7.342452699999967], [112.69702240000004, -7.342442299999959], [112.6970672000001, -7.342418499999951], [112.69763480000006, -7.342025099999944], [112.69775490000006, -7.341941799999972], [112.69807430000003, -7.341720399999929], [112.69809390000012, -7.341701299999954], [112.69829360000006, -7.341507], [112.6983044000001, -7.341496499999948], [112.69914240000003, -7.340680899999938], [112.69914680000011, -7.340676599999938], [112.6992034000001, -7.340621299999952], [112.69946830000004, -7.340354399999967], [112.69947470000011, -7.340348], [112.7005385000001, -7.339276199999972], [112.70063440000001, -7.33922119999994], [112.70112180000001, -7.338941899999952], [112.701126, -7.338939499999981], [112.70261370000003, -7.338115499999958], [112.702932, -7.337834399999963], [112.70312110000009, -7.33766739999993], [112.70371240000009, -7.337145199999952], [112.70372850000001, -7.337128799999959], [112.70375810000007, -7.337098699999956], [112.70404240000005, -7.336809699999947], [112.70459470000003, -7.336248399999931], [112.70461000000012, -7.33623], [112.7046600000001, -7.33617], [112.70467470000006, -7.336152799999979], [112.70477760000006, -7.336216499999978], [112.70484150000004, -7.336256299999945], [112.70505520000006, -7.336389399999973], [112.70513630000005, -7.336441699999966], [112.70542140000009, -7.336625899999945], [112.70564260000003, -7.336758399999951], [112.70566, -7.336765399999933], [112.70587910000006, -7.33685289999994], [112.70631690000005, -7.336982199999966], [112.7070007000001, -7.337184299999933], [112.70726380000008, -7.337236699999949], [112.70753470000011, -7.33729059999996], [112.70793910000009, -7.337315399999966], [112.70810070000005, -7.337337899999966], [112.70810690000008, -7.337338699999975], [112.708084, -7.337380699999926], [112.708023, -7.337470399999972], [112.70803820000003, -7.337534799999958], [112.70811450000008, -7.337582899999973], [112.70852650000006, -7.33769209999997], [112.70858110000006, -7.33771], [112.7092513, -7.337929599999939], [112.70951840000009, -7.338007299999958], [112.70973960000003, -7.338055], [112.70996850000006, -7.338117399999931], [112.71027370000002, -7.338199499999973], [112.71033360000001, -7.338226], [112.71035760000007, -7.338236699999925], [112.71049490000007, -7.338299599999971], [112.7109756000001, -7.338396399999965], [112.71121970000002, -7.338480799999957], [112.711647, -7.338604299999929], [112.7121734000001, -7.338788299999976], [112.71289820000004, -7.338997699999936], [112.71311180000009, -7.339054399999952], [112.71311950000006, -7.339057099999934], [112.7134397000001, -7.339169899999945], [112.7134400000001, -7.33917], [112.7135300000001, -7.33919], [112.71373, -7.33923], [112.71388, -7.33928], [112.71463, -7.33951], [112.71484, -7.33957], [112.7151, -7.33964], [112.71568, -7.3398], [112.71610110000006, -7.339933], [112.71609350000006, -7.339968], [112.7160378000001, -7.340088799999933], [112.7160378000001, -7.340200299999935], [112.71593560000008, -7.340460499999949], [112.71588910000003, -7.340729899999928], [112.71584270000005, -7.341045899999926], [112.71577920000004, -7.341091199999937], [112.71572450000008, -7.341130299999975], [112.71570080000004, -7.341307], [112.71569050000005, -7.34138379999996], [112.71568840000009, -7.341448799999966], [112.71568290000005, -7.34161649999993], [112.71568290000005, -7.341811], [112.7156801000001, -7.341827499999965], [112.7156963000001, -7.341831699999943], [112.716075, -7.341907], [112.71690440000009, -7.342146599999978], [112.7170824000001, -7.342198], [112.7172144000001, -7.34223609999998], [112.71791270000006, -7.342416399999934], [112.719499, -7.342864899999938], [112.7198423000001, -7.342963899999972], [112.720026, -7.343075399999975], [112.71996180000008, -7.343299899999977], [112.71996090000005, -7.343301799999949], [112.71995540000012, -7.343329799999935], [112.719818, -7.343819399999973], [112.71974950000003, -7.344182299999943], [112.71970360000012, -7.344425499999943], [112.71972650000009, -7.34449989999996], [112.71979520000002, -7.344510899999932], [112.72000880000007, -7.344554699999946], [112.72121420000008, -7.344885599999941], [112.72174830000006, -7.345033], [112.7226257000001, -7.345295699999951], [112.723091, -7.34543309999998], [112.72317120000002, -7.345456599999977], [112.72343440000009, -7.345534099999952], [112.72345760000007, -7.345543], [112.7234578, -7.345543299999974], [112.72350250000011, -7.345560399999954], [112.72395570000003, -7.345734399999969], [112.72420710000006, -7.345895199999973], [112.724215, -7.346508099999937], [112.72423870000011, -7.346911099999943], [112.72441020000008, -7.346927], [112.72446560000003, -7.34694339999993], [112.72446990000003, -7.346990099999971], [112.72448870000005, -7.347191799999962], [112.7246556, -7.347439599999973], [112.72479460000011, -7.347532499999943], [112.72487740000008, -7.347587799999928], [112.72489280000002, -7.347589599999935], [112.724891, -7.347598399999981], [112.72489070000006, -7.347598799999957], [112.724891, -7.347599099999968], [112.72525690000009, -7.347894599999961], [112.72530260000008, -7.34799049999998], [112.72536530000002, -7.348037099999942], [112.72551070000009, -7.348145099999954], [112.72559760000001, -7.348209599999961], [112.72581120000007, -7.348281399999962], [112.72584690000008, -7.348293399999932], [112.72717680000005, -7.348378699999955], [112.72718930000008, -7.34844389999995], [112.7271899000001, -7.34844389999995], [112.72745510000004, -7.34845619999993], [112.72771450000005, -7.348426599999925], [112.72829430000002, -7.348362299999962], [112.72879020000005, -7.348312199999953], [112.72893570000008, -7.348291599999925], [112.7290316000001, -7.348278], [112.72907250000003, -7.34827219999994], [112.7293472, -7.348234], [112.72935880000011, -7.348234], [112.72943110000006, -7.348233499999935], [112.72955320000005, -7.348233499999935], [112.72959890000004, -7.348231599999963], [112.7312621000001, -7.348153], [112.73292890000005, -7.348141099999964], [112.7330703, -7.348140099999966], [112.73315420000006, -7.348126699999966], [112.7331924, -7.347996599999931], [112.73329920000003, -7.347316599999942], [112.73339070000009, -7.346821099999943], [112.73342890000004, -7.346590299999946], [112.73387140000011, -7.346511699999951], [112.73472010000012, -7.346376], [112.73526760000004, -7.346288499999957], [112.73583910000002, -7.346268], [112.73607630000004, -7.346259399999951], [112.73623650000002, -7.346255099999951], [112.73631280000006, -7.346227499999941], [112.73631960000012, -7.34618949999998], [112.73632040000007, -7.346185], [112.73633570000004, -7.346129699999949], [112.73634140000001, -7.346048799999949], [112.73637540000004, -7.345571299999961], [112.7363815000001, -7.345486], [112.736408, -7.345347], [112.73644250000007, -7.345166499999948], [112.73652640000012, -7.344977699999959], [112.7366561, -7.344856599999957], [112.73677060000011, -7.344796499999973], [112.73696890000008, -7.344782699999939], [112.73718250000002, -7.344800299999974], [112.737564, -7.344932399999948], [112.73771660000011, -7.344944599999963], [112.7377517000001, -7.344947499999932], [112.73776950000001, -7.344948899999963], [112.73777760000007, -7.34494959999995], [112.73786210000003, -7.344956299999978], [112.73893730000009, -7.345042499999977], [112.7397155000001, -7.345090199999959], [112.74017330000004, -7.345120299999962], [112.74042870000005, -7.345135399999947], [112.74060810000003, -7.345146], [112.7408683000001, -7.345162], [112.74112690000004, -7.345178], [112.74161520000007, -7.345219399999962], [112.741867, -7.345225599999935], [112.74188970000012, -7.345220899999958], [112.7419814000001, -7.345201799999927], [112.74204250000003, -7.34497529999993], [112.7421035000001, -7.344669199999942], [112.74229420000006, -7.343860399999926], [112.7423248, -7.343713599999944], [112.74239340000008, -7.343322599999965], [112.74242390000006, -7.343157499999961], [112.7424962, -7.34276559999995], [112.74256130000003, -7.342413299999976], [112.74256340000011, -7.342402599999957], [112.74264490000007, -7.342000699999971], [112.74273670000002, -7.341547799999944], [112.74273690000007, -7.34154719999998], [112.7427666000001, -7.341410499999938], [112.74282830000004, -7.34112719999996], [112.74285670000006, -7.341035], [112.74288170000011, -7.340953699999943], [112.742958, -7.34085349999998], [112.74296760000004, -7.34084809999996], [112.74302670000009, -7.340814899999941], [112.74312580000003, -7.340875899999958], [112.74313110000003, -7.340879199999961], [112.7434310000001, -7.341065199999946], [112.7438049000001, -7.341202099999975], [112.74410240000009, -7.341281199999969], [112.74425530000008, -7.341322099999957], [112.74432370000011, -7.341340399999979], [112.7446718000001, -7.341446599999927], [112.74477380000008, -7.341477699999928], [112.74529260000008, -7.341636], [112.74568250000004, -7.341733699999963], [112.7464599000001, -7.34192829999995], [112.74646980000011, -7.341931099999954], [112.7470168000001, -7.342087099999958], [112.7471872000001, -7.34214309999993], [112.74748980000004, -7.342242599999963], [112.74782560000006, -7.342369899999937], [112.74806210000008, -7.342395099999976], [112.74857320000001, -7.342296399999952], [112.74891650000006, -7.342193899999927], [112.74905390000004, -7.342199799999946], [112.7491073000001, -7.342202], [112.74945060000005, -7.34223019999996], [112.7499084000001, -7.342264], [112.74999990000003, -7.34226689999997], [112.7501373, -7.342271199999971], [112.75049580000007, -7.342322599999932], [112.75132750000012, -7.342340799999931], [112.75160420000009, -7.342342499999972], [112.75171650000004, -7.342343199999959], [112.751831, -7.342346499999962], [112.7524108, -7.342364199999963], [112.75249410000004, -7.342359399999964], [112.7526855000001, -7.342348399999935], [112.75332630000003, -7.342267299999946], [112.75346370000011, -7.34223019999996], [112.75356820000002, -7.34213909999994], [112.75357050000002, -7.342137199999968], [112.75360680000006, -7.342074299999979], [112.75360910000006, -7.342070299999932], [112.7536391000001, -7.342018399999972], [112.753662, -7.341753299999937], [112.753662, -7.34173549999997], [112.753662, -7.341676799999959], [112.753662, -7.341671299999973], [112.753662, -7.341666699999962], [112.753662, -7.341180399999928], [112.753662, -7.34117729999997], [112.7536636000001, -7.341161199999931], [112.75369260000002, -7.340872099999956], [112.7537536000001, -7.340700899999945], [112.7538565000001, -7.340572299999963], [112.75391380000008, -7.34050069999995], [112.753925, -7.340485699999931], [112.75399770000001, -7.340388599999926], [112.754074, -7.340098699999942], [112.75407450000012, -7.340057199999933], [112.7540864, -7.339066199999934], [112.754089, -7.338853599999936], [112.75408930000003, -7.338827], [112.75410450000004, -7.33876349999997], [112.7541572, -7.33850149999995], [112.754158, -7.338497899999936], [112.75450890000002, -7.337748799999929], [112.7545857, -7.337584099999958], [112.75460810000004, -7.337536199999931], [112.75469360000011, -7.337358699999982], [112.75477590000003, -7.337187599999936], [112.75479120000011, -7.337157099999956], [112.75487510000005, -7.337010699999951], [112.7550887000001, -7.336820899999964], [112.7550903, -7.336820199999977], [112.75523370000008, -7.336756099999945], [112.75540920000003, -7.336743199999944], [112.7557220000001, -7.336817099999962], [112.75594320000005, -7.336877199999947], [112.75638570000001, -7.336899099999926], [112.75683590000006, -7.336954899999967], [112.75714870000002, -7.337032099999931], [112.7576064000001, -7.337150399999928], [112.75932310000007, -7.337545699999964], [112.75985710000009, -7.337685399999941], [112.76005830000008, -7.337738], [112.76018520000002, -7.337771199999963], [112.76053610000008, -7.337817499999971], [112.7606277000001, -7.337829899999974], [112.76068110000006, -7.337834199999975], [112.76094050000006, -7.33791], [112.7617110000001, -7.33812839999996], [112.7624892, -7.338466899999958], [112.7627639000001, -7.338478899999927], [112.7631454000001, -7.338508], [112.7631507000001, -7.338508], [112.7632129000001, -7.338507799999945], [112.76334380000003, -7.338507499999935], [112.7634048000001, -7.338507499999935], [112.7643127, -7.338431199999945], [112.764438, -7.338420599999949], [112.76445260000003, -7.338419399999964], [112.76450050000005, -7.338415399999974], [112.76483910000002, -7.338386799999967], [112.76495610000006, -7.338332899999955], [112.7649841000001, -7.338320099999976], [112.76509850000002, -7.338331499999981], [112.76517120000005, -7.338359499999967], [112.765335, -7.338422599999944], [112.7656555000001, -7.338575699999978], [112.7657656, -7.338569499999949], [112.7658080000001, -7.338567099999977], [112.76599880000003, -7.338498399999935], [112.76640310000005, -7.338361099999929], [112.76641330000007, -7.338358699999958], [112.7664138, -7.338358599999935], [112.76650990000007, -7.33833629999998], [112.766514, -7.338346699999931], [112.76652520000005, -7.33837589999996], [112.76653280000005, -7.338608099999931], [112.76654810000002, -7.33865579999997], [112.76657100000011, -7.338702499999954], [112.7665862, -7.338746899999933], [112.7666091000001, -7.338787399999944], [112.76662440000007, -7.338825499999928], [112.766632, -7.338860799999964], [112.76664730000005, -7.338894699999969], [112.76666250000005, -7.338927599999977], [112.76667020000002, -7.338961], [112.76667780000002, -7.338994299999968], [112.76669310000011, -7.339029599999947], [112.76670070000011, -7.339067299999954], [112.7667083, -7.339110199999936], [112.766716, -7.339160799999945], [112.76672360000009, -7.339222199999938], [112.7667312000001, -7.339297599999952], [112.7667388000001, -7.339388699999972], [112.76674570000011, -7.339489399999934], [112.7667464000001, -7.339499799999942], [112.76675200000011, -7.339596], [112.76675410000007, -7.339632299999948], [112.76676170000007, -7.339788699999929], [112.766777, -7.339963299999965], [112.76678460000005, -7.340149699999927], [112.76679220000005, -7.340341399999943], [112.76679990000002, -7.340531599999963], [112.76681510000003, -7.340713799999946], [112.76682280000011, -7.340882099999931], [112.76683040000012, -7.341029], [112.76684560000001, -7.341150099999936], [112.7668533000001, -7.341246899999931], [112.7668609000001, -7.341322699999978], [112.7668761000001, -7.341380399999935], [112.76688380000007, -7.341423299999974], [112.76689140000008, -7.341454799999951], [112.76690670000005, -7.341478199999926], [112.76692190000006, -7.341512499999965], [112.76695250000012, -7.341540599999973], [112.7669982000001, -7.341566399999977], [112.76702870000008, -7.341579299999978], [112.76707450000004, -7.341592599999956], [112.76713550000011, -7.34160739999993], [112.76720420000004, -7.341622699999959], [112.76728050000008, -7.34163929999994], [112.7673721000001, -7.341657], [112.76747130000001, -7.341674099999977], [112.76757810000004, -7.341691799999978], [112.76768490000006, -7.341708499999982], [112.76779930000009, -7.341724699999929], [112.76787130000002, -7.341734699999961], [112.7679061, -7.34173949999996], [112.76803740000003, -7.341743399999928], [112.76803390000009, -7.341578299999981], [112.76813590000006, -7.341582399999936], [112.76819290000003, -7.341582399999936], [112.76827450000008, -7.341582399999936], [112.7683234000001, -7.341553799999929], [112.76837640000008, -7.341509], [112.768405, -7.341464099999939], [112.76844170000004, -7.341403], [112.76847840000005, -7.341358099999979], [112.76851510000006, -7.34123169999998], [112.76855180000007, -7.340999299999964], [112.76857220000011, -7.340864699999941], [112.76860070000009, -7.340750599999978], [112.76861960000008, -7.340703299999973], [112.76862520000009, -7.340689399999974], [112.76863780000008, -7.340670799999941], [112.76868630000001, -7.340599699999927], [112.76868630000001, -7.340562], [112.76875970000003, -7.340522199999953], [112.76880630000005, -7.340532], [112.76893310000003, -7.340558599999952], [112.76903670000002, -7.340131699999972], [112.769057, -7.340041], [112.76908540000011, -7.33993369999996], [112.76939360000006, -7.339578199999949], [112.769425, -7.339546499999926], [112.76942440000005, -7.339544099999955], [112.76941680000004, -7.339519299999949], [112.76941480000005, -7.339513599999975], [112.76940910000008, -7.339496899999972], [112.76942440000005, -7.339474], [112.76946250000003, -7.339472099999966], [112.7695083000001, -7.339473099999964], [112.76954650000005, -7.339475499999935], [112.76955830000009, -7.339476299999944], [112.76959980000004, -7.339479299999937], [112.7696304000001, -7.339481199999966], [112.76966090000008, -7.339483099999939], [112.76969140000006, -7.339485], [112.76972190000004, -7.339486399999942], [112.7697753000001, -7.339487399999939], [112.76981340000009, -7.339485499999967], [112.769844, -7.339479299999937], [112.76986690000001, -7.339468299999965], [112.7698898000001, -7.339450699999929], [112.76992030000008, -7.339426299999957], [112.76994320000006, -7.339397299999973], [112.76997370000004, -7.339366699999971], [112.76999660000001, -7.339336199999934], [112.7700195000001, -7.339309], [112.77005, -7.339285199999949], [112.77006520000009, -7.339265599999976], [112.77008810000007, -7.339250399999969], [112.770111, -7.33923939999994], [112.77014150000002, -7.339232299999935], [112.77020260000006, -7.339237499999967], [112.77024070000004, -7.339246099999968], [112.77026360000002, -7.339251799999943], [112.7702842000001, -7.339256], [112.77029410000011, -7.339258], [112.770317, -7.339265199999943], [112.77034750000007, -7.339272799999947], [112.770378, -7.339281399999948], [112.77041620000011, -7.339290399999925], [112.7704467000001, -7.339299499999981], [112.77048480000008, -7.339309499999956], [112.77051540000002, -7.339319099999955], [112.7705535, -7.339329099999929], [112.77059170000007, -7.339339099999961], [112.77062220000005, -7.339348099999938], [112.77066030000003, -7.339357199999938], [112.77069090000009, -7.339365799999939], [112.77072140000007, -7.339373399999943], [112.77074430000005, -7.33938059999997], [112.77077480000003, -7.339386799999943], [112.77079770000012, -7.339392499999974], [112.7708358000001, -7.339401099999975], [112.77086630000008, -7.339405799999952], [112.77089680000006, -7.339399599999979], [112.77091970000004, -7.339375799999971], [112.77092760000005, -7.339361799999949], [112.771286, -7.339573399999949], [112.77389530000005, -7.340827499999932], [112.77564240000004, -7.341118799999947], [112.77586560000009, -7.341115599999966], [112.77711490000002, -7.341097399999967], [112.77747810000005, -7.341127799999981], [112.77747340000008, -7.341170199999965], [112.77746580000007, -7.341238799999928], [112.7774581000001, -7.341308], [112.7774505000001, -7.34137759999993], [112.7774505000001, -7.341447699999947], [112.7774429000001, -7.341517799999963], [112.77743520000001, -7.341586], [112.77743520000001, -7.341652199999942], [112.77743520000001, -7.341714699999955], [112.77742760000001, -7.341773299999943], [112.77742760000001, -7.341826699999956], [112.77742760000001, -7.341873499999963], [112.77742760000001, -7.341913499999976], [112.77742760000001, -7.341946899999925], [112.77742, -7.341974599999958], [112.77742760000001, -7.342016], [112.77742760000001, -7.342043199999978], [112.77743520000001, -7.342070899999953], [112.7774581000001, -7.34209], [112.777481, -7.342105199999935], [112.77751150000006, -7.342120499999965], [112.77755730000001, -7.342135299999939], [112.7775878000001, -7.342144299999973], [112.777626, -7.342155299999945], [112.77767940000001, -7.34216859999998], [112.777748, -7.342183899999952], [112.77781670000002, -7.342201499999931], [112.77790060000007, -7.342221099999961], [112.77799980000009, -7.342242599999963], [112.77809900000011, -7.342265499999939], [112.77820580000002, -7.342289799999946], [112.77831260000005, -7.342315], [112.77842710000004, -7.342341699999963], [112.77854150000007, -7.34236889999994], [112.77855850000003, -7.342372699999942], [112.77866360000007, -7.342396099999974], [112.7787780000001, -7.342423699999927], [112.77888480000001, -7.342450399999962], [112.77899160000004, -7.342476199999965], [112.77908320000006, -7.342500499999971], [112.77916710000011, -7.34252239999995], [112.77924340000004, -7.342542], [112.77929680000011, -7.342559199999926], [112.77934260000006, -7.342573499999958], [112.77938070000005, -7.342585399999962], [112.77940360000002, -7.342595899999935], [112.77943410000012, -7.342612599999939], [112.77944180000009, -7.342635], [112.77944940000009, -7.342661199999952], [112.77944940000009, -7.342685], [112.77944940000009, -7.342719399999964], [112.77944180000009, -7.342766599999948], [112.77944180000009, -7.342829499999937], [112.77943410000012, -7.342910599999925], [112.77943410000012, -7.343011199999978], [112.77942650000011, -7.343128], [112.77941890000011, -7.34325629999995], [112.77941470000007, -7.343330299999934], [112.77941120000003, -7.343392199999926], [112.77940360000002, -7.343530499999929], [112.779396, -7.343667299999936], [112.77938830000005, -7.343797499999937], [112.77938070000005, -7.343917199999964], [112.77937310000004, -7.34402259999996], [112.77937310000004, -7.34411369999998], [112.77937310000004, -7.344192799999973], [112.77937310000004, -7.344260499999962], [112.77937310000004, -7.344318699999974], [112.77937310000004, -7.344368699999961], [112.77937310000004, -7.344411699999966], [112.77937310000004, -7.344449399999974], [112.77938070000005, -7.344482699999958], [112.77938830000005, -7.344512299999963], [112.77938830000005, -7.344539], [112.779396, -7.344562399999973], [112.77941120000003, -7.344601], [112.77941890000011, -7.344631499999934], [112.77943410000012, -7.34465629999994], [112.77944940000009, -7.344677299999944], [112.77947230000007, -7.344696399999975], [112.77950280000005, -7.344714899999929], [112.77954090000003, -7.344735], [112.7795638, -7.344745399999965], [112.77957740000011, -7.34475029999993], [112.77959440000006, -7.344756399999937], [112.77963250000005, -7.344767899999965], [112.77967060000003, -7.344779299999971], [112.7797164000001, -7.344791199999975], [112.77976980000005, -7.344804099999976], [112.77978120000012, -7.34480689999998], [112.77982320000001, -7.344817], [112.77989190000005, -7.344829899999979], [112.7799606000001, -7.344843699999956], [112.78003680000006, -7.344858], [112.78012080000008, -7.344872299999963], [112.7801971, -7.34488749999997], [112.780281, -7.344903299999942], [112.78035360000001, -7.344916099999978], [112.78037260000008, -7.344919499999946], [112.78045650000001, -7.34493619999995], [112.780548, -7.344953799999928], [112.78063190000012, -7.344971499999929], [112.78072350000002, -7.344990099999961], [112.780815, -7.345008699999937], [112.7809142000001, -7.345027799999968], [112.7810134, -7.345047299999976], [112.78112020000003, -7.345066899999949], [112.781227, -7.345086399999957], [112.78133380000008, -7.345106399999963], [112.78144830000008, -7.345126899999968], [112.78157040000008, -7.345147399999973], [112.78169240000011, -7.345168899999976], [112.78181450000011, -7.345190299999956], [112.78194420000011, -7.345212299999957], [112.78207390000011, -7.345234699999935], [112.78220360000012, -7.345257599999968], [112.7823409, -7.345280899999977], [112.78244590000008, -7.345300299999963], [112.78247060000001, -7.345304799999951], [112.78260790000002, -7.345327699999928], [112.78273700000011, -7.34534919999993], [112.7827453000001, -7.345350599999961], [112.78288260000011, -7.345372499999939], [112.78301230000011, -7.345393499999943], [112.78314200000011, -7.345413], [112.78327170000011, -7.345430699999952], [112.78339380000011, -7.345447399999955], [112.78350820000003, -7.34546169999993], [112.78362270000002, -7.345474599999932], [112.78373710000005, -7.345486], [112.78383630000008, -7.345495], [112.7839355000001, -7.34550269999994], [112.784027, -7.345507899999973], [112.78411860000006, -7.345511699999975], [112.7841949000001, -7.345513199999971], [112.78427120000003, -7.34551369999997], [112.78433980000011, -7.345512199999973], [112.78440090000004, -7.345510299999944], [112.78446190000011, -7.34550749999994], [112.78450770000006, -7.345503599999972], [112.78455340000005, -7.345499299999972], [112.78459160000011, -7.345495], [112.78462980000006, -7.345490299999938], [112.78466020000008, -7.345484099999965], [112.78469080000002, -7.345476499999961], [112.78472130000011, -7.345466899999963], [112.7847518000001, -7.34545449999996], [112.78478230000007, -7.345439699999929], [112.78481280000005, -7.345421099999953], [112.78484340000011, -7.345399199999974], [112.7848815000001, -7.345374399999969], [112.78491970000005, -7.345347199999935], [112.78495780000003, -7.345319599999925], [112.784996, -7.345291399999951], [112.78503410000008, -7.34526429999994], [112.78507220000006, -7.345239], [112.78510280000012, -7.345216099999959], [112.7851333000001, -7.345197], [112.78515620000007, -7.34518079999998], [112.78518670000005, -7.345167899999979], [112.78520960000003, -7.345157], [112.78524010000001, -7.345148399999971], [112.78527830000007, -7.345141699999942], [112.78531640000006, -7.345136], [112.7853622, -7.345131699999968], [112.78541560000008, -7.345127399999967], [112.78547660000004, -7.345124], [112.78553760000011, -7.345121199999937], [112.78560630000004, -7.345118299999967], [112.785675, -7.345115499999963], [112.785736, -7.345113099999935], [112.78579710000008, -7.345110699999964], [112.78585040000007, -7.345107799999937], [112.78589620000002, -7.345105499999931], [112.785942, -7.345102599999962], [112.78597250000007, -7.345099299999958], [112.78601830000002, -7.34509259999993], [112.7860564, -7.345085399999959], [112.7860869000001, -7.345077299999957], [112.78610980000008, -7.345065899999952], [112.78614040000002, -7.345046799999977], [112.78617090000012, -7.345016299999941], [112.78619380000009, -7.344995299999937], [112.78621670000007, -7.344969599999956], [112.78624720000005, -7.34494049999995], [112.78627010000002, -7.344908499999974], [112.78630060000012, -7.344875599999966], [112.7863311000001, -7.344842299999925], [112.78636160000008, -7.344809299999952], [112.78638450000005, -7.34477789999994], [112.78640740000003, -7.344749699999966], [112.7864303, -7.344725], [112.7864532000001, -7.34470349999998], [112.7864684000001, -7.344685399999946], [112.78649890000008, -7.344655799999941], [112.78652950000003, -7.344633899999963], [112.78656, -7.344615799999929], [112.7865829000001, -7.344607599999961], [112.78660570000011, -7.344598599999927], [112.78662860000009, -7.344589099999951], [112.78666680000003, -7.344578599999977], [112.78670490000002, -7.344566199999974], [112.78675070000008, -7.344552299999975], [112.78680410000004, -7.344535699999938], [112.78687280000008, -7.344516099999964], [112.78694910000002, -7.344494199999929], [112.787033, -7.344470299999955], [112.78711690000011, -7.344444099999976], [112.78721610000002, -7.344416], [112.78730770000004, -7.344386899999961], [112.78741450000007, -7.344356399999981], [112.78751360000001, -7.344324899999947], [112.78761280000003, -7.344292499999938], [112.787712, -7.344260499999962], [112.78781120000008, -7.344228599999951], [112.7879104000001, -7.344197099999974], [112.78800190000004, -7.344166599999937], [112.78809350000006, -7.344137499999931], [112.78817740000011, -7.344110799999953], [112.78826130000004, -7.344085499999949], [112.78829380000002, -7.344076], [112.78833760000009, -7.344063099999971], [112.78840630000002, -7.344043599999964], [112.788475, -7.344025899999963], [112.788536, -7.344011099999932], [112.78858940000009, -7.34399819999993], [112.78864280000005, -7.343987799999979], [112.78868860000011, -7.34397869999998], [112.78873440000007, -7.343972], [112.78878010000005, -7.343967299999974], [112.78881830000012, -7.343963899999949], [112.7888564000001, -7.343962499999975], [112.78889460000005, -7.343962], [112.78893270000003, -7.343962499999975], [112.78896320000001, -7.343964399999948], [112.78900140000007, -7.343967299999974], [112.78903190000005, -7.343971099999976], [112.78907010000012, -7.343975399999977], [112.7891006000001, -7.343979699999977], [112.78913110000008, -7.343984899999953], [112.78916930000003, -7.343990099999928], [112.78919970000004, -7.343995899999925], [112.7892303000001, -7.344001599999956], [112.78926080000008, -7.34400729999993], [112.78929130000006, -7.344013], [112.78931420000004, -7.344018299999959], [112.78934470000002, -7.344024], [112.78937520000011, -7.344030699999962], [112.78940570000009, -7.344038799999964], [112.78943620000007, -7.34404829999994], [112.78947440000002, -7.344060199999944], [112.78951260000008, -7.344075], [112.789566, -7.344093099999952], [112.7896194000001, -7.344115099999954], [112.78968040000007, -7.344139899999959], [112.78974910000011, -7.344167499999969], [112.78981780000004, -7.344197099999974], [112.78988640000011, -7.344227599999954], [112.78996270000005, -7.344259499999964], [112.790039, -7.34429149999994], [112.79010760000006, -7.344323], [112.7901763000001, -7.344353499999954], [112.790245, -7.344383099999959], [112.7903136000001, -7.344411699999966], [112.79038230000003, -7.344439299999976], [112.79044340000007, -7.344466], [112.79050440000003, -7.344491299999959], [112.7905654000001, -7.344516099999964], [112.79061880000006, -7.344539899999972], [112.79067220000002, -7.344562399999973], [112.79072560000009, -7.344584299999951], [112.790779, -7.344605299999955], [112.79083240000011, -7.344626299999959], [112.79087820000007, -7.344646299999965], [112.79093160000002, -7.34466679999997], [112.79097740000009, -7.344687299999975], [112.79101560000004, -7.344707799999981], [112.79106130000002, -7.344728799999928], [112.79109950000009, -7.344750199999964], [112.79113760000007, -7.344772199999966], [112.79117580000002, -7.344794599999943], [112.79121390000012, -7.344817899999953], [112.7912444000001, -7.344842299999925], [112.79128260000005, -7.344867099999931], [112.79131310000002, -7.344893299999967], [112.7913436, -7.34492], [112.7913741000001, -7.344947599999955], [112.79140460000008, -7.344975799999929], [112.79143520000002, -7.345003899999938], [112.79146570000012, -7.34503159999997], [112.7914886000001, -7.34505919999998], [112.79151910000007, -7.345085399999959], [112.791542, -7.345111199999963], [112.79156490000003, -7.345135499999969], [112.79158770000004, -7.345158399999946], [112.791603, -7.34518079999998], [112.7916259000001, -7.345202299999926], [112.79164880000008, -7.345223699999963], [112.79167170000005, -7.345244699999967], [112.79169460000003, -7.345266699999968], [112.7917175, -7.345288599999947], [112.7917404000001, -7.34531149999998], [112.79177090000007, -7.345335299999931], [112.79179370000008, -7.345359599999938], [112.79182430000003, -7.345385399999941], [112.79185480000001, -7.345411599999977], [112.79189290000011, -7.345439299999953], [112.79193110000006, -7.34546789999996], [112.79196920000004, -7.345497899999941], [112.7920074000001, -7.345528899999977], [112.79205310000009, -7.345560899999953], [112.79209130000004, -7.345593299999962], [112.7921371000001, -7.34562619999997], [112.79218280000009, -7.345659099999978], [112.79222860000004, -7.345692], [112.7922668000001, -7.345724399999938], [112.7923125000001, -7.345756299999948], [112.79235070000004, -7.34578689999995], [112.79238880000003, -7.345816899999932], [112.79241940000009, -7.345846499999936], [112.79246510000007, -7.345875599999943], [112.79250330000002, -7.345905099999925], [112.79254910000009, -7.345934199999931], [112.79259480000007, -7.345964199999969], [112.79264820000003, -7.345995199999948], [112.79271690000007, -7.346026699999925], [112.79277790000003, -7.346058699999958], [112.79284660000008, -7.346090599999968], [112.7929229, -7.346122599999944], [112.79299160000005, -7.346153099999981], [112.7930679000001, -7.346182599999963], [112.79312890000006, -7.346210299999939], [112.7931976000001, -7.346235599999943], [112.793251, -7.346258], [112.79325910000011, -7.346261099999936], [112.79330440000001, -7.346278], [112.79335010000011, -7.346295599999962], [112.79338830000006, -7.346310899999935], [112.79342640000004, -7.346324799999934], [112.79345690000002, -7.346336699999938], [112.79348750000008, -7.346347199999968], [112.79351040000006, -7.346356199999946], [112.79353320000007, -7.346364799999947], [112.79355610000005, -7.346372], [112.793579, -7.346378199999947], [112.79361720000009, -7.34638769999998], [112.79364770000007, -7.346391], [112.79367820000004, -7.346392899999955], [112.79370870000002, -7.346394399999951], [112.79374690000009, -7.346394399999951], [112.79379270000004, -7.346393899999953], [112.79383840000003, -7.346392499999979], [112.7938918000001, -7.346391], [112.79394520000005, -7.346389099999953], [112.7939986, -7.346387199999981], [112.79405210000004, -7.346385299999952], [112.79410540000003, -7.346384299999954], [112.79415890000007, -7.346383399999979], [112.79420460000006, -7.346383399999979], [112.794258, -7.346383399999979], [112.79430380000008, -7.346383899999978], [112.79434960000003, -7.346384799999953], [112.7943954000001, -7.346386299999949], [112.79444120000005, -7.34638769999998], [112.79447930000003, -7.346389099999953], [112.7945251000001, -7.34639059999995], [112.79456320000008, -7.346392], [112.79459370000006, -7.346393899999953], [112.79463190000001, -7.346396299999981], [112.79467770000008, -7.346399099999928], [112.79471580000006, -7.346402499999954], [112.79476160000002, -7.346406299999956], [112.79480740000008, -7.346411499999931], [112.79486070000007, -7.346417199999962], [112.79491420000011, -7.346423899999934], [112.79496760000006, -7.346431099999961], [112.79502860000002, -7.346439199999963], [112.79508970000006, -7.346447299999966], [112.79515070000002, -7.346455399999968], [112.7952117000001, -7.34646349999997], [112.79527270000006, -7.346471599999973], [112.7953338000001, -7.346479199999976], [112.79538720000005, -7.346486399999947], [112.7954406, -7.346493099999975], [112.795494, -7.346498799999949], [112.79553980000003, -7.346504], [112.7955856000001, -7.346508799999981], [112.79562370000008, -7.346512599999926], [112.79565420000006, -7.346515], [112.79568470000004, -7.346516899999926], [112.79574580000008, -7.346517399999925], [112.79577630000006, -7.346512599999926], [112.79579920000003, -7.346505], [112.7958221, -7.346495899999979], [112.795845, -7.346484499999974], [112.79586790000008, -7.346467299999972], [112.79588310000008, -7.346443], [112.79588660000002, -7.346438699999965], [112.79589840000006, -7.346423899999934], [112.795906, -7.346399099999928], [112.79592120000007, -7.34636809999995], [112.79594410000004, -7.34633], [112.79595940000002, -7.346286599999928], [112.7959823000001, -7.346238399999947], [112.79599760000008, -7.346188799999936], [112.79602040000009, -7.34613829999995], [112.79604330000006, -7.346089699999936], [112.79605860000004, -7.346043899999927], [112.79608150000001, -7.346002899999974], [112.79609670000002, -7.345968099999936], [112.79611200000011, -7.345939499999929], [112.79611960000011, -7.345916099999954], [112.79614250000009, -7.345881799999972], [112.79616540000006, -7.345852199999968], [112.79618830000004, -7.345834099999934], [112.79621120000002, -7.345825], [112.7962341000001, -7.345816], [112.79626460000009, -7.345805899999959], [112.7962874000001, -7.345800699999927], [112.796318, -7.345789699999955], [112.79635610000003, -7.345779199999981], [112.79639430000009, -7.345769699999948], [112.79642480000007, -7.345762599999944], [112.79645530000005, -7.345754], [112.79645970000001, -7.345752699999935], [112.79647820000002, -7.345747299999971], [112.79650110000011, -7.345739199999969], [112.796524, -7.345727699999941], [112.79654690000007, -7.345711499999936], [112.79657740000005, -7.345689099999959], [112.79660790000003, -7.34565809999998], [112.79662320000011, -7.34564], [112.7966384, -7.345620499999939], [112.7966613000001, -7.3456], [112.79667660000007, -7.345578499999931], [112.79669940000008, -7.345557], [112.79671470000005, -7.345536], [112.79673760000003, -7.345515099999943], [112.7967605, -7.34549549999997], [112.7967834000001, -7.345476899999937], [112.7968062000001, -7.345459299999959], [112.79682910000008, -7.345443099999954], [112.796852, -7.345427799999925], [112.7968902, -7.345401099999947], [112.7969283000001, -7.345380099999943], [112.79696650000005, -7.345363899999938], [112.79698940000003, -7.345357199999967], [112.79701220000004, -7.345351], [112.79703510000002, -7.34534489999993], [112.7970580000001, -7.345339099999933], [112.79708850000009, -7.345333399999959], [112.79712670000004, -7.345327699999928], [112.7971649000001, -7.345321499999955], [112.79721060000008, -7.345315299999982], [112.79725640000004, -7.345309099999952], [112.79730210000002, -7.345303399999978], [112.79730980000011, -7.34530239999998], [112.79737080000007, -7.345295699999951], [112.7974319000001, -7.345289499999978], [112.79749290000007, -7.345282399999974], [112.79755220000004, -7.345276599999977], [112.79756150000003, -7.345275699999945], [112.79763790000004, -7.345269499999972], [112.79770650000012, -7.345262799999944], [112.79777520000005, -7.345256599999971], [112.79784390000009, -7.34525089999994], [112.79790490000005, -7.34524609999994], [112.7979659, -7.345241399999964], [112.79801930000008, -7.345237599999962], [112.79805750000003, -7.345234699999935], [112.798088, -7.345232299999964], [112.7981185000001, -7.345229899999936], [112.79815670000005, -7.345225099999936], [112.79817960000003, -7.34521849999993], [112.79820240000004, -7.345207], [112.79822530000001, -7.34518989999998], [112.7982482000001, -7.345167499999945], [112.79827870000008, -7.345138799999972], [112.79831690000003, -7.345105], [112.7983398, -7.345086399999957], [112.79836260000002, -7.345067299999926], [112.79838550000011, -7.345048199999951], [112.79840840000008, -7.345029199999942], [112.79843130000006, -7.345011099999965], [112.79845420000004, -7.344993899999963], [112.79847710000001, -7.344978099999935], [112.7985000000001, -7.344964799999957], [112.79853810000009, -7.344942899999978], [112.79857630000004, -7.344927599999949], [112.79861440000002, -7.344917099999975], [112.79865260000008, -7.344908499999974], [112.79868310000006, -7.344906199999969], [112.79871360000004, -7.344908499999974], [112.79874410000002, -7.344913299999973], [112.79878230000008, -7.344920899999977], [112.79882040000007, -7.34493139999995], [112.79884330000004, -7.344938599999978], [112.79886620000002, -7.344946199999981], [112.79888910000011, -7.344955199999958], [112.79891960000009, -7.344965299999956], [112.79894250000007, -7.344976199999962], [112.798973, -7.344988199999932], [112.79900350000003, -7.345000599999935], [112.79902640000012, -7.345013399999971], [112.7990569000001, -7.345025899999939], [112.79907980000007, -7.345038699999975], [112.79910270000005, -7.345050599999979], [112.79912560000002, -7.345062599999949], [112.7991297000001, -7.345064599999944], [112.79914850000011, -7.345074], [112.799179, -7.345097899999928], [112.79920950000007, -7.34512449999994], [112.79924010000002, -7.345157399999948], [112.79925530000003, -7.345177], [112.79927060000011, -7.345198499999981], [112.7992858, -7.345220899999958], [112.7993011000001, -7.345243799999935], [112.7993163000001, -7.345267099999944], [112.79933160000007, -7.34529], [112.79934690000005, -7.345312399999955], [112.79936210000005, -7.34533289999996], [112.799385, -7.34536959999997], [112.7994079, -7.345400199999972], [112.7994308000001, -7.345425399999954], [112.79945370000007, -7.345446399999958], [112.79947660000005, -7.345464], [112.79949940000006, -7.345478799999967], [112.79952990000004, -7.345491199999969], [112.79955280000001, -7.345501699999943], [112.79958340000007, -7.345510299999944], [112.79961390000005, -7.345517399999949], [112.799652, -7.345522199999948], [112.7996902000001, -7.345525099999975], [112.79975880000006, -7.345523199999946], [112.79981220000002, -7.345515099999943], [112.79985040000008, -7.345508399999972], [112.79988090000006, -7.345499299999972], [112.79992670000001, -7.345487399999968], [112.79996480000011, -7.345473099999936], [112.80001060000006, -7.345456399999932], [112.80005640000002, -7.345438799999954], [112.80010980000009, -7.345419699999979], [112.80015550000007, -7.345400599999948], [112.80020900000011, -7.345382], [112.8002547000001, -7.345364399999937], [112.80030050000005, -7.345348599999966], [112.80033870000011, -7.345335299999931], [112.8003768000001, -7.34532379999996], [112.800415, -7.345314299999927], [112.80045310000003, -7.345306199999925], [112.80049130000009, -7.3453], [112.80052180000007, -7.345294299999978], [112.80055990000005, -7.345289499999978], [112.80059040000003, -7.345285199999978], [112.8006286000001, -7.345280899999977], [112.80066670000008, -7.345277599999974], [112.80070490000003, -7.345274299999971], [112.800743, -7.345271399999945], [112.80078880000008, -7.345269499999972], [112.80082690000006, -7.345268099999942], [112.80087270000001, -7.345268099999942], [112.80092610000008, -7.345269], [112.80097190000004, -7.345270899999946], [112.8010253000001, -7.345273799999973], [112.80107110000006, -7.345277599999974], [112.80112450000001, -7.345281899999975], [112.80117030000008, -7.345286199999975], [112.80121610000003, -7.345291], [112.80125420000002, -7.345295199999953], [112.80129240000008, -7.345299499999953], [112.80132290000006, -7.345303399999978], [112.80136860000005, -7.345310499999925], [112.80141440000011, -7.345319599999925], [112.8014525000001, -7.345333899999957], [112.80148310000004, -7.345343899999932], [112.80151360000002, -7.345356299999935], [112.8015517, -7.345370599999967], [112.80158990000007, -7.345386299999973], [112.801628, -7.345403499999975], [112.80167380000012, -7.345421599999952], [112.80171960000007, -7.345440199999928], [112.80176540000002, -7.345459299999959], [112.8018111, -7.345477899999935], [112.8018535000001, -7.345494199999962], [112.80185690000008, -7.34549549999997], [112.80190270000003, -7.345513199999971], [112.8019485000001, -7.345529399999975], [112.80198660000008, -7.345545099999981], [112.80202480000003, -7.345559399999956], [112.80206290000001, -7.345572299999958], [112.8020934000001, -7.345584199999962], [112.80212390000008, -7.345594699999936], [112.80214680000006, -7.345603299999937], [112.80216970000004, -7.345610399999941], [112.80220020000002, -7.345620899999972], [112.80223070000011, -7.345625699999971], [112.80226890000006, -7.34562619999997], [112.8023071, -7.345622399999968], [112.80235280000011, -7.345615199999941], [112.80238330000009, -7.34561], [112.80241390000003, -7.345604199999968], [112.80244440000001, -7.345598], [112.80248250000011, -7.345590899999934], [112.8024971000001, -7.345588], [112.80252070000006, -7.34558329999993], [112.80256650000001, -7.345575199999928], [112.80260460000011, -7.345567], [112.80265040000006, -7.345558499999981], [112.80269620000001, -7.345550399999979], [112.80273430000011, -7.345542699999953], [112.80274340000005, -7.345541299999979], [112.80278010000006, -7.345535599999948], [112.80281820000005, -7.345529399999975], [112.80284870000003, -7.345524099999977], [112.80288690000009, -7.345519799999977], [112.80291740000007, -7.345516], [112.80297080000003, -7.345510799999943], [112.8030013, -7.345508399999972], [112.80304710000007, -7.345505099999968], [112.80310050000003, -7.345501699999943], [112.803131, -7.345500299999969], [112.8031615000001, -7.345499299999972], [112.80319210000005, -7.34549839999994], [112.80323020000003, -7.34549839999994], [112.80326070000001, -7.34549839999994], [112.80330650000008, -7.34549979999997], [112.80335230000003, -7.345501699999943], [112.803398, -7.345505099999968], [112.80345910000005, -7.345510299999944], [112.80352770000002, -7.345518399999946], [112.80360410000003, -7.34553029999995], [112.80369560000008, -7.345546099999979], [112.80380240000011, -7.345566099999928], [112.8039169000001, -7.345591799999966], [112.80411520000007, -7.345639], [112.804367, -7.34570059999993], [112.80440940000005, -7.345711199999926], [112.80443460000004, -7.345717499999978], [112.8048387, -7.345755199999928], [112.8058205000001, -7.34600359999996], [112.80617440000003, -7.34600219999993], [112.80626270000005, -7.345983899999965], [112.80656770000007, -7.345920899999953], [112.80662810000001, -7.345908399999928], [112.80664050000007, -7.345876], [112.80665580000004, -7.345844599999964], [112.80667870000002, -7.345819799999958], [112.8066940000001, -7.34579969999993], [112.80671690000008, -7.345784], [112.8067397000001, -7.345764899999949], [112.80676260000007, -7.345754], [112.80679310000005, -7.345744899999943], [112.80682370000011, -7.345736799999941], [112.80686180000009, -7.34572959999997], [112.80689230000007, -7.345726799999966], [112.80692280000005, -7.345724399999938], [112.80695340000011, -7.345722499999965], [112.8069915000001, -7.345721099999935], [112.80703730000005, -7.345720599999936], [112.807083, -7.345721099999935], [112.8071364000001, -7.345721499999968], [112.8071804000001, -7.345722599999931], [112.80719750000003, -7.345723], [112.8072585000001, -7.345724399999938], [112.80732720000003, -7.345726299999967], [112.80739590000007, -7.34572819999994], [112.80746450000004, -7.345730099999969], [112.80753320000008, -7.345731599999965], [112.80760950000001, -7.34573249999994], [112.80767810000009, -7.345733399999972], [112.80774680000002, -7.345733899999971], [112.80781550000006, -7.345733899999971], [112.80787650000002, -7.345734399999969], [112.8079375000001, -7.345733899999971], [112.80799860000002, -7.345733899999971], [112.808052, -7.345733899999971], [112.80810540000004, -7.345733399999972], [112.80815120000011, -7.345733399999972], [112.8081969000001, -7.345733399999972], [112.80823510000005, -7.345733399999972], [112.80827320000003, -7.345733899999971], [112.80830370000001, -7.345734399999969], [112.80833430000007, -7.345735399999967], [112.80838, -7.345738199999971], [112.8084258, -7.345743], [112.808464, -7.345748199999946], [112.80849450000005, -7.345754499999941], [112.808525, -7.345760599999949], [112.80855550000001, -7.345768699999951], [112.8085784000001, -7.345774499999948], [112.80861660000005, -7.345791599999927], [112.80863950000003, -7.345804], [112.80864110000005, -7.34580509999995], [112.8087723000001, -7.345799899999975], [112.80983540000011, -7.346043699999939], [112.810503, -7.34619669999995], [112.81062120000001, -7.346234], [112.81062310000004, -7.346233199999972], [112.81066120000003, -7.346216], [112.81069180000009, -7.346207], [112.81071470000006, -7.346201699999938], [112.81075280000005, -7.346198899999933], [112.81079090000003, -7.346201699999938], [112.81082150000009, -7.346206], [112.81084440000006, -7.346213099999943], [112.81087490000004, -7.346221799999967], [112.81090540000002, -7.346231799999941], [112.81092590000003, -7.346242], [112.81202660000008, -7.346311599999979], [112.81204630000002, -7.346316], [112.8120848000001, -7.34632449999998], [112.81209790000003, -7.346314499999949], [112.81210320000002, -7.346310399999936], [112.81213370000012, -7.346294199999932], [112.8121642000001, -7.346283699999958], [112.81218710000007, -7.346277499999928], [112.81221760000005, -7.346274199999925], [112.81225580000012, -7.346277499999928], [112.81227870000009, -7.346282799999926], [112.81231680000008, -7.346290899999929], [112.81234210000002, -7.346298199999978], [112.812355, -7.346301899999958], [112.81237570000008, -7.346306399999946], [112.81268610000006, -7.346287899999936], [112.81278980000002, -7.346281], [112.81280980000008, -7.346290899999929], [112.81281270000011, -7.346289], [112.81282610000005, -7.346280899999954], [112.81293570000003, -7.346280399999955], [112.81330470000012, -7.346156], [112.8133269000001, -7.346130799999969], [112.8133544000001, -7.346136899999976], [112.81336350000004, -7.346138499999938], [112.81411060000005, -7.34587769999996], [112.81421910000006, -7.345869299999947], [112.81423180000002, -7.345859299999972], [112.81427760000008, -7.345822599999963], [112.81431570000007, -7.345785399999954], [112.81436150000002, -7.34574779999997], [112.81440730000008, -7.345710599999961], [112.81444540000007, -7.345674299999928], [112.81449120000002, -7.345639499999947], [112.81452930000012, -7.345607099999938], [112.81455990000006, -7.345577099999957], [112.814598, -7.345548899999926], [112.81462850000003, -7.345522699999947], [112.814659, -7.345497899999941], [112.81468960000007, -7.345474599999932], [112.81472010000005, -7.345451199999957], [112.81475060000002, -7.34542829999998], [112.8147811, -7.345404899999949], [112.81481930000007, -7.345381599999939], [112.81485740000005, -7.345357199999967], [112.81489550000003, -7.345332], [112.8149337000001, -7.345305799999949], [112.81497950000005, -7.345278599999972], [112.81502520000004, -7.345250399999941], [112.8150710000001, -7.345220899999958], [112.81512440000006, -7.34518989999998], [112.81517780000001, -7.345157899999947], [112.81523120000008, -7.345125], [112.81528460000004, -7.345092099999931], [112.81533800000011, -7.345059699999979], [112.81539150000003, -7.345028199999945], [112.8154449000001, -7.344998699999962], [112.81549070000005, -7.344971], [112.81552880000004, -7.34494669999998], [112.81556690000002, -7.344925699999976], [112.81559750000008, -7.344908], [112.81562040000006, -7.344893299999967], [112.81565090000004, -7.344880399999965], [112.81567370000005, -7.344868899999938], [112.81569660000002, -7.344859399999962], [112.81571950000011, -7.344849899999929], [112.81574240000009, -7.344841299999928], [112.81577290000007, -7.344832199999928], [112.81580340000005, -7.344822699999952], [112.81583400000011, -7.344813199999976], [112.81587210000009, -7.344803199999944], [112.81590260000007, -7.344792199999972], [112.81594080000002, -7.344781199999943], [112.8159865, -7.344769299999939], [112.81602470000007, -7.344756899999936], [112.81606280000005, -7.344743499999936], [112.81610100000012, -7.344729199999961], [112.81614680000007, -7.34471439999993], [112.81618490000005, -7.344698699999981], [112.81622310000012, -7.344683], [112.81626890000007, -7.344666299999972], [112.816307, -7.34464909999997], [112.81635280000012, -7.344631499999934], [112.8163909000001, -7.344613399999957], [112.816429, -7.344594799999925], [112.81647480000004, -7.344575199999952], [112.8165130000001, -7.344554199999948], [112.81655870000009, -7.344532299999969], [112.81660450000004, -7.344508499999961], [112.8166503000001, -7.344482699999958], [112.81670370000006, -7.344454599999949], [112.81674950000001, -7.344424499999946], [112.81680290000008, -7.344392599999935], [112.81685630000004, -7.344359699999927], [112.81690970000011, -7.344326799999976], [112.81696310000007, -7.344294399999967], [112.81701650000002, -7.344262899999933], [112.81706230000009, -7.344233799999927], [112.81710810000004, -7.344207099999949], [112.81714620000002, -7.344183699999974], [112.8171767, -7.344163699999967], [112.81719690000011, -7.344152099999974], [112.8172072000001, -7.344146099999932], [112.81723010000007, -7.344131299999958], [112.817253, -7.344118899999955], [112.81729120000011, -7.344098799999927], [112.8173293000001, -7.344084099999975], [112.81736750000005, -7.344073599999945], [112.817398, -7.344066], [112.8174361, -7.344061699999941], [112.81752190000009, -7.344018299999959], [112.817801, -7.343907899999977], [112.8180771000001, -7.343779], [112.81837770000004, -7.343653299999971], [112.81849590000002, -7.34360479999998], [112.81868530000008, -7.343537899999944], [112.818756, -7.343544099999974], [112.818756, -7.34353619999996], [112.81875790000004, -7.343519799999967], [112.8190045, -7.343523599999969], [112.8191395, -7.34348069999993], [112.8196249, -7.343326199999979], [112.81964870000002, -7.343334], [112.81967150000003, -7.34334309999997], [112.81970210000009, -7.343351199999972], [112.819725, -7.343357899999944], [112.81975550000004, -7.343364], [112.81977830000005, -7.343369299999949], [112.8198241, -7.343376899999953], [112.81987750000008, -7.343381199999953], [112.819908, -7.343382199999951], [112.81993860000011, -7.343382199999951], [112.8199767000001, -7.343380699999955], [112.82001490000005, -7.343378799999925], [112.82006060000003, -7.343376], [112.8201064000001, -7.343371699999977], [112.82015980000006, -7.343366899999978], [112.8202209000001, -7.343361699999946], [112.82028190000005, -7.343355899999949], [112.8203506000001, -7.343349699999976], [112.82041920000006, -7.34334309999997], [112.8204879000001, -7.343336399999941], [112.82056420000004, -7.34332969999997], [112.82064050000008, -7.343323099999964], [112.82071680000001, -7.343316399999935], [112.82078540000009, -7.343310599999938], [112.82086170000002, -7.343304899999964], [112.82092280000006, -7.343299699999932], [112.82098380000002, -7.343294899999933], [112.82103720000009, -7.343291099999931], [112.821083, -7.343288199999961], [112.82112110000003, -7.343286299999932], [112.82115930000009, -7.343285399999957], [112.82118980000007, -7.343284899999958], [112.82122030000005, -7.343286299999932], [112.82125080000003, -7.343288199999961], [112.821289, -7.34329159999993], [112.82132710000008, -7.343296299999963], [112.82138050000003, -7.343302499999936], [112.8214339000001, -7.343309699999963], [112.82150260000003, -7.343317799999966], [112.82157130000007, -7.343326899999965], [112.82163990000004, -7.343336399999941], [112.82172380000009, -7.343345899999974], [112.8218078000001, -7.343355499999973], [112.82189170000004, -7.343365], [112.82198320000009, -7.343374099999949], [112.82207480000011, -7.343382599999927], [112.82216640000001, -7.343391199999928], [112.82226550000007, -7.343399399999953], [112.8223723000001, -7.343407499999955], [112.82247920000009, -7.343415599999958], [112.8225936, -7.34342369999996], [112.822708, -7.343432299999961], [112.82283780000012, -7.343440399999963], [112.8229675, -7.343448899999942], [112.8230972, -7.343457], [112.82323450000001, -7.343464199999971], [112.82337940000002, -7.343471299999976], [112.8235168000001, -7.343477099999973], [112.82366170000012, -7.34348179999995], [112.8238143000001, -7.343485199999975], [112.82395930000007, -7.343487099999948], [112.82410420000008, -7.343487499999981], [112.82424920000005, -7.343486599999949], [112.82438650000006, -7.343485199999975], [112.82450860000006, -7.343482799999947], [112.82463070000006, -7.343479399999978], [112.82473750000008, -7.343476099999975], [112.824829, -7.343472799999972], [112.824913, -7.343469], [112.82497400000011, -7.343465099999946], [112.825035, -7.343460399999969], [112.82508080000002, -7.343454599999973], [112.82512660000009, -7.343447499999968], [112.82518, -7.343438399999968], [112.82522570000003, -7.343427], [112.82528680000007, -7.343413199999929], [112.82534780000003, -7.343396], [112.82542410000008, -7.343376], [112.825508, -7.343353599999944], [112.825592, -7.343328299999939], [112.82568350000008, -7.343300199999931], [112.82592000000011, -7.343214299999943], [112.82592000000011, -7.343285499999979], [112.82604390000006, -7.343245899999943], [112.8263392, -7.343189399999972], [112.82663120000007, -7.343308599999943], [112.82699290000005, -7.342585199999974], [112.82752830000004, -7.340681599999925], [112.82782570000006, -7.338004799999965], [112.8305845000001, -7.33466679999998], [112.8314544000001, -7.333543299999974], [112.83210870000005, -7.332294], [112.83276310000008, -7.328962799999942], [112.83395280000002, -7.325572099999931], [112.8355600000001, -7.32357], [112.8356500000001, -7.32354], [112.83572, -7.32344], [112.83579, -7.32331], [112.83587000000011, -7.32318], [112.8359200000001, -7.3231], [112.83641000000011, -7.323], [112.83665, -7.32293], [112.8371, -7.3227], [112.83751, -7.32252], [112.83766, -7.32244], [112.83769, -7.32239], [112.83768, -7.32229], [112.83825250000007, -7.321294], [112.83916620000002, -7.32060869999998], [112.84017, -7.31894], [112.84061, -7.31871], [112.84134, -7.31824], [112.84161, -7.31801], [112.8419, -7.31773], [112.84253, -7.31697], [112.84277, -7.31656], [112.84289, -7.31636], [112.84291, -7.31617], [112.84294000000011, -7.31603], [112.84303000000011, -7.31593], [112.84307, -7.31578], [112.84309, -7.31499], [112.84312000000011, -7.31482], [112.84316, -7.31474], [112.84331, -7.31469], [112.84348000000011, -7.31465], [112.84378, -7.3144], [112.84384000000011, -7.31433], [112.84375000000011, -7.31419], [112.84379, -7.31405], [112.84386, -7.31387], [112.84385, -7.31378], [112.84382, -7.31357], [112.84384000000011, -7.31349], [112.8441, -7.31337], [112.8440700000001, -7.31326], [112.84401, -7.31316], [112.84406, -7.31312], [112.84429000000011, -7.31314], [112.84444, -7.31317], [112.84451, -7.31315], [112.84474000000012, -7.31254], [112.84473, -7.31243], [112.84473, -7.31204], [112.84469, -7.31182], [112.8446, -7.31173], [112.84451, -7.31165], [112.84448, -7.31155], [112.84463, -7.31145], [112.84477, -7.31138], [112.84487, -7.31131], [112.84498, -7.31116], [112.84505, -7.31095], [112.84507, -7.31079], [112.84507, -7.31068], [112.84511, -7.31062], [112.84521, -7.31064], [112.84528000000012, -7.31065], [112.84545, -7.31021], [112.8456000000001, -7.30999], [112.84579, -7.30978], [112.84575, -7.30966], [112.84573000000012, -7.30955], [112.84577, -7.30937], [112.84583, -7.30917], [112.84584, -7.30894], [112.84584, -7.30841], [112.84584, -7.30826], [112.84579, -7.30816], [112.8456900000001, -7.30806], [112.84566, -7.30798], [112.84567, -7.30791], [112.84591000000012, -7.30792], [112.84599, -7.30792], [112.84607, -7.30783], [112.8461400000001, -7.30775], [112.84629, -7.30775], [112.84637, -7.30774], [112.84642, -7.30764], [112.84645, -7.30731], [112.84644, -7.307], [112.84644, -7.3062], [112.84629, -7.30546], [112.84595, -7.30503], [112.84585, -7.30489], [112.84568, -7.30415], [112.84558, -7.30373], [112.84555000000012, -7.30352], [112.84557, -7.3033], [112.84563, -7.30314], [112.8456900000001, -7.30289], [112.84583, -7.30229], [112.84591000000012, -7.30185], [112.8461400000001, -7.30118], [112.84615, -7.30057], [112.84592, -7.30013], [112.8459, -7.29999], [112.8459, -7.29986], [112.84584, -7.29972], [112.84568, -7.29953], [112.84561, -7.2994], [112.8456000000001, -7.29929], [112.84564000000012, -7.29922], [112.84584, -7.29911], [112.84627000000012, -7.29878], [112.84617750000007, -7.295109299999979], [112.84615, -7.29402], [112.84611, -7.29383], [112.84622850000005, -7.291293799999949], [112.8463236, -7.289295], [112.84679950000009, -7.287391399999933], [112.846514, -7.285868599999958], [112.84575260000008, -7.284250499999928], [112.84556220000002, -7.282632499999977], [112.84475320000001, -7.280728899999929], [112.843849, -7.280443399999967], [112.84346830000004, -7.279586799999947], [112.8433255000001, -7.278968099999929], [112.843849, -7.278539799999976], [112.843611, -7.277778399999931], [112.84318270000006, -7.276541099999974], [112.842802, -7.275922399999956], [112.84118400000011, -7.274399599999981], [112.84047020000003, -7.274494799999957], [112.84023220000006, -7.274256799999932], [112.8395660000001, -7.274209199999973], [112.83970870000007, -7.273733299999947], [112.84032740000009, -7.273495399999945], [112.84085090000008, -7.272543599999949], [112.84066050000001, -7.271829799999978], [112.84027980000008, -7.271163499999943], [112.83975630000009, -7.270259299999964], [112.83880450000004, -7.269307499999968], [112.83837620000008, -7.268450899999948], [112.83837620000008, -7.267832299999952], [112.83809070000007, -7.267451599999958], [112.83756720000008, -7.26726119999995], [112.8371677, -7.26728079999998], [112.83640130000003, -7.266410499999949], [112.83625260000008, -7.266083399999957], [112.83622280000009, -7.265458799999976], [112.83622280000009, -7.264566499999944], [112.83589560000007, -7.262543899999969], [112.8351818000001, -7.260967499999936], [112.83455720000006, -7.26007519999996], [112.833427, -7.259153199999957], [112.83253470000011, -7.258736799999951], [112.8316721000001, -7.258647499999938], [112.83069650000004, -7.25882009999998], [112.82926880000002, -7.258320399999945], [112.82662760000005, -7.256821299999956], [112.82555690000004, -7.25614319999994], [112.8246289000001, -7.255964699999936], [112.82377230000009, -7.25614319999994], [112.8232369000001, -7.256749899999932], [112.82348680000007, -7.255750599999942], [112.82345110000006, -7.25507239999996], [112.82045290000008, -7.253002299999935], [112.81749050000008, -7.251895799999943], [112.81609850000007, -7.251681699999949], [112.81492070000002, -7.252324099999953], [112.81285060000005, -7.254858299999967], [112.81094480000002, -7.257183399999974], [112.8108744000001, -7.257269299999962], [112.81084810000004, -7.257152499999961], [112.81073330000004, -7.256642599999964], [112.81044670000006, -7.256391199999939], [112.81002280000007, -7.254397199999971], [112.80654850000008, -7.255679599999951], [112.80654820000007, -7.255667599999981], [112.80654, -7.25534], [112.80648, -7.25472], [112.80646, -7.25452], [112.8064, -7.25387], [112.80633000000012, -7.25327], [112.8065, -7.25318], [112.8067, -7.25308], [112.80687000000012, -7.25289], [112.80699, -7.25268], [112.80703, -7.25252], [112.80703590000007, -7.252512599999932], [112.80705450000005, -7.252423599999929], [112.80705020000005, -7.252410499999939], [112.80702480000002, -7.252163899999971], [112.80691420000005, -7.252002699999935], [112.80676910000011, -7.251839099999927], [112.80665850000003, -7.251756199999932], [112.80643730000008, -7.251682499999959], [112.8062761000001, -7.251677799999925], [112.80613330000006, -7.251705499999957], [112.80599040000004, -7.251756199999932], [112.80585680000002, -7.251811499999974], [112.80571860000009, -7.251912799999957], [112.80408880000005, -7.251961899999969], [112.80408000000011, -7.2519], [112.80409, -7.2515], [112.80408000000011, -7.25142], [112.80405, -7.25094], [112.80398, -7.25], [112.80397, -7.24994], [112.80396, -7.24982], [112.8039500000001, -7.24972], [112.80392960000006, -7.249695499999973], [112.80381810000006, -7.249450199999956], [112.8031638000001, -7.248782099999971], [112.80276070000002, -7.248489599999971], [112.802452, -7.247499], [112.802922, -7.247356199999956], [112.80272380000008, -7.246734199999935], [112.80267780000008, -7.246743399999957], [112.80214330000001, -7.24689079999996], [112.801718, -7.246705], [112.80159, -7.246117499999968], [112.8021940000001, -7.245960099999934], [112.8020074000001, -7.245202199999937], [112.80189480000001, -7.244793199999947], [112.80132450000008, -7.244909699999937], [112.80108180000002, -7.243853299999955], [112.801196, -7.243810399999973], [112.8011246000001, -7.243439199999955], [112.80101040000011, -7.24342489999998], [112.80088190000004, -7.242796799999951], [112.80126730000006, -7.242639699999927], [112.8012453, -7.242374799999936], [112.80085330000009, -7.242325599999958], [112.799822, -7.242495899999938], [112.7998189000001, -7.242488499999979], [112.79974510000011, -7.242287599999941], [112.799736, -7.242262799999935], [112.7995108, -7.24175589999993], [112.79947390000007, -7.241672699999981], [112.79931140000008, -7.241711699999939], [112.7986178000001, -7.240222199999948], [112.79755540000008, -7.240526799999941], [112.797227, -7.239941399999964], [112.79704140000001, -7.239470299999937], [112.79691530000002, -7.238688299999978], [112.79658230000007, -7.238670299999967], [112.79619910000008, -7.238485199999957], [112.7960706, -7.237999799999955], [112.79605630000003, -7.237857], [112.79595640000002, -7.237257399999976], [112.7957851000001, -7.237257399999976], [112.795628, -7.236629199999925], [112.7956709, -7.236500699999965], [112.795371, -7.235758299999929], [112.79528540000001, -7.235444199999961], [112.79528540000001, -7.235258599999952], [112.79577140000004, -7.23511979999995], [112.79489860000001, -7.232743399999947], [112.79462870000009, -7.232860099999925], [112.794543, -7.232646], [112.79458580000005, -7.232446099999947], [112.79451440000003, -7.232346199999938], [112.79438590000007, -7.232331899999963], [112.79427170000008, -7.232260499999938], [112.79378710000003, -7.230588499999953], [112.7930004000001, -7.230684599999961], [112.79299, -7.23068], [112.79298210000002, -7.230665699999975], [112.79294, -7.23059], [112.79279, -7.23025], [112.7925100000001, -7.2297], [112.79227, -7.2292], [112.7916, -7.22754], [112.79137, -7.22702], [112.79127, -7.22691], [112.79098760000011, -7.226740599999971], [112.79082, -7.22664], [112.7905300000001, -7.22648], [112.78967000000011, -7.22611], [112.78883, -7.22585], [112.7887300000001, -7.22576], [112.78867, -7.22559], [112.7885500000001, -7.22509], [112.78841000000011, -7.22429], [112.78839070000004, -7.224202], [112.78834, -7.22397], [112.7883045000001, -7.223828], [112.78812340000002, -7.223103699999967], [112.78796340000008, -7.222463599999969], [112.7879, -7.22221], [112.78781730000003, -7.221854299999961], [112.7878, -7.22178], [112.78766, -7.22118], [112.78765190000001, -7.22114769999996], [112.78749, -7.2205], [112.7875, -7.21991], [112.78749, -7.21956], [112.78738, -7.21926], [112.78699, -7.21901], [112.78643000000011, -7.21867], [112.78575, -7.21827], [112.78551, -7.21814], [112.78546, -7.21804], [112.78531, -7.21759], [112.78524, -7.21743], [112.78518, -7.21739], [112.7849900000001, -7.21732], [112.78487, -7.21723], [112.78483, -7.21715], [112.78453460000003, -7.215919099999951], [112.7842518000001, -7.214654899999971], [112.78346660000011, -7.214041], [112.783024, -7.213584099999935], [112.78253860000007, -7.213255799999956], [112.782453, -7.21299879999998], [112.78211030000011, -7.211342699999932], [112.78199610000001, -7.21077159999993], [112.78175340000007, -7.210500299999978], [112.78102530000001, -7.210143399999936], [112.78028290000009, -7.209843599999942], [112.78032570000005, -7.209244], [112.7803685, -7.208958499999937], [112.78029720000006, -7.208758599999953], [112.78001970000003, -7.208660799999961], [112.7795, -7.20849], [112.77908, -7.20837], [112.77853, -7.20823], [112.77808, -7.20808], [112.777341, -7.207902299999944], [112.77699960000007, -7.207736599999976], [112.776966, -7.207790399999965], [112.776845, -7.207971899999961], [112.77676430000008, -7.208200499999975], [112.77666350000004, -7.208570299999963], [112.77658280000003, -7.208570299999963], [112.77639450000004, -7.208550099999968], [112.77639220000003, -7.208541499999967], [112.77634830000011, -7.208382499999971], [112.77636, -7.20832], [112.77634, -7.20818], [112.77625, -7.20795], [112.7762, -7.20781], [112.77613, -7.20775], [112.77602860000002, -7.20770349999998], [112.776018, -7.207696299999952], [112.7760128000001, -7.207696299999952], [112.77589000000012, -7.20764], [112.77574, -7.20759], [112.77573440000003, -7.20759], [112.77529530000004, -7.207417199999952], [112.77535580000006, -7.207235699999956], [112.77546340000004, -7.206906299999957], [112.77534240000011, -7.206839099999968], [112.775107, -7.206711299999938], [112.77490640000008, -7.206599199999971], [112.77419150000003, -7.206217299999935], [112.7740487000001, -7.205455899999947], [112.77444720000005, -7.203015099999959], [112.7727959, -7.202843799999926], [112.7727959, -7.202252099999953], [112.7724902000001, -7.202179299999955], [112.77254240000002, -7.202103299999976], [112.7723717, -7.201693499999976], [112.77186790000007, -7.201223899999945], [112.77084, -7.20046], [112.77061, -7.20031], [112.77039, -7.20015], [112.77024, -7.20005], [112.77007, -7.19992], [112.76983, -7.1997], [112.76958, -7.19945], [112.76865, -7.19873], [112.76827, -7.19854], [112.76799, -7.19844], [112.76769, -7.19825], [112.76706, -7.19777], [112.76658, -7.19737], [112.76627, -7.19714], [112.76598, -7.19695], [112.76582, -7.19682], [112.76552, -7.19668], [112.76550170000007, -7.196672599999943], [112.7652763000001, -7.19649359999994], [112.76479820000009, -7.196254599999975], [112.76396140000008, -7.196032599999967], [112.7639577000001, -7.196032499999944], [112.7636199000001, -7.195930099999941], [112.76303930000006, -7.195810599999959], [112.76256110000008, -7.195742299999949], [112.76215130000003, -7.19572519999997], [112.76182560000007, -7.195809599999961], [112.7616561000001, -7.195793499999979], [112.76093890000004, -7.195759299999963], [112.76040950000004, -7.195827599999973], [112.75996550000002, -7.195896], [112.75935070000003, -7.196100899999976], [112.7588555000001, -7.196288699999968], [112.7585994000001, -7.19649359999994], [112.75810410000008, -7.196715599999948], [112.7575577, -7.197091299999954], [112.75728450000008, -7.197262099999932], [112.75707950000003, -7.197518199999934], [112.75706730000002, -7.197631799999954], [112.75706, -7.1977], [112.7569909, -7.19776909999996], [112.7569, -7.19786], [112.75669, -7.19801], [112.75613, -7.19836], [112.75578, -7.19856], [112.75522, -7.19894], [112.75475, -7.19921], [112.75441, -7.19943], [112.75408, -7.19967], [112.75334, -7.19983], [112.75242, -7.19988], [112.75204, -7.1999], [112.75182, -7.19987], [112.75159, -7.19972], [112.75136, -7.19955], [112.7511, -7.19923], [112.75094, -7.19909], [112.75018000000011, -7.19867], [112.75000000000011, -7.19846], [112.74992, -7.19836], [112.74982000000011, -7.19824], [112.74966, -7.19821], [112.74931, -7.19797], [112.74855, -7.19748], [112.74838000000011, -7.19742], [112.74808, -7.1974], [112.74798, -7.19743], [112.74788, -7.19749], [112.74778, -7.19751], [112.74751, -7.19743], [112.74641, -7.19687], [112.74627, -7.19681], [112.74616, -7.19679], [112.74612, -7.19674], [112.74615, -7.19664], [112.74619, -7.1965], [112.74612, -7.19635], [112.7461, -7.19622], [112.74612, -7.19614], [112.74635, -7.19606], [112.74651, -7.19597], [112.74682, -7.1958], [112.74683, -7.1957], [112.74678, -7.19563], [112.74744, -7.19548], [112.74777, -7.19545], [112.74865000000011, -7.1952], [112.74852, -7.19509], [112.74815, -7.19489], [112.74817, -7.19462], [112.74796, -7.19441], [112.74781, -7.19433], [112.74768, -7.19427], [112.74762, -7.19423], [112.74614, -7.19446], [112.74551, -7.19458], [112.7453, -7.19461], [112.74494, -7.19464], [112.74453, -7.1947], [112.7444177000001, -7.194717299999979], [112.7438800000001, -7.1948], [112.74351, -7.19482], [112.74345, -7.1948], [112.74335540000004, -7.194723099999976], [112.74329000000012, -7.19467], [112.74323, -7.19447], [112.74335, -7.19444], [112.74332, -7.19434], [112.74061, -7.19484], [112.74014450000004, -7.19491759999994], [112.73941, -7.19504], [112.7370800000001, -7.19569], [112.73574, -7.19597], [112.73493, -7.1961], [112.73428, -7.1962], [112.7334777000001, -7.196335099999942], [112.7334694000001, -7.196336499999973], [112.72359, -7.198], [112.72357000000011, -7.19852], [112.72434, -7.19987], [112.73153, -7.19851], [112.73169, -7.19971], [112.73190000000011, -7.1997], [112.73198, -7.20008], [112.73042, -7.20037], [112.73063, -7.20124], [112.73072, -7.20128], [112.73076, -7.20151], [112.73087, -7.20152], [112.73086, -7.20134], [112.73102, -7.20134], [112.73105, -7.20147], [112.73117, -7.20144], [112.73117, -7.20135], [112.73132, -7.20132], [112.73135, -7.20142], [112.73142, -7.20141], [112.73141, -7.20129], [112.73198, -7.20122], [112.7321, -7.20135], [112.73219, -7.2019], [112.73190000000011, -7.20197], [112.73191, -7.20203], [112.7322, -7.20199], [112.73239, -7.20289], [112.73252, -7.20292], [112.7327, -7.20347], [112.73291, -7.20344], [112.73292, -7.2035], [112.73257, -7.20358], [112.73259, -7.20374], [112.73217000000011, -7.20382], [112.73273, -7.20665], [112.72984, -7.20715], [112.73002, -7.20818], [112.73037000000011, -7.20811], [112.73047, -7.20877], [112.7286686000001, -7.209114899999975], [112.72859790000007, -7.209128499999963], [112.72859, -7.20913], [112.72559, -7.20277], [112.72446, -7.20327], [112.72697, -7.20903], [112.72711, -7.20937], [112.72631, -7.20943], [112.72633, -7.20963], [112.72621, -7.20965], [112.72571, -7.20976], [112.72533, -7.20902], [112.72218, -7.20229], [112.7213200000001, -7.20053], [112.72121, -7.20059], [112.72115, -7.2006], [112.72086, -7.19999], [112.7206000000001, -7.1995], [112.72049, -7.19926], [112.72047510000004, -7.199242199999958], [112.72005600000011, -7.198403799999937], [112.71991590000005, -7.198337099999947], [112.72004260000006, -7.198643899999979], [112.7198426000001, -7.198657199999957], [112.71974250000005, -7.198790599999938], [112.71966250000003, -7.198823899999979], [112.71949580000012, -7.198823899999979], [112.71937570000011, -7.198884], [112.71928240000011, -7.198997299999974], [112.7192490000001, -7.199057299999936], [112.71907570000008, -7.199124], [112.719009, -7.199157399999933], [112.7189823000001, -7.199170699999968], [112.71886230000007, -7.199164], [112.71873560000006, -7.199077399999965], [112.71865550000007, -7.199024], [112.71860220000008, -7.199037299999929], [112.71854220000012, -7.199084], [112.71849550000002, -7.199124], [112.7184688000001, -7.199157399999933], [112.71844210000006, -7.199184099999968], [112.7184155000001, -7.199190699999974], [112.71830210000007, -7.199164], [112.71822210000005, -7.199104], [112.718142, -7.199070699999936], [112.7180287000001, -7.199057299999936], [112.717982, -7.19903069999998], [112.71794860000011, -7.19903069999998], [112.71791530000007, -7.199037299999929], [112.71786860000009, -7.199044], [112.71780860000001, -7.199044], [112.71774190000008, -7.199057299999936], [112.71768860000009, -7.199084], [112.71754850000002, -7.199117399999977], [112.7175085, -7.199130699999955], [112.71748180000009, -7.199137399999927], [112.71744850000005, -7.199137399999927], [112.71754180000005, -7.199317399999927], [112.71787530000006, -7.199844299999938], [112.71806880000008, -7.200180599999953], [112.71797, -7.20023], [112.71774, -7.20057], [112.71758000000011, -7.20067], [112.71748, -7.20076], [112.71739, -7.2009], [112.71739, -7.20104], [112.71754, -7.20135], [112.71792, -7.20218], [112.71801, -7.20239], [112.71803000000011, -7.20245], [112.71848000000011, -7.20337], [112.71928, -7.20498], [112.71938000000011, -7.2053], [112.71963, -7.20529], [112.71972, -7.20528], [112.71981, -7.20535], [112.71971, -7.20553], [112.71963, -7.20561], [112.71964, -7.20571], [112.7197000000001, -7.20581], [112.71976, -7.20583], [112.71986, -7.20582], [112.71992000000012, -7.20588], [112.71995, -7.20598], [112.71954, -7.20619], [112.72010000000012, -7.20745], [112.72113, -7.20708], [112.72142, -7.20757], [112.72074, -7.20786], [112.72098, -7.20831], [112.72166, -7.20802], [112.72178, -7.2082], [112.72131, -7.20843], [112.7213200000001, -7.20849], [112.72112, -7.20866], [112.7216, -7.20847], [112.72165, -7.20857], [112.7212, -7.20879], [112.7212300000001, -7.20892], [112.72124, -7.20899], [112.72122, -7.20906], [112.7214100000001, -7.2093], [112.72144, -7.20941], [112.72139, -7.20949], [112.72129, -7.20958], [112.72155, -7.20982], [112.72164, -7.20993], [112.72169, -7.21013], [112.7216800000001, -7.21021], [112.7215900000001, -7.21028], [112.72152, -7.21032], [112.72142, -7.21029], [112.72118000000012, -7.21022], [112.72104, -7.21019], [112.72079, -7.21014], [112.72071, -7.21011], [112.72028000000012, -7.20925], [112.72010000000012, -7.20892], [112.71987, -7.20844], [112.71969, -7.20807], [112.71956000000011, -7.20779], [112.71931, -7.2073], [112.71901180000009, -7.206717], [112.7157519000001, -7.208192299999951], [112.7151808000001, -7.208097099999975], [112.71470490000002, -7.208073299999967], [112.71449080000002, -7.207930499999975], [112.7141577000001, -7.207240499999955], [112.71363420000012, -7.207097699999963], [112.71296790000008, -7.207407], [112.71253960000001, -7.208001899999942], [112.71258720000003, -7.208525399999928], [112.71292030000006, -7.208882299999971], [112.71327730000007, -7.208977499999946], [112.71368180000002, -7.209167799999932], [112.71396730000004, -7.209239199999956], [112.71418150000011, -7.209025099999963], [112.71432420000008, -7.209334399999932], [112.71449080000002, -7.209548599999948], [112.71472870000002, -7.209667499999966], [112.71482390000006, -7.209905499999934], [112.7149018, -7.210006399999941], [112.71488430000011, -7.210729599999979], [112.71512350000012, -7.21141369999998], [112.71513, -7.21164], [112.71513, -7.21177], [112.71542000000011, -7.21219], [112.7155, -7.21239], [112.71564, -7.21316], [112.71568, -7.21353], [112.71566, -7.21365], [112.71557, -7.21382], [112.71539, -7.21401], [112.71519, -7.21421], [112.71457410000005, -7.215083199999981], [112.71402200000011, -7.215787499999976], [112.71375550000005, -7.216054], [112.71364770000002, -7.216469], [112.71304, -7.21669], [112.713017, -7.216695399999935], [112.71266, -7.21678], [112.71246, -7.21676], [112.7123600000001, -7.21684], [112.7123, -7.21691], [112.71211, -7.21697], [112.71204000000012, -7.21699], [112.71111, -7.21728], [112.7110100000001, -7.2173], [112.71087000000011, -7.21729], [112.71078000000011, -7.21732], [112.71048, -7.21744], [112.71040570000002, -7.217455799999925], [112.71032910000008, -7.217253299999925], [112.70928210000011, -7.217710099999977], [112.70912990000011, -7.218033699999978], [112.70939640000006, -7.218661899999972], [112.70987230000003, -7.219785], [112.71006260000001, -7.220356099999947], [112.71038620000002, -7.22052739999998], [112.7105762000001, -7.220585799999981], [112.71050040000011, -7.221307899999942], [112.70947250000006, -7.221669499999962], [112.70895850000011, -7.22220249999998], [112.70895140000005, -7.223022199999946], [112.70872760000009, -7.223265399999946], [112.70861280000008, -7.223292099999981], [112.70802, -7.22343], [112.70773, -7.22339], [112.70759, -7.22331], [112.70734, -7.22309], [112.70725, -7.22308], [112.7071, -7.22312], [112.70693, -7.22321], [112.70675, -7.22331], [112.7065500000001, -7.22332], [112.70653, -7.22338], [112.70656, -7.22348], [112.70642680000003, -7.224277399999949], [112.70648440000002, -7.224766899999963], [112.70648, -7.22478], [112.70624, -7.22476], [112.70603, -7.22475], [112.70585, -7.22322], [112.70581, -7.22263], [112.70573, -7.22238], [112.70568, -7.22218], [112.70562, -7.22194], [112.7055, -7.22175], [112.7052900000001, -7.22147], [112.70525, -7.22127], [112.7047136000001, -7.221060399999942], [112.70399, -7.22087], [112.70353000000011, -7.22096], [112.70326690000002, -7.22014669999993], [112.70033540000009, -7.220889099999965], [112.70010690000004, -7.221403], [112.70014190000006, -7.221973799999944], [112.69984000000011, -7.2221], [112.69894580000005, -7.222431], [112.69856510000011, -7.222507099999973], [112.69859, -7.22228], [112.69852, -7.22201], [112.69836, -7.22203], [112.69776080000008, -7.222137399999951], [112.69691000000012, -7.22229], [112.69688, -7.22265], [112.69662340000002, -7.223078199999975], [112.69581, -7.22341], [112.69572, -7.22337], [112.69556000000011, -7.22322], [112.69545, -7.22317], [112.6953400000001, -7.22317], [112.69531, -7.222887799999967], [112.694282, -7.223040099999935], [112.69420490000005, -7.223668], [112.69419, -7.22367], [112.69405, -7.22363], [112.69382, -7.22359], [112.69368, -7.22363], [112.69346, -7.2237], [112.69332020000002, -7.223707799999943], [112.69328, -7.22371], [112.69318, -7.22368], [112.69315, -7.22362], [112.69312, -7.22342], [112.69305, -7.22303], [112.69295000000011, -7.22306], [112.69274, -7.2232], [112.69249, -7.22324], [112.69231, -7.22327], [112.6923, -7.22339], [112.69227, -7.22345], [112.69216, -7.22349], [112.69206, -7.22348], [112.69202, -7.22341], [112.69192, -7.22326], [112.6918, -7.22326], [112.69161, -7.22336], [112.69158650000008, -7.223393], [112.69151000000011, -7.2235], [112.69141, -7.22357], [112.6912400000001, -7.2236], [112.69056, -7.22362], [112.69035, -7.22358], [112.6900700000001, -7.22347], [112.68978, -7.22342], [112.68948000000012, -7.22336], [112.6892600000001, -7.22336], [112.6891700000001, -7.22332], [112.68901, -7.2233], [112.6887200000001, -7.22335], [112.68839, -7.22342], [112.68822000000011, -7.22352], [112.68815, -7.22362], [112.68799, -7.22381], [112.68784, -7.22388], [112.68664, -7.22423], [112.68647, -7.22436], [112.68642000000011, -7.22446], [112.68635, -7.22473], [112.68632, -7.22497], [112.68627, -7.22541], [112.68617, -7.22547], [112.6861, -7.22549], [112.68604, -7.22551], [112.68583, -7.22549], [112.6853, -7.22539], [112.68486, -7.22526], [112.68394, -7.22489], [112.68369, -7.22481], [112.68315, -7.22463], [112.6829100000001, -7.22461], [112.68267, -7.22458], [112.68241, -7.2245], [112.6821063000001, -7.224362], [112.68197, -7.2243], [112.6819200000001, -7.22422], [112.68182, -7.22395], [112.68146, -7.22382], [112.68063, -7.22356], [112.68037, -7.2234], [112.68010730000003, -7.22317019999997], [112.68005, -7.22312], [112.68002, -7.22299], [112.6800300000001, -7.22265], [112.68011, -7.22243], [112.68024, -7.22205], [112.68026, -7.22181], [112.68023, -7.22153], [112.68015, -7.22145], [112.6800300000001, -7.22138], [112.67921, -7.22116], [112.67884, -7.2211], [112.6785, -7.22135], [112.67843, -7.22151], [112.67835, -7.22154], [112.67825, -7.22153], [112.67813, -7.22147], [112.67796, -7.22131], [112.6779, -7.22118], [112.6779, -7.22082], [112.67793, -7.22059], [112.67796, -7.22029], [112.67793, -7.22023], [112.67786, -7.22023], [112.67778, -7.22028], [112.67774, -7.22038], [112.67765, -7.22081], [112.67742, -7.2222], [112.67732, -7.22285], [112.67735, -7.2236], [112.67728000000011, -7.2237], [112.67715, -7.2238], [112.67709, -7.22382], [112.67699, -7.22385], [112.67663, -7.22392], [112.67641, -7.22391], [112.67616, -7.22382], [112.67595, -7.22369], [112.6756, -7.2234], [112.6754800000001, -7.22332], [112.6749, -7.22303], [112.6746700000001, -7.22303], [112.67415, -7.22288], [112.67390000000012, -7.22276], [112.67362, -7.22264], [112.67335, -7.2225], [112.6730500000001, -7.22234], [112.67283, -7.22223], [112.67262, -7.22224], [112.67248, -7.22222], [112.67232, -7.22214], [112.67217, -7.22209], [112.67165000000011, -7.22203], [112.67158, -7.22208], [112.67147000000011, -7.22222], [112.6713, -7.22246], [112.67120000000011, -7.22254], [112.67112, -7.22252], [112.671, -7.22244], [112.67096, -7.22237], [112.67101, -7.22225], [112.67126, -7.22161], [112.67123, -7.2215], [112.67113, -7.2214], [112.67097, -7.22131], [112.67039000000011, -7.22104], [112.67017, -7.2209], [112.66940000000011, -7.22045], [112.6692, -7.22041], [112.66889490000005, -7.220371899999975], [112.66888, -7.22037], [112.66866, -7.22031], [112.66850000000011, -7.22022], [112.66837, -7.22011], [112.66866, -7.219766], [112.66898360000005, -7.219252], [112.6689646000001, -7.218795099999966], [112.66850770000008, -7.218167], [112.66782240000009, -7.21712], [112.66740360000006, -7.216568], [112.667042, -7.216587], [112.66645710000012, -7.216964699999949], [112.6660902000001, -7.217177099999958], [112.66612820000012, -7.216853499999957], [112.6660902000001, -7.21668219999998], [112.6660902000001, -7.216358599999978], [112.66636, -7.21611], [112.66649, -7.21597], [112.66649, -7.2159], [112.66629000000012, -7.21581], [112.66583, -7.21534], [112.66572, -7.21521], [112.66566000000012, -7.21489], [112.6656, -7.21465], [112.66541, -7.21418], [112.66529, -7.21409], [112.66512000000012, -7.21393], [112.66489, -7.2137], [112.66461, -7.21348], [112.66456, -7.21334], [112.66442, -7.21292], [112.66404000000011, -7.21243], [112.66394, -7.21232], [112.66383, -7.21206], [112.66372, -7.21166], [112.66368000000011, -7.21152], [112.66354, -7.21123], [112.66341000000011, -7.21094], [112.66293, -7.20999], [112.667897, -7.204872899999941], [112.66918190000001, -7.205681899999945], [112.67013370000006, -7.204777699999966], [112.66927710000004, -7.203921099999945], [112.66932470000006, -7.20373079999996], [112.67389320000007, -7.198924299999931], [112.676701, -7.196259299999952], [112.67765280000003, -7.197068299999955], [112.68041290000008, -7.199162199999932], [112.68141230000003, -7.198400799999945], [112.68274480000002, -7.196497199999953], [112.68231650000007, -7.195831], [112.6824117000001, -7.194974399999978], [112.68169780000005, -7.193689499999948], [112.68084120000003, -7.19307079999993], [112.68041290000008, -7.192832799999962], [112.68027020000011, -7.192452099999969], [112.67988950000006, -7.192119], [112.6791280000001, -7.191881099999932], [112.67836660000012, -7.191119599999979], [112.6786045, -7.190786499999945], [112.67812870000012, -7.190358199999935], [112.67784310000002, -7.190548599999943], [112.67751, -7.190358199999935], [112.67698650000011, -7.190881699999977], [112.6759396000001, -7.19131], [112.67527330000007, -7.191881099999932], [112.67517810000004, -7.192452099999969], [112.6750829, -7.19349909999994], [112.67522570000006, -7.194165299999952], [112.67551120000007, -7.194593599999962], [112.6759396000001, -7.195117099999948], [112.67636790000006, -7.195117099999948], [112.67417880000005, -7.197734499999967], [112.67346490000011, -7.198210399999937], [112.67203720000009, -7.199971199999936], [112.67118060000007, -7.20078019999994], [112.67022880000002, -7.199971199999936], [112.66737350000005, -7.202731399999948], [112.66742110000007, -7.204444599999931], [112.66767690000006, -7.20462109999994], [112.66271630000006, -7.209658699999977], [112.66238, -7.20911], [112.66222, -7.20869], [112.6621, -7.20853], [112.66154, -7.20795], [112.66135, -7.20784], [112.66104, -7.20773], [112.66092, -7.20774], [112.66068, -7.20781], [112.66045, -7.20787], [112.6603391000001, -7.207866499999966], [112.66013, -7.20786], [112.66005, -7.20779], [112.66002, -7.20769], [112.66, -7.20735], [112.66003, -7.20714], [112.66016, -7.20665], [112.66027, -7.20617], [112.66039, -7.20587], [112.66051, -7.20569], [112.66080000000011, -7.20534], [112.6609, -7.20486], [112.66088, -7.20478], [112.66079, -7.20467], [112.66098220000003, -7.203534199999979], [112.66175550000003, -7.203415299999961], [112.66208270000004, -7.203534199999979], [112.66232060000004, -7.203385499999968], [112.6621421000001, -7.201690099999951], [112.663897, -7.201154799999927], [112.66440260000002, -7.200649099999964], [112.663897, -7.200054299999977], [112.66520570000012, -7.198715799999945], [112.66490830000009, -7.198329199999932], [112.66434310000011, -7.197645099999932], [112.66390750000005, -7.196927499999958], [112.663947, -7.196389299999964], [112.6638709, -7.195254299999931], [112.66400170000009, -7.194313799999975], [112.66387320000001, -7.19389979999994], [112.66358770000011, -7.193657099999939], [112.66316130000007, -7.193517799999938], [112.66102880000005, -7.193307499999946], [112.66034700000012, -7.193757499999947], [112.65984390000006, -7.19434229999996], [112.65914920000012, -7.195149899999933], [112.65917210000009, -7.196354399999962], [112.65445710000006, -7.196051599999976], [112.65417890000003, -7.196131599999944], [112.65128330000005, -7.196964699999967], [112.6485748, -7.197607], [112.64673080000011, -7.197879299999954], [112.64636230000008, -7.197933699999965], [112.64365390000012, -7.198083899999972], [112.63967130000003, -7.198734299999956], [112.63712670000007, -7.199206899999979], [112.6348190000001, -7.199635499999943], [112.63100860000009, -7.200848699999938], [112.62883000000011, -7.201542399999937], [112.62571, -7.203301199999942], [112.62568140000008, -7.203317299999981], [112.62420650000001, -7.204148799999928], [112.62090300000011, -7.206069], [112.61973950000004, -7.206615299999953], [112.61874690000002, -7.207081399999936], [112.616127, -7.208311599999945], [112.61344150000002, -7.209043], [112.61032870000008, -7.208659199999943], [112.60680390000005, -7.206892], [112.6061433000001, -7.206553299999939], [112.60407920000011, -7.205495099999951], [112.60150150000004, -7.204173599999933], [112.59916930000009, -7.203227099999935], [112.59916690000011, -7.203226099999938], [112.59622960000002, -7.202528499999971], [112.5926895, -7.202303899999947], [112.5921631000001, -7.204542599999968], [112.59244540000009, -7.206687399999964], [112.59244540000009, -7.206978299999946], [112.59233860000006, -7.207057], [112.59447940000007, -7.208003299999973], [112.59494810000001, -7.209057899999948], [112.59600280000006, -7.210229799999979], [112.5981121000001, -7.211987599999929], [112.5984496000001, -7.212452299999939], [112.598236, -7.212400299999956], [112.597969, -7.212401199999931], [112.59765620000007, -7.212468], [112.59743490000005, -7.212561], [112.59706110000002, -7.21277269999996], [112.59664150000003, -7.213050199999941], [112.596199, -7.213407399999937], [112.59567250000009, -7.213843199999928], [112.59514610000008, -7.214291899999978], [112.59477990000005, -7.214622399999939], [112.59465780000005, -7.214729599999941], [112.5952529000001, -7.215073399999937], [112.59554280000009, -7.215337099999942], [112.59571070000004, -7.215855399999953], [112.59610740000005, -7.216154399999937], [112.596466, -7.216381399999932], [112.59709920000012, -7.216462499999977], [112.59729760000005, -7.216316599999971], [112.5973815000001, -7.216025699999932], [112.5975036000001, -7.215755799999954], [112.5976257000001, -7.215589399999942], [112.59805290000008, -7.215494499999977], [112.5985717000001, -7.215638], [112.59943380000004, -7.215925099999936], [112.59968560000004, -7.216007099999956], [112.60014340000009, -7.216026599999964], [112.60049430000004, -7.216284599999938], [112.60074610000004, -7.216823], [112.60064690000002, -7.217445199999929], [112.60039510000001, -7.217778099999975], [112.59916680000003, -7.218305399999963], [112.59854430000007, -7.218605599999933], [112.598091, -7.218824199999972], [112.597702, -7.219065499999942], [112.59759510000004, -7.219349699999952], [112.59780880000005, -7.220228099999929], [112.59774010000001, -7.22136439999997], [112.59757990000003, -7.221675699999935], [112.59731290000002, -7.222022899999956], [112.59696190000011, -7.221864099999948], [112.59642020000001, -7.221457799999939], [112.5961761000001, -7.221050099999957], [112.59615320000012, -7.220677199999955], [112.59610740000005, -7.220402599999943], [112.59592430000009, -7.220181299999979], [112.59563440000011, -7.219969099999958], [112.59538260000011, -7.219614899999954], [112.59535210000001, -7.219144699999958], [112.5952377000001, -7.218656899999928], [112.59494770000003, -7.217867699999942], [112.594551, -7.217169599999977], [112.59400930000004, -7.215124899999978], [112.59393310000007, -7.215124899999978], [112.59358970000005, -7.215284199999928], [112.59325400000012, -7.215495899999951], [112.59296410000002, -7.215720499999975], [112.5927352000001, -7.215905], [112.5926055000001, -7.216090099999974], [112.5924377, -7.216327], [112.59233090000009, -7.216498699999931], [112.59222410000007, -7.216775299999938], [112.59214770000006, -7.217156799999941], [112.59207150000009, -7.217552], [112.5920278000001, -7.217762799999946], [112.59211730000004, -7.21869659999993], [112.59212360000004, -7.218756699999972], [112.5922045000001, -7.219535499999949], [112.59233090000009, -7.220752199999936], [112.59161920000008, -7.221424699999943], [112.59164420000002, -7.221710099999939], [112.591629, -7.221998499999927], [112.59156030000008, -7.222568799999976], [112.59154500000011, -7.222788199999968], [112.59156030000008, -7.222904099999937], [112.59158320000006, -7.22302179999997], [112.59164420000002, -7.223218299999928], [112.59194940000009, -7.223578299999929], [112.59207150000009, -7.223687499999926], [112.5921935, -7.223734699999966], [112.59262080000008, -7.223734699999966], [112.59356680000008, -7.223444799999982], [112.59360540000011, -7.223435199999926], [112.5938777, -7.223367399999972], [112.59398640000006, -7.223340399999927], [112.594757, -7.223307499999976], [112.5961608, -7.223353199999963], [112.596611, -7.223373299999935], [112.5967025000001, -7.223389899999972], [112.59674070000005, -7.223404699999946], [112.59685280000008, -7.22346749999997], [112.5968597000001, -7.223471399999937], [112.59694660000002, -7.223520099999973], [112.59706870000002, -7.22362789999994], [112.59715270000004, -7.223744199999942], [112.59718060000012, -7.223885199999927], [112.59743490000005, -7.225168599999961], [112.59752650000007, -7.225786099999937], [112.597618, -7.226004899999964], [112.59778590000008, -7.226230499999929], [112.59792320000008, -7.226325799999927], [112.59804530000008, -7.226397399999939], [112.5984496000001, -7.226633399999969], [112.59857940000006, -7.226770699999975], [112.5987014000001, -7.226979099999937], [112.59877010000002, -7.227179399999955], [112.59877770000003, -7.227355799999941], [112.59871670000007, -7.227655299999981], [112.59861750000005, -7.227827399999967], [112.59845730000006, -7.228000499999951], [112.59828180000011, -7.228131099999928], [112.598175, -7.228145], [112.59787630000005, -7.228171199999963], [112.59781640000006, -7.228176499999961], [112.5978156000001, -7.228180699999939], [112.5977706000001, -7.228417299999933], [112.59781640000006, -7.228493599999979], [112.59791560000008, -7.228558899999939], [112.59811390000004, -7.228669], [112.59848780000004, -7.228942699999948], [112.598648, -7.228969899999981], [112.59894550000001, -7.229019], [112.5989303, -7.229275599999937], [112.598915, -7.229588399999955], [112.59899130000008, -7.229646099999968], [112.59924310000008, -7.22976239999997], [112.5993423000001, -7.229731899999933], [112.599388, -7.229677099999947], [112.599388, -7.229592699999955], [112.59938040000009, -7.229436199999952], [112.59944150000001, -7.229355699999928], [112.59950250000009, -7.229339899999957], [112.59963980000009, -7.229373799999962], [112.59976740000002, -7.229433599999936], [112.59985350000011, -7.229473899999959], [112.60011290000011, -7.229609799999935], [112.600273, -7.229685199999949], [112.600357, -7.229777699999943], [112.60036460000003, -7.229881099999943], [112.6004104000001, -7.230199699999957], [112.60048670000003, -7.230225399999938], [112.60111230000007, -7.230371799999944], [112.60153190000005, -7.230599299999938], [112.60175320000008, -7.230716099999938], [112.60178370000006, -7.230780899999957], [112.60364520000007, -7.232199], [112.60373680000009, -7.232265799999936], [112.60411070000009, -7.232438399999978], [112.60443110000006, -7.232611499999962], [112.604482, -7.232656599999927], [112.60460660000001, -7.232767], [112.60460640000008, -7.232768799999974], [112.60459130000004, -7.232901], [112.60459130000004, -7.233314399999927], [112.60459130000004, -7.233346799999936], [112.60459130000004, -7.233380699999941], [112.60459130000004, -7.233423099999925], [112.604454, -7.234005799999977], [112.60441440000011, -7.234200499999929], [112.60439290000011, -7.234306199999935], [112.60431660000006, -7.234896499999934], [112.60420980000004, -7.235425299999974], [112.60401910000007, -7.236247399999968], [112.6038665000001, -7.237008], [112.6038665000001, -7.237183], [112.6038665000001, -7.237196299999937], [112.6038665000001, -7.237234], [112.60395810000011, -7.237402299999928], [112.60407250000003, -7.237496199999953], [112.60415640000008, -7.23753679999993], [112.60418690000006, -7.237555399999962], [112.60435480000001, -7.237714599999947], [112.6044769, -7.237858099999926], [112.60448940000003, -7.237895399999957], [112.60454550000009, -7.238063199999942], [112.60456840000006, -7.238295899999969], [112.60456080000006, -7.238474199999928], [112.60491940000009, -7.23857959999998], [112.60501090000002, -7.238627299999962], [112.60496510000007, -7.238892399999941], [112.60496510000007, -7.238947699999926], [112.60568230000001, -7.239156099999946], [112.60613240000009, -7.23928669999998], [112.60646810000003, -7.239387799999975], [112.6065139000001, -7.239413599999978], [112.6065139000001, -7.239530399999978], [112.60646050000003, -7.23969829999993], [112.60641470000007, -7.239795099999981], [112.60643, -7.240057799999931], [112.60643760000005, -7.240216099999941], [112.60644520000005, -7.240286199999957], [112.6064986, -7.240386299999955], [112.60644520000005, -7.240516], [112.606346, -7.240756399999952], [112.60630030000004, -7.240958099999943], [112.60629270000004, -7.24099949999993], [112.60629270000004, -7.241002299999934], [112.60629270000004, -7.241052499999967], [112.60627740000007, -7.241159799999934], [112.60625450000009, -7.241267099999959], [112.6062392, -7.241295199999968], [112.60623160000011, -7.241372], [112.60622400000011, -7.241397699999936], [112.606163, -7.241741499999932], [112.60606380000002, -7.242151599999943], [112.60604850000004, -7.242197399999952], [112.6059570000001, -7.242194499999925], [112.60576620000006, -7.242143], [112.60568230000001, -7.242156299999976], [112.605606, -7.242220299999929], [112.6055679000001, -7.24229269999995], [112.6055907000001, -7.242492499999969], [112.60559840000008, -7.24257549999993], [112.60551450000003, -7.242707099999961], [112.60539240000003, -7.242799099999957], [112.60524740000005, -7.242839699999934], [112.605133, -7.242795299999955], [112.60490410000011, -7.242696599999931], [112.60473630000001, -7.242655099999979], [112.60449210000002, -7.242766199999949], [112.60408780000012, -7.243072799999936], [112.60394280000003, -7.243197299999963], [112.6038436, -7.243362799999943], [112.60359950000009, -7.244010799999955], [112.60358420000011, -7.244043699999963], [112.60333250000008, -7.244721699999957], [112.60332480000011, -7.244752699999935], [112.60316460000001, -7.244707], [112.60310360000005, -7.244692199999974], [112.60308830000008, -7.244760799999938], [112.603012, -7.245148499999971], [112.60298910000006, -7.245602899999938], [112.6027984000001, -7.245604799999967], [112.602684, -7.245646799999975], [112.60243980000007, -7.245847499999968], [112.60229490000006, -7.246012099999973], [112.60219570000004, -7.246068799999932], [112.60202780000009, -7.246327199999939], [112.6019897000001, -7.246485599999971], [112.60199740000007, -7.246490499999936], [112.60237110000003, -7.246730699999944], [112.602539, -7.246847], [112.6026687000001, -7.246956199999943], [112.60285180000005, -7.247019199999954], [112.60311880000006, -7.247074], [112.60324090000006, -7.247145499999931], [112.60338590000003, -7.247383], [112.60346980000008, -7.247563699999944], [112.60349270000006, -7.247635199999934], [112.6038665000001, -7.247767799999963], [112.60398040000007, -7.247831899999937], [112.6041335000001, -7.247918], [112.6045074000001, -7.248061499999949], [112.60498040000004, -7.248204599999951], [112.6055907000001, -7.248401499999943], [112.6065215000001, -7.248613199999966], [112.60673520000012, -7.248611299999936], [112.6078185, -7.248387199999968], [112.608406, -7.248279899999943], [112.608848, -7.248245299999951], [112.60885270000006, -7.248244899999975], [112.60885610000003, -7.248244599999964], [112.60937490000003, -7.248136399999964], [112.60985560000006, -7.248068599999954], [112.6104888000001, -7.248053399999947], [112.61277, -7.24811109999996], [112.61394490000009, -7.248133499999938], [112.6145553, -7.248207399999956], [112.61460110000007, -7.248369099999934], [112.6147155000001, -7.24878769999998], [112.6148071, -7.249421899999959], [112.61482230000001, -7.249483399999974], [112.61476130000005, -7.249767599999927], [112.61473840000008, -7.249942099999942], [112.61473080000007, -7.250000299999954], [112.6147231000001, -7.250024699999926], [112.61463160000005, -7.251096599999926], [112.61457050000001, -7.251362599999936], [112.61431880000009, -7.251998299999968], [112.61424250000005, -7.252400699999953], [112.61460870000008, -7.252446499999962], [112.6149673000001, -7.252460799999938], [112.61538690000009, -7.252477499999941], [112.6159133000001, -7.252522299999953], [112.61672970000006, -7.252598099999943], [112.61714930000005, -7.252643399999954], [112.61790460000009, -7.252652], [112.61784360000001, -7.253198499999939], [112.61769860000004, -7.254172199999971], [112.61766050000006, -7.254417699999976], [112.6176147000001, -7.25483689999993], [112.61757650000004, -7.255321799999933], [112.61757650000004, -7.255377599999974], [112.617607, -7.255501099999947], [112.61763760000008, -7.255660399999954], [112.617607, -7.255834399999969], [112.61758420000001, -7.255906399999958], [112.61753840000006, -7.256144799999959], [112.61744680000004, -7.256447599999944], [112.6173705000001, -7.256746599999929], [112.61734, -7.256906399999934], [112.61730190000003, -7.257061299999975], [112.61720980000007, -7.257525699999974], [112.6172027, -7.257561599999974], [112.61750790000008, -7.257548199999974], [112.61762990000011, -7.257551499999977], [112.61783590000005, -7.257556299999976], [112.61798850000002, -7.257585399999925], [112.6181716000001, -7.257622599999934], [112.61831660000007, -7.257654], [112.61846920000005, -7.257689299999981], [112.61862180000003, -7.257732699999963], [112.61879720000002, -7.257784699999945], [112.61891930000002, -7.257821899999954], [112.6190643000001, -7.257871499999965], [112.61926260000007, -7.257943], [112.61954490000005, -7.258043099999952], [112.61969390000002, -7.258096], [112.61971280000012, -7.258102699999938], [112.6198425, -7.258150899999976], [112.61998740000001, -7.25820049999993], [112.62021620000007, -7.258286699999928], [112.6202545000001, -7.258301099999926], [112.62033070000007, -7.258331099999964], [112.62046810000004, -7.258396499999947], [112.62057490000007, -7.258460799999966], [112.62067410000009, -7.258518599999945], [112.620758, -7.258576199999936], [112.62092590000009, -7.258681599999932], [112.62103270000011, -7.258744099999944], [112.6212005000001, -7.258822299999963], [112.62126920000003, -7.258856199999968], [112.62140650000003, -7.258918599999959], [112.6214599000001, -7.258944799999938], [112.6215744000001, -7.258996799999977], [112.6234740000001, -7.260155099999963], [112.6235656, -7.260149799999965], [112.62370290000001, -7.260154599999964], [112.62387080000008, -7.260181299999942], [112.62399280000011, -7.260202299999946], [112.62414540000009, -7.260231399999952], [112.62431330000004, -7.260288099999968], [112.62445820000005, -7.260338199999978], [112.62462610000011, -7.260391599999934], [112.62474820000011, -7.260427299999947], [112.62487790000012, -7.260446899999977], [112.62499990000003, -7.260466399999927], [112.62527920000002, -7.260662199999956], [112.62528220000002, -7.260664299999974], [112.62532130000011, -7.260691899999927], [112.6262283000001, -7.261333299999933], [112.6263656000001, -7.26135], [112.627098, -7.261178799999925], [112.6276203000001, -7.260978199999954], [112.62767020000001, -7.260959], [112.62855520000005, -7.260559399999977], [112.6291351000001, -7.26005349999997], [112.6292724000001, -7.259762599999931], [112.62929530000008, -7.259754499999929], [112.62930290000008, -7.259722599999975], [112.62947840000004, -7.259755899999959], [112.62981410000009, -7.259819799999946], [112.630371, -7.25996809999998], [112.63042440000004, -7.259983899999952], [112.63082120000001, -7.260094], [112.63132470000005, -7.260358199999928], [112.63150430000007, -7.260505099999932]]], [[[112.66426750000005, -7.193747199999962], [112.6644113000001, -7.19400429999996], [112.6644490000001, -7.194147399999963], [112.66436930000009, -7.195560799999953], [112.66438640000001, -7.196226099999933], [112.66458110000008, -7.197079899999949], [112.66508670000007, -7.197407099999964], [112.66544370000008, -7.197436899999957], [112.66586010000003, -7.197317899999973], [112.6660700000001, -7.1965], [112.66615, -7.1962], [112.6661600000001, -7.19558], [112.66614, -7.19524], [112.66603, -7.19467], [112.66604, -7.19448], [112.66605, -7.19418], [112.66602000000012, -7.19385], [112.66584000000012, -7.19348], [112.6657431000001, -7.193314699999974], [112.66545790000009, -7.192386499999941], [112.6652438000001, -7.192129499999965], [112.66495820000011, -7.192100899999957], [112.66460820000009, -7.192285699999957], [112.66403670000011, -7.192703599999959], [112.66358470000011, -7.193138599999941], [112.66426750000005, -7.193747199999962]]]] 
      }
    }
  ]
}