{
  "type": "FeatureCollection",
  "name": "map",
  "crs": {
    "type": "name",
    "properties": {
      "name": "urn:ogc:def:crs:OGC:1.3:CRS84"
    }
  },
  "features": [
    {
      "type": "Feature",
      "properties": {
        "district_id": "3171010",
        "province": "DKI Jakarta",
        "regency": "Jakarta Selatan",
        "district": "Jagakarsa",
        "pria": 0,
        "wanita": 0,
        "total_penduduk": 0
      },
      "geometry": {
        "type": "Polygon",
        "coordinates": [[[106.79890780000005, -6.343792], [106.79890480000006, -6.34379249999995], [106.79890470000004, -6.343794599999967], [106.79890460000007, -6.34379679999995], [106.79890460000007, -6.343906899999979], [106.79883590000009, -6.344014699999946], [106.79872150000006, -6.344105799999966], [106.79868790000006, -6.344121799999925], [106.798485, -6.344218299999966], [106.79832480000005, -6.344311299999958], [106.79820270000005, -6.344451499999934], [106.79816460000006, -6.344581199999936], [106.79816460000006, -6.344644099999925], [106.79799670000006, -6.344667], [106.79761530000007, -6.344729499999971], [106.79749320000008, -6.344765699999925], [106.79740930000008, -6.344858699999975], [106.79738640000005, -6.344946399999969], [106.79734820000004, -6.345059399999968], [106.79736350000007, -6.345366], [106.79737870000008, -6.345483799999954], [106.79731010000006, -6.345694599999945], [106.79710410000007, -6.345937799999945], [106.79694390000009, -6.346139899999969], [106.79686760000004, -6.346252], [106.79680650000006, -6.346336399999927], [106.79667680000006, -6.346479], [106.79655470000006, -6.346551399999953], [106.79633350000006, -6.346586299999956], [106.79616570000007, -6.346565799999951], [106.796036, -6.346508], [106.79583760000008, -6.346257199999968], [106.79571550000009, -6.346078399999953], [106.79560870000006, -6.346002099999964], [106.79548660000006, -6.345969199999956], [106.79534170000005, -6.345989699999961], [106.79515860000004, -6.346094199999925], [106.79478470000004, -6.346402199999943], [106.79460160000008, -6.346517099999971], [106.79441090000006, -6.346544799999947], [106.79412860000008, -6.346798], [106.79389210000005, -6.347004899999945], [106.79358690000004, -6.347200399999963], [106.79334280000006, -6.347459799999967], [106.79322830000007, -6.347555199999931], [106.79274010000006, -6.34789139999998], [106.79259510000009, -6.348018199999956], [106.79248830000006, -6.348241799999926], [106.79243640000004, -6.348418699999968], [106.79269430000005, -6.34883119999995], [106.79280110000008, -6.348988599999927], [106.79284690000009, -6.349249899999961], [106.79287740000007, -6.349395299999969], [106.79331990000009, -6.349699099999953], [106.79342670000005, -6.349784899999975], [106.79354880000005, -6.350085299999932], [106.79362510000004, -6.35038469999995], [106.79384630000004, -6.350636], [106.79393790000006, -6.35075809999995], [106.79399130000007, -6.350950699999942], [106.79399130000007, -6.351090899999974], [106.79390740000008, -6.351231599999949], [106.79377, -6.351368499999978], [106.79357930000003, -6.351467599999978], [106.79337330000004, -6.351528199999962], [106.79316730000005, -6.351580199999944], [106.79264090000004, -6.352197699999977], [106.79259790000003, -6.352279199999941], [106.79259510000009, -6.352284499999939], [106.79259510000009, -6.352384099999938], [106.79265610000004, -6.352467599999954], [106.79274010000006, -6.352563399999951], [106.79293080000008, -6.352916799999946], [106.79315970000005, -6.353105599999935], [106.79325890000007, -6.353204299999959], [106.79331230000008, -6.35332109999996], [106.79332750000003, -6.353468899999939], [106.79327410000008, -6.353618199999971], [106.79321310000006, -6.353743599999973], [106.79321310000006, -6.353832799999964], [106.79325890000007, -6.353929499999936], [106.79353350000008, -6.353935799999931], [106.79362620000006, -6.353959199999963], [106.79380050000009, -6.354116], [106.793846, -6.354179099999953], [106.79389970000005, -6.354253799999981], [106.79396840000004, -6.354417299999966], [106.79396840000004, -6.354495499999928], [106.79389970000005, -6.354569], [106.79353350000008, -6.354706799999974], [106.79332750000003, -6.354782599999965], [106.79307580000005, -6.354973799999925], [106.79293840000008, -6.355105399999957], [106.79291560000007, -6.355150199999969], [106.79286980000006, -6.355240399999957], [106.79301470000007, -6.355980399999964], [106.79308980000008, -6.356184399999961], [106.793091, -6.356187899999952], [106.793152, -6.356355199999939], [106.79318260000008, -6.356466299999965], [106.79320540000003, -6.356657499999926], [106.79320040000005, -6.356740199999933], [106.79319780000009, -6.356781499999954], [106.79309860000006, -6.356949799999938], [106.79298420000003, -6.35708429999994], [106.79296890000006, -6.357195899999965], [106.79293840000008, -6.357410499999958], [106.79296130000006, -6.357608299999981], [106.79296890000006, -6.357713699999977], [106.79291550000005, -6.357822499999941], [106.79280870000008, -6.357876799999929], [106.79260270000009, -6.357904], [106.79253410000007, -6.357953099999975], [106.79249590000006, -6.358368399999961], [106.79246540000008, -6.358728399999961], [106.79246540000008, -6.35917429999995], [106.792473, -6.359365], [106.79250860000008, -6.359527], [106.79251120000004, -6.359538599999951], [106.79260270000009, -6.359707899999933], [106.79270190000005, -6.359820399999933], [106.793297, -6.35989619999998], [106.79337330000004, -6.359909099999925], [106.793442, -6.359992499999976], [106.79349540000004, -6.360193799999934], [106.79348780000004, -6.360315399999934], [106.79338860000007, -6.360510399999953], [106.79332750000003, -6.360638599999959], [106.79334280000006, -6.360758299999929], [106.79345720000003, -6.36098579999998], [106.79348710000005, -6.361066299999948], [106.79351830000007, -6.361150299999963], [106.79352590000008, -6.361760199999935], [106.793564, -6.362005299999964], [106.79360220000007, -6.362250399999937], [106.79360220000007, -6.36242059999995], [106.79345720000003, -6.362514499999975], [106.79327410000008, -6.362636599999973], [106.79320540000003, -6.362719099999936], [106.79327410000008, -6.362945599999932], [106.793297, -6.363041], [106.793274, -6.363084399999934], [106.79314440000007, -6.363328899999942], [106.793091, -6.363450099999966], [106.79309860000006, -6.363530199999957], [106.79322830000007, -6.363627899999926], [106.79344960000009, -6.36376139999993], [106.79359460000006, -6.363895499999956], [106.79362510000004, -6.36394219999994], [106.79374710000008, -6.364163399999939], [106.79383870000004, -6.364293599999939], [106.79393020000003, -6.364355599999953], [106.79427360000005, -6.364207299999975], [106.79434990000004, -6.36418679999997], [106.79447960000005, -6.364305499999944], [106.79456350000004, -6.364509099999964], [106.794594, -6.364588799999979], [106.79463980000008, -6.36482239999998], [106.79468790000004, -6.364917899999966], [106.79482050000007, -6.364930399999935], [106.79530860000006, -6.364977199999942], [106.79568030000007, -6.365001699999937], [106.795689, -6.364909499999953], [106.79573080000006, -6.364911099999972], [106.79578420000007, -6.364913499999943], [106.79618860000005, -6.36493489999998], [106.79634430000004, -6.364929], [106.79661580000004, -6.364918699999976], [106.79668440000006, -6.36491639999997], [106.79675310000005, -6.364913499999943], [106.79687520000004, -6.364917799999944], [106.79695910000004, -6.364912499999946], [106.79715750000008, -6.364899699999967], [106.79746270000004, -6.364895799999942], [106.79761530000007, -6.364911599999971], [106.79771440000007, -6.364922599999943], [106.79797090000005, -6.364948599999934], [106.79816460000006, -6.36496829999993], [106.79826380000009, -6.364992199999961], [106.79851550000006, -6.365088], [106.79855370000007, -6.365105599999936], [106.79908010000008, -6.365321199999926], [106.79933190000008, -6.365402299999971], [106.79937, -6.365408], [106.79958360000006, -6.36546519999996], [106.79983540000006, -6.365513299999975], [106.79986450000007, -6.365513799999974], [106.79994980000004, -6.365387899999973], [106.80001090000007, -6.365284499999973], [106.80120870000007, -6.364398499999936], [106.80133180000007, -6.364331099999958], [106.80185410000007, -6.36404529999993], [106.80296820000007, -6.363435599999946], [106.80296980000008, -6.363426199999935], [106.80297670000004, -6.363430899999969], [106.802994, -6.363421499999959], [106.80307030000006, -6.363446299999964], [106.80327480000005, -6.36354689999996], [106.80329910000006, -6.363558799999964], [106.80341360000006, -6.363583099999971], [106.80355090000006, -6.363563099999965], [106.80358890000008, -6.363559], [106.80366540000006, -6.363550699999962], [106.80371110000004, -6.363536799999963], [106.80396290000004, -6.363497299999949], [106.80412310000008, -6.363489699999946], [106.80429840000005, -6.363481499999978], [106.80460380000005, -6.363467199999945], [106.805031, -6.363459599999942], [106.80522410000003, -6.363461099999938], [106.80527520000004, -6.363461499999971], [106.80553460000004, -6.363435299999935], [106.80572530000006, -6.363434799999936], [106.80581680000006, -6.36341909999993], [106.80625930000008, -6.363406199999929], [106.80640460000006, -6.36342609999997], [106.80668660000003, -6.36346489999994], [106.80708330000004, -6.363506299999926], [106.80709180000008, -6.363506699999959], [106.80709180000008, -6.363507], [106.80711690000004, -6.363508799999977], [106.80712, -6.36350989999994], [106.80719810000005, -6.363537399999927], [106.80772970000004, -6.363724599999955], [106.80854820000008, -6.364012799999955], [106.80931110000006, -6.364154799999937], [106.81058210000003, -6.363991699999929], [106.81050890000006, -6.363707099999942], [106.810486, -6.363602699999944], [106.810486, -6.363378599999976], [106.81053180000004, -6.362955599999964], [106.81062340000005, -6.362795899999981], [106.81107350000008, -6.362384799999973], [106.81124130000006, -6.362391499999944], [106.81152360000004, -6.362394799999947], [106.81168380000008, -6.362310399999956], [106.81180590000008, -6.362174499999981], [106.81187250000005, -6.362106899999958], [106.81201190000007, -6.361965199999929], [106.81218740000008, -6.361785899999973], [106.812446, -6.36157819999994], [106.81256270000006, -6.361396899999932], [106.812632, -6.361257], [106.81255210000006, -6.361098599999934], [106.81252240000003, -6.360976099999959], [106.81263450000006, -6.360790299999962], [106.81304590000008, -6.360292799999968], [106.81327330000005, -6.359935399999927], [106.81331530000006, -6.359893099999965], [106.81340960000006, -6.359798099999978], [106.81345170000009, -6.359787399999959], [106.81348290000005, -6.35969259999996], [106.81359820000006, -6.35957639999998], [106.81372390000007, -6.359418], [106.81388110000006, -6.359238499999947], [106.81390810000005, -6.359129099999961], [106.81430770000009, -6.359227099999941], [106.81435410000006, -6.358985], [106.81443040000005, -6.358923499999946], [106.814461, -6.358869599999935], [106.81449910000003, -6.358716499999957], [106.81459070000005, -6.358303099999944], [106.81461350000006, -6.358190599999944], [106.81466690000008, -6.357908799999962], [106.81468220000005, -6.357850599999949], [106.81473560000006, -6.35761309999998], [106.81485770000006, -6.357321799999966], [106.815056, -6.356829199999936], [106.81522390000003, -6.356480599999941], [106.815262, -6.356432], [106.81536120000004, -6.356453], [106.81562820000005, -6.356582199999934], [106.81570450000004, -6.356522599999948], [106.81588, -6.356210799999928], [106.81591970000005, -6.356030799999928], [106.81592580000006, -6.356031899999948], [106.81607070000007, -6.356079199999954], [106.81631490000007, -6.356152099999974], [106.81642170000003, -6.35617979999995], [106.81665820000006, -6.356241299999965], [106.81668870000004, -6.356242699999939], [106.81678740000007, -6.356249699999978], [106.81754080000007, -6.35630029999993], [106.81777990000006, -6.356366899999955], [106.818461, -6.356518699999981], [106.81888060000006, -6.356062], [106.819624, -6.356474299999945], [106.81977950000004, -6.356185299999936], [106.820852, -6.356659499999978], [106.82100350000007, -6.356399299999964], [106.82101910000006, -6.356152], [106.82110880000005, -6.355879799999968], [106.82121540000009, -6.35575579999994], [106.82133880000004, -6.355705899999975], [106.82165970000005, -6.355614099999968], [106.822251, -6.35584689999996], [106.82239840000005, -6.355923699999948], [106.82257920000006, -6.355957799999942], [106.82301240000004, -6.356087299999956], [106.82382910000007, -6.356422399999929], [106.82391860000007, -6.356125299999974], [106.82424840000004, -6.356168299999979], [106.826288, -6.356434299999933], [106.82629230000003, -6.356434499999978], [106.82637160000007, -6.356484099999932], [106.82667510000005, -6.356610699999976], [106.82734180000006, -6.356854599999963], [106.82907120000004, -6.356348599999933], [106.83021570000005, -6.356118699999968], [106.83044450000006, -6.356041499999947], [106.830475, -6.356010499999968], [106.83068870000005, -6.355857899999933], [106.83096330000006, -6.355754399999967], [106.83135240000007, -6.355697199999952], [106.831505, -6.355674299999976], [106.831741, -6.355640199999925], [106.83174920000005, -6.355639], [106.83201620000006, -6.355603299999927], [106.83206670000004, -6.355596], [106.832123, -6.355590799999959], [106.83237480000008, -6.355561299999977], [106.83280960000008, -6.355491699999959], [106.83291650000007, -6.355475], [106.83298510000009, -6.355466399999955], [106.83301560000007, -6.35546549999998], [106.833359, -6.355413899999974], [106.83422110000004, -6.355284199999971], [106.83428210000005, -6.355268499999966], [106.83433550000007, -6.355255199999931], [106.83496110000004, -6.355117399999926], [106.83513660000006, -6.355052099999966], [106.83524070000004, -6.355002299999967], [106.83531210000007, -6.354968099999951], [106.83536550000008, -6.354926599999942], [106.83570880000008, -6.354696299999944], [106.835808, -6.354629099999954], [106.835869, -6.354591399999947], [106.83587930000004, -6.354584799999941], [106.83588960000009, -6.354578299999957], [106.83596820000008, -6.354528], [106.83579930000008, -6.354099399999939], [106.83583230000005, -6.353002899999979], [106.83577290000005, -6.352882499999964], [106.83573760000007, -6.352811], [106.83542290000008, -6.352456399999937], [106.83542260000007, -6.352456099999927], [106.83542260000007, -6.352456], [106.83541890000004, -6.352451799999926], [106.83532730000007, -6.35200169999996], [106.83577750000006, -6.351824799999974], [106.838402, -6.352065599999946], [106.83909690000007, -6.351908599999945], [106.83913440000003, -6.351900099999966], [106.83929460000007, -6.351261199999954], [106.83898950000008, -6.350523499999952], [106.838524, -6.349969], [106.83844180000006, -6.349881], [106.83815020000009, -6.34956939999995], [106.83807390000004, -6.349319499999979], [106.83807880000006, -6.349102199999948], [106.83809570000005, -6.348352599999942], [106.83810440000008, -6.347966699999972], [106.83764040000005, -6.347327299999961], [106.83754280000005, -6.34713359999995], [106.83760330000007, -6.34693939999994], [106.83781450000004, -6.346640599999944], [106.83857750000004, -6.346675399999981], [106.83861330000008, -6.346650299999965], [106.83913440000003, -6.346285399999942], [106.83931920000003, -6.345893], [106.83968370000008, -6.345119099999977], [106.83979050000005, -6.343941699999959], [106.83910390000005, -6.343342799999959], [106.83807470000005, -6.343331599999942], [106.83756560000006, -6.343588599999975], [106.83664210000006, -6.344928699999969], [106.83633670000006, -6.345072699999946], [106.83593860000008, -6.344992499999933], [106.83563190000007, -6.344799699999953], [106.83544050000006, -6.344568799999934], [106.835345, -6.344453699999974], [106.83532320000006, -6.344055799999978], [106.83556390000007, -6.343718599999931], [106.83682270000008, -6.342074], [106.83738530000005, -6.341674499999954], [106.837609, -6.341515699999945], [106.83802810000009, -6.341218], [106.83847830000008, -6.341254299999946], [106.83851970000006, -6.341331599999933], [106.83885980000008, -6.341966699999944], [106.83932510000005, -6.34235289999998], [106.840027, -6.342600899999979], [106.84036150000009, -6.342568599999936], [106.84069840000006, -6.342536], [106.840941, -6.341979799999933], [106.84094050000004, -6.341977099999951], [106.84094340000007, -6.341976799999941], [106.84095780000007, -6.341796], [106.84087390000008, -6.341365899999971], [106.84081680000008, -6.341271499999948], [106.84065270000008, -6.341000099999974], [106.84047720000007, -6.34085749999997], [106.840233, -6.340810799999929], [106.83993550000008, -6.340843699999937], [106.83991940000004, -6.340843799999959], [106.83977530000004, -6.340844199999935], [106.83956930000005, -6.340828899999963], [106.83943960000005, -6.340797499999951], [106.83930990000005, -6.340654399999949], [106.83928590000005, -6.340592299999969], [106.83927930000004, -6.340575199999932], [106.83923360000006, -6.340447899999958], [106.83924890000009, -6.340352099999961], [106.83927930000004, -6.340256199999942], [106.83929460000007, -6.340160899999944], [106.83938620000004, -6.340016899999966], [106.83960740000003, -6.339713599999925], [106.83986680000004, -6.33942559999997], [106.84019490000009, -6.338883], [106.84030930000006, -6.338532], [106.84035510000007, -6.338388499999951], [106.84037040000004, -6.338213], [106.84035510000007, -6.337926399999958], [106.84030170000005, -6.337623599999972], [106.84025590000005, -6.337202099999956], [106.84027450000008, -6.337000899999964], [106.84028650000005, -6.336871199999962], [106.84033990000006, -6.336765599999978], [106.84037520000004, -6.336462], [106.84019070000005, -6.335966299999939], [106.84017960000006, -6.335954199999946], [106.84008810000006, -6.335879399999953], [106.83999650000004, -6.335774499999957], [106.83987450000006, -6.335639499999957], [106.83978290000005, -6.335459299999968], [106.83973710000004, -6.335324299999968], [106.83972190000009, -6.335204199999964], [106.83970660000006, -6.334888], [106.83973970000005, -6.334387799999945], [106.83975240000007, -6.334196099999929], [106.83976770000004, -6.334030699999971], [106.83976770000004, -6.333820399999979], [106.83976, -6.333564799999976], [106.83985160000009, -6.332842399999947], [106.83997360000006, -6.332390799999928], [106.84011860000004, -6.332224899999972], [106.84019490000009, -6.332179599999961], [106.84042380000005, -6.332163899999955], [106.840645, -6.332162899999958], [106.840996, -6.332222], [106.84178940000004, -6.332264], [106.84245320000008, -6.332126699999947], [106.84308640000006, -6.331988899999942], [106.84332290000003, -6.331807599999934], [106.84339920000008, -6.331747099999973], [106.84339920000008, -6.331596899999965], [106.8433, -6.331411399999979], [106.84329880000007, -6.331410199999937], [106.84315510000005, -6.331271699999945], [106.84279650000008, -6.331133399999942], [106.84243030000005, -6.331058599999949], [106.84207170000008, -6.330996099999936], [106.84182, -6.330844399999933], [106.84140310000004, -6.330493699999977], [106.84130880000004, -6.330414399999938], [106.84041620000005, -6.329654699999935], [106.84024070000004, -6.329413899999963], [106.84022540000007, -6.329299499999934], [106.840233, -6.329210299999943], [106.84024830000004, -6.329121199999975], [106.84030170000005, -6.329006699999979], [106.840523, -6.328561299999933], [106.84075180000008, -6.327924799999948], [106.84114170000004, -6.326918299999932], [106.84115620000006, -6.326881], [106.84130880000004, -6.32668979999994], [106.84146140000007, -6.32667639999994], [106.84157580000004, -6.326739799999928], [106.84163680000006, -6.326828499999976], [106.84170550000005, -6.327044499999943], [106.84185810000008, -6.327577599999927], [106.84203360000004, -6.327704], [106.842087, -6.327716899999928], [106.84217850000005, -6.327716399999929], [106.842354, -6.327639599999941], [106.84254470000008, -6.327537099999972], [106.84275070000007, -6.327358299999958], [106.842911, -6.327141799999936], [106.84305590000008, -6.326891899999964], [106.84309410000009, -6.326724099999979], [106.84310930000004, -6.326263499999925], [106.84290330000005, -6.325573], [106.84254470000008, -6.324967], [106.84193440000007, -6.324173], [106.84170010000008, -6.323858299999927], [106.84153, -6.323629899999958], [106.84124010000005, -6.323379599999953], [106.84029410000005, -6.322963699999946], [106.84004230000005, -6.322776399999952], [106.83999650000004, -6.322671899999932], [106.83995840000006, -6.322546099999954], [106.84005750000006, -6.322168899999951], [106.84011860000004, -6.322064], [106.84081290000006, -6.32183079999993], [106.84095780000007, -6.321683899999925], [106.84095780000007, -6.321558], [106.840935, -6.321495599999935], [106.84087390000008, -6.321370199999933], [106.840584, -6.321308199999976], [106.83988970000007, -6.321540899999945], [106.83921830000008, -6.321711099999959], [106.83884450000005, -6.321649599999944], [106.83850880000006, -6.321441199999981], [106.83829520000006, -6.321086], [106.83827230000009, -6.320981099999926], [106.83829520000006, -6.320834699999978], [106.83829520000006, -6.320731099999932], [106.83829520000006, -6.320729799999981], [106.83835620000008, -6.320624899999927], [106.838463, -6.320457], [106.83856220000007, -6.32026819999993], [106.83873, -6.320078899999942], [106.83921070000008, -6.319396099999949], [106.83956930000005, -6.318939199999932], [106.83999650000004, -6.318625499999939], [106.84028650000005, -6.318480499999964], [106.84075180000008, -6.318358899999964], [106.84165970000004, -6.318128199999933], [106.84246850000005, -6.318017], [106.842705, -6.318088599999953], [106.84289570000004, -6.318171499999949], [106.84329240000005, -6.318386099999941], [106.84352130000008, -6.31850529999997], [106.84360520000007, -6.318529199999944], [106.84383410000004, -6.318456199999957], [106.84395620000004, -6.318311699999981], [106.844002, -6.318155799999943], [106.84410880000007, -6.317579799999976], [106.84416980000009, -6.317267499999957], [106.84415450000006, -6.317003799999952], [106.84416980000009, -6.316835899999944], [106.84420890000007, -6.316712699999925], [106.84421910000003, -6.316718499999979], [106.84427240000008, -6.316648699999973], [106.84433560000008, -6.316618099999971], [106.84436050000005, -6.316607], [106.844475, -6.316570799999965], [106.84455130000003, -6.316558399999963], [106.84471910000008, -6.316581799999938], [106.84484120000008, -6.316605599999946], [106.84491770000005, -6.316621299999952], [106.84496650000006, -6.316633799999977], [106.84500670000006, -6.316651499999978], [106.84513180000005, -6.31671179999995], [106.84530810000007, -6.31679239999994], [106.84547970000006, -6.316864099999975], [106.84557680000006, -6.316899399999954], [106.84569410000006, -6.316948399999944], [106.84580060000008, -6.317002799999955], [106.84597210000004, -6.317033799999933], [106.84615710000008, -6.317046699999935], [106.84633720000005, -6.316937699999926], [106.84637630000009, -6.316852199999971], [106.84642050000008, -6.316766299999927], [106.84656530000007, -6.316564399999947], [106.84661540000008, -6.316503399999931], [106.84666920000006, -6.316422], [106.84673170000008, -6.316241199999979], [106.84674660000007, -6.316198099999951], [106.84681480000006, -6.316029299999968], [106.84682860000004, -6.31600839999993], [106.84695870000007, -6.315838], [106.84703220000006, -6.315752599999939], [106.84708350000005, -6.315692399999932], [106.84726930000005, -6.315522899999962], [106.84728850000005, -6.315508], [106.84733960000005, -6.315458799999931], [106.847397, -6.315406399999972], [106.84777270000006, -6.315254599999946], [106.84791450000006, -6.315203299999951], [106.84802220000006, -6.315172599999926], [106.84835070000008, -6.31511409999996], [106.84848950000008, -6.315195699999947], [106.84851650000007, -6.315220199999942], [106.84865380000008, -6.315299599999946], [106.848839, -6.315455499999928], [106.84888820000003, -6.315630499999941], [106.84888990000007, -6.315637399999957], [106.84891340000007, -6.315745199999981], [106.84889220000008, -6.315946099999962], [106.84882640000006, -6.316236099999969], [106.84881020000006, -6.316297], [106.84874540000004, -6.316526799999963], [106.84852230000007, -6.31704469999994], [106.84847680000007, -6.317138799999952], [106.84832580000005, -6.317357699999945], [106.84819350000004, -6.317444499999965], [106.84795040000006, -6.31753759999998], [106.84770250000008, -6.317594699999972], [106.84745590000006, -6.317630799999961], [106.84701450000006, -6.31766719999996], [106.84685230000008, -6.317819], [106.84679480000005, -6.317993599999966], [106.84687670000005, -6.318156099999953], [106.84687820000005, -6.318156699999975], [106.84687820000005, -6.31815679999994], [106.84687890000004, -6.318157099999951], [106.84710950000004, -6.31825989999993], [106.84748150000007, -6.318293499999925], [106.84786510000004, -6.31831539999996], [106.84789810000007, -6.318316299999935], [106.848221, -6.318350799999962], [106.848285, -6.318390699999952], [106.84835370000008, -6.318453099999942], [106.84867980000007, -6.318672899999967], [106.84892460000003, -6.31888129999993], [106.84903060000005, -6.318851699999925], [106.84905020000008, -6.318854099999953], [106.84905260000005, -6.318854399999964], [106.84912730000008, -6.318824599999971], [106.84926130000008, -6.318787099999952], [106.84937690000004, -6.318612299999927], [106.84937690000004, -6.318605], [106.84938070000004, -6.318599699999936], [106.84939590000005, -6.318328899999926], [106.84937550000006, -6.318212499999959], [106.84937510000009, -6.318112299999939], [106.84935780000006, -6.317934399999956], [106.84935780000006, -6.317714299999977], [106.84946460000003, -6.317478699999981], [106.84950490000006, -6.317443799999978], [106.84972080000006, -6.317285599999934], [106.85031240000006, -6.316969499999971], [106.85132180000005, -6.316524099999981], [106.85157680000003, -6.316325499999948], [106.85172660000006, -6.315987799999959], [106.85172610000006, -6.315836599999955], [106.85170250000004, -6.315791299999944], [106.8517, -6.315771199999972], [106.85162280000009, -6.315637699999968], [106.85152720000008, -6.315453599999955], [106.85149780000006, -6.315422699999942], [106.85128860000003, -6.315119399999958], [106.85117840000004, -6.314776], [106.851177, -6.314763099999936], [106.85123290000007, -6.314385], [106.85123940000005, -6.314369099999965], [106.85146330000003, -6.313826], [106.85168220000008, -6.313302], [106.85190220000004, -6.31305709999998], [106.85211030000005, -6.312754], [106.85217870000008, -6.312381699999946], [106.85217860000006, -6.312364099999968], [106.85218830000008, -6.312322699999925], [106.85217870000008, -6.312077599999952], [106.852178, -6.312058499999978], [106.85217750000004, -6.31204589999993], [106.85217720000009, -6.312038399999949], [106.85216540000005, -6.311738], [106.85224930000004, -6.311261199999933], [106.852346, -6.311096099999929], [106.85236380000003, -6.311065699999972], [106.85262320000004, -6.310978499999976], [106.85270710000009, -6.310934599999939], [106.85292070000008, -6.31104229999994], [106.85322590000004, -6.311344199999951], [106.85357680000004, -6.311559699999975], [106.85389490000006, -6.311788399999955], [106.85444660000007, -6.312184799999955], [106.85462210000009, -6.312400899999943], [106.854706, -6.312682199999927], [106.854706, -6.312877199999946], [106.854645, -6.313202399999966], [106.854706, -6.313592], [106.85479750000007, -6.313699799999938], [106.85488150000003, -6.31382949999994], [106.85514090000004, -6.313828499999943], [106.85559860000006, -6.313762299999951], [106.85592670000005, -6.313479499999971], [106.85635390000004, -6.313044599999955], [106.85687270000005, -6.312631199999942], [106.85754690000005, -6.312027299999954], [106.85767380000004, -6.311913499999946], [106.85825360000007, -6.311283199999934], [106.85828730000009, -6.31117949999998], [106.85829940000008, -6.311142], [106.85830020000009, -6.311140199999954], [106.85832230000005, -6.311088099999949], [106.85832230000005, -6.310914599999933], [106.85816970000008, -6.310741899999925], [106.85792560000004, -6.310634199999981], [106.85766620000004, -6.310613699999976], [106.85721610000007, -6.310680399999967], [106.85704060000006, -6.310594099999946], [106.85697190000008, -6.310486399999945], [106.85686510000005, -6.31037809999998], [106.85677360000005, -6.309880299999975], [106.85683050000006, -6.309661299999959], [106.85685240000004, -6.309577199999978], [106.85690330000006, -6.309381499999972], [106.85707870000005, -6.308882799999935], [106.85715030000006, -6.308711499999959], [106.85715720000007, -6.308694899999978], [106.85722370000008, -6.308535599999971], [106.85746780000005, -6.308339699999976], [106.85761280000008, -6.308014399999934], [106.85768150000007, -6.307797499999936], [106.85768150000007, -6.307689299999936], [106.85765860000004, -6.30751609999993], [106.85743730000007, -6.306737], [106.85739920000009, -6.306423299999949], [106.85741440000004, -6.306259199999943], [106.85761280000008, -6.306167199999948], [106.85787220000009, -6.30609329999993], [106.85833, -6.305908699999975], [106.858452, -6.305780499999969], [106.85849020000006, -6.30572559999996], [106.85849020000006, -6.305637399999966], [106.85849020000006, -6.305624199999954], [106.85849020000006, -6.305506299999934], [106.858452, -6.305379], [106.85813920000004, -6.305069499999945], [106.85742970000007, -6.30472519999995], [106.856827, -6.304508299999952], [106.85557570000009, -6.303891699999951], [106.85486850000007, -6.303488799999968], [106.85484330000008, -6.303474499999936], [106.85473650000006, -6.303328599999929], [106.85445470000008, -6.302605699999958], [106.85442370000004, -6.302526], [106.854439, -6.302343399999927], [106.85460680000006, -6.302142199999935], [106.85482040000005, -6.301776], [106.85496540000008, -6.301355399999977], [106.85498430000007, -6.301083699999936], [106.85500350000007, -6.300807499999962], [106.85488910000004, -6.299894799999947], [106.85481280000005, -6.299657899999943], [106.85462970000003, -6.299457599999926], [106.85446950000005, -6.299458099999981], [106.85398880000008, -6.29960589999996], [106.853554, -6.299808599999949], [106.85317250000008, -6.29975509999997], [106.85311180000008, -6.299767499999973], [106.85282580000006, -6.29982549999994], [106.85280630000005, -6.29982949999993], [106.85247820000006, -6.299922], [106.85231040000008, -6.30006839999993], [106.85215020000004, -6.300507599999946], [106.85195180000005, -6.30091], [106.85182750000007, -6.301031899999941], [106.851784, -6.301074599999936], [106.85165860000006, -6.301089499999932], [106.85162370000006, -6.301093599999945], [106.851494, -6.301039299999957], [106.85121940000005, -6.300875699999949], [106.85057850000004, -6.300446099999931], [106.85032670000004, -6.300257299999942], [106.85009780000007, -6.300068], [106.84989180000008, -6.299917299999947], [106.84977740000005, -6.299765699999966], [106.849755, -6.299676499999975], [106.84962480000007, -6.29915909999994], [106.84960190000004, -6.299045099999944], [106.84967820000008, -6.298873899999933], [106.849869, -6.298816699999975], [106.85035730000004, -6.298795699999971], [106.85091420000003, -6.298945499999945], [106.85110490000005, -6.299078], [106.85148640000006, -6.299379899999963], [106.85169240000005, -6.299360299999933], [106.85180680000008, -6.299284], [106.85195940000006, -6.299226799999929], [106.85203570000004, -6.299131399999965], [106.85214250000007, -6.298979299999928], [106.85212730000006, -6.298258299999929], [106.85214250000007, -6.298030399999959], [106.85196110000004, -6.297739899999954], [106.85196, -6.29774], [106.85183, -6.29775], [106.85145620000009, -6.297838799999965], [106.85132210000006, -6.297955899999977], [106.85116230000006, -6.297929299999964], [106.85102630000006, -6.297921499999973], [106.85084390000009, -6.297899299999926], [106.85063190000005, -6.297805599999947], [106.850541, -6.297763399999951], [106.85023820000004, -6.297688199999925], [106.85019430000006, -6.29771809999994], [106.85015960000004, -6.29774539999994], [106.85014960000007, -6.297748599999977], [106.85010340000008, -6.297780099999954], [106.849982, -6.297785499999975], [106.84993190000006, -6.297788499999967], [106.84992190000008, -6.297788199999957], [106.84981340000007, -6.297793], [106.84980790000009, -6.297784], [106.84976910000006, -6.297782599999948], [106.84975910000009, -6.297705399999927], [106.849721, -6.297643899999969], [106.84947520000009, -6.297672599999942], [106.848962, -6.297782299999938], [106.84884140000008, -6.297719299999926], [106.84884450000004, -6.297673399999951], [106.84882330000005, -6.297666299999946], [106.84812, -6.29751], [106.84806870000006, -6.297504], [106.84795, -6.29749], [106.84786, -6.29749], [106.84784370000006, -6.29748589999997], [106.84762, -6.29743], [106.84747, -6.29743], [106.84709, -6.29732], [106.84706440000008, -6.297316], [106.8469, -6.29729], [106.84649, -6.2972], [106.84642, -6.29719], [106.846368, -6.297180099999935], [106.84621, -6.29715], [106.84597, -6.29711], [106.84576, -6.29708], [106.84557, -6.29705], [106.84555170000004, -6.297045799999978], [106.84551940000006, -6.29703829999994], [106.84544, -6.29702], [106.84512, -6.29696], [106.84494, -6.29693], [106.84493930000008, -6.29692979999993], [106.84448, -6.29682], [106.84438670000009, -6.296742199999926], [106.84436, -6.29672], [106.84409320000009, -6.296391], [106.84406, -6.29635], [106.84396, -6.29629], [106.84375, -6.29616], [106.8433, -6.29596], [106.84315380000004, -6.295901499999957], [106.84315, -6.2959], [106.84305, -6.29588], [106.84290850000008, -6.295846], [106.84280630000006, -6.295821499999931], [106.8428, -6.29582], [106.84244, -6.29572], [106.8415, -6.29547], [106.84149150000007, -6.295467099999939], [106.84135, -6.29542], [106.84108, -6.29536], [106.84096790000007, -6.295321899999976], [106.84096020000004, -6.29531929999996], [106.84096, -6.29532], [106.84084, -6.29581], [106.840824, -6.295921699999951], [106.8408, -6.29609], [106.84064590000008, -6.296899199999928], [106.8406, -6.29714], [106.84059, -6.29728], [106.84055, -6.29745], [106.84049, -6.29776], [106.84043, -6.29818], [106.84042, -6.29838], [106.84041770000005, -6.298409099999958], [106.84037, -6.299], [106.84034240000005, -6.299551299999962], [106.84034, -6.2996], [106.84024, -6.30079], [106.84019760000007, -6.301107799999954], [106.84019430000006, -6.301132399999972], [106.84010030000007, -6.301837499999976], [106.84008970000008, -6.301917], [106.84006, -6.30214], [106.84, -6.30255], [106.83992690000008, -6.30278809999993], [106.839844, -6.303034399999945], [106.83976040000005, -6.303358899999978], [106.83976, -6.303360399999974], [106.83798630000007, -6.302628499999969], [106.837924, -6.302597699999978], [106.837419, -6.302348299999949], [106.83655940000006, -6.301977199999953], [106.83662610000005, -6.302413899999976], [106.83668330000006, -6.302678799999967], [106.83669790000005, -6.302692899999954], [106.83694110000005, -6.302926899999932], [106.837046, -6.303079199999956], [106.83710420000006, -6.303665399999943], [106.83718520000008, -6.303866], [106.83716370000008, -6.304280499999948], [106.83715510000007, -6.304444399999966], [106.837189, -6.304942399999959], [106.83724720000004, -6.305496499999947], [106.83714580000009, -6.306240599999967], [106.837145, -6.306246], [106.83714150000009, -6.306272], [106.83708040000005, -6.307163899999978], [106.83709960000004, -6.30804749999993], [106.83682330000005, -6.309352699999977], [106.83674820000005, -6.309707599999967], [106.83664510000006, -6.309975399999928], [106.83664230000005, -6.309982699999978], [106.83663680000006, -6.309997199999941], [106.83659080000007, -6.310615899999959], [106.83650180000006, -6.311568099999931], [106.83652430000006, -6.311630799999932], [106.836591, -6.311816799999974], [106.83643310000008, -6.312500599999964], [106.83637750000008, -6.312741399999936], [106.83628240000007, -6.313095199999964], [106.83622150000008, -6.313472099999956], [106.83605850000004, -6.314481699999931], [106.83602990000009, -6.314791399999933], [106.83600430000007, -6.31506829999995], [106.83593270000006, -6.31526139999994], [106.83586980000007, -6.315623099999925], [106.83586770000005, -6.316173399999968], [106.83575710000008, -6.316382699999963], [106.83554970000006, -6.316775], [106.83554870000006, -6.316777], [106.83537360000008, -6.317219399999942], [106.83526310000008, -6.31774189999993], [106.83509450000008, -6.318385099999944], [106.83503, -6.31839], [106.83487, -6.31838], [106.83478, -6.31836], [106.83457, -6.3183], [106.83449, -6.31826], [106.83426140000006, -6.318136299999935], [106.83421, -6.3181], [106.83413620000005, -6.318124599999976], [106.83412, -6.31813], [106.83395, -6.31825], [106.83376, -6.31842], [106.83363670000006, -6.318542699999966], [106.833571, -6.318629299999941], [106.83352060000004, -6.31871069999994], [106.83348060000009, -6.31887329999995], [106.83344550000004, -6.319000299999971], [106.83333450000003, -6.319178399999942], [106.83321340000003, -6.319371799999942], [106.83291080000004, -6.319890699999974], [106.83275910000003, -6.32006389999998], [106.83264290000005, -6.320186099999944], [106.83259230000004, -6.320252299999936], [106.83241050000004, -6.320481399999949], [106.83232980000008, -6.320623799999964], [106.83227940000006, -6.320725599999946], [106.83221890000004, -6.320827299999962], [106.83224550000006, -6.320839099999944], [106.83224, -6.32085], [106.83211820000008, -6.321071399999937], [106.83198230000005, -6.321381599999938], [106.83193690000007, -6.321442599999955], [106.83193070000004, -6.321449599999937], [106.83176280000004, -6.321408199999951], [106.83150840000008, -6.321327699999927], [106.83115240000006, -6.321268], [106.83031860000006, -6.321189499999946], [106.82956630000007, -6.321161699999948], [106.829323, -6.321365899999932], [106.82914230000006, -6.321987], [106.82879630000008, -6.321886499999948], [106.82828780000006, -6.321806899999956], [106.82808710000006, -6.321954], [106.82806470000008, -6.321970399999941], [106.82784090000007, -6.321910199999934], [106.82782440000005, -6.321910499999944], [106.82762260000004, -6.321914499999934], [106.82750750000008, -6.321916699999974], [106.82721070000008, -6.321922599999937], [106.82681920000005, -6.321829199999968], [106.82624420000008, -6.321692], [106.82619590000007, -6.321721299999979], [106.82619350000004, -6.321722699999953], [106.82617950000008, -6.321719799999926], [106.82523730000008, -6.321522699999946], [106.82523970000005, -6.321511599999951], [106.82532730000008, -6.321115499999962], [106.82531090000003, -6.321074799999963], [106.82532720000006, -6.321074899999928], [106.82532990000004, -6.321023299999979], [106.82534630000004, -6.320718799999952], [106.82528360000003, -6.320230899999956], [106.82525260000006, -6.320098799999926], [106.825232, -6.320078299999977], [106.82513020000005, -6.31997709999996], [106.82509860000005, -6.319651799999974], [106.82500370000008, -6.318696099999954], [106.82492730000007, -6.318375899999978], [106.824818, -6.317918], [106.82481180000008, -6.317891799999927], [106.82481060000003, -6.317886199999975], [106.82480870000006, -6.317877299999964], [106.82480250000003, -6.317847599999936], [106.82479520000004, -6.31784689999995], [106.82377550000007, -6.317749499999934], [106.82382540000003, -6.317484899999954], [106.82352450000008, -6.317401], [106.82320520000007, -6.317360299999962], [106.82269760000008, -6.317404099999976], [106.82245290000009, -6.317408299999954], [106.82209390000008, -6.31746469999996], [106.821757, -6.317517499999951], [106.82137080000007, -6.317529099999945], [106.82116210000004, -6.317549199999974], [106.82092530000006, -6.317554899999948], [106.820527, -6.317501499999935], [106.82043350000004, -6.317382699999939], [106.82028970000005, -6.317372499999976], [106.81999090000005, -6.317346199999974], [106.81968130000007, -6.317318199999931], [106.81943, -6.31729], [106.81914, -6.31728], [106.81909320000005, -6.317272899999978], [106.81881, -6.31723], [106.81848, -6.31716], [106.81825, -6.31712], [106.81806140000003, -6.317088799999965], [106.81799910000007, -6.317172599999935], [106.81785, -6.31726], [106.81775, -6.31726], [106.81756, -6.31722], [106.81691, -6.31704], [106.81660560000006, -6.316925799999979], [106.81636570000006, -6.316835899999944], [106.81635, -6.31683], [106.81636, -6.31669], [106.81639, -6.31647], [106.81645, -6.31623], [106.81651, -6.31608], [106.81651530000005, -6.316070799999977], [106.817098, -6.315067499999941], [106.81771680000008, -6.314719499999967], [106.81770410000007, -6.313977099999931], [106.81768230000006, -6.313675399999966], [106.81760790000004, -6.312645099999941], [106.81763850000004, -6.312172499999974], [106.81766580000004, -6.311749899999938], [106.81777210000007, -6.310183299999949], [106.81721420000008, -6.310500499999932], [106.81593410000005, -6.310688099999936], [106.81459290000004, -6.310845299999926], [106.81435810000005, -6.310820699999965], [106.81361250000003, -6.310742399999981], [106.81275, -6.31074], [106.81241, -6.31072], [106.81204, -6.31072], [106.81188, -6.31074], [106.81155, -6.3108], [106.81139230000008, -6.310855699999934], [106.81138, -6.31086], [106.81126, -6.31091], [106.81112010000004, -6.31095849999997], [106.81099350000005, -6.310945499999946], [106.81096720000005, -6.310937399999943], [106.81083360000008, -6.310888599999942], [106.81055, -6.31079], [106.81032, -6.31078], [106.81, -6.31083], [106.80985570000007, -6.310851099999979], [106.80965, -6.31093], [106.80957, -6.31098], [106.80942340000007, -6.311205499999971], [106.80940350000009, -6.311318], [106.80932, -6.31157], [106.80927, -6.31166], [106.8092, -6.31169], [106.80906, -6.31168], [106.80897130000005, -6.311658299999976], [106.80883640000008, -6.311569899999938], [106.80853960000007, -6.311385], [106.80839930000008, -6.311283199999934], [106.80818070000004, -6.31114649999995], [106.80808, -6.31108], [106.80796, -6.31103], [106.80794840000004, -6.311053199999947], [106.80793, -6.31109], [106.80785, -6.31142], [106.80788, -6.31158], [106.80793, -6.31171], [106.80807, -6.31189], [106.80815, -6.31203], [106.80834, -6.31263], [106.80815, -6.31271], [106.80801, -6.31282], [106.80793, -6.31294], [106.80789, -6.31311], [106.8079, -6.31326], [106.80795, -6.31333], [106.80803, -6.31335], [106.80821490000005, -6.313402199999928], [106.80828620000005, -6.313464099999976], [106.808411, -6.313623499999949], [106.80875860000003, -6.314039699999967], [106.80888, -6.31413], [106.80893, -6.31429], [106.80893, -6.31443], [106.80893, -6.31452], [106.80893, -6.314550599999961], [106.808931, -6.314552299999946], [106.80893490000005, -6.314559199999962], [106.808983, -6.314643899999965], [106.80915850000008, -6.314913799999943], [106.80917380000005, -6.315057299999978], [106.80913560000005, -6.315188399999954], [106.80909750000006, -6.315324799999928], [106.80905950000005, -6.315883699999972], [106.80905930000006, -6.315885599999945], [106.80899070000004, -6.315960399999938], [106.80889150000007, -6.315998599999944], [106.80872360000006, -6.316028599999981], [106.80847950000003, -6.316144], [106.80845660000006, -6.316250799999978], [106.80845660000006, -6.316679], [106.80839560000004, -6.316800599999965], [106.80829640000007, -6.316875499999981], [106.80815910000007, -6.317007599999954], [106.80802090000009, -6.317154], [106.80799120000006, -6.317185399999971], [106.80795990000007, -6.317218299999979], [106.80772420000005, -6.317472], [106.80764790000006, -6.317709], [106.80765550000007, -6.31793689999995], [106.80770890000008, -6.318241599999965], [106.80780050000004, -6.318472899999961], [106.80789970000006, -6.318604499999935], [106.80796830000008, -6.318663099999981], [106.80809040000008, -6.318765199999973], [106.80805990000005, -6.318847699999935], [106.807976, -6.318914], [106.80797350000006, -6.318914399999926], [106.80785390000005, -6.318933499999957], [106.80768610000007, -6.318970199999967], [106.80758690000005, -6.319055599999956], [106.80747240000005, -6.319208599999968], [106.80733510000005, -6.319535799999926], [106.80733510000005, -6.319643499999927], [106.80739610000006, -6.319824199999971], [106.80742180000004, -6.319896099999937], [106.80747240000005, -6.320037399999933], [106.80745720000004, -6.320136099999957], [106.80738090000006, -6.320285799999965], [106.80730460000007, -6.320477499999981], [106.80728930000004, -6.320623], [106.80728170000003, -6.320878499999935], [106.80728110000007, -6.320879399999967], [106.80728070000004, -6.32088049999993], [106.80724970000006, -6.320959399999936], [106.807181, -6.321021799999926], [106.80715980000008, -6.321101299999953], [106.80714020000005, -6.321194399999968], [106.80713360000004, -6.321263399999964], [106.80712690000007, -6.321339299999977], [106.80712040000009, -6.321429], [106.80710780000004, -6.321552199999928], [106.80709370000005, -6.321698099999935], [106.80706020000008, -6.321981099999959], [106.80701970000007, -6.322236499999974], [106.80697890000005, -6.322381499999949], [106.80691550000006, -6.322483099999943], [106.80679340000006, -6.322597499999972], [106.80666370000006, -6.322651899999926], [106.80648820000005, -6.322684299999935], [106.80601520000005, -6.322717199999943], [106.80597710000006, -6.322772499999928], [106.80584740000006, -6.323061], [106.80587790000004, -6.32323839999998], [106.80596180000003, -6.323382399999957], [106.80608920000009, -6.323551399999928], [106.80621360000004, -6.323716199999978], [106.80623650000007, -6.323815399999944], [106.80622880000004, -6.323955099999978], [106.806122, -6.324241699999959], [106.80599990000007, -6.324395699999968], [106.80588550000004, -6.324460099999953], [106.805794, -6.324450099999979], [106.80565660000008, -6.324382399999934], [106.80519890000005, -6.324133], [106.805031, -6.32408049999998], [106.80491920000009, -6.324106299999926], [106.80485550000009, -6.324121], [106.80469530000005, -6.324213099999952], [106.80458850000008, -6.324332699999957], [106.80452750000006, -6.324475799999959], [106.80451220000003, -6.324627899999939], [106.80451190000008, -6.324633299999959], [106.80448930000006, -6.325010799999973], [106.80441240000005, -6.325074399999949], [106.80415360000006, -6.32520059999996], [106.80413070000009, -6.325217299999963], [106.80405440000004, -6.325284], [106.80400870000005, -6.325402299999951], [106.80402390000006, -6.325502899999947], [106.80404680000004, -6.325619699999947], [106.80412310000008, -6.326364599999977], [106.80412010000003, -6.326438399999972], [106.804118, -6.326491799999928], [106.80410020000005, -6.32693009999997], [106.80399340000008, -6.327048299999944], [106.80384850000007, -6.327156599999967], [106.80357460000005, -6.327398099999925], [106.80357380000004, -6.327398799999969], [106.80341360000006, -6.327587599999958], [106.80335260000004, -6.327726899999959], [106.80333730000007, -6.327893299999971], [106.80334410000006, -6.328469699999971], [106.80334490000007, -6.328540799999928], [106.80335260000004, -6.328652899999952], [106.80335260000004, -6.328877499999976], [106.80336780000005, -6.328984299999945], [106.80337380000009, -6.329137599999967], [106.80339480000004, -6.329673899999932], [106.80339070000008, -6.329963699999951], [106.803322, -6.330077699999947], [106.803218, -6.330189], [106.80321370000007, -6.33017609999996], [106.80290240000005, -6.330510599999968], [106.80267350000008, -6.330641799999967], [106.802603, -6.3307], [106.80245230000008, -6.330824399999926], [106.80204030000004, -6.331235899999967], [106.801903, -6.331298899999979], [106.80171220000005, -6.331345599999963], [106.80144520000005, -6.331371299999944], [106.80132310000005, -6.331503399999974], [106.801285, -6.331615499999941], [106.801299, -6.331737899999951], [106.80135360000008, -6.331929699999932], [106.80145280000005, -6.332066599999962], [106.80154440000007, -6.332133299999953], [106.80156730000004, -6.332153399999925], [106.80176560000007, -6.332293099999958], [106.80179620000007, -6.332372699999951], [106.80186480000003, -6.332821399999943], [106.80188770000007, -6.332939199999942], [106.80183430000005, -6.333110399999953], [106.801697, -6.333417899999972], [106.80154440000007, -6.333510399999966], [106.80124780000006, -6.333637], [106.80125160000006, -6.333639099999971], [106.80124350000006, -6.33363879999996], [106.80123920000005, -6.333640599999967], [106.80111160000007, -6.33363879999996], [106.80102870000007, -6.333639], [106.80074540000004, -6.333586899999943], [106.80030080000006, -6.333510399999966], [106.80028520000008, -6.333504099999971], [106.80028420000008, -6.333504], [106.80020270000006, -6.33347079999993], [106.80006370000007, -6.333414799999957], [106.79985040000008, -6.33333209999995], [106.79979560000004, -6.333316599999932], [106.79966170000006, -6.333281799999952], [106.79965890000005, -6.33328], [106.799621, -6.333309699999973], [106.79961410000004, -6.333417499999939], [106.799576, -6.333473699999956], [106.79946390000003, -6.333481], [106.79934710000003, -6.33348849999993], [106.79927840000005, -6.333593399999927], [106.79911820000007, -6.333960099999956], [106.79912590000004, -6.334068799999955], [106.79918690000005, -6.334399299999973], [106.79914110000004, -6.334613799999943], [106.79907250000008, -6.334756399999947], [106.798958, -6.334971], [106.798897, -6.335272799999927], [106.79887240000005, -6.335521099999937], [106.79887460000003, -6.335589299999981], [106.79883990000008, -6.335874899999965], [106.79882540000006, -6.336109499999964], [106.79871230000003, -6.336531899999954], [106.79871750000007, -6.336591799999951], [106.79875360000005, -6.336708899999962], [106.79880140000006, -6.336834], [106.79884630000004, -6.336936599999945], [106.79885380000007, -6.336950799999954], [106.79885410000009, -6.33695419999998], [106.79885880000006, -6.336965099999929], [106.79886, -6.336998799999947], [106.79886360000006, -6.337098699999956], [106.79886460000006, -6.337113899999963], [106.79886430000005, -6.337118499999974], [106.79886650000009, -6.337179699999979], [106.79883590000009, -6.337510599999973], [106.79883140000004, -6.337527099999932], [106.79883040000004, -6.337537299999951], [106.79872940000007, -6.33790289999996], [106.79867570000005, -6.338166699999931], [106.79871390000005, -6.338368899999978], [106.79879380000006, -6.338474199999951], [106.79894390000004, -6.338666299999943], [106.79905660000009, -6.338849499999981], [106.79911680000004, -6.338927699999942], [106.79955310000008, -6.339388399999962], [106.79959490000005, -6.339468199999942], [106.79968620000005, -6.339632599999959], [106.80001720000007, -6.340271399999949], [106.80004290000005, -6.340342699999951], [106.80002850000005, -6.340412699999945], [106.80001850000008, -6.340469399999961], [106.79992690000006, -6.340660599999978], [106.79984380000008, -6.340813], [106.79975460000009, -6.340991199999962], [106.79966460000009, -6.341144], [106.79962940000007, -6.34124], [106.79959260000004, -6.341327399999955], [106.79957570000005, -6.34137579999998], [106.79957230000008, -6.341474699999935], [106.79956840000006, -6.34159139999997], [106.79959130000009, -6.341746799999953], [106.79971330000006, -6.342101599999978], [106.799637, -6.342283299999963], [106.799515, -6.342437799999971], [106.79935470000004, -6.342652299999941], [106.79935470000004, -6.34279829999997], [106.79940050000005, -6.342930799999976], [106.79941230000009, -6.343018699999959], [106.79941510000003, -6.343032099999959], [106.79941440000005, -6.343034399999965], [106.79941580000008, -6.343044799999973], [106.79939650000006, -6.343088799999975], [106.79937480000007, -6.343154599999934], [106.79936370000007, -6.34316339999998], [106.79936240000006, -6.343166399999973], [106.79934450000007, -6.343178699999953], [106.79927820000006, -6.343231399999979], [106.79914790000004, -6.343252399999926], [106.79911820000007, -6.343258899999967], [106.79903430000007, -6.343285099999946], [106.79894280000008, -6.343394299999943], [106.79891990000004, -6.343514499999969], [106.79890550000005, -6.343779299999937], [106.79890780000005, -6.343792]]] 
      }
    },
    {
      "type": "Feature",
      "properties": {
        "district_id": "3171020",
        "province": "DKI Jakarta",
        "regency": "Jakarta Selatan",
        "district": "Pasar Minggu",
        "pria": 0,
        "wanita": 0,
        "total_penduduk": 0
      },
      "geometry": {
        "type": "Polygon",
        "coordinates": [[[106.81361250000003, -6.310742399999981], [106.81435810000005, -6.310820699999965], [106.81459290000004, -6.310845299999926], [106.81593410000005, -6.310688099999936], [106.81721420000008, -6.310500499999932], [106.81777210000007, -6.310183299999949], [106.81766580000004, -6.311749899999938], [106.81763850000004, -6.312172499999974], [106.81760790000004, -6.312645099999941], [106.81768230000006, -6.313675399999966], [106.81770410000007, -6.313977099999931], [106.81771680000008, -6.314719499999967], [106.817098, -6.315067499999941], [106.81651530000005, -6.316070799999977], [106.81651, -6.31608], [106.81645, -6.31623], [106.81639, -6.31647], [106.81636, -6.31669], [106.81635, -6.31683], [106.81636570000006, -6.316835899999944], [106.81660560000006, -6.316925799999979], [106.81691, -6.31704], [106.81756, -6.31722], [106.81775, -6.31726], [106.81785, -6.31726], [106.81799910000007, -6.317172599999935], [106.81806140000003, -6.317088799999965], [106.81825, -6.31712], [106.81848, -6.31716], [106.81881, -6.31723], [106.81909320000005, -6.317272899999978], [106.81914, -6.31728], [106.81943, -6.31729], [106.81968130000007, -6.317318199999931], [106.81999090000005, -6.317346199999974], [106.82028970000005, -6.317372499999976], [106.82043350000004, -6.317382699999939], [106.820527, -6.317501499999935], [106.82092530000006, -6.317554899999948], [106.82116210000004, -6.317549199999974], [106.82137080000007, -6.317529099999945], [106.821757, -6.317517499999951], [106.82209390000008, -6.31746469999996], [106.82245290000009, -6.317408299999954], [106.82269760000008, -6.317404099999976], [106.82320520000007, -6.317360299999962], [106.82352450000008, -6.317401], [106.82382540000003, -6.317484899999954], [106.82377550000007, -6.317749499999934], [106.82479520000004, -6.31784689999995], [106.82480250000003, -6.317847599999936], [106.82480870000006, -6.317877299999964], [106.82481060000003, -6.317886199999975], [106.82481180000008, -6.317891799999927], [106.824818, -6.317918], [106.82492730000007, -6.318375899999978], [106.82500370000008, -6.318696099999954], [106.82509860000005, -6.319651799999974], [106.82513020000005, -6.31997709999996], [106.825232, -6.320078299999977], [106.82525260000006, -6.320098799999926], [106.82528360000003, -6.320230899999956], [106.82534630000004, -6.320718799999952], [106.82532990000004, -6.321023299999979], [106.82532720000006, -6.321074899999928], [106.82531090000003, -6.321074799999963], [106.82532730000008, -6.321115499999962], [106.82523970000005, -6.321511599999951], [106.82523730000008, -6.321522699999946], [106.82617950000008, -6.321719799999926], [106.82619350000004, -6.321722699999953], [106.82619590000007, -6.321721299999979], [106.82624420000008, -6.321692], [106.82681920000005, -6.321829199999968], [106.82721070000008, -6.321922599999937], [106.82750750000008, -6.321916699999974], [106.82762260000004, -6.321914499999934], [106.82782440000005, -6.321910499999944], [106.82784090000007, -6.321910199999934], [106.82806470000008, -6.321970399999941], [106.82808710000006, -6.321954], [106.82828780000006, -6.321806899999956], [106.82879630000008, -6.321886499999948], [106.82914230000006, -6.321987], [106.829323, -6.321365899999932], [106.82956630000007, -6.321161699999948], [106.83031860000006, -6.321189499999946], [106.83115240000006, -6.321268], [106.83150840000008, -6.321327699999927], [106.83176280000004, -6.321408199999951], [106.83193070000004, -6.321449599999937], [106.83193690000007, -6.321442599999955], [106.83198230000005, -6.321381599999938], [106.83211820000008, -6.321071399999937], [106.83224, -6.32085], [106.83224550000006, -6.320839099999944], [106.83221890000004, -6.320827299999962], [106.83227940000006, -6.320725599999946], [106.83232980000008, -6.320623799999964], [106.83241050000004, -6.320481399999949], [106.83259230000004, -6.320252299999936], [106.83264290000005, -6.320186099999944], [106.83275910000003, -6.32006389999998], [106.83291080000004, -6.319890699999974], [106.83321340000003, -6.319371799999942], [106.83333450000003, -6.319178399999942], [106.83344550000004, -6.319000299999971], [106.83348060000009, -6.31887329999995], [106.83352060000004, -6.31871069999994], [106.833571, -6.318629299999941], [106.83363670000006, -6.318542699999966], [106.83376, -6.31842], [106.83395, -6.31825], [106.83412, -6.31813], [106.83413620000005, -6.318124599999976], [106.83421, -6.3181], [106.83426140000006, -6.318136299999935], [106.83449, -6.31826], [106.83457, -6.3183], [106.83478, -6.31836], [106.83487, -6.31838], [106.83503, -6.31839], [106.83509450000008, -6.318385099999944], [106.83526310000008, -6.31774189999993], [106.83537360000008, -6.317219399999942], [106.83554870000006, -6.316777], [106.83554970000006, -6.316775], [106.83575710000008, -6.316382699999963], [106.83586770000005, -6.316173399999968], [106.83586980000007, -6.315623099999925], [106.83593270000006, -6.31526139999994], [106.83600430000007, -6.31506829999995], [106.83602990000009, -6.314791399999933], [106.83605850000004, -6.314481699999931], [106.83622150000008, -6.313472099999956], [106.83628240000007, -6.313095199999964], [106.83637750000008, -6.312741399999936], [106.83643310000008, -6.312500599999964], [106.836591, -6.311816799999974], [106.83652430000006, -6.311630799999932], [106.83650180000006, -6.311568099999931], [106.83659080000007, -6.310615899999959], [106.83663680000006, -6.309997199999941], [106.83664230000005, -6.309982699999978], [106.83664510000006, -6.309975399999928], [106.83674820000005, -6.309707599999967], [106.83682330000005, -6.309352699999977], [106.83709960000004, -6.30804749999993], [106.83708040000005, -6.307163899999978], [106.83714150000009, -6.306272], [106.837145, -6.306246], [106.83714580000009, -6.306240599999967], [106.83724720000004, -6.305496499999947], [106.837189, -6.304942399999959], [106.83715510000007, -6.304444399999966], [106.83716370000008, -6.304280499999948], [106.83718520000008, -6.303866], [106.83710420000006, -6.303665399999943], [106.837046, -6.303079199999956], [106.83694110000005, -6.302926899999932], [106.83669790000005, -6.302692899999954], [106.83668330000006, -6.302678799999967], [106.83662610000005, -6.302413899999976], [106.83655940000006, -6.301977199999953], [106.837419, -6.302348299999949], [106.837924, -6.302597699999978], [106.83798630000007, -6.302628499999969], [106.83976, -6.303360399999974], [106.83976040000005, -6.303358899999978], [106.839844, -6.303034399999945], [106.83992690000008, -6.30278809999993], [106.84, -6.30255], [106.84006, -6.30214], [106.84008970000008, -6.301917], [106.84010030000007, -6.301837499999976], [106.84019430000006, -6.301132399999972], [106.84019760000007, -6.301107799999954], [106.84024, -6.30079], [106.84034, -6.2996], [106.84034240000005, -6.299551299999962], [106.84037, -6.299], [106.84041770000005, -6.298409099999958], [106.84042, -6.29838], [106.84043, -6.29818], [106.84049, -6.29776], [106.84055, -6.29745], [106.84059, -6.29728], [106.8406, -6.29714], [106.84064590000008, -6.296899199999928], [106.8408, -6.29609], [106.840824, -6.295921699999951], [106.84084, -6.29581], [106.84096, -6.29532], [106.84096020000004, -6.29531929999996], [106.84096790000007, -6.295321899999976], [106.84108, -6.29536], [106.84135, -6.29542], [106.84149150000007, -6.295467099999939], [106.8415, -6.29547], [106.84244, -6.29572], [106.8428, -6.29582], [106.84280630000006, -6.295821499999931], [106.84290850000008, -6.295846], [106.84305, -6.29588], [106.84315, -6.2959], [106.84315380000004, -6.295901499999957], [106.8433, -6.29596], [106.84375, -6.29616], [106.84396, -6.29629], [106.84406, -6.29635], [106.84409320000009, -6.296391], [106.84436, -6.29672], [106.84438670000009, -6.296742199999926], [106.84448, -6.29682], [106.84493930000008, -6.29692979999993], [106.84494, -6.29693], [106.84512, -6.29696], [106.84544, -6.29702], [106.84551940000006, -6.29703829999994], [106.84555170000004, -6.297045799999978], [106.84557, -6.29705], [106.84576, -6.29708], [106.84597, -6.29711], [106.84621, -6.29715], [106.846368, -6.297180099999935], [106.84642, -6.29719], [106.84649, -6.2972], [106.8469, -6.29729], [106.84706440000008, -6.297316], [106.84709, -6.29732], [106.84747, -6.29743], [106.84762, -6.29743], [106.84784370000006, -6.29748589999997], [106.84786, -6.29749], [106.84795, -6.29749], [106.84806870000006, -6.297504], [106.84812, -6.29751], [106.84882330000005, -6.297666299999946], [106.84884450000004, -6.297673399999951], [106.84884140000008, -6.297719299999926], [106.848962, -6.297782299999938], [106.84947520000009, -6.297672599999942], [106.849721, -6.297643899999969], [106.84975910000009, -6.297705399999927], [106.84976910000006, -6.297782599999948], [106.84980790000009, -6.297784], [106.84981340000007, -6.297793], [106.84992190000008, -6.297788199999957], [106.84993190000006, -6.297788499999967], [106.849982, -6.297785499999975], [106.85010340000008, -6.297780099999954], [106.85014960000007, -6.297748599999977], [106.85015960000004, -6.29774539999994], [106.85019430000006, -6.29771809999994], [106.85023820000004, -6.297688199999925], [106.850541, -6.297763399999951], [106.85063190000005, -6.297805599999947], [106.85084390000009, -6.297899299999926], [106.85102630000006, -6.297921499999973], [106.85116230000006, -6.297929299999964], [106.85132210000006, -6.297955899999977], [106.85145620000009, -6.297838799999965], [106.85183, -6.29775], [106.85196, -6.29774], [106.85196110000004, -6.297739899999954], [106.85195940000006, -6.297737199999972], [106.85191370000007, -6.297670899999957], [106.85145590000008, -6.297444399999961], [106.85063950000006, -6.296916099999976], [106.85031150000003, -6.29646159999993], [106.85037250000005, -6.296233699999959], [106.85040770000006, -6.296163599999943], [106.850487, -6.296005799999932], [106.85065480000009, -6.295853199999954], [106.85085340000006, -6.295800499999928], [106.85108970000005, -6.295737799999927], [106.85152450000004, -6.29566049999994], [106.85194250000006, -6.295680899999979], [106.85224930000004, -6.295695799999976], [106.85313620000005, -6.295932199999925], [106.85323350000004, -6.29595809999995], [106.85376760000008, -6.296165], [106.85394310000004, -6.296202199999925], [106.85405870000005, -6.296161599999948], [106.85411920000007, -6.296140399999956], [106.85420250000004, -6.296011499999963], [106.85424060000008, -6.295954299999948], [106.85426350000006, -6.295897499999967], [106.854294, -6.295176099999935], [106.854294, -6.2943], [106.854294, -6.29426529999995], [106.85414140000006, -6.294019299999945], [106.85396590000005, -6.29379229999995], [106.85370650000004, -6.293717], [106.85347760000008, -6.293793699999981], [106.85315720000006, -6.293984899999941], [106.85294110000007, -6.294214899999929], [106.85284220000005, -6.294316399999957], [106.852691, -6.294471299999941], [106.85264710000007, -6.294523499999968], [106.85261650000007, -6.294559699999979], [106.85249350000004, -6.294727399999942], [106.85243250000008, -6.294784099999958], [106.85234090000006, -6.294784599999957], [106.85230270000005, -6.294652], [106.85227980000008, -6.294538099999954], [106.85230270000005, -6.294386399999951], [106.852318, -6.294272499999977], [106.85235610000007, -6.29415849999998], [106.85236420000007, -6.294111399999963], [106.852379, -6.294025499999975], [106.85250870000004, -6.293835199999933], [106.85294360000006, -6.293241099999932], [106.85318130000007, -6.292942399999959], [106.85339370000008, -6.292675599999939], [106.85345810000007, -6.292602799999941], [106.85384390000007, -6.292166299999963], [106.85437030000008, -6.29114919999995], [106.854439, -6.290829199999962], [106.85436270000008, -6.290454], [106.85425670000006, -6.290346599999964], [106.85422180000006, -6.290311299999928], [106.854063, -6.290293299999973], [106.85394330000008, -6.290279699999928], [106.85383630000007, -6.29026749999997], [106.853348, -6.290495], [106.85301730000003, -6.290730799999949], [106.85284440000004, -6.290854], [106.85262830000005, -6.290910699999927], [106.85250480000008, -6.29096839999994], [106.85241240000005, -6.291011599999933], [106.85206910000005, -6.291039299999966], [106.85192030000007, -6.291053599999941], [106.85180680000008, -6.291102], [106.851755, -6.291155799999956], [106.85166190000007, -6.291252699999973], [106.85160850000005, -6.291591199999971], [106.85153220000007, -6.292212099999972], [106.85141770000007, -6.292588299999977], [106.85134560000006, -6.292692099999954], [106.85131930000006, -6.29273], [106.85123460000005, -6.292852], [106.85102860000006, -6.292928299999971], [106.85070820000004, -6.292910599999971], [106.85036490000005, -6.292686], [106.85032670000004, -6.292611199999953], [106.85021990000007, -6.292498599999931], [106.84996820000003, -6.292104799999947], [106.84996350000006, -6.292095399999937], [106.84967060000008, -6.291504399999951], [106.84944170000006, -6.291053799999929], [106.84941770000006, -6.290975], [106.84930440000005, -6.290603199999964], [106.84928910000008, -6.290471599999933], [106.84934250000003, -6.290320899999926], [106.84938020000004, -6.290300199999933], [106.84953420000005, -6.290215299999943], [106.84954850000008, -6.290207399999929], [106.84998340000004, -6.29007439999998], [106.85030380000006, -6.289979499999959], [106.85060140000007, -6.28984689999993], [106.850754, -6.289677199999971], [106.85081930000007, -6.289587599999948], [106.85096, -6.289394399999935], [106.85106240000005, -6.289020599999958], [106.85108410000004, -6.288919199999953], [106.85108890000004, -6.288888899999961], [106.85115830000007, -6.288453599999968], [106.85104670000004, -6.288302499999929], [106.85103540000006, -6.288294699999938], [106.85059380000007, -6.287985799999944], [106.85034960000007, -6.287892899999974], [106.85019350000005, -6.287925399999949], [106.85016650000006, -6.287931], [106.85012830000005, -6.287987299999941], [106.85005210000008, -6.288119399999971], [106.84995570000007, -6.28824549999996], [106.84992240000008, -6.288289099999929], [106.849785, -6.288458399999968], [106.84947220000004, -6.288516099999981], [106.84912890000004, -6.288479799999948], [106.848488, -6.288068399999929], [106.84799980000008, -6.287600099999963], [106.84776590000007, -6.287168899999926], [106.84775560000008, -6.28715], [106.84752670000006, -6.286699799999951], [106.84750380000008, -6.286492899999928], [106.84750380000008, -6.286342699999977], [106.84745040000007, -6.286173399999939], [106.84735890000007, -6.285892499999932], [106.847336, -6.285711799999945], [106.84734150000008, -6.285628799999927], [106.84735890000007, -6.285368], [106.84758780000004, -6.284951299999932], [106.84786240000005, -6.284625099999971], [106.84824860000003, -6.28435369999994], [106.84832780000005, -6.284298], [106.848633, -6.28389889999994], [106.84871180000005, -6.283766699999944], [106.84876270000007, -6.283681399999978], [106.84873980000003, -6.283573199999978], [106.84864830000004, -6.283465], [106.84856430000008, -6.283429199999944], [106.84818290000004, -6.283520799999962], [106.84809110000003, -6.283514799999978], [106.84804950000006, -6.283512099999939], [106.84800630000007, -6.283509199999969], [106.84791680000006, -6.283520199999941], [106.84790120000008, -6.283516399999939], [106.84782190000004, -6.283497199999942], [106.84765640000006, -6.283486399999958], [106.84754960000004, -6.28341439999997], [106.84752270000007, -6.283371899999963], [106.84743520000006, -6.283234199999981], [106.84745930000008, -6.283144], [106.84746160000009, -6.283037199999967], [106.84752670000006, -6.282926599999939], [106.84768250000008, -6.282727], [106.84770480000009, -6.282698499999981], [106.84772510000005, -6.282672499999933], [106.84810660000005, -6.282183199999963], [106.84836510000008, -6.281821499999978], [106.84868250000005, -6.281377299999974], [106.84879370000004, -6.281221699999946], [106.84900680000004, -6.280950099999927], [106.84935030000008, -6.280628399999955], [106.84942040000004, -6.280562799999927], [106.84949280000006, -6.280495], [106.84949310000007, -6.280489199999977], [106.84962730000007, -6.280354699999975], [106.85002, -6.280143199999941], [106.85031470000007, -6.279852099999971], [106.85034990000008, -6.27975129999993], [106.85034380000008, -6.279704], [106.85031750000007, -6.279672499999947], [106.85022790000005, -6.279565299999945], [106.85000970000004, -6.279554399999938], [106.84976220000004, -6.27960969999998], [106.84940410000007, -6.279648799999961], [106.849251, -6.279665499999965], [106.84889240000007, -6.279721299999949], [106.84850840000007, -6.279850099999976], [106.84845750000005, -6.279867199999956], [106.84782430000007, -6.280050299999971], [106.847642, -6.28004], [106.84761610000004, -6.280038499999932], [106.84746570000004, -6.279924899999969], [106.84706130000006, -6.279727499999979], [106.84681540000008, -6.279580899999928], [106.84678120000007, -6.279548699999964], [106.84664310000005, -6.279418499999963], [106.84661650000004, -6.279283599999928], [106.84661620000008, -6.279282099999932], [106.84660980000007, -6.279163099999948], [106.84658830000006, -6.279078499999969], [106.84659260000006, -6.279068299999949], [106.84661120000004, -6.279024199999981], [106.84665840000008, -6.278991599999927], [106.84672410000007, -6.278872299999932], [106.84677290000008, -6.278783699999963], [106.84713320000009, -6.278566499999954], [106.847255, -6.278496699999948], [106.84773270000005, -6.278222599999935], [106.84776030000006, -6.278199599999937], [106.84828660000005, -6.277760299999954], [106.84839650000004, -6.277668499999947], [106.84861010000009, -6.277371], [106.84876860000008, -6.277137699999969], [106.84879320000005, -6.27710159999998], [106.84899160000003, -6.276733], [106.84921280000003, -6.276590899999974], [106.84949510000007, -6.276561299999969], [106.849724, -6.276603299999977], [106.84977240000006, -6.276619599999947], [106.85018180000009, -6.276757299999929], [106.85050220000005, -6.276755899999955], [106.85060680000004, -6.276736599999936], [106.850815, -6.276698199999942], [106.85121170000008, -6.276513099999931], [106.85150930000009, -6.2763], [106.85164660000004, -6.276172199999962], [106.85186020000003, -6.27571869999997], [106.85192890000008, -6.275223299999936], [106.85194420000005, -6.275039699999979], [106.85166950000007, -6.274686899999949], [106.85141670000007, -6.274273], [106.85140250000006, -6.274249599999962], [106.85127280000006, -6.273788], [106.85130330000004, -6.273455199999944], [106.85136880000005, -6.273413399999981], [106.85153980000007, -6.273304499999938], [106.85186790000006, -6.273203399999943], [106.852139, -6.273251], [106.85242480000005, -6.273301199999935], [106.85289020000005, -6.273382699999956], [106.85313430000008, -6.273365499999954], [106.85334030000007, -6.273264899999958], [106.85347, -6.273031299999957], [106.85347, -6.272798099999932], [106.85340140000005, -6.272448599999962], [106.85341630000005, -6.272138599999948], [106.85341660000006, -6.272132499999941], [106.85358450000007, -6.271981799999935], [106.85382860000004, -6.27191449999998], [106.85416430000004, -6.271963199999959], [106.85441610000004, -6.272079], [106.85454040000008, -6.272170699999947], [106.85479750000007, -6.272360399999968], [106.85510270000009, -6.272542499999929], [106.85536980000006, -6.272591599999942], [106.85556770000005, -6.272626899999977], [106.85591910000005, -6.272689399999933], [106.85655230000003, -6.272720399999969], [106.85672010000008, -6.272686499999963], [106.85678120000006, -6.272436699999957], [106.85675070000008, -6.272137199999975], [106.85658280000007, -6.271854899999937], [106.856331, -6.271606], [106.85600250000005, -6.271404199999949], [106.85598010000007, -6.271390499999939], [106.85539270000004, -6.27101], [106.85499590000006, -6.270728199999951], [106.854904, -6.270538], [106.85484330000008, -6.270412499999964], [106.85485780000005, -6.26990619999998], [106.85485860000006, -6.269879399999979], [106.85498830000006, -6.269662399999959], [106.85517140000007, -6.269628599999976], [106.85525530000007, -6.269645299999979], [106.85539270000004, -6.269827899999939], [106.85549180000004, -6.270060599999965], [106.85570540000003, -6.270359599999949], [106.85587330000004, -6.270458799999972], [106.85602590000008, -6.270524599999931], [106.856209, -6.270540799999935], [106.85630820000006, -6.270523599999933], [106.85639210000005, -6.27050689999993], [106.85644550000006, -6.270440099999973], [106.856476, -6.27034], [106.85650650000008, -6.270156899999961], [106.85635390000004, -6.269724399999973], [106.85605640000006, -6.269126], [106.85591910000005, -6.268860399999937], [106.85580460000006, -6.268444599999953], [106.85562560000005, -6.267735899999934], [106.85559860000006, -6.267629199999931], [106.85557870000008, -6.267543599999954], [106.85557720000008, -6.267537], [106.85557570000009, -6.267531], [106.85557560000007, -6.267530199999953], [106.85557450000005, -6.267524599999945], [106.85557230000006, -6.267513399999928], [106.85545370000006, -6.266900599999929], [106.85543980000006, -6.266770699999938], [106.85535720000007, -6.266783499999974], [106.85485880000004, -6.266803099999947], [106.85470080000005, -6.266803599999946], [106.85410680000007, -6.266805699999964], [106.85337380000004, -6.26680829999998], [106.85292430000004, -6.266809899999942], [106.85279790000004, -6.266814599999975], [106.85142910000008, -6.266865899999971], [106.85133190000005, -6.266869499999927], [106.85011250000008, -6.266816099999971], [106.85012, -6.2668], [106.85032, -6.26638], [106.85049, -6.26601], [106.85058, -6.26581], [106.85074730000008, -6.265379799999948], [106.85079, -6.26527], [106.8511, -6.26456], [106.85127, -6.26414], [106.85143340000008, -6.263781699999981], [106.85184, -6.26289], [106.85196, -6.26263], [106.85217, -6.26216], [106.85206430000005, -6.262137399999972], [106.85195280000005, -6.262113399999976], [106.85189, -6.2621], [106.85176, -6.26212], [106.85149, -6.26212], [106.85132, -6.26213], [106.85045, -6.26218], [106.85, -6.26221], [106.84994660000007, -6.26221449999997], [106.84952, -6.26225], [106.84935, -6.26227], [106.84925070000008, -6.262276099999951], [106.84924010000009, -6.262276799999938], [106.8487, -6.26231], [106.84837, -6.26232], [106.84836150000007, -6.262320899999963], [106.84827020000006, -6.262331099999926], [106.8481, -6.26235], [106.84778, -6.26237], [106.84770150000008, -6.262373399999944], [106.84732, -6.26239], [106.84694, -6.26242], [106.84689140000006, -6.262422], [106.8467, -6.26243], [106.84571280000006, -6.262489799999969], [106.84571, -6.26249], [106.84563, -6.26249], [106.84442, -6.26253], [106.84383, -6.26256], [106.84319030000006, -6.262569399999961], [106.84319030000006, -6.262569699999972], [106.84317, -6.26257], [106.8432, -6.26281], [106.8432, -6.262877699999933], [106.8432, -6.26288], [106.84321, -6.26324], [106.84324, -6.26345], [106.84329, -6.26407], [106.84331, -6.26418], [106.84339, -6.26445], [106.84343, -6.26452], [106.84352, -6.26468], [106.84363, -6.26491], [106.84373810000005, -6.265136], [106.84374, -6.26514], [106.84401, -6.26564], [106.84407, -6.26577], [106.84415, -6.26596], [106.84406, -6.26598], [106.84383, -6.26603], [106.84313, -6.26608], [106.84297, -6.26609], [106.8426, -6.26613], [106.84244, -6.26615], [106.84219, -6.26617], [106.84217350000006, -6.26617], [106.84209, -6.26617], [106.84175, -6.26614], [106.84127, -6.26613], [106.84113140000005, -6.266127], [106.84036, -6.26611], [106.84007160000004, -6.266102399999966], [106.83998, -6.2661], [106.839891, -6.266101599999956], [106.83941, -6.26611], [106.83876, -6.2661], [106.83856, -6.26609], [106.83822, -6.26608], [106.83773640000004, -6.266059199999972], [106.83729, -6.26604], [106.83723, -6.26604], [106.83696, -6.26604], [106.83568, -6.266], [106.83556270000008, -6.265990199999976], [106.83556, -6.26599], [106.83554460000005, -6.265994399999954], [106.83549, -6.26601], [106.83477780000004, -6.265994499999977], [106.83478940000003, -6.266398099999947], [106.83480420000006, -6.266829199999961], [106.83481180000007, -6.267265399999928], [106.83481450000005, -6.267440699999952], [106.83481290000009, -6.267513199999939], [106.83481270000004, -6.267520199999979], [106.83481890000007, -6.267930799999931], [106.83482030000005, -6.268019599999946], [106.834837, -6.268263899999965], [106.83484630000004, -6.268399], [106.83485140000005, -6.26847319999996], [106.83456730000006, -6.268470899999954], [106.83430730000003, -6.268468699999971], [106.83387920000007, -6.268440699999928], [106.83387630000004, -6.268440799999951], [106.833495, -6.268459299999961], [106.83336230000003, -6.268465699999979], [106.83333360000006, -6.268467], [106.83330030000008, -6.268471799999929], [106.83325180000008, -6.268470699999966], [106.832975, -6.268483199999935], [106.83278190000004, -6.268491899999958], [106.83277970000006, -6.268460299999958], [106.83277280000004, -6.268362299999978], [106.83277180000005, -6.268303699999933], [106.83258250000006, -6.268308], [106.83252110000006, -6.268309299999942], [106.83245090000008, -6.26831089999996], [106.83200550000004, -6.268320899999935], [106.83201780000007, -6.268386199999952], [106.832062, -6.268480099999977], [106.83208480000008, -6.268485299999952], [106.83209490000007, -6.268487599999958], [106.83222510000007, -6.268517199999962], [106.83222730000006, -6.268521799999974], [106.83226680000007, -6.268603], [106.83230220000007, -6.268676], [106.83230910000009, -6.268695199999968], [106.83234740000006, -6.268689599999959], [106.83236720000008, -6.268686699999932], [106.83237330000009, -6.268685799999957], [106.83242720000004, -6.268677899999943], [106.83249690000008, -6.268707199999938], [106.83261940000006, -6.268763699999965], [106.83270920000007, -6.268859299999974], [106.83273790000004, -6.268889899999976], [106.83282890000004, -6.268995099999927], [106.83281640000007, -6.26904339999993], [106.832806, -6.269083799999976], [106.83263, -6.26913], [106.83246090000006, -6.269277], [106.83239160000005, -6.269370099999946], [106.83242530000007, -6.269460099999947], [106.83246450000007, -6.269564499999944], [106.83243, -6.26971], [106.83235, -6.26988], [106.83234730000004, -6.26989569999995], [106.83231, -6.27011], [106.83231820000009, -6.270372299999963], [106.83232, -6.27043], [106.83232, -6.270534299999952], [106.83225350000004, -6.270544099999938], [106.83220890000007, -6.270654899999954], [106.83218860000005, -6.270769], [106.83210120000007, -6.270961199999931], [106.83214020000008, -6.270975199999953], [106.83205970000006, -6.271114399999931], [106.83218790000006, -6.271241799999927], [106.83235830000007, -6.271241199999963], [106.83242980000006, -6.271383], [106.83239530000009, -6.271522899999979], [106.83238780000005, -6.271553599999947], [106.83235980000006, -6.271681499999943], [106.832346, -6.271795199999929], [106.83230380000003, -6.271894799999927], [106.83230420000007, -6.27200849999997], [106.83229030000007, -6.272108], [106.83229340000008, -6.272129199999938], [106.83230490000005, -6.272207399999957], [106.83233360000008, -6.272306699999945], [106.83237680000008, -6.272477], [106.83226360000003, -6.272591099999943], [106.832122, -6.272705199999962], [106.83208030000009, -6.272961099999975], [106.83217820000004, -6.273196499999926], [106.83217270000006, -6.273203799999976], [106.83216260000006, -6.273217099999954], [106.83218030000006, -6.273351799999944], [106.83229470000003, -6.273441299999945], [106.832347, -6.273569099999975], [106.83240950000004, -6.273676099999932], [106.83241320000008, -6.273748599999976], [106.832406, -6.273753799999952], [106.83236, -6.27374], [106.83212, -6.27374], [106.83162, -6.27382], [106.83155, -6.27383], [106.83128, -6.27387], [106.8309, -6.27387], [106.83078, -6.27387], [106.83033, -6.27375], [106.83027360000006, -6.273743], [106.82999080000008, -6.273708099999965], [106.82876860000005, -6.27355689999996], [106.82875190000004, -6.273520599999927], [106.82874320000008, -6.27352639999998], [106.82874330000004, -6.273525699999936], [106.82874510000005, -6.273505599999964], [106.82868180000008, -6.273367599999972], [106.82864130000007, -6.273279399999979], [106.82861010000005, -6.273231299999964], [106.82859580000007, -6.273223899999948], [106.82858860000005, -6.273198199999968], [106.82858620000007, -6.273189699999932], [106.82857630000007, -6.273174599999948], [106.82857910000007, -6.273164699999938], [106.82857850000005, -6.273162199999945], [106.82857440000004, -6.273147799999947], [106.82858780000004, -6.273129199999971], [106.82859010000004, -6.273126], [106.82862910000006, -6.273071499999958], [106.82863010000005, -6.273070899999937], [106.82870940000004, -6.273021899999947], [106.82875990000008, -6.272990599999957], [106.82882170000005, -6.272931699999958], [106.828824, -6.272929499999975], [106.82885630000004, -6.272905799999933], [106.82885260000006, -6.272885199999962], [106.82885220000009, -6.272883299999933], [106.82884810000007, -6.272860099999946], [106.828847, -6.272854199999927], [106.82884610000008, -6.272849299999962], [106.82880960000006, -6.272803899999928], [106.82877940000009, -6.272766399999966], [106.82877720000005, -6.272763599999962], [106.82866920000004, -6.272627099999966], [106.82866890000008, -6.272551199999953], [106.82868680000007, -6.272542199999975], [106.82871180000006, -6.272529599999928], [106.82875270000005, -6.27251339999998], [106.82875740000009, -6.272511499999951], [106.82883170000008, -6.27251339999998], [106.828858, -6.272423499999945], [106.82883770000007, -6.272347099999934], [106.82882420000004, -6.272333099999969], [106.82875870000004, -6.272222399999976], [106.82875750000005, -6.272220499999946], [106.82875740000009, -6.272220199999936], [106.82874640000006, -6.272201699999925], [106.82863520000006, -6.272086399999978], [106.82858190000007, -6.272008099999937], [106.82861190000006, -6.271938099999943], [106.82863460000004, -6.271880599999974], [106.82872350000008, -6.271655799999962], [106.82876760000005, -6.271544], [106.82876620000008, -6.271534799999927], [106.82876580000004, -6.271532799999932], [106.82876480000004, -6.271526399999971], [106.82876670000007, -6.271524099999965], [106.82872650000007, -6.271271399999932], [106.82870620000006, -6.271171899999956], [106.82862240000009, -6.270951799999978], [106.82863330000004, -6.27080559999996], [106.82863830000008, -6.270739699999979], [106.828676, -6.270701699999961], [106.82872940000004, -6.270647899999972], [106.82875030000008, -6.270631699999967], [106.82892, -6.2705], [106.8289, -6.27042], [106.82884070000006, -6.270375499999943], [106.82882, -6.27036], [106.82875, -6.27026], [106.82886440000004, -6.269993099999965], [106.82894360000006, -6.269808399999931], [106.82908, -6.26949], [106.82906, -6.26936], [106.82903860000005, -6.269335], [106.829024, -6.269280799999933], [106.82896030000006, -6.269206499999939], [106.82890090000006, -6.269137299999954], [106.82880320000004, -6.26902339999998], [106.828697, -6.26889239999997], [106.82868, -6.268871499999932], [106.82867150000004, -6.268835], [106.82868030000009, -6.268781099999956], [106.82868330000008, -6.268762399999957], [106.82864130000007, -6.268633699999953], [106.82860260000007, -6.268563899999947], [106.82859220000006, -6.268545199999949], [106.82856780000009, -6.268501], [106.82851380000005, -6.26841], [106.82844350000005, -6.268345499999953], [106.82843670000005, -6.268326299999956], [106.82843250000008, -6.268322599999976], [106.82842950000008, -6.268310499999927], [106.82842560000006, -6.268294699999956], [106.82837940000007, -6.268163799999968], [106.82836890000004, -6.268102799999951], [106.82834060000005, -6.267939599999977], [106.82834780000007, -6.267930799999931], [106.82833160000007, -6.267804399999932], [106.82833090000008, -6.267799], [106.828411, -6.267629799999952], [106.82844020000005, -6.26756789999996], [106.82842410000006, -6.267537499999946], [106.82842250000004, -6.267534599999976], [106.82842370000009, -6.267524599999945], [106.82840830000004, -6.267507899999941], [106.82837570000004, -6.267446699999937], [106.82836070000008, -6.267418499999962], [106.82832920000004, -6.267295899999965], [106.82829320000008, -6.26713], [106.82829330000004, -6.267125199999953], [106.82827, -6.26700059999996], [106.82826320000004, -6.266964499999972], [106.82824850000009, -6.26692369999995], [106.82821940000008, -6.266789], [106.82820190000007, -6.266768399999933], [106.82813790000006, -6.266692399999954], [106.82804830000003, -6.266585899999939], [106.82797690000007, -6.266542099999981], [106.82790670000009, -6.266499099999976], [106.827904, -6.266489099999944], [106.82789660000009, -6.266462], [106.82788310000007, -6.266412599999967], [106.82788880000004, -6.266331099999945], [106.82788510000006, -6.266320299999961], [106.82785, -6.26622], [106.82777, -6.26609], [106.82775, -6.26572], [106.82768, -6.26566], [106.82758660000007, -6.265648299999953], [106.82752, -6.26564], [106.82748650000008, -6.265623299999959], [106.82745490000008, -6.265607399999965], [106.8274, -6.26558], [106.8273, -6.26548], [106.82720010000008, -6.26548], [106.82719, -6.26548], [106.82717410000004, -6.26548159999993], [106.82689, -6.26551], [106.82672820000005, -6.265537699999925], [106.82658640000005, -6.265548], [106.82653490000007, -6.265548899999942], [106.82653610000006, -6.265587499999981], [106.82653620000008, -6.265592699999956], [106.82652320000005, -6.26579339999995], [106.82650880000006, -6.266013299999941], [106.82643470000005, -6.266196499999978], [106.82643230000008, -6.266201299999977], [106.82632740000008, -6.266409], [106.82604420000007, -6.266904499999953], [106.82602380000009, -6.266940099999943], [106.825792, -6.267202899999972], [106.82541910000003, -6.267499399999963], [106.82530310000004, -6.267603799999961], [106.825304, -6.267849099999978], [106.825442, -6.268118899999934], [106.82551330000007, -6.268309899999963], [106.82556830000004, -6.268592399999932], [106.82553140000005, -6.268642899999975], [106.82535950000005, -6.268878], [106.82526420000005, -6.268961499999932], [106.82510060000004, -6.269109599999979], [106.82495130000007, -6.269193299999927], [106.82484790000007, -6.269322599999953], [106.82474440000004, -6.269456], [106.82488220000005, -6.269646799999975], [106.82468970000008, -6.26984079999994], [106.82456390000004, -6.270086499999934], [106.82450430000006, -6.270163099999934], [106.82416280000007, -6.270047899999952], [106.82389160000008, -6.270064399999967], [106.82389210000008, -6.270220799999947], [106.82386410000004, -6.270217899999977], [106.82380310000008, -6.270600599999966], [106.823737, -6.270709], [106.82368, -6.27079], [106.82357, -6.27089], [106.82322, -6.27125], [106.82306, -6.27144], [106.82301, -6.27147], [106.82294210000003, -6.27147], [106.8228, -6.27147], [106.82233, -6.27152], [106.82197, -6.27156], [106.82185, -6.27159], [106.82171, -6.27166], [106.82164, -6.27173], [106.82151, -6.27227], [106.82143, -6.27265], [106.82126, -6.27335], [106.82121, -6.27357], [106.82119730000005, -6.273620899999969], [106.82116, -6.27377], [106.82102, -6.27427], [106.82064, -6.27419], [106.82048, -6.27415], [106.82018720000008, -6.274062], [106.8199, -6.274], [106.81925, -6.27382], [106.81873, -6.27371], [106.81856, -6.27367], [106.81827, -6.27363], [106.81819110000004, -6.273615], [106.81809040000007, -6.273595799999953], [106.81806, -6.27359], [106.81786, -6.27355], [106.81763, -6.27349], [106.81708, -6.27337], [106.81679, -6.27332], [106.81661, -6.27329], [106.81655, -6.27329], [106.8164, -6.27326], [106.81636020000008, -6.273252], [106.81625, -6.27323], [106.81582, -6.27315], [106.81554, -6.27311], [106.81535, -6.27308], [106.815177, -6.273049299999968], [106.81513, -6.27302], [106.8151, -6.27296], [106.8151, -6.27288], [106.81497, -6.27292], [106.81426, -6.27298], [106.81407, -6.27304], [106.81389, -6.27306], [106.81389020000006, -6.273063699999966], [106.81385880000005, -6.273067799999978], [106.81389870000004, -6.273242299999936], [106.8139, -6.27327], [106.81387, -6.27348], [106.81385990000007, -6.273515299999929], [106.813855, -6.273528499999941], [106.81372090000008, -6.27368789999997], [106.81368090000007, -6.273785], [106.81369730000006, -6.273860399999933], [106.81378640000008, -6.273954299999957], [106.81380570000005, -6.274083599999926], [106.81381980000003, -6.274261299999978], [106.81380130000008, -6.274355699999944], [106.81378830000006, -6.274498499999936], [106.81382370000006, -6.274595399999953], [106.81400630000007, -6.274852], [106.81404960000003, -6.274913799999979], [106.81407710000008, -6.275094199999955], [106.81405850000004, -6.275351499999942], [106.81405, -6.27547], [106.81401, -6.27571], [106.81398310000009, -6.275831799999935], [106.81396680000006, -6.275857799999926], [106.81395020000008, -6.275921899999958], [106.81391720000005, -6.275966199999971], [106.81382, -6.27602], [106.81369, -6.27598], [106.81352, -6.27594], [106.81338, -6.27597], [106.81336670000007, -6.275975399999936], [106.81325380000004, -6.276021], [106.81312770000005, -6.27614], [106.813023, -6.276223899999934], [106.81291060000007, -6.276412799999946], [106.81291, -6.27658], [106.81292, -6.27694], [106.81292, -6.27713], [106.81287, -6.27729], [106.81276110000005, -6.277558299999953], [106.81273680000004, -6.277612799999929], [106.81246190000007, -6.278230099999973], [106.81235310000005, -6.278312599999936], [106.81225370000004, -6.278358699999956], [106.812109, -6.278574799999944], [106.81209420000005, -6.278624199999967], [106.81209070000006, -6.278636099999972], [106.81208240000007, -6.278663699999981], [106.811981, -6.278917299999932], [106.81193060000004, -6.279130299999963], [106.81188630000008, -6.279193199999952], [106.81187160000007, -6.279214], [106.811756, -6.279246699999931], [106.81164550000005, -6.279212099999938], [106.81144, -6.27917], [106.81128, -6.27917], [106.81117, -6.2792], [106.81094, -6.27941], [106.81081, -6.27957], [106.8107, -6.27969], [106.81064, -6.27984], [106.81038, -6.28087], [106.81035, -6.28096], [106.81015, -6.28121], [106.80988340000005, -6.28140019999995], [106.80965910000003, -6.281640299999935], [106.80962860000005, -6.281662799999935], [106.80963310000004, -6.281666099999939], [106.80953270000003, -6.281735799999979], [106.80949090000007, -6.281848599999933], [106.80948440000009, -6.281989399999929], [106.80938630000009, -6.282116499999972], [106.80933010000007, -6.282130799999948], [106.80924580000004, -6.282180299999936], [106.80923760000007, -6.282490099999961], [106.80922040000007, -6.282515099999955], [106.80919270000004, -6.282675499999925], [106.80919430000006, -6.282721099999947], [106.80918450000007, -6.282764899999961], [106.809199, -6.282895099999962], [106.80922060000006, -6.282924099999946], [106.809226, -6.282942099999957], [106.80925930000006, -6.282976], [106.80931920000006, -6.283056599999952], [106.80951720000007, -6.283334], [106.80948440000009, -6.283440299999938], [106.80937760000006, -6.283578599999942], [106.80931110000006, -6.283684799999946], [106.80930380000007, -6.28369379999998], [106.809303, -6.283697699999948], [106.80928120000004, -6.283732499999928], [106.80925740000004, -6.283864599999959], [106.80928640000008, -6.284059799999966], [106.80929650000007, -6.284076499999969], [106.80930530000006, -6.284116199999971], [106.80934070000006, -6.28419], [106.809388, -6.284227099999953], [106.80939740000008, -6.28424259999997], [106.80942930000003, -6.28425969999995], [106.80955870000008, -6.284361299999944], [106.80958510000005, -6.284430599999951], [106.80958780000009, -6.284448699999928], [106.80955880000005, -6.284596299999976], [106.80955070000005, -6.284626399999979], [106.80954280000009, -6.284650399999975], [106.80953790000007, -6.28467459999996], [106.80951630000004, -6.284755399999938], [106.80951840000006, -6.284769299999937], [106.80951170000009, -6.284801899999934], [106.80959750000005, -6.285217], [106.80954610000003, -6.285611399999937], [106.80958390000006, -6.285654099999931], [106.80964760000006, -6.285744899999941], [106.80966, -6.28584], [106.80961, -6.28589], [106.80945020000007, -6.28589779999993], [106.80926160000007, -6.285852699999964], [106.80912970000008, -6.285869299999945], [106.80901410000007, -6.285918199999969], [106.80896860000007, -6.285988399999951], [106.80898270000006, -6.286185], [106.80893370000007, -6.286415499999976], [106.80890490000007, -6.286529199999961], [106.80889150000007, -6.286553499999968], [106.80889440000004, -6.28657069999997], [106.80888860000005, -6.286593399999958], [106.80890810000005, -6.286653699999931], [106.80893110000005, -6.286792799999944], [106.80895170000008, -6.286901899999975], [106.80890410000006, -6.286985399999935], [106.80857020000008, -6.287234], [106.80857010000005, -6.287234299999966], [106.80851540000003, -6.287274899999943], [106.80840030000007, -6.287482799999964], [106.80834, -6.28775], [106.80830350000008, -6.287902], [106.808347, -6.288017699999955], [106.80842020000006, -6.288165599999957], [106.808382, -6.288420299999927], [106.80838770000008, -6.288503799999944], [106.80842580000007, -6.288619499999925], [106.80849890000007, -6.288745899999981], [106.80857930000008, -6.289016299999957], [106.80855540000005, -6.289132199999926], [106.80840560000007, -6.289396699999941], [106.80834120000009, -6.289458899999943], [106.80825310000006, -6.289680099999941], [106.80824030000008, -6.289757499999951], [106.80805, -6.29008], [106.80789, -6.29016], [106.8078, -6.29016], [106.80756, -6.29012], [106.80733, -6.29011], [106.80718580000007, -6.290106799999933], [106.80708, -6.29023], [106.80706, -6.29029], [106.80702, -6.29043], [106.80695, -6.29043], [106.80671, -6.29041], [106.80654, -6.29047], [106.80635, -6.29061], [106.80602, -6.29092], [106.80587830000007, -6.29118079999995], [106.80575010000007, -6.291469399999926], [106.80565, -6.29177], [106.80563, -6.29187], [106.8056, -6.29202], [106.8056, -6.29214], [106.80559, -6.2923], [106.80556640000009, -6.292370799999958], [106.80556, -6.29239], [106.80555490000006, -6.292410399999937], [106.80551, -6.29259], [106.80542060000005, -6.292734], [106.80533210000004, -6.292820499999948], [106.80524620000006, -6.292901599999936], [106.80510660000004, -6.293009899999959], [106.80501940000005, -6.293111199999942], [106.80495510000009, -6.293208399999969], [106.80492870000006, -6.293337799999961], [106.80491170000005, -6.293487399999947], [106.80492570000007, -6.293643599999939], [106.80497460000004, -6.293783499999961], [106.80504220000006, -6.293853299999967], [106.805091, -6.293950099999961], [106.80523450000004, -6.294181299999934], [106.80539120000009, -6.29435849999993], [106.80557970000007, -6.294366], [106.80568470000009, -6.294362899999953], [106.80595810000005, -6.294406399999957], [106.80610370000005, -6.294465199999934], [106.80621170000006, -6.294564499999979], [106.80629560000006, -6.294690799999955], [106.80632570000006, -6.294809199999975], [106.80636580000004, -6.294995299999925], [106.80636, -6.29503], [106.80633990000007, -6.295186599999965], [106.80628130000008, -6.29521079999995], [106.80621680000007, -6.295262199999968], [106.80617670000004, -6.295329599999945], [106.80621460000003, -6.295388799999955], [106.80626050000006, -6.295415599999956], [106.80631160000007, -6.295407299999965], [106.80631, -6.29542], [106.8066, -6.29542], [106.80667, -6.29548], [106.80675, -6.29561], [106.80676, -6.29574], [106.80673, -6.2959], [106.80664740000009, -6.295985299999927], [106.80651960000006, -6.296003299999938], [106.80636360000005, -6.296036099999981], [106.80618330000004, -6.296077199999957], [106.806076, -6.29617989999997], [106.80593660000005, -6.296366299999931], [106.80574330000007, -6.296517799999947], [106.805495, -6.296743599999957], [106.80542280000009, -6.296875799999953], [106.80537470000007, -6.296986499999946], [106.80535090000006, -6.297099699999933], [106.80533440000005, -6.297183899999936], [106.80532180000006, -6.297248], [106.805277, -6.297459], [106.805228, -6.29750839999997], [106.80522820000004, -6.297588699999949], [106.80520040000005, -6.297711499999934], [106.80513010000004, -6.297839099999976], [106.80498880000005, -6.297915099999955], [106.80490410000004, -6.297976799999958], [106.80487140000008, -6.298057099999937], [106.80489350000005, -6.298074899999961], [106.80489940000007, -6.298116799999946], [106.80493060000003, -6.298188099999948], [106.80497390000005, -6.298247199999935], [106.80500370000004, -6.298287499999958], [106.80511, -6.29843], [106.80523, -6.29853], [106.80534, -6.29854], [106.80553, -6.29851], [106.80583, -6.29839], [106.80594, -6.29842], [106.80607, -6.29853], [106.80608, -6.29859], [106.80603, -6.29867], [106.80587, -6.29884], [106.80587, -6.29893], [106.80592, -6.29902], [106.80599640000008, -6.299141399999939], [106.80609, -6.29929], [106.80612, -6.29949], [106.80612, -6.30004], [106.80608, -6.3003], [106.80611, -6.3005], [106.80627, -6.301], [106.80642, -6.30123], [106.80665, -6.30141], [106.80674, -6.30152], [106.80693, -6.30179], [106.80717, -6.30203], [106.80731, -6.30206], [106.8074, -6.30207], [106.80743, -6.30212], [106.80745, -6.30218], [106.80741, -6.30232], [106.80732, -6.30258], [106.8072, -6.30267], [106.80712, -6.30276], [106.80714, -6.30285], [106.80714420000004, -6.302856299999974], [106.8072, -6.30294], [106.80743, -6.30312], [106.80776, -6.30328], [106.80789, -6.30326], [106.80814, -6.30317], [106.80821, -6.30324], [106.80833, -6.3034], [106.80843, -6.30368], [106.80851, -6.30392], [106.8086, -6.30401], [106.80885230000007, -6.304128], [106.80888750000008, -6.304168299999958], [106.80893, -6.30426], [106.80897, -6.30445], [106.80902, -6.30465], [106.80917, -6.30489], [106.80934, -6.30523], [106.80932550000006, -6.305227699999932], [106.80933090000008, -6.305234599999949], [106.80926, -6.30527], [106.80918, -6.30531], [106.80916, -6.3054], [106.80911, -6.30552], [106.80903, -6.30559], [106.80892, -6.3056], [106.80868, -6.30563], [106.80853, -6.30571], [106.80846, -6.30581], [106.80845, -6.30593], [106.80853, -6.30627], [106.80861, -6.3067], [106.80853, -6.3067], [106.80826, -6.30674], [106.80822, -6.30683], [106.80822, -6.30693], [106.8083, -6.30717], [106.80830120000007, -6.307173499999976], [106.80828380000008, -6.307172899999955], [106.80828410000004, -6.307174099999941], [106.80833580000007, -6.307354399999952], [106.80843650000008, -6.307650299999978], [106.80848560000004, -6.307854899999938], [106.80851, -6.30814], [106.80846, -6.30821], [106.80834, -6.30828], [106.80791, -6.30841], [106.80768, -6.30849], [106.80743, -6.30859], [106.80732730000005, -6.308619299999975], [106.80722, -6.30865], [106.80681, -6.30872], [106.80679, -6.30881], [106.80681, -6.30894], [106.80689, -6.30909], [106.80697, -6.30917], [106.80704, -6.30924], [106.8072, -6.30931], [106.80732, -6.30933], [106.80745, -6.3093], [106.80765330000008, -6.309285599999953], [106.80772350000007, -6.309355299999936], [106.8078, -6.30943], [106.8079, -6.30959], [106.80793, -6.30964], [106.80811, -6.30991], [106.80826720000005, -6.31007539999996], [106.80849, -6.31057], [106.80847, -6.31067], [106.80841, -6.31074], [106.80817, -6.31088], [106.80801, -6.31096], [106.80796, -6.31103], [106.80808, -6.31108], [106.80818070000004, -6.31114649999995], [106.80839930000008, -6.311283199999934], [106.80853960000007, -6.311385], [106.80883640000008, -6.311569899999938], [106.80897130000005, -6.311658299999976], [106.80906, -6.31168], [106.8092, -6.31169], [106.80927, -6.31166], [106.80932, -6.31157], [106.80940350000009, -6.311318], [106.80942340000007, -6.311205499999971], [106.80957, -6.31098], [106.80965, -6.31093], [106.80985570000007, -6.310851099999979], [106.81, -6.31083], [106.81032, -6.31078], [106.81055, -6.31079], [106.81083360000008, -6.310888599999942], [106.81096720000005, -6.310937399999943], [106.81099350000005, -6.310945499999946], [106.81112010000004, -6.31095849999997], [106.81126, -6.31091], [106.81138, -6.31086], [106.81139230000008, -6.310855699999934], [106.81155, -6.3108], [106.81188, -6.31074], [106.81204, -6.31072], [106.81241, -6.31072], [106.81275, -6.31074], [106.81361250000003, -6.310742399999981]]] 
      }
    },
    {
      "type": "Feature",
      "properties": {
        "district_id": "3171030",
        "province": "DKI Jakarta",
        "regency": "Jakarta Selatan",
        "district": "Cilandak",
        "pria": 0,
        "wanita": 0,
        "total_penduduk": 0
      },
      "geometry": {
        "type": "Polygon",
        "coordinates": [[[106.81209420000005, -6.278624199999967], [106.812109, -6.278574799999944], [106.81225370000004, -6.278358699999956], [106.81235310000005, -6.278312599999936], [106.81246190000007, -6.278230099999973], [106.81273680000004, -6.277612799999929], [106.81276110000005, -6.277558299999953], [106.81287, -6.27729], [106.81292, -6.27713], [106.81292, -6.27694], [106.81291, -6.27658], [106.81291060000007, -6.276412799999946], [106.813023, -6.276223899999934], [106.81312770000005, -6.27614], [106.81325380000004, -6.276021], [106.81336670000007, -6.275975399999936], [106.81338, -6.27597], [106.81352, -6.27594], [106.81369, -6.27598], [106.81382, -6.27602], [106.81391720000005, -6.275966199999971], [106.81395020000008, -6.275921899999958], [106.81396680000006, -6.275857799999926], [106.81398310000009, -6.275831799999935], [106.81401, -6.27571], [106.81405, -6.27547], [106.81405850000004, -6.275351499999942], [106.81407710000008, -6.275094199999955], [106.81404960000003, -6.274913799999979], [106.81400630000007, -6.274852], [106.81382370000006, -6.274595399999953], [106.81378830000006, -6.274498499999936], [106.81380130000008, -6.274355699999944], [106.81381980000003, -6.274261299999978], [106.81380570000005, -6.274083599999926], [106.81378640000008, -6.273954299999957], [106.81369730000006, -6.273860399999933], [106.81368090000007, -6.273785], [106.81372090000008, -6.27368789999997], [106.813855, -6.273528499999941], [106.81385990000007, -6.273515299999929], [106.81387, -6.27348], [106.8139, -6.27327], [106.81389870000004, -6.273242299999936], [106.81385880000005, -6.273067799999978], [106.81389020000006, -6.273063699999966], [106.81389, -6.27306], [106.81387, -6.27285], [106.81386, -6.27256], [106.81385340000008, -6.272335899999973], [106.81384170000007, -6.27229959999994], [106.81382, -6.27222], [106.81375, -6.27215], [106.81348, -6.27212], [106.81324120000005, -6.272100099999932], [106.81308, -6.27201], [106.8129, -6.27192], [106.81262020000008, -6.271718799999974], [106.81239990000006, -6.271554599999945], [106.81233370000007, -6.271532199999967], [106.81225, -6.2715], [106.81204, -6.27144], [106.81199190000007, -6.271416], [106.81186610000009, -6.271347499999933], [106.81176870000007, -6.271268299999974], [106.81175260000003, -6.271253899999977], [106.81167, -6.27118], [106.81155980000005, -6.271051399999976], [106.81153110000008, -6.271014], [106.81147810000004, -6.270941099999959], [106.81140770000007, -6.270711099999971], [106.8114, -6.270604399999968], [106.8114, -6.27055], [106.81140740000006, -6.270533299999954], [106.81143990000004, -6.270480099999929], [106.81154860000004, -6.270116799999926], [106.81163380000004, -6.26983], [106.81167190000008, -6.269706199999973], [106.811739, -6.269555199999957], [106.81188150000008, -6.26943209999996], [106.81192, -6.2694], [106.811925, -6.269394499999976], [106.81193070000006, -6.269389599999954], [106.81213, -6.26917], [106.81219, -6.26907], [106.81212, -6.26883], [106.81207, -6.26865], [106.81211, -6.26838], [106.81218, -6.26816], [106.81237530000004, -6.267633799999942], [106.81244780000009, -6.26742349999995], [106.81245880000006, -6.267393299999981], [106.81252740000008, -6.267254899999955], [106.81265, -6.26717], [106.81269960000009, -6.267143699999963], [106.81277310000007, -6.26710479999997], [106.81286, -6.26703], [106.81266, -6.26697], [106.81243590000008, -6.266935199999978], [106.81236630000006, -6.266922799999975], [106.81223340000008, -6.26691059999996], [106.81208790000005, -6.26689209999995], [106.81180330000007, -6.266880399999934], [106.81179460000004, -6.266879199999948], [106.81168560000003, -6.266860599999973], [106.81155370000005, -6.266839299999958], [106.81147650000008, -6.266834], [106.81145520000007, -6.266831], [106.81139290000004, -6.266828299999929], [106.81132290000005, -6.266823599999952], [106.81121840000009, -6.266818399999977], [106.81116550000007, -6.266818599999965], [106.81104450000004, -6.266813399999933], [106.81104350000004, -6.266813299999967], [106.81070870000008, -6.266764], [106.81047420000004, -6.266724699999941], [106.810441, -6.266717699999958], [106.80995910000007, -6.266552699999977], [106.80997520000005, -6.266464799999937], [106.81002530000006, -6.266246599999931], [106.81003480000004, -6.266217599999948], [106.81008890000004, -6.265975499999968], [106.80975, -6.26595], [106.80962, -6.26597], [106.809536, -6.265975599999933], [106.80947, -6.26598], [106.80929, -6.26599], [106.80878, -6.26599], [106.80871, -6.26599], [106.80849060000008, -6.26599], [106.80845, -6.26599], [106.80839060000005, -6.265999199999953], [106.808, -6.26606], [106.80778, -6.26608], [106.8074, -6.26613], [106.80676, -6.2662], [106.80628, -6.26623], [106.80622410000007, -6.266237], [106.8062, -6.26624], [106.80513, -6.26626], [106.805, -6.26627], [106.8046, -6.2663], [106.80442, -6.26636], [106.80443, -6.2666], [106.80407, -6.26668], [106.80358, -6.26675], [106.80341, -6.26678], [106.80285, -6.26689], [106.80234, -6.2669], [106.80182430000008, -6.26693819999997], [106.8018, -6.26694], [106.80112730000008, -6.266855899999939], [106.80068, -6.2668], [106.80031, -6.26674], [106.80023, -6.26674], [106.80015, -6.26618], [106.80006250000008, -6.265867499999956], [106.79978180000006, -6.26581], [106.79953240000003, -6.265797], [106.79934260000005, -6.265782599999966], [106.79900140000007, -6.265783799999951], [106.79868830000004, -6.265810399999964], [106.79857050000004, -6.265803199999937], [106.79855570000007, -6.265807199999927], [106.79845880000005, -6.26580759999996], [106.79828560000004, -6.265808199999981], [106.79812390000006, -6.265771], [106.79807760000006, -6.265760399999976], [106.79800550000004, -6.26575749999995], [106.79791830000005, -6.265754], [106.79783140000006, -6.265749699999958], [106.79765960000009, -6.265746399999955], [106.79761390000004, -6.265738599999963], [106.79754420000006, -6.265734499999951], [106.79744720000008, -6.265720899999963], [106.79733, -6.26572], [106.79733, -6.26558], [106.79732390000004, -6.265389499999969], [106.79731960000004, -6.26533969999997], [106.79732040000005, -6.265280599999926], [106.7973, -6.26464], [106.7973, -6.26441], [106.79715, -6.2639], [106.79688, -6.26396], [106.79655, -6.264], [106.79599, -6.26392], [106.7956, -6.26387], [106.79528, -6.26377], [106.79515, -6.26375], [106.79484, -6.26366], [106.79455, -6.2636], [106.79444, -6.2636], [106.79439, -6.26387], [106.79434, -6.26408], [106.79426, -6.26431], [106.79397, -6.26427], [106.79373, -6.26424], [106.7932, -6.26412], [106.79278810000005, -6.264052799999945], [106.79271, -6.26404], [106.79219, -6.26399], [106.7918, -6.26395], [106.79142, -6.26391], [106.79089, -6.26384], [106.7907, -6.26384], [106.79046, -6.26387], [106.79039, -6.26389], [106.79031, -6.26389], [106.78999, -6.26385], [106.78993, -6.26384], [106.7895, -6.26374], [106.78908, -6.26367], [106.78874, -6.26363], [106.78872940000008, -6.263628099999949], [106.78852, -6.26359], [106.78829860000008, -6.263519199999962], [106.78827, -6.26351], [106.7881, -6.26351], [106.78788, -6.26348], [106.78777, -6.26345], [106.78746, -6.26336], [106.78642, -6.26311], [106.78628, -6.2631], [106.78596, -6.26302], [106.7857, -6.263], [106.78543, -6.26298], [106.78523, -6.263], [106.78529, -6.26347], [106.78524, -6.26369], [106.78516, -6.26396], [106.78517, -6.26411], [106.78518, -6.26427], [106.78523, -6.26456], [106.78523090000004, -6.264565399999981], [106.78532050000007, -6.264743299999964], [106.78545420000006, -6.265529399999934], [106.78545870000005, -6.265532699999937], [106.78591460000007, -6.265726399999949], [106.78650610000005, -6.265987], [106.78650740000006, -6.266357], [106.78651390000005, -6.266389599999968], [106.78684580000004, -6.266829299999927], [106.78695, -6.26693], [106.78706, -6.26712], [106.78716, -6.26735], [106.78719, -6.2676], [106.78724, -6.2678], [106.78734, -6.26792], [106.78739890000008, -6.267959299999973], [106.78743, -6.26798], [106.78748230000008, -6.267997399999956], [106.78749, -6.268], [106.78784, -6.26814], [106.78817, -6.2683], [106.78841, -6.2684], [106.78872240000004, -6.26849169999997], [106.78883330000008, -6.26853159999996], [106.788881, -6.268536799999936], [106.788943, -6.26847429999998], [106.78947, -6.269063599999981], [106.79002080000004, -6.269061699999952], [106.79015830000009, -6.268799099999967], [106.79027360000003, -6.268652599999939], [106.79044460000006, -6.268606699999964], [106.79053030000006, -6.26865179999993], [106.79065, -6.26877], [106.79070880000006, -6.268897299999935], [106.79068980000005, -6.268897599999946], [106.79124410000009, -6.269648599999925], [106.79126870000005, -6.270418], [106.79128190000006, -6.270533299999954], [106.79127460000007, -6.27060229999995], [106.79129650000004, -6.271288299999981], [106.79129960000006, -6.271299], [106.79134550000003, -6.271470199999953], [106.79133120000006, -6.271707], [106.79131340000004, -6.271816299999955], [106.79131150000006, -6.271828], [106.79131440000003, -6.27184879999993], [106.79131650000005, -6.271863599999961], [106.79131510000008, -6.271869199999969], [106.79131760000007, -6.271946899999932], [106.79138570000003, -6.272669099999973], [106.79138590000008, -6.272731699999952], [106.79147, -6.27298], [106.79146190000006, -6.273107], [106.79139180000004, -6.273238299999946], [106.79138760000006, -6.273242499999981], [106.79138810000006, -6.273391499999946], [106.79076670000006, -6.274017499999957], [106.79075510000007, -6.274036399999943], [106.79072330000008, -6.274061399999937], [106.79041870000003, -6.274299499999927], [106.79013250000008, -6.274512099999981], [106.79006270000008, -6.274713799999972], [106.78985720000009, -6.274996699999974], [106.78972190000007, -6.275188599999979], [106.78972580000004, -6.275300199999947], [106.78973, -6.27542], [106.7897, -6.27553], [106.78967, -6.27563], [106.78962, -6.27603], [106.78960140000004, -6.276309599999934], [106.7896, -6.27633], [106.78958860000006, -6.276407], [106.78965420000009, -6.276980299999934], [106.78976280000006, -6.277928499999973], [106.79015950000007, -6.278780899999958], [106.79015980000008, -6.278869799999939], [106.79016070000006, -6.279138], [106.79008410000006, -6.279509799999971], [106.79029, -6.27997], [106.79023, -6.28015], [106.79008, -6.28054], [106.79008, -6.28077], [106.79011, -6.281], [106.79012, -6.28121], [106.79008390000007, -6.281456799999944], [106.79006, -6.28162], [106.78995, -6.28183], [106.78981, -6.28199], [106.78972, -6.2821], [106.78967970000008, -6.28215339999997], [106.78958570000009, -6.282278099999928], [106.78932970000005, -6.282617799999969], [106.78923, -6.28275], [106.78917, -6.28285], [106.78894, -6.28326], [106.78870630000006, -6.283770699999934], [106.78867, -6.28385], [106.78832, -6.28424], [106.78815, -6.28433], [106.78802, -6.28443], [106.78787, -6.28455], [106.78781, -6.28461], [106.78764, -6.28475], [106.78752, -6.28485], [106.78707380000009, -6.285256599999968], [106.78705180000009, -6.285298499999953], [106.78698, -6.28545], [106.78688950000009, -6.285607699999957], [106.78664020000008, -6.286082699999952], [106.78585560000005, -6.286939199999949], [106.78513740000005, -6.288058099999944], [106.78540110000006, -6.28838559999997], [106.78544810000005, -6.288677499999949], [106.78546, -6.2887], [106.78551, -6.2889], [106.78554, -6.28915], [106.78556, -6.28932], [106.785562, -6.289383199999975], [106.78560220000008, -6.28963269999997], [106.78546310000007, -6.289857099999949], [106.7853, -6.29016], [106.78522380000004, -6.290243099999941], [106.78501960000006, -6.290572499999939], [106.78498, -6.29083], [106.78492, -6.29095], [106.78475, -6.29113], [106.78459, -6.29128], [106.78458220000005, -6.291290199999935], [106.78425070000009, -6.291921899999977], [106.78417420000005, -6.291899199999932], [106.78298340000003, -6.291546199999971], [106.78263280000004, -6.291417899999942], [106.78247, -6.29137], [106.78221, -6.29131], [106.78161, -6.29112], [106.78137, -6.29103], [106.7811, -6.29091], [106.7809, -6.29082], [106.78058030000005, -6.290697799999975], [106.78056, -6.29069], [106.78037, -6.29061], [106.78028860000006, -6.290560099999936], [106.77996040000005, -6.29044], [106.77961220000009, -6.290148099999954], [106.77938, -6.29001], [106.77899, -6.2897], [106.77887, -6.2896], [106.77828, -6.28904], [106.77807, -6.28887], [106.77775280000009, -6.288734099999942], [106.77772380000005, -6.288751299999944], [106.77674050000007, -6.289334499999939], [106.770897, -6.289244], [106.76978290000005, -6.289226799999938], [106.76817440000008, -6.28974779999993], [106.76811050000003, -6.289779799999963], [106.76671040000008, -6.290705899999978], [106.766673, -6.290627], [106.76663, -6.29067], [106.76662730000004, -6.290672399999949], [106.76664340000008, -6.290705], [106.76670860000007, -6.290836299999967], [106.76703660000004, -6.291390399999955], [106.76718160000007, -6.29150629999998], [106.767229, -6.291517799999951], [106.76732650000008, -6.29154159999996], [106.76765280000006, -6.291550699999959], [106.76765540000008, -6.291555399999936], [106.76765920000008, -6.291550899999947], [106.76778990000008, -6.291554499999961], [106.76779750000009, -6.291571799999929], [106.76781090000009, -6.291555099999925], [106.76789110000004, -6.291557299999965], [106.76807420000006, -6.291668399999935], [106.76808950000009, -6.291704699999968], [106.76813530000004, -6.291791899999964], [106.76815050000005, -6.29190449999993], [106.76810470000004, -6.291976], [106.76802990000004, -6.292019499999981], [106.76801610000007, -6.292009099999973], [106.76801830000005, -6.292025399999943], [106.76775370000007, -6.292156499999976], [106.76772330000006, -6.292171499999938], [106.76749440000003, -6.292332699999974], [106.76751730000007, -6.292399], [106.76760120000006, -6.292509099999961], [106.767975, -6.292887699999937], [106.76812, -6.293035], [106.76814290000004, -6.293068399999981], [106.76825730000007, -6.293254399999967], [106.76825730000007, -6.293389299999944], [106.76820390000006, -6.293531], [106.768059, -6.293709299999932], [106.76789110000004, -6.293935799999929], [106.76735710000008, -6.294636299999979], [106.767174, -6.294869], [106.76714350000009, -6.294996799999979], [106.767174, -6.295155499999964], [106.76725790000006, -6.295312399999943], [106.76739520000007, -6.295490799999925], [106.76758590000009, -6.29566669999997], [106.76792930000005, -6.295834599999978], [106.76821160000009, -6.295899899999938], [106.76876090000007, -6.295929399999977], [106.76878380000005, -6.295922799999971], [106.76892110000006, -6.29589029999994], [106.769211, -6.295727299999953], [106.76953140000006, -6.295572799999945], [106.76971460000004, -6.295536499999969], [106.76991290000007, -6.29555229999994], [106.77008080000007, -6.295619], [106.77017990000007, -6.295723899999928], [106.77019520000005, -6.295813599999974], [106.77014180000003, -6.296033899999941], [106.77001210000009, -6.296191199999953], [106.76984430000005, -6.29643729999998], [106.76977560000006, -6.296722], [106.76973750000008, -6.297004299999969], [106.76973750000008, -6.297278399999925], [106.76979850000004, -6.297561199999961], [106.76985950000005, -6.297638899999981], [106.76998160000005, -6.297711399999969], [106.77014940000004, -6.297759099999951], [106.77027910000004, -6.297744799999975], [106.77040880000004, -6.297667499999932], [106.77053090000004, -6.297532599999954], [106.77070640000005, -6.297356599999944], [106.77075980000006, -6.297366599999975], [106.77079030000004, -6.297427199999959], [106.77083610000005, -6.297655599999928], [106.770859, -6.298005099999955], [106.77092, -6.298454799999945], [106.77103440000008, -6.298729399999957], [106.77120230000008, -6.298978299999931], [106.77128620000008, -6.299055599999974], [106.77140060000005, -6.299062299999946], [106.77162190000007, -6.299028399999941], [106.77176690000005, -6.298920199999941], [106.77200340000007, -6.298771899999963], [106.77253740000003, -6.298431899999969], [106.77258320000004, -6.298414199999968], [106.77294180000007, -6.298269299999959], [106.77317070000004, -6.298260199999959], [106.773514, -6.298281699999961], [106.77359030000008, -6.298346099999947], [106.77375050000006, -6.298570699999971], [106.77376060000006, -6.298597399999949], [106.77385730000009, -6.298852499999953], [106.77391830000005, -6.299113299999931], [106.77390310000004, -6.299329799999953], [106.77385730000009, -6.299457099999927], [106.77374290000006, -6.299531499999944], [106.77362080000006, -6.29955149999995], [106.77348350000005, -6.299521], [106.77318590000004, -6.299393699999939], [106.77288840000006, -6.299298799999974], [106.77229330000006, -6.299126699999931], [106.77211020000004, -6.299145199999941], [106.77164480000005, -6.299279699999943], [106.77152270000005, -6.299374099999966], [106.77150750000004, -6.299457599999926], [106.77154560000008, -6.299543399999948], [106.77162950000007, -6.299599699999931], [106.77237720000005, -6.299981599999967], [106.77252980000009, -6.300106599999935], [106.772629, -6.300276799999949], [106.77278920000003, -6.300551399999961], [106.77309440000005, -6.300959099999943], [106.77318590000004, -6.301208], [106.77317830000004, -6.301393499999961], [106.77312490000008, -6.301498], [106.773041, -6.301545199999964], [106.77285020000005, -6.301567099999943], [106.77234670000007, -6.301571399999943], [106.77206440000003, -6.301561399999969], [106.77163720000004, -6.301580899999976], [106.77143880000006, -6.301629599999956], [106.77116410000008, -6.301749299999926], [106.77096580000006, -6.301897599999961], [106.77086660000003, -6.302016799999933], [106.770859, -6.302105399999959], [106.77090470000007, -6.302198899999951], [106.771065, -6.302471699999955], [106.77130910000005, -6.303062], [106.771454, -6.303161599999953], [106.77162950000007, -6.303246099999967], [106.77175160000007, -6.30324319999994], [106.77191950000008, -6.303201199999933], [106.77203390000005, -6.303170699999953], [106.77233910000007, -6.303087299999959], [106.77265950000009, -6.303000899999972], [106.77291130000003, -6.302957099999958], [106.77317830000004, -6.302956599999959], [106.773308, -6.30300189999997], [106.77346820000008, -6.303120199999967], [106.77352160000004, -6.303215499999965], [106.773514, -6.303327599999932], [106.773453, -6.303557399999931], [106.77337670000009, -6.303691399999934], [106.77335380000005, -6.303732399999944], [106.77319360000007, -6.303949899999964], [106.77288840000006, -6.304411399999935], [106.77288070000009, -6.304505799999959], [106.77292650000004, -6.304636], [106.77302570000006, -6.304730399999926], [106.77315540000006, -6.304795799999965], [106.77332330000007, -6.304795299999967], [106.773453, -6.304753799999958], [106.77359030000008, -6.304656], [106.77368950000005, -6.304525399999932], [106.77375810000007, -6.304363699999953], [106.77384970000008, -6.304159199999958], [106.77395650000005, -6.303884], [106.77411670000004, -6.303605599999969], [106.77432270000008, -6.303376699999944], [106.77446, -6.30329519999998], [106.77462790000004, -6.30328419999995], [106.77490250000005, -6.303309], [106.775078, -6.303426799999954], [106.775284, -6.303613199999972], [106.77552050000008, -6.30391359999993], [106.77559680000007, -6.304074799999967], [106.77561210000005, -6.304230199999949], [106.77558160000007, -6.304358], [106.77551290000008, -6.304408099999932], [106.77526110000008, -6.304510099999959], [106.77485680000007, -6.304646499999933], [106.77479570000008, -6.30472519999995], [106.77478050000008, -6.304846299999951], [106.77481860000006, -6.305104299999925], [106.77494070000006, -6.305299799999943], [106.77507040000006, -6.305466199999955], [106.77520010000006, -6.305636399999969], [106.77532220000006, -6.305832399999929], [106.77536030000005, -6.306010299999969], [106.77533420000009, -6.306121699999949], [106.77532980000007, -6.306140399999947], [106.77526880000005, -6.306186199999956], [106.77515430000005, -6.306194299999959], [106.77456680000006, -6.306189599999925], [106.77408620000006, -6.30636979999997], [106.77396410000006, -6.306469899999968], [106.773926, -6.30656289999996], [106.77391830000005, -6.306700699999965], [106.77395650000005, -6.30686529999997], [106.77410150000009, -6.307125599999949], [106.77432270000008, -6.30737929999998], [106.774666, -6.307756899999958], [106.77491780000008, -6.308085499999947], [106.77497120000004, -6.308243299999958], [106.77496360000004, -6.308388299999933], [106.77490250000005, -6.308504099999936], [106.77471940000004, -6.308708699999954], [106.77408620000006, -6.309068699999955], [106.77387260000006, -6.309118799999965], [106.77352160000004, -6.309210299999961], [106.77334610000008, -6.309319], [106.77325460000009, -6.309426799999926], [106.77323930000006, -6.309534099999951], [106.77327750000006, -6.309679], [106.77335380000005, -6.309791599999926], [106.77349870000006, -6.309906499999954], [106.77371240000008, -6.310009499999978], [106.77391830000005, -6.310060499999963], [106.77457450000009, -6.310167799999931], [106.77472710000006, -6.310210199999972], [106.77506280000006, -6.310301799999934], [106.77525350000008, -6.310417199999961], [106.77533740000007, -6.310543099999961], [106.77532220000006, -6.310637], [106.77525350000008, -6.310712299999977], [106.77505510000009, -6.310831099999973], [106.77481860000006, -6.310990299999958], [106.774605, -6.311199699999975], [106.77452870000008, -6.311277899999936], [106.77446770000006, -6.311390899999935], [106.77445240000009, -6.31152869999994], [106.77448290000007, -6.311739], [106.774605, -6.312028399999974], [106.77471940000004, -6.312135199999943], [106.77481860000006, -6.312161899999978], [106.77481980000005, -6.312161699999933], [106.77494070000006, -6.312134799999967], [106.77506280000006, -6.312057], [106.77523060000004, -6.311873499999933], [106.77539850000005, -6.311729899999932], [106.77560440000008, -6.311652699999968], [106.775902, -6.311608299999932], [106.77612320000009, -6.311615], [106.77630630000004, -6.311684099999979], [106.776436, -6.311787599999946], [106.77653520000007, -6.311933499999952], [106.77654290000004, -6.312068499999953], [106.77645130000008, -6.313069799999937], [106.776436, -6.313285899999926], [106.77646660000005, -6.313526699999954], [106.77665730000007, -6.314238099999955], [106.776726, -6.314969599999927], [106.77677940000007, -6.315229], [106.77684040000008, -6.315314299999955], [106.77696250000008, -6.315356299999962], [106.77717610000008, -6.315398199999947], [106.77780930000006, -6.315455499999928], [106.77823660000007, -6.315473099999963], [106.77842730000003, -6.315518399999974], [106.77941910000004, -6.315878899999973], [106.77962510000003, -6.316035299999953], [106.77977770000007, -6.316200699999968], [106.77986930000009, -6.316346599999974], [106.77991510000004, -6.316502599999978], [106.77989980000007, -6.31654409999993], [106.779999, -6.316603199999975], [106.78024310000006, -6.316562699999963], [106.78031180000005, -6.316552699999932], [106.78084580000007, -6.316446299999939], [106.78116630000005, -6.316284199999927], [106.78125020000004, -6.316214099999968], [106.78138750000005, -6.316106799999943], [106.78151720000005, -6.315991399999973], [106.78164690000006, -6.315945199999931], [106.781769, -6.315929399999959], [106.78233360000007, -6.315889399999946], [106.782496, -6.315908], [106.78258980000004, -6.315972599999952], [106.78259380000009, -6.315979599999935], [106.78259360000004, -6.31597979999998], [106.78291970000004, -6.316609699999958], [106.78294720000008, -6.316603499999928], [106.78295920000005, -6.316624699999977], [106.78299670000007, -6.316612599999928], [106.78321070000004, -6.316544299999975], [106.78321250000005, -6.316543899999942], [106.78337120000003, -6.316527399999927], [106.78391290000008, -6.316433899999936], [106.78428670000005, -6.316429599999935], [106.78433250000006, -6.316417699999931], [106.78886210000007, -6.316264299999943], [106.78951280000007, -6.316242199999976], [106.78955860000008, -6.316112099999941], [106.78970360000005, -6.315654799999947], [106.78984090000006, -6.315262399999938], [106.79000870000004, -6.314889], [106.79010790000007, -6.31474929999996], [106.79039020000005, -6.31457759999995], [106.79054280000008, -6.314525099999969], [106.79057330000006, -6.314519], [106.79066490000008, -6.314597599999956], [106.79067630000009, -6.31460119999997], [106.79104630000006, -6.314774499999942], [106.79108450000007, -6.314796], [106.791466, -6.315162199999975], [106.79169480000007, -6.315388699999971], [106.79191610000004, -6.315544599999953], [106.79194660000007, -6.315557499999954], [106.79204330000005, -6.315588099999957], [106.79234330000008, -6.315682899999956], [106.79241960000007, -6.315701], [106.79271720000008, -6.315703399999961], [106.79286210000004, -6.315699099999961], [106.79301270000008, -6.315653299999951], [106.79303, -6.315648099999976], [106.79306810000008, -6.315635699999973], [106.79459420000006, -6.31555069999996], [106.79575930000004, -6.315485699999954], [106.79599090000005, -6.315472799999952], [106.79683480000006, -6.315425799999957], [106.797337, -6.315397799999971], [106.79764830000005, -6.315380399999981], [106.79863140000003, -6.315327299999979], [106.79874440000003, -6.315318599999955], [106.80069380000003, -6.315314199999932], [106.801015, -6.315313499999945], [106.80147570000008, -6.315312399999925], [106.80160540000008, -6.315291899999977], [106.801784, -6.315288299999963], [106.80237340000008, -6.315276299999937], [106.80247520000006, -6.315274299999942], [106.80340590000009, -6.315252799999939], [106.80369450000006, -6.315254599999946], [106.80386370000008, -6.315249899999969], [106.80401350000005, -6.315264399999933], [106.80408070000004, -6.315289399999926], [106.80427340000006, -6.315280299999927], [106.80435730000005, -6.315296799999942], [106.80444940000007, -6.315288099999975], [106.80476780000004, -6.315270199999929], [106.804932, -6.315269599999965], [106.80509120000005, -6.315230799999938], [106.80534920000008, -6.315203899999972], [106.80591180000005, -6.314979699999981], [106.80641030000004, -6.314538299999981], [106.80643310000005, -6.31451809999993], [106.80650740000004, -6.314532], [106.80665050000005, -6.314433299999962], [106.806718, -6.314440799999943], [106.806901, -6.314453599999979], [106.80716470000004, -6.314414199999931], [106.80892960000006, -6.314516099999935], [106.80892960000006, -6.31455], [106.80893, -6.314550599999961], [106.80893, -6.31452], [106.80893, -6.31443], [106.80893, -6.31429], [106.80888, -6.31413], [106.80875860000003, -6.314039699999967], [106.808411, -6.313623499999949], [106.80828620000005, -6.313464099999976], [106.80821490000005, -6.313402199999928], [106.80803, -6.31335], [106.80795, -6.31333], [106.8079, -6.31326], [106.80789, -6.31311], [106.80793, -6.31294], [106.80801, -6.31282], [106.80815, -6.31271], [106.80834, -6.31263], [106.80815, -6.31203], [106.80807, -6.31189], [106.80793, -6.31171], [106.80788, -6.31158], [106.80785, -6.31142], [106.80793, -6.31109], [106.80794840000004, -6.311053199999947], [106.80796, -6.31103], [106.80801, -6.31096], [106.80817, -6.31088], [106.80841, -6.31074], [106.80847, -6.31067], [106.80849, -6.31057], [106.80826720000005, -6.31007539999996], [106.80811, -6.30991], [106.80793, -6.30964], [106.8079, -6.30959], [106.8078, -6.30943], [106.80772350000007, -6.309355299999936], [106.80765330000008, -6.309285599999953], [106.80745, -6.3093], [106.80732, -6.30933], [106.8072, -6.30931], [106.80704, -6.30924], [106.80697, -6.30917], [106.80689, -6.30909], [106.80681, -6.30894], [106.80679, -6.30881], [106.80681, -6.30872], [106.80722, -6.30865], [106.80732730000005, -6.308619299999975], [106.80743, -6.30859], [106.80768, -6.30849], [106.80791, -6.30841], [106.80834, -6.30828], [106.80846, -6.30821], [106.80851, -6.30814], [106.80848560000004, -6.307854899999938], [106.80843650000008, -6.307650299999978], [106.80833580000007, -6.307354399999952], [106.80828410000004, -6.307174099999941], [106.80828380000008, -6.307172899999955], [106.80830120000007, -6.307173499999976], [106.8083, -6.30717], [106.80822, -6.30693], [106.80822, -6.30683], [106.80826, -6.30674], [106.80853, -6.3067], [106.80861, -6.3067], [106.80853, -6.30627], [106.80845, -6.30593], [106.80846, -6.30581], [106.80853, -6.30571], [106.80868, -6.30563], [106.80892, -6.3056], [106.80903, -6.30559], [106.80911, -6.30552], [106.80916, -6.3054], [106.80918, -6.30531], [106.80926, -6.30527], [106.80933090000008, -6.305234599999949], [106.80932550000006, -6.305227699999932], [106.80934, -6.30523], [106.80917, -6.30489], [106.80902, -6.30465], [106.80897, -6.30445], [106.80893, -6.30426], [106.80888750000008, -6.304168299999958], [106.80885230000007, -6.304128], [106.8086, -6.30401], [106.80851, -6.30392], [106.80843, -6.30368], [106.80833, -6.3034], [106.80821, -6.30324], [106.80814, -6.30317], [106.80789, -6.30326], [106.80776, -6.30328], [106.80743, -6.30312], [106.8072, -6.30294], [106.80714420000004, -6.302856299999974], [106.80714, -6.30285], [106.80712, -6.30276], [106.8072, -6.30267], [106.80732, -6.30258], [106.80741, -6.30232], [106.80745, -6.30218], [106.80743, -6.30212], [106.8074, -6.30207], [106.80731, -6.30206], [106.80717, -6.30203], [106.80693, -6.30179], [106.80674, -6.30152], [106.80665, -6.30141], [106.80642, -6.30123], [106.80627, -6.301], [106.80611, -6.3005], [106.80608, -6.3003], [106.80612, -6.30004], [106.80612, -6.29949], [106.80609, -6.29929], [106.80599640000008, -6.299141399999939], [106.80592, -6.29902], [106.80587, -6.29893], [106.80587, -6.29884], [106.80603, -6.29867], [106.80608, -6.29859], [106.80607, -6.29853], [106.80594, -6.29842], [106.80583, -6.29839], [106.80553, -6.29851], [106.80534, -6.29854], [106.80523, -6.29853], [106.80511, -6.29843], [106.80500370000004, -6.298287499999958], [106.80497390000005, -6.298247199999935], [106.80493060000003, -6.298188099999948], [106.80489940000007, -6.298116799999946], [106.80489350000005, -6.298074899999961], [106.80487140000008, -6.298057099999937], [106.80490410000004, -6.297976799999958], [106.80498880000005, -6.297915099999955], [106.80513010000004, -6.297839099999976], [106.80520040000005, -6.297711499999934], [106.80522820000004, -6.297588699999949], [106.805228, -6.29750839999997], [106.805277, -6.297459], [106.80532180000006, -6.297248], [106.80533440000005, -6.297183899999936], [106.80535090000006, -6.297099699999933], [106.80537470000007, -6.296986499999946], [106.80542280000009, -6.296875799999953], [106.805495, -6.296743599999957], [106.80574330000007, -6.296517799999947], [106.80593660000005, -6.296366299999931], [106.806076, -6.29617989999997], [106.80618330000004, -6.296077199999957], [106.80636360000005, -6.296036099999981], [106.80651960000006, -6.296003299999938], [106.80664740000009, -6.295985299999927], [106.80673, -6.2959], [106.80676, -6.29574], [106.80675, -6.29561], [106.80667, -6.29548], [106.8066, -6.29542], [106.80631, -6.29542], [106.80631160000007, -6.295407299999965], [106.80626050000006, -6.295415599999956], [106.80621460000003, -6.295388799999955], [106.80617670000004, -6.295329599999945], [106.80621680000007, -6.295262199999968], [106.80628130000008, -6.29521079999995], [106.80633990000007, -6.295186599999965], [106.80636, -6.29503], [106.80636580000004, -6.294995299999925], [106.80632570000006, -6.294809199999975], [106.80629560000006, -6.294690799999955], [106.80621170000006, -6.294564499999979], [106.80610370000005, -6.294465199999934], [106.80595810000005, -6.294406399999957], [106.80568470000009, -6.294362899999953], [106.80557970000007, -6.294366], [106.80539120000009, -6.29435849999993], [106.80523450000004, -6.294181299999934], [106.805091, -6.293950099999961], [106.80504220000006, -6.293853299999967], [106.80497460000004, -6.293783499999961], [106.80492570000007, -6.293643599999939], [106.80491170000005, -6.293487399999947], [106.80492870000006, -6.293337799999961], [106.80495510000009, -6.293208399999969], [106.80501940000005, -6.293111199999942], [106.80510660000004, -6.293009899999959], [106.80524620000006, -6.292901599999936], [106.80533210000004, -6.292820499999948], [106.80542060000005, -6.292734], [106.80551, -6.29259], [106.80555490000006, -6.292410399999937], [106.80556, -6.29239], [106.80556640000009, -6.292370799999958], [106.80559, -6.2923], [106.8056, -6.29214], [106.8056, -6.29202], [106.80563, -6.29187], [106.80565, -6.29177], [106.80575010000007, -6.291469399999926], [106.80587830000007, -6.29118079999995], [106.80602, -6.29092], [106.80635, -6.29061], [106.80654, -6.29047], [106.80671, -6.29041], [106.80695, -6.29043], [106.80702, -6.29043], [106.80706, -6.29029], [106.80708, -6.29023], [106.80718580000007, -6.290106799999933], [106.80733, -6.29011], [106.80756, -6.29012], [106.8078, -6.29016], [106.80789, -6.29016], [106.80805, -6.29008], [106.80824030000008, -6.289757499999951], [106.80825310000006, -6.289680099999941], [106.80834120000009, -6.289458899999943], [106.80840560000007, -6.289396699999941], [106.80855540000005, -6.289132199999926], [106.80857930000008, -6.289016299999957], [106.80849890000007, -6.288745899999981], [106.80842580000007, -6.288619499999925], [106.80838770000008, -6.288503799999944], [106.808382, -6.288420299999927], [106.80842020000006, -6.288165599999957], [106.808347, -6.288017699999955], [106.80830350000008, -6.287902], [106.80834, -6.28775], [106.80840030000007, -6.287482799999964], [106.80851540000003, -6.287274899999943], [106.80857010000005, -6.287234299999966], [106.80857020000008, -6.287234], [106.80890410000006, -6.286985399999935], [106.80895170000008, -6.286901899999975], [106.80893110000005, -6.286792799999944], [106.80890810000005, -6.286653699999931], [106.80888860000005, -6.286593399999958], [106.80889440000004, -6.28657069999997], [106.80889150000007, -6.286553499999968], [106.80890490000007, -6.286529199999961], [106.80893370000007, -6.286415499999976], [106.80898270000006, -6.286185], [106.80896860000007, -6.285988399999951], [106.80901410000007, -6.285918199999969], [106.80912970000008, -6.285869299999945], [106.80926160000007, -6.285852699999964], [106.80945020000007, -6.28589779999993], [106.80961, -6.28589], [106.80966, -6.28584], [106.80964760000006, -6.285744899999941], [106.80958390000006, -6.285654099999931], [106.80954610000003, -6.285611399999937], [106.80959750000005, -6.285217], [106.80951170000009, -6.284801899999934], [106.80951840000006, -6.284769299999937], [106.80951630000004, -6.284755399999938], [106.80953790000007, -6.28467459999996], [106.80954280000009, -6.284650399999975], [106.80955070000005, -6.284626399999979], [106.80955880000005, -6.284596299999976], [106.80958780000009, -6.284448699999928], [106.80958510000005, -6.284430599999951], [106.80955870000008, -6.284361299999944], [106.80942930000003, -6.28425969999995], [106.80939740000008, -6.28424259999997], [106.809388, -6.284227099999953], [106.80934070000006, -6.28419], [106.80930530000006, -6.284116199999971], [106.80929650000007, -6.284076499999969], [106.80928640000008, -6.284059799999966], [106.80925740000004, -6.283864599999959], [106.80928120000004, -6.283732499999928], [106.809303, -6.283697699999948], [106.80930380000007, -6.28369379999998], [106.80931110000006, -6.283684799999946], [106.80937760000006, -6.283578599999942], [106.80948440000009, -6.283440299999938], [106.80951720000007, -6.283334], [106.80931920000006, -6.283056599999952], [106.80925930000006, -6.282976], [106.809226, -6.282942099999957], [106.80922060000006, -6.282924099999946], [106.809199, -6.282895099999962], [106.80918450000007, -6.282764899999961], [106.80919430000006, -6.282721099999947], [106.80919270000004, -6.282675499999925], [106.80922040000007, -6.282515099999955], [106.80923760000007, -6.282490099999961], [106.80924580000004, -6.282180299999936], [106.80933010000007, -6.282130799999948], [106.80938630000009, -6.282116499999972], [106.80948440000009, -6.281989399999929], [106.80949090000007, -6.281848599999933], [106.80953270000003, -6.281735799999979], [106.80963310000004, -6.281666099999939], [106.80962860000005, -6.281662799999935], [106.80965910000003, -6.281640299999935], [106.80988340000005, -6.28140019999995], [106.81015, -6.28121], [106.81035, -6.28096], [106.81038, -6.28087], [106.81064, -6.27984], [106.8107, -6.27969], [106.81081, -6.27957], [106.81094, -6.27941], [106.81117, -6.2792], [106.81128, -6.27917], [106.81144, -6.27917], [106.81164550000005, -6.279212099999938], [106.811756, -6.279246699999931], [106.81187160000007, -6.279214], [106.81188630000008, -6.279193199999952], [106.81193060000004, -6.279130299999963], [106.811981, -6.278917299999932], [106.81208240000007, -6.278663699999981], [106.81209070000006, -6.278636099999972], [106.81209420000005, -6.278624199999967]]] 
      }
    },
    {
      "type": "Feature",
      "properties": {
        "district_id": "3171040",
        "province": "DKI Jakarta",
        "regency": "Jakarta Selatan",
        "district": "Pesanggrahan",
        "pria": 0,
        "wanita": 0,
        "total_penduduk": 0
      },
      "geometry": {
        "type": "Polygon",
        "coordinates": [[[106.76759780000003, -6.25417479999993], [106.76760660000008, -6.254170399999964], [106.76760690000003, -6.254170299999942], [106.76762, -6.25403], [106.76783, -6.25357], [106.76797, -6.2532], [106.76798550000007, -6.253060199999936], [106.76795270000008, -6.252989599999978], [106.76790930000004, -6.252932099999953], [106.76785810000007, -6.252905399999975], [106.76770260000006, -6.25292], [106.76753340000005, -6.252929499999937], [106.76753, -6.25293], [106.767529, -6.252929799999947], [106.76738390000008, -6.252937899999949], [106.76726740000004, -6.252873699999952], [106.76723260000006, -6.252854499999955], [106.76699770000005, -6.25282169999997], [106.76699430000008, -6.252823099999944], [106.76684790000007, -6.252884799999947], [106.76681090000005, -6.252964], [106.76679710000008, -6.253034499999956], [106.76679740000009, -6.253141299999925], [106.76678150000004, -6.253376399999979], [106.76661, -6.25359], [106.76646, -6.2537], [106.76631230000004, -6.253545799999927], [106.76609280000008, -6.253110099999958], [106.766025, -6.25289209999994], [106.76597390000006, -6.252674099999979], [106.76598980000006, -6.252422199999955], [106.76595550000008, -6.252204099999972], [106.76600480000008, -6.251885], [106.76600410000009, -6.251686799999959], [106.76600620000005, -6.251679199999955], [106.76607360000008, -6.25142349999993], [106.76617330000005, -6.251389899999936], [106.76627870000004, -6.251384], [106.766517, -6.251311], [106.76682720000008, -6.251215599999966], [106.76696570000007, -6.251159599999937], [106.76711520000003, -6.251087], [106.767259, -6.250953299999935], [106.767375, -6.250819699999965], [106.76749080000008, -6.250602899999933], [106.76751250000007, -6.250502899999958], [106.76753460000003, -6.250506799999926], [106.76753480000008, -6.250506], [106.76751290000004, -6.250502399999959], [106.76755250000008, -6.250395799999978], [106.76759050000004, -6.250159399999973], [106.76755240000006, -6.249880599999926], [106.76751, -6.24981], [106.76739, -6.24973], [106.76734750000008, -6.249702399999933], [106.76729610000007, -6.24967689999994], [106.76726750000006, -6.24965039999995], [106.76719, -6.2496], [106.76684, -6.24926], [106.76655, -6.24877], [106.76655, -6.2487], [106.76654, -6.2485], [106.7666, -6.24826], [106.76668, -6.24816], [106.76692, -6.24792], [106.76723, -6.24756], [106.76750760000004, -6.247231399999976], [106.767721, -6.247213599999952], [106.76791770000005, -6.247298399999977], [106.76822, -6.24754], [106.76835, -6.24756], [106.76837910000006, -6.247365199999933], [106.76837160000008, -6.24734239999998], [106.76829280000004, -6.247100599999953], [106.76830410000008, -6.246995799999979], [106.76828830000005, -6.246942499999932], [106.76831530000004, -6.246742599999948], [106.76835930000004, -6.246609299999932], [106.76845, -6.24652], [106.76858, -6.24637], [106.7687, -6.2463], [106.76896, -6.24626], [106.76916, -6.2462], [106.7693, -6.24609], [106.76931, -6.24603], [106.76927, -6.24592], [106.76917, -6.24584], [106.76897, -6.24565], [106.76882, -6.2455], [106.76820840000005, -6.244844899999975], [106.76817490000008, -6.244793299999969], [106.76815340000007, -6.244767299999978], [106.76814860000007, -6.24475259999997], [106.76813110000006, -6.244725499999959], [106.76812720000004, -6.244686899999977], [106.76810460000007, -6.244460699999934], [106.76812130000008, -6.244358499999976], [106.76817990000006, -6.243999], [106.76819660000007, -6.243932799999925], [106.76826420000003, -6.243665499999963], [106.76826230000006, -6.243652499999939], [106.76825880000007, -6.243628499999943], [106.76825210000004, -6.243583099999967], [106.76822920000006, -6.243426299999953], [106.76811770000006, -6.243264299999964], [106.76793770000006, -6.243059799999969], [106.76787470000005, -6.242957199999978], [106.76776, -6.24277], [106.76738, -6.24236], [106.76727, -6.24232], [106.76704, -6.2423], [106.76685, -6.2423], [106.76677, -6.24227], [106.76601, -6.24197], [106.76574, -6.24184], [106.76565, -6.24171], [106.76558, -6.24156], [106.76556, -6.24138], [106.7656, -6.24114], [106.76568, -6.24091], [106.76577, -6.2408], [106.76587, -6.24067], [106.76587, -6.24058], [106.76582, -6.24035], [106.76579, -6.2401], [106.76582, -6.23993], [106.7659, -6.23982], [106.76601, -6.23977], [106.76612460000007, -6.239724699999954], [106.76627, -6.23979259999993], [106.76631330000004, -6.239971899999944], [106.76637, -6.24011], [106.76643, -6.24008], [106.76652, -6.23999], [106.7666, -6.23983], [106.76658, -6.23973], [106.7665, -6.2396], [106.76633, -6.23942], [106.76597, -6.23909], [106.76583150000005, -6.238879699999927], [106.76587370000004, -6.238742799999955], [106.76599430000005, -6.238575699999956], [106.76600970000004, -6.238554399999941], [106.7661, -6.23842], [106.7661, -6.23833], [106.76604, -6.23825], [106.76593, -6.23818], [106.76582, -6.23816], [106.7657, -6.23818], [106.76562, -6.23827], [106.76558490000008, -6.238346499999977], [106.76558, -6.23842], [106.76552, -6.23864], [106.76541, -6.23885], [106.76531, -6.23892], [106.76516, -6.23897], [106.76492, -6.23898], [106.76471, -6.23893], [106.76462, -6.23887], [106.76456, -6.23875], [106.76454, -6.23861], [106.76451, -6.23806], [106.76438360000009, -6.237755399999969], [106.76439170000003, -6.237690899999961], [106.76439970000007, -6.237627099999941], [106.76442420000006, -6.237519499999962], [106.76450230000006, -6.237399299999936], [106.76456810000008, -6.23729979999996], [106.76469570000006, -6.237129799999934], [106.764852, -6.236918299999957], [106.76489910000004, -6.236857399999963], [106.76494480000008, -6.236746299999936], [106.765039, -6.236676699999975], [106.76504130000006, -6.236673599999961], [106.76504310000007, -6.236673599999961], [106.76507260000005, -6.23665189999997], [106.76526050000007, -6.236676899999964], [106.76526750000005, -6.236678899999959], [106.76549980000004, -6.236744399999964], [106.76566560000003, -6.236743899999965], [106.76572490000007, -6.236743699999977], [106.766025, -6.236657899999955], [106.76604160000005, -6.236658399999953], [106.76604610000004, -6.236657199999968], [106.76644740000006, -6.236647299999959], [106.76689, -6.2367], [106.76701, -6.23658], [106.76704940000008, -6.236455899999953], [106.76711090000003, -6.236302699999953], [106.76710230000003, -6.236207599999943], [106.76714230000005, -6.235810399999934], [106.76713650000005, -6.235740799999974], [106.76712510000004, -6.235603599999934], [106.76714530000004, -6.235458799999947], [106.76719, -6.23517], [106.76715, -6.23491], [106.76709, -6.23479], [106.76703, -6.23468], [106.76665, -6.23414], [106.76646, -6.23393], [106.76632130000007, -6.233778099999938], [106.76621180000006, -6.233689499999969], [106.76612790000007, -6.233686399999954], [106.76604670000006, -6.233790399999975], [106.76588850000007, -6.233992599999965], [106.76567410000007, -6.234295399999951], [106.765654, -6.234342699999956], [106.76556540000007, -6.234509599999967], [106.76556160000007, -6.234516799999938], [106.76553860000007, -6.234570699999949], [106.76523, -6.23489], [106.76505, -6.23498], [106.76487, -6.23505], [106.76479, -6.23507], [106.76468, -6.23504], [106.7646, -6.23495], [106.76446, -6.23444], [106.76441, -6.23426], [106.76428, -6.23386], [106.76412, -6.2334], [106.76407, -6.23322], [106.76437, -6.23281], [106.76456, -6.2324], [106.764627, -6.232302699999934], [106.76462370000007, -6.23230209999997], [106.76463220000005, -6.232295199999953], [106.76467350000007, -6.232235199999934], [106.76495540000008, -6.232030599999973], [106.76509770000007, -6.231914099999926], [106.76522640000007, -6.23173289999994], [106.76532070000007, -6.231455299999936], [106.76532, -6.23123], [106.76540910000006, -6.231170099999929], [106.76542990000007, -6.231147399999941], [106.76558830000005, -6.231132699999932], [106.76560740000008, -6.231144799999981], [106.765656, -6.231175899999926], [106.76576360000007, -6.231131599999969], [106.76578620000004, -6.231122299999981], [106.76581680000004, -6.231127199999946], [106.76595860000003, -6.231115199999977], [106.76602250000008, -6.231082899999933], [106.76605270000005, -6.230983], [106.766067, -6.230956099999958], [106.766098, -6.230854799999975], [106.76591, -6.23035], [106.76588, -6.23028], [106.76564, -6.22978], [106.76552, -6.22961], [106.76541, -6.22954], [106.76512540000004, -6.229473599999949], [106.76493870000007, -6.22947419999997], [106.76488120000005, -6.229472499999929], [106.76482720000007, -6.229493599999955], [106.764801, -6.229500299999927], [106.76468160000007, -6.229543399999955], [106.764656, -6.229560599999957], [106.76461310000008, -6.229577399999926], [106.7641, -6.2301], [106.76399170000008, -6.230186], [106.76395060000004, -6.230097], [106.76393070000006, -6.230047599999978], [106.76389560000007, -6.229932899999937], [106.76389560000007, -6.229924899999958], [106.76391240000004, -6.229755799999964], [106.763932, -6.229679399999952], [106.76395590000004, -6.229597099999978], [106.76408290000006, -6.229254899999944], [106.76412890000006, -6.229201899999964], [106.76421330000005, -6.229128199999934], [106.76433460000004, -6.229153799999949], [106.76439560000006, -6.229266199999927], [106.76444850000007, -6.229273899999953], [106.76456, -6.22929], [106.76468, -6.22924], [106.76504560000006, -6.22857659999994], [106.76501920000004, -6.228354499999966], [106.76501010000004, -6.228331299999979], [106.76500720000007, -6.228302399999961], [106.76496320000007, -6.228211199999976], [106.76491580000004, -6.228089899999929], [106.764847, -6.227944899999954], [106.76470130000007, -6.227774499999953], [106.76453130000004, -6.227701099999933], [106.76451160000005, -6.227688799999953], [106.76450460000007, -6.227689699999928], [106.76432530000005, -6.227698799999928], [106.76419, -6.22769], [106.76412040000008, -6.227610399999946], [106.76412, -6.227609799999925], [106.76412, -6.22754], [106.76423, -6.2274], [106.76423260000007, -6.227395299999955], [106.76425750000004, -6.227364199999954], [106.76428430000004, -6.227299899999934], [106.76430820000007, -6.227256], [106.76442, -6.22705], [106.76451, -6.2269], [106.76461220000004, -6.226827899999932], [106.764659, -6.226801299999977], [106.76474780000007, -6.226759099999981], [106.76481, -6.22674], [106.76488690000008, -6.226730399999951], [106.76496560000004, -6.226730099999941], [106.76509730000004, -6.226791099999957], [106.76521140000006, -6.22684339999995], [106.76521150000008, -6.226841199999967], [106.76524850000004, -6.226870599999927], [106.76526420000005, -6.226895799999966], [106.76541370000007, -6.227026899999942], [106.76562040000005, -6.227084099999956], [106.76563310000006, -6.227087599999948], [106.76564160000004, -6.227091799999926], [106.76571540000003, -6.22712839999997], [106.765756, -6.227148599999964], [106.76592250000004, -6.227139299999976], [106.76608010000007, -6.227068599999939], [106.76615890000005, -6.226991899999973], [106.76614990000007, -6.226872299999968], [106.76608990000005, -6.226795599999946], [106.76614930000005, -6.226667299999974], [106.76613, -6.22626], [106.76614, -6.22607], [106.76617, -6.22601], [106.76632, -6.22596], [106.76662, -6.22588], [106.76677, -6.22579], [106.76694, -6.22558], [106.76703, -6.22541], [106.76704, -6.2253], [106.76699, -6.22518], [106.76698910000005, -6.225177799999926], [106.76673150000005, -6.224900299999945], [106.76657120000004, -6.224749599999939], [106.76644150000004, -6.22454879999998], [106.76632710000007, -6.224338499999931], [106.76624320000008, -6.224180699999977], [106.76612870000008, -6.22403769999994], [106.76580070000006, -6.223673799999972], [106.76563280000005, -6.223330099999941], [106.76555, -6.222980799999959], [106.76550050000009, -6.222982399999978], [106.76494720000005, -6.223052299999949], [106.76427990000008, -6.223136699999941], [106.76425190000003, -6.223140299999955], [106.76327530000003, -6.223085], [106.76250760000005, -6.223135799999966], [106.76250380000005, -6.223136], [106.76249710000008, -6.22313639999993], [106.76208510000004, -6.223147899999958], [106.76190470000006, -6.223138799999958], [106.76190290000005, -6.223138699999936], [106.76189230000006, -6.223138099999971], [106.76177190000004, -6.223132], [106.76161450000006, -6.22312409999995], [106.76160660000005, -6.223123699999974], [106.76160450000003, -6.223123599999951], [106.76160390000007, -6.223123599999951], [106.76159780000006, -6.223123899999962], [106.76158930000008, -6.223124399999961], [106.76151290000007, -6.22312839999995], [106.76130660000007, -6.223139199999935], [106.76130590000008, -6.223139199999935], [106.76094080000007, -6.223158399999932], [106.76083180000006, -6.223156], [106.76083, -6.223155899999938], [106.76037790000004, -6.223144499999933], [106.76036260000006, -6.223144499999933], [106.76032830000008, -6.223144499999933], [106.76028630000008, -6.223144499999933], [106.76026340000004, -6.223144499999933], [106.76021050000008, -6.223138899999981], [106.76021, -6.223138799999958], [106.76014140000007, -6.223146399999962], [106.76014080000004, -6.223146399999962], [106.76014430000004, -6.223143099999959], [106.75952170000005, -6.223135], [106.75928960000005, -6.223115399999926], [106.75898730000006, -6.223089799999968], [106.75898690000008, -6.223088599999926], [106.75892450000003, -6.223085399999945], [106.75892250000004, -6.22308529999998], [106.75886730000008, -6.223081599999944], [106.75881390000006, -6.223079699999971], [106.75881370000008, -6.223079699999971], [106.75866510000009, -6.223100699999975], [106.75858120000004, -6.22311209999998], [106.75855860000007, -6.223115099999973], [106.758507, -6.223122299999943], [106.75833830000005, -6.223145899999963], [106.75833720000008, -6.223145], [106.75832940000004, -6.223139099999969], [106.75832690000004, -6.22313719999994], [106.758207, -6.223046799999963], [106.75810810000007, -6.223045299999967], [106.75810660000008, -6.223045299999967], [106.75791390000006, -6.22304239999994], [106.75785260000004, -6.223041499999965], [106.75766160000006, -6.222975099999928], [106.75755120000008, -6.222936599999969], [106.75748230000005, -6.222934199999941], [106.75738790000008, -6.222930899999938], [106.75738540000003, -6.222931099999926], [106.757361, -6.222932899999932], [106.75736090000004, -6.222932899999932], [106.757295, -6.222934499999951], [106.75729180000008, -6.222934699999939], [106.75720020000006, -6.222942399999965], [106.75713660000008, -6.22294729999993], [106.75700520000004, -6.22295859999997], [106.75688030000003, -6.222967599999947], [106.75672720000006, -6.222978599999976], [106.75672710000003, -6.222978599999976], [106.75672640000005, -6.222978699999942], [106.75614190000005, -6.222972199999958], [106.75586890000005, -6.222969099999943], [106.75553320000006, -6.222967099999948], [106.75539210000005, -6.222965199999976], [106.75519750000007, -6.222963299999947], [106.75506780000006, -6.222961399999974], [106.75483890000004, -6.222959499999945], [106.75467490000005, -6.222957599999972], [106.75467330000004, -6.222957599999972], [106.75420570000006, -6.222953799999971], [106.75418280000008, -6.222932799999967], [106.75392850000009, -6.222951599999931], [106.75353430000007, -6.22294809999994], [106.75308420000005, -6.222944299999938], [106.75308140000004, -6.222944199999972], [106.75279650000004, -6.222941099999957], [106.752039, -6.222932799999967], [106.75196270000004, -6.222932799999967], [106.751482, -6.222929], [106.75122640000006, -6.22291759999996], [106.75074580000006, -6.222898499999928], [106.75073430000003, -6.222898499999928], [106.75070080000006, -6.222902199999965], [106.75070080000006, -6.222849499999938], [106.75070110000007, -6.222659199999953], [106.75046110000005, -6.222650699999974], [106.750461, -6.222650699999974], [106.750244, -6.222656099999938], [106.75024350000007, -6.222660799999971], [106.75024310000003, -6.22266419999994], [106.74969290000007, -6.222719199999972], [106.74949460000005, -6.22274589999995], [106.749052, -6.222805], [106.749052, -6.223068199999943], [106.74905070000005, -6.223068399999931], [106.74902920000005, -6.223070099999973], [106.74825480000004, -6.223148299999934], [106.74740790000004, -6.223003399999925], [106.74739270000003, -6.223003399999925], [106.74739270000003, -6.22302609999997], [106.74739190000008, -6.223026], [106.74731240000006, -6.223014599999942], [106.74722580000008, -6.223025299999961], [106.74668290000005, -6.223092599999973], [106.74570870000008, -6.223213299999941], [106.74505220000009, -6.22329469999994], [106.74497030000003, -6.223304799999937], [106.74481350000008, -6.223222399999941], [106.74440540000006, -6.223007899999971], [106.74397010000007, -6.223080099999947], [106.743708, -6.223123499999929], [106.74252320000005, -6.223266199999955], [106.74185050000006, -6.223322799999949], [106.74062820000006, -6.223425499999962], [106.74034380000006, -6.223449399999936], [106.73868660000005, -6.223588599999971], [106.73780050000005, -6.223663099999953], [106.73752130000008, -6.223686499999928], [106.73741330000007, -6.223606], [106.73741030000008, -6.22360649999996], [106.73737220000004, -6.223613199999932], [106.73731550000008, -6.223623099999941], [106.73731640000005, -6.223627299999976], [106.73735610000006, -6.22380789999994], [106.73761120000006, -6.224970199999973], [106.73763890000004, -6.225084799999934], [106.73766750000004, -6.225128499999926], [106.73767890000005, -6.225187799999958], [106.73777880000006, -6.225320299999964], [106.73897270000003, -6.225249899999937], [106.73962760000006, -6.225279], [106.73962280000006, -6.225438499999939], [106.73961350000008, -6.225902499999961], [106.73965620000007, -6.225933199999929], [106.739702, -6.225966099999937], [106.73967210000006, -6.226077499999974], [106.740303, -6.22610409999993], [106.74031510000003, -6.226198199999942], [106.74029970000004, -6.226198299999965], [106.74031290000005, -6.226271399999973], [106.74031330000008, -6.22640789999997], [106.74027680000006, -6.226893799999971], [106.74024050000008, -6.227467099999956], [106.74024760000009, -6.227467399999966], [106.74031770000005, -6.227469599999949], [106.74030740000006, -6.227635599999928], [106.74143560000005, -6.227731499999948], [106.74269430000004, -6.22719619999998], [106.74276890000004, -6.227231399999937], [106.74275990000007, -6.227269199999967], [106.74278280000004, -6.22727539999994], [106.74285150000009, -6.227306899999974], [106.743211, -6.22746589999997], [106.74325730000004, -6.22757729999995], [106.74321530000009, -6.228063199999951], [106.74313770000003, -6.228522], [106.74318440000008, -6.22861469999998], [106.74319810000009, -6.228641899999957], [106.74321380000004, -6.228642499999978], [106.74336310000007, -6.228820499999927], [106.744159, -6.22875149999993], [106.744337, -6.228910799999937], [106.74433910000005, -6.228959699999962], [106.74433520000008, -6.228958199999965], [106.74430180000007, -6.229173199999934], [106.74403860000007, -6.229583499999933], [106.74405050000007, -6.229587599999945], [106.74417020000004, -6.229628699999978], [106.74389930000007, -6.230478499999947], [106.74538780000006, -6.230721699999947], [106.74537640000005, -6.23083459999998], [106.74532870000007, -6.231271399999969], [106.74529410000008, -6.231459799999925], [106.74526440000005, -6.231621], [106.74519910000004, -6.231654], [106.74497040000006, -6.231763899999976], [106.74475270000005, -6.231917499999952], [106.74455640000008, -6.231950899999958], [106.74448470000004, -6.232000699999958], [106.74439860000007, -6.232060599999954], [106.74442930000004, -6.232289699999967], [106.74443890000003, -6.232313], [106.74443620000005, -6.232335699999965], [106.74446460000007, -6.232375099999956], [106.74447880000008, -6.232409699999948], [106.74457780000006, -6.232644099999959], [106.74465530000003, -6.23300409999996], [106.74465540000006, -6.233012199999962], [106.74466270000005, -6.233577199999957], [106.74460640000007, -6.233866699999965], [106.74457590000009, -6.233940899999936], [106.74448730000006, -6.234156399999961], [106.74429770000006, -6.234539199999972], [106.74410980000005, -6.235385099999974], [106.74391940000004, -6.236242299999958], [106.74403390000003, -6.23625329999993], [106.74403330000007, -6.236255699999958], [106.74406150000004, -6.236257799999976], [106.74402350000008, -6.236472399999968], [106.74501390000006, -6.236516299999948], [106.74610790000008, -6.236313499999937], [106.74681910000004, -6.236373], [106.74687110000008, -6.236377399999981], [106.74688510000004, -6.236378699999932], [106.746999, -6.236389599999939], [106.74701710000005, -6.23645259999995], [106.74740620000006, -6.238025199999981], [106.74753590000006, -6.238563099999965], [106.747864, -6.239277399999935], [106.74810810000008, -6.239732299999957], [106.74822250000005, -6.239913499999943], [106.74845910000005, -6.240353599999935], [106.74847430000005, -6.240399899999943], [106.74853530000007, -6.240535299999976], [106.74858880000005, -6.240682599999957], [106.74861160000006, -6.240953899999965], [106.74839640000005, -6.241280399999937], [106.748332, -6.241395399999931], [106.74823740000005, -6.241460699999948], [106.74799340000004, -6.241606199999978], [106.74774970000004, -6.241806699999927], [106.74764030000006, -6.241921899999966], [106.74754590000003, -6.242027099999973], [106.74746070000003, -6.242238599999951], [106.74742710000004, -6.242322], [106.74727310000009, -6.242507199999977], [106.74715920000006, -6.242782199999965], [106.74711540000004, -6.243111799999951], [106.747045, -6.243364699999972], [106.74700190000004, -6.243486599999926], [106.74699270000008, -6.243711299999973], [106.74699850000007, -6.243950899999959], [106.74695, -6.244360399999948], [106.74691790000008, -6.244621799999948], [106.74684930000006, -6.244831099999942], [106.74681950000007, -6.245029399999964], [106.74681870000006, -6.245034699999962], [106.74681390000006, -6.245267699999943], [106.74681110000006, -6.245399], [106.746811, -6.245400299999972], [106.74680350000006, -6.245541599999967], [106.74675010000004, -6.246213399999931], [106.74667320000003, -6.246667699999932], [106.74667940000006, -6.247205199999939], [106.74678090000003, -6.247286799999927], [106.74698920000009, -6.247688099999948], [106.74706270000007, -6.247834], [106.74708780000009, -6.247972299999958], [106.74717250000003, -6.248293399999966], [106.74716840000008, -6.248543099999949], [106.74717960000004, -6.248587199999974], [106.74723590000008, -6.248661899999945], [106.74724830000008, -6.248747099999946], [106.74724790000005, -6.248748], [106.74731390000005, -6.248797199999956], [106.74751380000004, -6.248901299999943], [106.74779860000007, -6.249030199999936], [106.74780060000006, -6.249032], [106.74796870000006, -6.249179399999946], [106.74813410000007, -6.24943339999993], [106.74815340000004, -6.249611899999934], [106.74815390000003, -6.249616199999934], [106.74813860000006, -6.249805499999979], [106.74811370000003, -6.249899099999936], [106.74808610000008, -6.250002699999925], [106.74806650000005, -6.250087599999972], [106.74819120000006, -6.250097199999971], [106.748296, -6.25009689999996], [106.74860030000008, -6.250085899999931], [106.74879480000004, -6.250080199999957], [106.74897440000007, -6.25008459999998], [106.749114, -6.25006419999994], [106.74997210000004, -6.250051299999939], [106.75009680000005, -6.25005589999995], [106.750461, -6.250049699999977], [106.75088520000008, -6.250038699999948], [106.75112440000004, -6.250032499999975], [106.75130380000007, -6.249987], [106.75160320000003, -6.249986], [106.75178730000005, -6.249973599999976], [106.75178620000008, -6.25002539999997], [106.75180370000004, -6.250582799999961], [106.75179290000005, -6.250737599999979], [106.75178120000004, -6.250904799999944], [106.75182970000009, -6.251037699999927], [106.75195260000004, -6.251110899999958], [106.75218540000009, -6.251073299999973], [106.75227190000004, -6.251192099999969], [106.75227230000007, -6.251309], [106.75222760000008, -6.251553699999931], [106.75217760000004, -6.251828], [106.75217630000009, -6.251834799999926], [106.75213560000009, -6.252057799999932], [106.752119, -6.25228409999994], [106.75244560000004, -6.252276499999937], [106.75255370000008, -6.252273899999977], [106.75279740000008, -6.252334], [106.75295470000003, -6.252551], [106.75305960000009, -6.252733399999954], [106.75315570000004, -6.252872299999979], [106.75347640000007, -6.253069], [106.75349080000007, -6.253066699999977], [106.75350270000007, -6.253074899999945], [106.75356390000007, -6.253125599999976], [106.753609, -6.253163], [106.75366430000008, -6.253214899999932], [106.75383740000007, -6.253347799999972], [106.753877, -6.253457599999933], [106.75398020000006, -6.253810599999952], [106.75409860000008, -6.254030099999966], [106.75424010000006, -6.254116], [106.75423790000008, -6.254142399999978], [106.75417970000007, -6.254822899999965], [106.75417320000008, -6.255231199999969], [106.75400880000007, -6.255326], [106.75393060000005, -6.255428299999949], [106.75444880000003, -6.255513], [106.75464510000006, -6.255559399999981], [106.75467690000005, -6.255677099999957], [106.75470870000004, -6.255794799999933], [106.75441840000008, -6.25581139999997], [106.75427980000006, -6.255814799999939], [106.75396340000009, -6.255822399999943], [106.75366520000006, -6.255829699999936], [106.75357150000008, -6.25596349999995], [106.75351680000006, -6.25605], [106.75351690000008, -6.256062499999928], [106.75351790000008, -6.256185], [106.753518, -6.256185099999925], [106.75351740000008, -6.256185099999925], [106.75357550000007, -6.256367], [106.75369370000004, -6.256623599999955], [106.75367680000005, -6.256618599999968], [106.75375350000007, -6.256753899999978], [106.75375460000004, -6.256755899999973], [106.75389640000009, -6.256928199999948], [106.75403750000004, -6.25707639999996], [106.75411250000008, -6.257284299999981], [106.754232, -6.257462399999952], [106.75425380000007, -6.257494899999926], [106.75427440000004, -6.257525599999951], [106.75441130000007, -6.257729499999925], [106.75447750000006, -6.258449799999937], [106.75443360000008, -6.259072699999933], [106.75437440000007, -6.259840699999927], [106.75437390000008, -6.259847], [106.75278010000005, -6.259826299999929], [106.75269040000006, -6.259810899999934], [106.75268950000009, -6.259809599999926], [106.75268780000005, -6.259810499999958], [106.75267760000008, -6.259808699999951], [106.75257230000005, -6.259790599999974], [106.75235950000007, -6.259796499999936], [106.75220890000008, -6.25989919999995], [106.75218340000004, -6.25991659999994], [106.75195580000008, -6.260156299999949], [106.75173970000009, -6.260342599999944], [106.75157180000008, -6.260545299999933], [106.75151450000004, -6.260621599999979], [106.75139640000003, -6.260778899999934], [106.75132770000005, -6.261066899999946], [106.75138880000009, -6.261102199999925], [106.75151080000006, -6.261232899999925], [106.75147270000008, -6.261469799999929], [106.75143450000007, -6.261684399999979], [106.751465, -6.261748799999964], [106.75157950000005, -6.261788899999942], [106.751877, -6.261874199999966], [106.75203720000007, -6.261923299999978], [106.75217460000005, -6.261966299999926], [106.75227380000007, -6.261993399999938], [106.75278490000005, -6.262136], [106.75293310000006, -6.262137499999938], [106.75305260000005, -6.262163], [106.75339550000007, -6.262229399999967], [106.75364470000005, -6.262228599999958], [106.75382090000005, -6.262155299999961], [106.75398160000009, -6.262082], [106.754277, -6.26192], [106.75437570000008, -6.261956], [106.75447960000008, -6.261966099999938], [106.75461980000006, -6.26196559999994], [106.75505580000004, -6.261969299999976], [106.75531530000006, -6.261926899999935], [106.75548640000005, -6.261869199999978], [106.75562120000006, -6.261806399999955], [106.755842, -6.261716199999967], [106.75586480000004, -6.261706899999979], [106.75608760000006, -6.261565899999937], [106.75631050000004, -6.261482], [106.75631280000005, -6.261501], [106.756325, -6.2616], [106.75646970000008, -6.262258499999973], [106.75648520000004, -6.262328699999955], [106.75652330000008, -6.262475], [106.75629450000008, -6.262526], [106.75601980000005, -6.262558899999931], [106.75584430000004, -6.26257709999993], [106.755646, -6.262661], [106.75553920000004, -6.262784], [106.75547050000006, -6.262910399999953], [106.75534080000006, -6.262999499999978], [106.754944, -6.263455], [106.75474880000007, -6.263575299999957], [106.75397250000009, -6.26336], [106.75396460000007, -6.263354299999946], [106.75353450000006, -6.263288099999954], [106.75389520000004, -6.263990299999932], [106.75365890000006, -6.26418289999998], [106.75345630000004, -6.264288399999941], [106.75310540000004, -6.264322799999945], [106.75293750000009, -6.26434949999998], [106.75273920000006, -6.264430499999946], [106.75252550000005, -6.26458219999995], [106.75245750000005, -6.264694599999928], [106.75242630000008, -6.264917799999978], [106.75246450000009, -6.265057099999979], [106.75264760000005, -6.265389899999946], [106.75270860000006, -6.265519], [106.75273950000008, -6.265709099999981], [106.75267510000003, -6.265864299999976], [106.75261080000007, -6.266115499999955], [106.75251080000004, -6.266272699999945], [106.75250610000006, -6.266275499999949], [106.75250450000004, -6.266278], [106.75249810000008, -6.266288299999928], [106.75267190000005, -6.266387499999951], [106.75260590000005, -6.266645099999948], [106.75261490000008, -6.266971299999966], [106.75261080000007, -6.266981199999975], [106.75261050000006, -6.266985599999941], [106.752585, -6.267381199999932], [106.75265580000007, -6.267726799999934], [106.752527, -6.26782929999996], [106.75237250000004, -6.268011699999931], [106.75226630000009, -6.268341299999975], [106.75296810000003, -6.269010199999968], [106.75301320000005, -6.269032599999946], [106.75301420000005, -6.269033899999954], [106.75293250000004, -6.269135199999937], [106.75266630000004, -6.269410599999958], [106.75227040000004, -6.26982019999997], [106.75222030000003, -6.26987029999998], [106.75196860000005, -6.270126299999959], [106.751816, -6.270287499999938], [106.75128960000006, -6.270830199999978], [106.75077840000006, -6.271350899999959], [106.75077880000003, -6.27135119999997], [106.75056, -6.27157], [106.7503, -6.27184], [106.75029880000005, -6.271841199999926], [106.75030830000009, -6.271850299999926], [106.75030240000007, -6.271856399999933], [106.75061910000005, -6.272164299999929], [106.75070220000003, -6.272319099999947], [106.75073420000007, -6.272392799999977], [106.75113570000008, -6.272364099999947], [106.75148590000003, -6.27276779999994], [106.75149380000005, -6.272777399999939], [106.75149570000008, -6.272801], [106.75149560000006, -6.272806199999934], [106.75157180000008, -6.274201399999981], [106.75158710000005, -6.274566199999981], [106.75205250000005, -6.274558099999979], [106.75293750000009, -6.274499399999968], [106.75310540000004, -6.274488899999938], [106.75323510000004, -6.27448279999993], [106.75389880000006, -6.27447849999993], [106.75431080000004, -6.274480799999935], [106.75456260000004, -6.274468399999932], [106.75490590000004, -6.274443199999951], [106.75508140000005, -6.274438399999951], [106.75514240000007, -6.274430299999949], [106.75585960000006, -6.274357299999963], [106.75630970000009, -6.274365], [106.75648520000004, -6.274385], [106.756592, -6.27438589999997], [106.75671410000007, -6.274380199999939], [106.75686620000005, -6.274262199999953], [106.75696380000005, -6.274247399999979], [106.75713760000008, -6.274891099999934], [106.757183, -6.275782], [106.75715660000009, -6.275848399999973], [106.75715660000009, -6.276075399999968], [106.757198, -6.276273899999978], [106.75719040000007, -6.277839799999981], [106.75721810000005, -6.277843], [106.75829240000007, -6.277965], [106.75979520000004, -6.278160299999968], [106.76033810000007, -6.277915199999939], [106.76063830000004, -6.277868199999943], [106.76171120000004, -6.277824599999974], [106.76189610000006, -6.277838799999927], [106.76218760000006, -6.277861], [106.76221250000003, -6.277862899999946], [106.76218040000003, -6.278039099999944], [106.762108, -6.278606899999943], [106.76210040000007, -6.278677499999958], [106.76205250000004, -6.278971599999977], [106.76199360000004, -6.279332699999941], [106.76197830000007, -6.279424199999937], [106.76188680000007, -6.279848099999981], [106.76186780000006, -6.279981199999952], [106.76185630000003, -6.280061699999976], [106.76184860000006, -6.280115599999931], [106.76181050000008, -6.280277299999966], [106.76165040000006, -6.281068299999959], [106.76155320000004, -6.281427599999972], [106.76125780000007, -6.282520099999942], [106.76115260000006, -6.282909299999972], [106.761111, -6.283032], [106.761106, -6.283047699999941], [106.76095150000003, -6.283536899999945], [106.76080810000008, -6.283990899999935], [106.76070830000003, -6.284307099999978], [106.76063690000007, -6.284618599999931], [106.76052520000007, -6.285105699999974], [106.760488, -6.285198699999967], [106.76043820000007, -6.285322899999926], [106.76021220000007, -6.286098299999935], [106.76020850000003, -6.286108599999977], [106.76010290000005, -6.286402599999974], [106.76010980000007, -6.28640489999998], [106.76025150000004, -6.286453199999926], [106.76025460000005, -6.286442799999975], [106.76164110000008, -6.286815599999954], [106.76174310000005, -6.286591], [106.76184910000006, -6.286596199999963], [106.76184790000008, -6.286600499999963], [106.76235660000003, -6.286643799999979], [106.762339, -6.286918699999944], [106.76293350000009, -6.286850799999968], [106.76295090000008, -6.286871899999937], [106.76305240000005, -6.287882799999977], [106.76305880000007, -6.288121399999966], [106.76305430000008, -6.288145799999938], [106.76306860000005, -6.288749399999972], [106.763451, -6.288766899999928], [106.76345820000006, -6.288764299999968], [106.76345930000008, -6.288763899999935], [106.76591060000004, -6.288837099999967], [106.76595760000004, -6.288954099999955], [106.76597530000004, -6.28925229999993], [106.76597980000008, -6.289523899999949], [106.76636240000005, -6.289523899999949], [106.76654210000004, -6.290288399999952], [106.76652830000006, -6.290122599999961], [106.76651780000009, -6.289996199999962], [106.76647210000004, -6.289530799999966], [106.76645680000007, -6.289404399999967], [106.76631180000004, -6.289289499999938], [106.76618980000006, -6.289211799999975], [106.76611350000007, -6.289111199999979], [106.76609060000004, -6.289022], [106.76612870000008, -6.288950499999942], [106.76620920000005, -6.288898], [106.766276, -6.288875499999961], [106.76648730000005, -6.288847499999974], [106.76665520000006, -6.288830299999972], [106.767174, -6.288600899999949], [106.76727310000007, -6.288535099999933], [106.76729830000005, -6.288489499999969], [106.76731130000007, -6.288466], [106.76731920000009, -6.288447499999961], [106.76732650000008, -6.288430199999937], [106.76731130000007, -6.288322], [106.767174, -6.288145099999952], [106.76715120000006, -6.288113399999929], [106.76704430000007, -6.287964399999964], [106.76697910000007, -6.28771519999998], [106.76695270000005, -6.287614399999939], [106.766884, -6.287369799999965], [106.76683830000007, -6.28726869999997], [106.76675080000007, -6.287195699999927], [106.76670860000007, -6.287160399999948], [106.76652550000006, -6.287056], [106.76631950000007, -6.286851399999932], [106.76625080000008, -6.286734099999933], [106.76622030000004, -6.286621099999934], [106.76624170000008, -6.286582199999941], [106.76624090000007, -6.286578299999974], [106.766307, -6.286602799999969], [106.76655730000004, -6.286413699999969], [106.76709650000004, -6.286171699999954], [106.767323, -6.286322], [106.76748540000006, -6.286343099999954], [106.76759420000008, -6.28648359999994], [106.76774590000008, -6.286537199999941], [106.76789740000004, -6.286515], [106.76814550000006, -6.28626509999998], [106.76811250000009, -6.286113499999942], [106.76780620000005, -6.285743499999967], [106.76747190000003, -6.285162799999966], [106.76741810000004, -6.285154], [106.767427, -6.285076], [106.76725350000004, -6.284989899999971], [106.76653810000005, -6.284803799999963], [106.76612050000006, -6.284552899999937], [106.76570120000008, -6.284182399999963], [106.76575880000007, -6.284043499999939], [106.76579250000009, -6.28396209999994], [106.76595820000006, -6.283920099999932], [106.76694040000007, -6.28326], [106.76772380000006, -6.282009599999981], [106.768183, -6.281942299999969], [106.76852360000004, -6.281599299999925], [106.76857270000005, -6.281569599999955], [106.76874020000008, -6.281645099999935], [106.76923320000009, -6.281938799999978], [106.76962520000006, -6.281412099999955], [106.76942720000005, -6.281084399999941], [106.76874550000008, -6.280712199999925], [106.76859260000003, -6.280593299999964], [106.76846110000008, -6.280557], [106.76811210000005, -6.280366399999934], [106.767979, -6.279841399999953], [106.76764960000008, -6.279448499999944], [106.76784060000006, -6.278998199999933], [106.76840120000008, -6.278943699999957], [106.768432, -6.27892739999993], [106.768501, -6.278920199999959], [106.76858720000007, -6.278845], [106.76884180000008, -6.278709799999945], [106.76940030000009, -6.278209599999968], [106.769467, -6.27814989999996], [106.76992570000004, -6.278197899999952], [106.77033670000009, -6.278323], [106.77040240000008, -6.278322699999933], [106.770343, -6.278054], [106.77039390000004, -6.277472699999976], [106.77015950000003, -6.276845899999955], [106.76981010000009, -6.276568199999929], [106.76935040000006, -6.276290399999937], [106.76940830000007, -6.275502099999926], [106.76930720000007, -6.275425199999972], [106.76927160000008, -6.275291699999968], [106.76919620000007, -6.275216799999953], [106.76896860000005, -6.274990599999967], [106.76841280000008, -6.27474559999996], [106.76833450000004, -6.27468609999994], [106.76831570000007, -6.274599699999953], [106.768746, -6.273731099999964], [106.76910030000005, -6.273729899999978], [106.76919660000004, -6.273734699999977], [106.76954570000004, -6.273919399999954], [106.77003430000008, -6.274367799999936], [106.77011530000004, -6.274373899999944], [106.77012650000006, -6.274383199999932], [106.77016840000005, -6.274377799999968], [106.77052290000006, -6.274404199999935], [106.77062760000007, -6.274318799999946], [106.77065140000008, -6.274315799999954], [106.77065930000003, -6.274293], [106.77100930000006, -6.274007499999925], [106.77142440000006, -6.273158099999932], [106.77160960000003, -6.272913], [106.77172440000004, -6.272517499999935], [106.771629, -6.272289099999966], [106.77162880000009, -6.272210899999948], [106.77157340000008, -6.27215579999995], [106.77144340000007, -6.271844399999964], [106.77100050000007, -6.271381099999928], [106.771185, -6.27098529999995], [106.77133870000006, -6.270479399999942], [106.77134480000007, -6.270467799999949], [106.77136020000006, -6.270438599999977], [106.77135450000009, -6.270427199999972], [106.77136870000004, -6.270380399999965], [106.77130060000007, -6.270320199999958], [106.77122810000009, -6.270176299999946], [106.77106110000005, -6.270108599999958], [106.77094940000006, -6.270009899999934], [106.77032150000008, -6.269779599999936], [106.76981740000008, -6.269572599999947], [106.76962260000005, -6.269177699999943], [106.76957440000007, -6.268666499999938], [106.76929330000007, -6.26794689999997], [106.76954730000006, -6.26752769999996], [106.76955040000007, -6.267506899999944], [106.76964360000005, -6.267423399999927], [106.76959070000004, -6.267231699999968], [106.76961550000004, -6.267062599999974], [106.76947810000007, -6.266823899999963], [106.769245, -6.265979899999934], [106.76966090000008, -6.264717], [106.76968150000005, -6.264654699999937], [106.76968190000008, -6.264653299999964], [106.76980940000004, -6.264655599999969], [106.76985960000007, -6.264598599999943], [106.77022480000005, -6.264597399999957], [106.77108070000008, -6.265382599999953], [106.77134340000003, -6.265447399999971], [106.77136440000004, -6.265340399999957], [106.77144220000008, -6.265320199999962], [106.77149340000005, -6.264982099999941], [106.77146660000005, -6.26482], [106.77147240000005, -6.264790199999936], [106.77144950000007, -6.26474989999997], [106.771276, -6.264400099999932], [106.77115740000005, -6.264216699999963], [106.77107870000003, -6.264057299999934], [106.77100540000004, -6.263969799999927], [106.77095270000007, -6.263877299999933], [106.77092420000008, -6.263789899999949], [106.77089370000004, -6.263773699999945], [106.77061410000005, -6.263282599999968], [106.77080030000008, -6.26309509999993], [106.77108810000004, -6.26292049999995], [106.77109030000008, -6.26291939999993], [106.77153140000007, -6.262819799999932], [106.77172720000004, -6.262490799999966], [106.77205690000005, -6.262949399999968], [106.77245110000007, -6.263079399999981], [106.77297490000007, -6.262683599999946], [106.77302770000006, -6.262469], [106.77306070000009, -6.262402499999951], [106.77301080000007, -6.262303599999939], [106.77252210000006, -6.260315699999978], [106.77250730000009, -6.26025519999996], [106.77256560000006, -6.25998809999993], [106.77258740000008, -6.259824099999946], [106.77262030000009, -6.259690599999942], [106.772665, -6.259508899999958], [106.77270770000007, -6.259335799999974], [106.772713, -6.259314], [106.77271240000005, -6.259314], [106.77271710000008, -6.259292099999925], [106.77272420000008, -6.259259399999962], [106.77268760000004, -6.258915299999956], [106.77255, -6.25865], [106.77248, -6.25855], [106.77232220000008, -6.258330899999976], [106.77191630000004, -6.258015399999977], [106.77165050000008, -6.258031], [106.77152020000005, -6.258085199999925], [106.77140260000004, -6.258216799999957], [106.771171, -6.258200099999954], [106.77106820000006, -6.258321399999943], [106.77109650000006, -6.258527599999979], [106.77097460000005, -6.258696699999973], [106.77097, -6.25873], [106.77091640000003, -6.258777599999974], [106.77082660000008, -6.258902199999966], [106.77075570000005, -6.258896299999947], [106.77070170000007, -6.258962399999973], [106.77044, -6.25892], [106.770354, -6.258862699999952], [106.77034310000005, -6.258861799999977], [106.77033860000006, -6.258852399999967], [106.77026090000004, -6.258693099999959], [106.77023640000004, -6.258321299999977], [106.77007360000005, -6.258252099999936], [106.770046, -6.258251599999937], [106.76979630000005, -6.258246499999927], [106.7696, -6.258201799999938], [106.76912070000009, -6.258092599999941], [106.76909450000005, -6.257890599999939], [106.76967550000006, -6.257300499999928], [106.76980140000006, -6.256966399999953], [106.76981350000005, -6.256934399999977], [106.76985970000004, -6.25681179999998], [106.76986860000005, -6.256686099999968], [106.76989340000006, -6.25634], [106.77002550000009, -6.256130699999972], [106.77003430000008, -6.25611669999995], [106.77003970000004, -6.256108199999971], [106.77005310000004, -6.256098299999962], [106.77022890000006, -6.255969399999969], [106.77027030000005, -6.255939199999943], [106.77036740000005, -6.255946899999969], [106.77036820000006, -6.255946799999947], [106.77036920000006, -6.255947099999958], [106.77052250000008, -6.255959299999972], [106.77088550000008, -6.25609], [106.77101110000007, -6.256119499999954], [106.77125150000006, -6.25615369999997], [106.77142590000005, -6.256048199999952], [106.77143870000003, -6.256041499999981], [106.77180380000004, -6.255786799999953], [106.772024, -6.255586199999925], [106.77203880000008, -6.255572599999937], [106.77203210000005, -6.255537699999934], [106.77198620000007, -6.255301599999939], [106.771986, -6.255300799999929], [106.77198590000006, -6.255300599999941], [106.77179830000006, -6.255070599999954], [106.77173150000004, -6.254988799999978], [106.77165510000003, -6.254933], [106.771568, -6.254869299999939], [106.77148, -6.25484], [106.77122, -6.25482], [106.77083090000008, -6.254793], [106.77061560000004, -6.25479809999996], [106.77050660000003, -6.25477049999995], [106.7705, -6.25477], [106.77049790000007, -6.254768199999944], [106.77031960000005, -6.254723], [106.77021530000007, -6.254413499999941], [106.77020870000007, -6.254393599999958], [106.77019030000008, -6.254378499999973], [106.77014090000006, -6.254337499999963], [106.77005610000003, -6.254267299999981], [106.76991190000007, -6.254381899999942], [106.76977810000005, -6.254488099999946], [106.76968710000006, -6.25450509999996], [106.76957550000009, -6.254526], [106.76952680000005, -6.254535099999941], [106.76949270000006, -6.254519799999969], [106.76927090000004, -6.254419799999937], [106.76921840000006, -6.254408799999965], [106.76921020000009, -6.25440709999998], [106.76918260000008, -6.254401399999949], [106.76904260000003, -6.254372199999978], [106.76903840000006, -6.254372899999964], [106.76878930000004, -6.254415299999948], [106.768641, -6.254557299999931], [106.76862080000006, -6.254576499999928], [106.76857150000006, -6.255043199999932], [106.76856160000006, -6.255136099999959], [106.76855360000008, -6.255212499999971], [106.76854450000008, -6.255220299999962], [106.76854, -6.25525], [106.76847, -6.25536], [106.76839680000006, -6.255347799999981], [106.76839140000004, -6.255352499999958], [106.76833350000004, -6.255338499999937], [106.76822770000007, -6.255329199999949], [106.76815, -6.25530729999997], [106.76813760000005, -6.255291499999942], [106.76812470000004, -6.255288399999927], [106.76811490000006, -6.255262499999958], [106.768111, -6.255257399999948], [106.768083, -6.255179799999951], [106.76795460000005, -6.254930499999944], [106.76793250000009, -6.254877], [106.76768210000006, -6.254590399999927], [106.76759, -6.2545], [106.76758, -6.25439], [106.767598, -6.254254799999956], [106.76759780000003, -6.25417479999993]]] 
      }
    },
    {
      "type": "Feature",
      "properties": {
        "district_id": "3171050",
        "province": "DKI Jakarta",
        "regency": "Jakarta Selatan",
        "district": "Kebayoran Lama",
        "pria": 0,
        "wanita": 0,
        "total_penduduk": 0
      },
      "geometry": {
        "type": "Polygon",
        "coordinates": [[[106.76826230000006, -6.243652499999939], [106.76826420000003, -6.243665499999963], [106.76819660000007, -6.243932799999925], [106.76817990000006, -6.243999], [106.76812130000008, -6.244358499999976], [106.76810460000007, -6.244460699999934], [106.76812720000004, -6.244686899999977], [106.76813110000006, -6.244725499999959], [106.76814860000007, -6.24475259999997], [106.76815340000007, -6.244767299999978], [106.76817490000008, -6.244793299999969], [106.76820840000005, -6.244844899999975], [106.76882, -6.2455], [106.76897, -6.24565], [106.76917, -6.24584], [106.76927, -6.24592], [106.76931, -6.24603], [106.7693, -6.24609], [106.76916, -6.2462], [106.76896, -6.24626], [106.7687, -6.2463], [106.76858, -6.24637], [106.76845, -6.24652], [106.76835930000004, -6.246609299999932], [106.76831530000004, -6.246742599999948], [106.76828830000005, -6.246942499999932], [106.76830410000008, -6.246995799999979], [106.76829280000004, -6.247100599999953], [106.76837160000008, -6.24734239999998], [106.76837910000006, -6.247365199999933], [106.76835, -6.24756], [106.76822, -6.24754], [106.76791770000005, -6.247298399999977], [106.767721, -6.247213599999952], [106.76750760000004, -6.247231399999976], [106.76723, -6.24756], [106.76692, -6.24792], [106.76668, -6.24816], [106.7666, -6.24826], [106.76654, -6.2485], [106.76655, -6.2487], [106.76655, -6.24877], [106.76684, -6.24926], [106.76719, -6.2496], [106.76726750000006, -6.24965039999995], [106.76729610000007, -6.24967689999994], [106.76734750000008, -6.249702399999933], [106.76739, -6.24973], [106.76751, -6.24981], [106.76755240000006, -6.249880599999926], [106.76759050000004, -6.250159399999973], [106.76755250000008, -6.250395799999978], [106.76751290000004, -6.250502399999959], [106.76753480000008, -6.250506], [106.76753460000003, -6.250506799999926], [106.76751250000007, -6.250502899999958], [106.76749080000008, -6.250602899999933], [106.767375, -6.250819699999965], [106.767259, -6.250953299999935], [106.76711520000003, -6.251087], [106.76696570000007, -6.251159599999937], [106.76682720000008, -6.251215599999966], [106.766517, -6.251311], [106.76627870000004, -6.251384], [106.76617330000005, -6.251389899999936], [106.76607360000008, -6.25142349999993], [106.76600620000005, -6.251679199999955], [106.76600410000009, -6.251686799999959], [106.76600480000008, -6.251885], [106.76595550000008, -6.252204099999972], [106.76598980000006, -6.252422199999955], [106.76597390000006, -6.252674099999979], [106.766025, -6.25289209999994], [106.76609280000008, -6.253110099999958], [106.76631230000004, -6.253545799999927], [106.76646, -6.2537], [106.76661, -6.25359], [106.76678150000004, -6.253376399999979], [106.76679740000009, -6.253141299999925], [106.76679710000008, -6.253034499999956], [106.76681090000005, -6.252964], [106.76684790000007, -6.252884799999947], [106.76699430000008, -6.252823099999944], [106.76699770000005, -6.25282169999997], [106.76723260000006, -6.252854499999955], [106.76726740000004, -6.252873699999952], [106.76738390000008, -6.252937899999949], [106.767529, -6.252929799999947], [106.76753, -6.25293], [106.76753340000005, -6.252929499999937], [106.76770260000006, -6.25292], [106.76785810000007, -6.252905399999975], [106.76790930000004, -6.252932099999953], [106.76795270000008, -6.252989599999978], [106.76798550000007, -6.253060199999936], [106.76797, -6.2532], [106.76783, -6.25357], [106.76762, -6.25403], [106.76760690000003, -6.254170299999942], [106.76760660000008, -6.254170399999964], [106.76759780000003, -6.25417479999993], [106.767598, -6.254254799999956], [106.76758, -6.25439], [106.76759, -6.2545], [106.76768210000006, -6.254590399999927], [106.76793250000009, -6.254877], [106.76795460000005, -6.254930499999944], [106.768083, -6.255179799999951], [106.768111, -6.255257399999948], [106.76811490000006, -6.255262499999958], [106.76812470000004, -6.255288399999927], [106.76813760000005, -6.255291499999942], [106.76815, -6.25530729999997], [106.76822770000007, -6.255329199999949], [106.76833350000004, -6.255338499999937], [106.76839140000004, -6.255352499999958], [106.76839680000006, -6.255347799999981], [106.76847, -6.25536], [106.76854, -6.25525], [106.76854450000008, -6.255220299999962], [106.76855360000008, -6.255212499999971], [106.76856160000006, -6.255136099999959], [106.76857150000006, -6.255043199999932], [106.76862080000006, -6.254576499999928], [106.768641, -6.254557299999931], [106.76878930000004, -6.254415299999948], [106.76903840000006, -6.254372899999964], [106.76904260000003, -6.254372199999978], [106.76918260000008, -6.254401399999949], [106.76921020000009, -6.25440709999998], [106.76921840000006, -6.254408799999965], [106.76927090000004, -6.254419799999937], [106.76949270000006, -6.254519799999969], [106.76952680000005, -6.254535099999941], [106.76957550000009, -6.254526], [106.76968710000006, -6.25450509999996], [106.76977810000005, -6.254488099999946], [106.76991190000007, -6.254381899999942], [106.77005610000003, -6.254267299999981], [106.77014090000006, -6.254337499999963], [106.77019030000008, -6.254378499999973], [106.77020870000007, -6.254393599999958], [106.77021530000007, -6.254413499999941], [106.77031960000005, -6.254723], [106.77049790000007, -6.254768199999944], [106.7705, -6.25477], [106.77050660000003, -6.25477049999995], [106.77061560000004, -6.25479809999996], [106.77083090000008, -6.254793], [106.77122, -6.25482], [106.77148, -6.25484], [106.771568, -6.254869299999939], [106.77165510000003, -6.254933], [106.77173150000004, -6.254988799999978], [106.77179830000006, -6.255070599999954], [106.77198590000006, -6.255300599999941], [106.771986, -6.255300799999929], [106.77198620000007, -6.255301599999939], [106.77203210000005, -6.255537699999934], [106.77203880000008, -6.255572599999937], [106.772024, -6.255586199999925], [106.77180380000004, -6.255786799999953], [106.77143870000003, -6.256041499999981], [106.77142590000005, -6.256048199999952], [106.77125150000006, -6.25615369999997], [106.77101110000007, -6.256119499999954], [106.77088550000008, -6.25609], [106.77052250000008, -6.255959299999972], [106.77036920000006, -6.255947099999958], [106.77036820000006, -6.255946799999947], [106.77036740000005, -6.255946899999969], [106.77027030000005, -6.255939199999943], [106.77022890000006, -6.255969399999969], [106.77005310000004, -6.256098299999962], [106.77003970000004, -6.256108199999971], [106.77003430000008, -6.25611669999995], [106.77002550000009, -6.256130699999972], [106.76989340000006, -6.25634], [106.76986860000005, -6.256686099999968], [106.76985970000004, -6.25681179999998], [106.76981350000005, -6.256934399999977], [106.76980140000006, -6.256966399999953], [106.76967550000006, -6.257300499999928], [106.76909450000005, -6.257890599999939], [106.76912070000009, -6.258092599999941], [106.7696, -6.258201799999938], [106.76979630000005, -6.258246499999927], [106.770046, -6.258251599999937], [106.77007360000005, -6.258252099999936], [106.77023640000004, -6.258321299999977], [106.77026090000004, -6.258693099999959], [106.77033860000006, -6.258852399999967], [106.77034310000005, -6.258861799999977], [106.770354, -6.258862699999952], [106.77044, -6.25892], [106.77070170000007, -6.258962399999973], [106.77075570000005, -6.258896299999947], [106.77082660000008, -6.258902199999966], [106.77091640000003, -6.258777599999974], [106.77097, -6.25873], [106.77097460000005, -6.258696699999973], [106.77109650000006, -6.258527599999979], [106.77106820000006, -6.258321399999943], [106.771171, -6.258200099999954], [106.77140260000004, -6.258216799999957], [106.77152020000005, -6.258085199999925], [106.77165050000008, -6.258031], [106.77191630000004, -6.258015399999977], [106.77232220000008, -6.258330899999976], [106.77248, -6.25855], [106.77255, -6.25865], [106.77268760000004, -6.258915299999956], [106.77272420000008, -6.259259399999962], [106.77271710000008, -6.259292099999925], [106.77271240000005, -6.259314], [106.772713, -6.259314], [106.77270770000007, -6.259335799999974], [106.772665, -6.259508899999958], [106.77262030000009, -6.259690599999942], [106.77258740000008, -6.259824099999946], [106.77256560000006, -6.25998809999993], [106.77250730000009, -6.26025519999996], [106.77252210000006, -6.260315699999978], [106.77301080000007, -6.262303599999939], [106.77306070000009, -6.262402499999951], [106.77302770000006, -6.262469], [106.77297490000007, -6.262683599999946], [106.77245110000007, -6.263079399999981], [106.77205690000005, -6.262949399999968], [106.77172720000004, -6.262490799999966], [106.77153140000007, -6.262819799999932], [106.77109030000008, -6.26291939999993], [106.77108810000004, -6.26292049999995], [106.77080030000008, -6.26309509999993], [106.77061410000005, -6.263282599999968], [106.77089370000004, -6.263773699999945], [106.77092420000008, -6.263789899999949], [106.77095270000007, -6.263877299999933], [106.77100540000004, -6.263969799999927], [106.77107870000003, -6.264057299999934], [106.77115740000005, -6.264216699999963], [106.771276, -6.264400099999932], [106.77144950000007, -6.26474989999997], [106.77147240000005, -6.264790199999936], [106.77146660000005, -6.26482], [106.77149340000005, -6.264982099999941], [106.77144220000008, -6.265320199999962], [106.77136440000004, -6.265340399999957], [106.77134340000003, -6.265447399999971], [106.77108070000008, -6.265382599999953], [106.77022480000005, -6.264597399999957], [106.76985960000007, -6.264598599999943], [106.76980940000004, -6.264655599999969], [106.76968190000008, -6.264653299999964], [106.76968150000005, -6.264654699999937], [106.76966090000008, -6.264717], [106.769245, -6.265979899999934], [106.76947810000007, -6.266823899999963], [106.76961550000004, -6.267062599999974], [106.76959070000004, -6.267231699999968], [106.76964360000005, -6.267423399999927], [106.76955040000007, -6.267506899999944], [106.76954730000006, -6.26752769999996], [106.76929330000007, -6.26794689999997], [106.76957440000007, -6.268666499999938], [106.76962260000005, -6.269177699999943], [106.76981740000008, -6.269572599999947], [106.77032150000008, -6.269779599999936], [106.77094940000006, -6.270009899999934], [106.77106110000005, -6.270108599999958], [106.77122810000009, -6.270176299999946], [106.77130060000007, -6.270320199999958], [106.77136870000004, -6.270380399999965], [106.77135450000009, -6.270427199999972], [106.77136020000006, -6.270438599999977], [106.77134480000007, -6.270467799999949], [106.77133870000006, -6.270479399999942], [106.771185, -6.27098529999995], [106.77100050000007, -6.271381099999928], [106.77144340000007, -6.271844399999964], [106.77157340000008, -6.27215579999995], [106.77162880000009, -6.272210899999948], [106.771629, -6.272289099999966], [106.77172440000004, -6.272517499999935], [106.77160960000003, -6.272913], [106.77142440000006, -6.273158099999932], [106.77100930000006, -6.274007499999925], [106.77065930000003, -6.274293], [106.77065140000008, -6.274315799999954], [106.77062760000007, -6.274318799999946], [106.77052290000006, -6.274404199999935], [106.77016840000005, -6.274377799999968], [106.77012650000006, -6.274383199999932], [106.77011530000004, -6.274373899999944], [106.77003430000008, -6.274367799999936], [106.76954570000004, -6.273919399999954], [106.76919660000004, -6.273734699999977], [106.76910030000005, -6.273729899999978], [106.768746, -6.273731099999964], [106.76831570000007, -6.274599699999953], [106.76833450000004, -6.27468609999994], [106.76841280000008, -6.27474559999996], [106.76896860000005, -6.274990599999967], [106.76919620000007, -6.275216799999953], [106.76927160000008, -6.275291699999968], [106.76930720000007, -6.275425199999972], [106.76940830000007, -6.275502099999926], [106.76935040000006, -6.276290399999937], [106.76981010000009, -6.276568199999929], [106.77015950000003, -6.276845899999955], [106.77039390000004, -6.277472699999976], [106.770343, -6.278054], [106.77040240000008, -6.278322699999933], [106.77033670000009, -6.278323], [106.76992570000004, -6.278197899999952], [106.769467, -6.27814989999996], [106.76940030000009, -6.278209599999968], [106.76884180000008, -6.278709799999945], [106.76858720000007, -6.278845], [106.768501, -6.278920199999959], [106.768432, -6.27892739999993], [106.76840120000008, -6.278943699999957], [106.76784060000006, -6.278998199999933], [106.76764960000008, -6.279448499999944], [106.767979, -6.279841399999953], [106.76811210000005, -6.280366399999934], [106.76846110000008, -6.280557], [106.76859260000003, -6.280593299999964], [106.76874550000008, -6.280712199999925], [106.76942720000005, -6.281084399999941], [106.76962520000006, -6.281412099999955], [106.76923320000009, -6.281938799999978], [106.76874020000008, -6.281645099999935], [106.76857270000005, -6.281569599999955], [106.76852360000004, -6.281599299999925], [106.768183, -6.281942299999969], [106.76772380000006, -6.282009599999981], [106.76694040000007, -6.28326], [106.76595820000006, -6.283920099999932], [106.76579250000009, -6.28396209999994], [106.76575880000007, -6.284043499999939], [106.76570120000008, -6.284182399999963], [106.76612050000006, -6.284552899999937], [106.76653810000005, -6.284803799999963], [106.76725350000004, -6.284989899999971], [106.767427, -6.285076], [106.76741810000004, -6.285154], [106.76747190000003, -6.285162799999966], [106.76780620000005, -6.285743499999967], [106.76811250000009, -6.286113499999942], [106.76814550000006, -6.28626509999998], [106.76789740000004, -6.286515], [106.76774590000008, -6.286537199999941], [106.76759420000008, -6.28648359999994], [106.76748540000006, -6.286343099999954], [106.767323, -6.286322], [106.76709650000004, -6.286171699999954], [106.76655730000004, -6.286413699999969], [106.766307, -6.286602799999969], [106.76624090000007, -6.286578299999974], [106.76624170000008, -6.286582199999941], [106.76622030000004, -6.286621099999934], [106.76625080000008, -6.286734099999933], [106.76631950000007, -6.286851399999932], [106.76652550000006, -6.287056], [106.76670860000007, -6.287160399999948], [106.76675080000007, -6.287195699999927], [106.76683830000007, -6.28726869999997], [106.766884, -6.287369799999965], [106.76695270000005, -6.287614399999939], [106.76697910000007, -6.28771519999998], [106.76704430000007, -6.287964399999964], [106.76715120000006, -6.288113399999929], [106.767174, -6.288145099999952], [106.76731130000007, -6.288322], [106.76732650000008, -6.288430199999937], [106.76731920000009, -6.288447499999961], [106.76731130000007, -6.288466], [106.76729830000005, -6.288489499999969], [106.76727310000007, -6.288535099999933], [106.767174, -6.288600899999949], [106.76665520000006, -6.288830299999972], [106.76648730000005, -6.288847499999974], [106.766276, -6.288875499999961], [106.76620920000005, -6.288898], [106.76612870000008, -6.288950499999942], [106.76609060000004, -6.289022], [106.76611350000007, -6.289111199999979], [106.76618980000006, -6.289211799999975], [106.76631180000004, -6.289289499999938], [106.76645680000007, -6.289404399999967], [106.76647210000004, -6.289530799999966], [106.76651780000009, -6.289996199999962], [106.76652830000006, -6.290122599999961], [106.76654210000004, -6.290288399999952], [106.76654630000007, -6.290339399999937], [106.76656360000004, -6.290548299999955], [106.76657790000007, -6.290576099999953], [106.76662460000006, -6.290667099999951], [106.76662730000004, -6.290672399999949], [106.76663, -6.29067], [106.766673, -6.290627], [106.76671040000008, -6.290705899999978], [106.76811050000003, -6.289779799999963], [106.76817440000008, -6.28974779999993], [106.76978290000005, -6.289226799999938], [106.770897, -6.289244], [106.77674050000007, -6.289334499999939], [106.77772380000005, -6.288751299999944], [106.77775280000009, -6.288734099999942], [106.77807, -6.28887], [106.77828, -6.28904], [106.77887, -6.2896], [106.77899, -6.2897], [106.77938, -6.29001], [106.77961220000009, -6.290148099999954], [106.77996040000005, -6.29044], [106.78028860000006, -6.290560099999936], [106.78037, -6.29061], [106.78056, -6.29069], [106.78058030000005, -6.290697799999975], [106.7809, -6.29082], [106.7811, -6.29091], [106.78137, -6.29103], [106.78161, -6.29112], [106.78221, -6.29131], [106.78247, -6.29137], [106.78263280000004, -6.291417899999942], [106.78298340000003, -6.291546199999971], [106.78417420000005, -6.291899199999932], [106.78425070000009, -6.291921899999977], [106.78458220000005, -6.291290199999935], [106.78459, -6.29128], [106.78475, -6.29113], [106.78492, -6.29095], [106.78498, -6.29083], [106.78501960000006, -6.290572499999939], [106.78522380000004, -6.290243099999941], [106.7853, -6.29016], [106.78546310000007, -6.289857099999949], [106.78560220000008, -6.28963269999997], [106.785562, -6.289383199999975], [106.78556, -6.28932], [106.78554, -6.28915], [106.78551, -6.2889], [106.78546, -6.2887], [106.78544810000005, -6.288677499999949], [106.78540110000006, -6.28838559999997], [106.78513740000005, -6.288058099999944], [106.78585560000005, -6.286939199999949], [106.78664020000008, -6.286082699999952], [106.78688950000009, -6.285607699999957], [106.78698, -6.28545], [106.78705180000009, -6.285298499999953], [106.78707380000009, -6.285256599999968], [106.78752, -6.28485], [106.78764, -6.28475], [106.78781, -6.28461], [106.78787, -6.28455], [106.78802, -6.28443], [106.78815, -6.28433], [106.78832, -6.28424], [106.78867, -6.28385], [106.78870630000006, -6.283770699999934], [106.78894, -6.28326], [106.78917, -6.28285], [106.78923, -6.28275], [106.78932970000005, -6.282617799999969], [106.78958570000009, -6.282278099999928], [106.78967970000008, -6.28215339999997], [106.78972, -6.2821], [106.78981, -6.28199], [106.78995, -6.28183], [106.79006, -6.28162], [106.79008390000007, -6.281456799999944], [106.79012, -6.28121], [106.79011, -6.281], [106.79008, -6.28077], [106.79008, -6.28054], [106.79023, -6.28015], [106.79029, -6.27997], [106.79008410000006, -6.279509799999971], [106.79016070000006, -6.279138], [106.79015980000008, -6.278869799999939], [106.79015950000007, -6.278780899999958], [106.78976280000006, -6.277928499999973], [106.78965420000009, -6.276980299999934], [106.78958860000006, -6.276407], [106.7896, -6.27633], [106.78960140000004, -6.276309599999934], [106.78962, -6.27603], [106.78967, -6.27563], [106.7897, -6.27553], [106.78973, -6.27542], [106.78972580000004, -6.275300199999947], [106.78972190000007, -6.275188599999979], [106.78985720000009, -6.274996699999974], [106.79006270000008, -6.274713799999972], [106.79013250000008, -6.274512099999981], [106.79041870000003, -6.274299499999927], [106.79072330000008, -6.274061399999937], [106.79075510000007, -6.274036399999943], [106.79076670000006, -6.274017499999957], [106.79138810000006, -6.273391499999946], [106.79138760000006, -6.273242499999981], [106.79139180000004, -6.273238299999946], [106.79146190000006, -6.273107], [106.79147, -6.27298], [106.79138590000008, -6.272731699999952], [106.79138570000003, -6.272669099999973], [106.79131760000007, -6.271946899999932], [106.79131510000008, -6.271869199999969], [106.79131650000005, -6.271863599999961], [106.79131440000003, -6.27184879999993], [106.79131150000006, -6.271828], [106.79131340000004, -6.271816299999955], [106.79133120000006, -6.271707], [106.79134550000003, -6.271470199999953], [106.79129960000006, -6.271299], [106.79129650000004, -6.271288299999981], [106.79127460000007, -6.27060229999995], [106.79128190000006, -6.270533299999954], [106.79126870000005, -6.270418], [106.79124410000009, -6.269648599999925], [106.79068980000005, -6.268897599999946], [106.79070880000006, -6.268897299999935], [106.79065, -6.26877], [106.79053030000006, -6.26865179999993], [106.79044460000006, -6.268606699999964], [106.79027360000003, -6.268652599999939], [106.79015830000009, -6.268799099999967], [106.79002080000004, -6.269061699999952], [106.78947, -6.269063599999981], [106.788943, -6.26847429999998], [106.788881, -6.268536799999936], [106.78883330000008, -6.26853159999996], [106.78872240000004, -6.26849169999997], [106.78841, -6.2684], [106.78817, -6.2683], [106.78784, -6.26814], [106.78749, -6.268], [106.78748230000008, -6.267997399999956], [106.78743, -6.26798], [106.78739890000008, -6.267959299999973], [106.78734, -6.26792], [106.78724, -6.2678], [106.78719, -6.2676], [106.78716, -6.26735], [106.78706, -6.26712], [106.78695, -6.26693], [106.78684580000004, -6.266829299999927], [106.78651390000005, -6.266389599999968], [106.78650740000006, -6.266357], [106.78650610000005, -6.265987], [106.78591460000007, -6.265726399999949], [106.78545870000005, -6.265532699999937], [106.78545420000006, -6.265529399999934], [106.78532050000007, -6.264743299999964], [106.78523090000004, -6.264565399999981], [106.78523, -6.26456], [106.78518, -6.26427], [106.78517, -6.26411], [106.78516, -6.26396], [106.78524, -6.26369], [106.78529, -6.26347], [106.78523, -6.263], [106.78523, -6.26292], [106.78517, -6.26233], [106.78515, -6.26218], [106.78516, -6.26142], [106.78512, -6.26137], [106.78523, -6.26123], [106.78541, -6.26108], [106.78548070000005, -6.260993399999961], [106.78548, -6.2609], [106.78546840000007, -6.260869], [106.78545, -6.26082], [106.78528, -6.2607], [106.78505, -6.26058], [106.78494, -6.2605], [106.7849, -6.26044], [106.78494, -6.26035], [106.78511, -6.26023], [106.78527, -6.26013], [106.78528210000007, -6.260042], [106.78531560000005, -6.259988399999941], [106.78531, -6.25984], [106.78536, -6.25971], [106.7854, -6.25958], [106.78540130000005, -6.259481], [106.7854, -6.25947629999996], [106.7854, -6.259267799999975], [106.7854, -6.25919], [106.78538, -6.25912], [106.7853, -6.25909], [106.78523, -6.25907], [106.78517, -6.25901], [106.78517510000006, -6.258953599999927], [106.78519, -6.25879], [106.78521930000005, -6.258642099999975], [106.78509680000008, -6.258581399999969], [106.78489, -6.25853], [106.78478, -6.25851], [106.78492, -6.25801], [106.78504, -6.25765], [106.78504110000006, -6.257622599999934], [106.78506290000007, -6.257602099999929], [106.78504420000007, -6.257549799999936], [106.78505, -6.25741], [106.78507, -6.25732], [106.78528, -6.25717], [106.78545, -6.25698], [106.78554, -6.25688], [106.78567, -6.25684], [106.785748, -6.256844899999976], [106.78599, -6.25686], [106.78614, -6.25686], [106.78622, -6.25683], [106.78628, -6.25672], [106.78629, -6.25663], [106.786261, -6.256572], [106.78625, -6.25655], [106.78613, -6.2565], [106.78602, -6.25648], [106.78594, -6.25636], [106.78586, -6.25603], [106.7858, -6.25566], [106.7858, -6.25526], [106.78585, -6.255], [106.78596, -6.25473], [106.78612, -6.25419], [106.78612480000004, -6.254176599999937], [106.78617, -6.25405], [106.78625, -6.25397], [106.78667, -6.25378], [106.78713, -6.25353], [106.78729, -6.25346], [106.78743, -6.25345], [106.78762, -6.25346], [106.78773, -6.25345], [106.78782280000007, -6.253437599999927], [106.78786610000009, -6.253330699999935], [106.78783650000008, -6.253165799999977], [106.787807, -6.253049399999952], [106.78792, -6.253], [106.78797, -6.25296], [106.78829, -6.2527], [106.78865, -6.25193], [106.78863, -6.25186], [106.78851, -6.25176], [106.78871320000007, -6.251435199999946], [106.78877120000004, -6.251376799999946], [106.78882420000008, -6.251289299999939], [106.788867, -6.251216199999931], [106.78888860000006, -6.251146799999958], [106.78889260000005, -6.251080899999977], [106.78878070000007, -6.250342399999965], [106.788689, -6.250178499999947], [106.788648, -6.250159099999962], [106.78853010000006, -6.250103399999944], [106.78849730000007, -6.250087899999926], [106.78836930000006, -6.249997099999973], [106.78834, -6.24985], [106.78841, -6.24973], [106.78859, -6.24958], [106.788777, -6.249256799999955], [106.78883050000007, -6.248882599999945], [106.78880750000008, -6.248777], [106.78882930000009, -6.248696699999925], [106.78878280000004, -6.248679799999934], [106.78878220000007, -6.248679699999968], [106.78875750000009, -6.248561499999937], [106.78872740000008, -6.248543799999936], [106.78869250000008, -6.248509099999978], [106.78850530000005, -6.248416199999951], [106.78849160000004, -6.24840839999996], [106.78849120000007, -6.24831219999993], [106.78849410000004, -6.248308599999973], [106.78876460000004, -6.248262499999953], [106.78879840000008, -6.248245399999973], [106.78888030000007, -6.248259299999972], [106.78898080000005, -6.248263299999962], [106.78905050000009, -6.248219399999925], [106.78902820000008, -6.24807519999996], [106.78896760000003, -6.247944599999926], [106.78891670000007, -6.247835099999975], [106.788781, -6.247733399999959], [106.78883710000008, -6.247695599999929], [106.78883030000009, -6.247686699999974], [106.78887820000006, -6.247668], [106.78902660000006, -6.247568299999955], [106.78911660000006, -6.247483699999975], [106.78912210000004, -6.247414699999979], [106.7891, -6.24733], [106.78897110000008, -6.247331299999928], [106.788901, -6.247344299999952], [106.78884370000009, -6.247356], [106.78884120000004, -6.247355399999947], [106.78877060000008, -6.247368499999936], [106.78858830000007, -6.247378199999957], [106.78858240000005, -6.247236599999951], [106.78853130000005, -6.247119399999974], [106.78862660000004, -6.246883], [106.78865240000005, -6.246778], [106.78873850000008, -6.246754], [106.78874520000005, -6.246752099999981], [106.78870140000004, -6.246686899999929], [106.788642, -6.246618599999977], [106.7885, -6.2466], [106.78841110000008, -6.246429399999954], [106.78831390000005, -6.246239699999933], [106.78814480000005, -6.245922599999972], [106.788032, -6.245705], [106.78793190000005, -6.245562099999972], [106.78784120000006, -6.245412899999963], [106.78777590000004, -6.245247399999926], [106.78772480000003, -6.245109899999932], [106.78766660000008, -6.244913699999927], [106.78766130000008, -6.24489479999994], [106.78765930000009, -6.244887399999925], [106.78760770000008, -6.244688099999962], [106.78759260000004, -6.244625799999937], [106.78756430000004, -6.24452], [106.78759120000007, -6.244461599999966], [106.78763440000006, -6.244380599999943], [106.78763970000006, -6.244370599999968], [106.78764, -6.24437], [106.78766150000007, -6.244319799999971], [106.78767, -6.2443], [106.78767, -6.24424], [106.78727080000004, -6.244250099999931], [106.78715940000006, -6.244254199999943], [106.78695, -6.24426], [106.78685, -6.24426], [106.7868, -6.24421], [106.78677, -6.24386], [106.78675, -6.24357], [106.78673, -6.24351], [106.78632, -6.24353], [106.78618, -6.24351], [106.78603, -6.24344], [106.78566370000004, -6.243198499999949], [106.78546170000004, -6.243066499999941], [106.78535250000004, -6.242982799999936], [106.78535080000006, -6.242987099999937], [106.7853, -6.24295], [106.78517, -6.24285], [106.78497, -6.24287], [106.78485, -6.24288], [106.784798, -6.242825899999957], [106.78473560000003, -6.242776299999946], [106.78466, -6.24271], [106.78461990000005, -6.242614699999933], [106.78457390000005, -6.242523399999925], [106.78454960000005, -6.242470899999944], [106.78454150000005, -6.242453], [106.78454120000004, -6.242452599999979], [106.78454, -6.24245], [106.78453170000006, -6.242440399999964], [106.78447590000007, -6.242369199999928], [106.78434, -6.24222], [106.78429150000005, -6.242145499999936], [106.78422220000004, -6.242028799999957], [106.78421690000005, -6.242017199999964], [106.78419140000005, -6.241947699999969], [106.78417780000007, -6.241896599999961], [106.78415, -6.241725599999938], [106.78413110000008, -6.241644699999938], [106.78419190000005, -6.241523899999947], [106.78426220000006, -6.241392099999928], [106.78428880000007, -6.241345199999955], [106.78437280000009, -6.241329299999961], [106.78455630000008, -6.241303799999969], [106.78464950000006, -6.241263], [106.78468720000006, -6.241206899999952], [106.78472, -6.24116], [106.78472, -6.241158], [106.78472080000006, -6.241156799999942], [106.78471510000008, -6.240951299999949], [106.78470010000007, -6.240314699999942], [106.78470320000008, -6.240274499999941], [106.78472, -6.24009], [106.784779, -6.23994829999998], [106.78480670000005, -6.239882799999975], [106.78484470000006, -6.239797499999952], [106.7849, -6.23968], [106.78490760000005, -6.239659099999926], [106.78494260000008, -6.239567799999975], [106.78494, -6.239476899999943], [106.78494, -6.239431699999955], [106.78494, -6.239371499999947], [106.78494, -6.23937], [106.78493680000008, -6.239339899999948], [106.78492, -6.23918], [106.78492280000006, -6.239165899999932], [106.78492770000008, -6.23914149999996], [106.78495630000003, -6.239022699999964], [106.78497650000008, -6.238992099999962], [106.78502, -6.23893], [106.78505270000005, -6.238912599999935], [106.785194, -6.238844899999947], [106.78532570000004, -6.238756699999954], [106.78537850000004, -6.238703599999951], [106.78537850000004, -6.238701499999934], [106.78538, -6.2387], [106.78538, -6.238604599999974], [106.78538120000007, -6.238575899999944], [106.78538, -6.238571599999943], [106.78538, -6.23857], [106.785379, -6.238567899999964], [106.78536710000009, -6.23852329999994], [106.78532220000005, -6.238446099999976], [106.78531, -6.23842], [106.78525650000006, -6.238354], [106.78523090000004, -6.238314799999955], [106.78501840000007, -6.23806019999995], [106.78495260000005, -6.237937599999952], [106.78492090000009, -6.237745899999936], [106.78486460000005, -6.237294099999929], [106.78487880000006, -6.237263299999938], [106.78488830000003, -6.237224399999945], [106.78489, -6.23722], [106.78492050000006, -6.237193299999944], [106.78518780000007, -6.237010399999974], [106.78530660000007, -6.236909099999934], [106.78541370000005, -6.236224499999935], [106.78541490000003, -6.236216699999943], [106.78542, -6.23619], [106.78544830000004, -6.236169799999971], [106.78545080000004, -6.236168299999974], [106.78571480000005, -6.235999199999981], [106.78571660000006, -6.235997899999973], [106.78573, -6.23599], [106.78573360000007, -6.235985599999935], [106.78575260000008, -6.235971899999981], [106.78583570000006, -6.235864899999967], [106.78584650000005, -6.23584859999994], [106.78587, -6.23582], [106.78591, -6.23577], [106.78604, -6.23557], [106.78617, -6.23544], [106.78627, -6.2354], [106.78649, -6.23539], [106.78658, -6.23539], [106.7867, -6.2353], [106.78675, -6.23523], [106.78674, -6.2351], [106.7867, -6.23497], [106.78693, -6.23468], [106.78723, -6.23437], [106.78737, -6.23424], [106.78748, -6.2342], [106.78776, -6.23412], [106.78791, -6.23414], [106.78803, -6.23415], [106.78818, -6.23409], [106.78848, -6.23386], [106.78859, -6.23379], [106.78884470000008, -6.233789199999933], [106.78885190000005, -6.233791699999927], [106.7889, -6.23358], [106.78892230000008, -6.233498399999974], [106.78893, -6.23347], [106.78907, -6.23337], [106.78931, -6.23334], [106.78944, -6.23337], [106.78958, -6.23342], [106.79001, -6.23316], [106.79021, -6.233], [106.79044, -6.23271], [106.79057940000007, -6.232528499999944], [106.7912, -6.23172], [106.79127, -6.23161], [106.79143, -6.23135], [106.7918, -6.2308], [106.79187, -6.23074], [106.79229, -6.23067], [106.79272, -6.23067], [106.79296, -6.23068], [106.79357, -6.23082], [106.79363, -6.23083], [106.79364510000005, -6.230816899999979], [106.79418, -6.23035], [106.79449, -6.23013], [106.79462, -6.23007], [106.79472, -6.23007], [106.79492, -6.23022], [106.79524, -6.23041], [106.79541, -6.23045], [106.79553, -6.23044], [106.79573, -6.23015], [106.79579, -6.22999], [106.79582, -6.22936], [106.79579180000007, -6.229268599999955], [106.79575370000003, -6.229157499999928], [106.79572320000005, -6.229055899999935], [106.79577660000007, -6.228858499999944], [106.79581470000005, -6.228755499999977], [106.79566210000007, -6.228541399999926], [106.79561630000006, -6.22841509999995], [106.79588340000004, -6.22781329999998], [106.796158, -6.227194299999951], [106.79629540000008, -6.226851], [106.796364, -6.226538699999935], [106.796303, -6.225144899999975], [106.79604360000008, -6.223882199999935], [106.79608940000008, -6.223238499999979], [106.79609080000006, -6.223229899999978], [106.79629540000008, -6.221954399999959], [106.79652420000008, -6.220694099999946], [106.79663870000007, -6.220069], [106.79681420000009, -6.219173], [106.79685230000007, -6.218779099999949], [106.79685750000004, -6.218701899999928], [106.79685990000007, -6.218667099999948], [106.79686760000004, -6.21845959999996], [106.79684470000007, -6.218168299999945], [106.79679130000005, -6.218004299999961], [106.79662340000004, -6.217614199999957], [106.79645560000006, -6.217259899999931], [106.79628770000005, -6.216901299999961], [106.79613510000007, -6.216625199999953], [106.79607360000006, -6.216399899999942], [106.79614540000006, -6.216163], [106.79622560000007, -6.21604439999993], [106.79627350000004, -6.215912399999979], [106.79625170000008, -6.215815699999951], [106.79620250000005, -6.215573799999959], [106.79607410000006, -6.215168], [106.79582230000005, -6.214636399999961], [106.79566210000007, -6.214315899999974], [106.79563920000004, -6.214266299999963], [106.79556290000005, -6.21410469999995], [106.79554180000008, -6.214080199999955], [106.79546350000004, -6.213989699999956], [106.79538260000004, -6.21389309999995], [106.79535690000006, -6.213567299999966], [106.79539510000006, -6.212959799999965], [106.79541030000007, -6.212909699999955], [106.795418, -6.212863499999969], [106.795454, -6.212768799999935], [106.79566210000007, -6.212708], [106.79573840000006, -6.212610799999936], [106.79576130000004, -6.212493], [106.79561820000004, -6.212369699999954], [106.79557620000008, -6.212356899999975], [106.79539050000005, -6.212287599999968], [106.79515860000004, -6.212206899999956], [106.79512040000009, -6.212185399999953], [106.794995, -6.212127599999974], [106.79481990000005, -6.21201259999998], [106.79480870000003, -6.212002899999959], [106.79470130000004, -6.211910799999941], [106.79458640000007, -6.211844499999927], [106.79443260000005, -6.211909], [106.794327, -6.211936499999979], [106.79415910000006, -6.211982299999931], [106.79401350000006, -6.21194], [106.79399160000008, -6.211824399999955], [106.79393030000006, -6.211711], [106.79381380000007, -6.211687899999959], [106.79366070000003, -6.211699199999941], [106.79350230000006, -6.211745399999927], [106.79342970000005, -6.211732199999972], [106.79342310000004, -6.211711799999932], [106.79341070000004, -6.211673099999928], [106.79343190000009, -6.211605799999973], [106.79364030000005, -6.211490699999956], [106.79371660000004, -6.211427199999946], [106.79371, -6.211198799999977], [106.79368610000006, -6.210973299999978], [106.79360220000007, -6.21084929999995], [106.793236, -6.210580399999969], [106.79307340000008, -6.210491], [106.79295780000007, -6.21045369999996], [106.79281770000006, -6.210360099999946], [106.79277820000004, -6.210293299999933], [106.79270190000005, -6.21020939999994], [106.79271720000008, -6.209820799999932], [106.792679, -6.209608599999967], [106.79259510000009, -6.209391599999947], [106.79249590000006, -6.209257199999968], [106.79235650000004, -6.20916909999994], [106.79204750000008, -6.209077199999967], [106.79190750000004, -6.208986299999935], [106.79183450000005, -6.208852099999945], [106.79179920000007, -6.208758099999955], [106.79187650000006, -6.208561499999973], [106.79198050000008, -6.208329899999967], [106.79212510000008, -6.208176099999946], [106.79227470000006, -6.208015499999931], [106.79238150000003, -6.207810399999971], [106.79238910000004, -6.207788], [106.79222130000005, -6.207747], [106.79195420000008, -6.207694599999968], [106.79156510000007, -6.207625399999927], [106.790848, -6.207501899999954], [106.79045120000006, -6.207443799999965], [106.78993240000005, -6.207875299999955], [106.78958560000007, -6.208228599999927], [106.78952050000004, -6.208294899999942], [106.78938310000007, -6.208417399999973], [106.78918480000004, -6.208489899999961], [106.789139, -6.208496899999943], [106.78911610000006, -6.208500399999934], [106.788994, -6.20849329999993], [106.788521, -6.208245799999929], [106.78839130000006, -6.208157599999936], [106.78830740000006, -6.208046499999966], [106.78801750000008, -6.207742199999927], [106.78788010000005, -6.207598699999949], [106.78784960000007, -6.207542], [106.78782670000004, -6.207514299999957], [106.78773520000004, -6.207358899999974], [106.78756730000003, -6.207196799999963], [106.78732320000006, -6.207048499999928], [106.78692650000005, -6.206937799999935], [106.78656030000008, -6.20690639999998], [106.78632370000008, -6.20689729999998], [106.78599570000006, -6.206867699999975], [106.78520980000008, -6.206800499999929], [106.78487420000005, -6.206775199999981], [106.78452320000008, -6.20676519999995], [106.78397390000003, -6.206739499999969], [106.78315, -6.206720099999927], [106.78314230000007, -6.206719899999939], [106.78314230000007, -6.207109], [106.78316520000004, -6.207460899999944], [106.78317280000005, -6.207532899999933], [106.78321090000009, -6.207900099999961], [106.78323380000006, -6.208266299999934], [106.78326440000006, -6.208589599999925], [106.78334070000005, -6.209325799999931], [106.78337880000004, -6.209606199999939], [106.78337880000004, -6.209632399999975], [106.783478, -6.210433499999965], [106.78350090000004, -6.210836899999947], [106.78350850000004, -6.21099], [106.78351480000003, -6.211011099999951], [106.78351610000004, -6.211015699999962], [106.783539, -6.211348099999952], [106.78355430000005, -6.212162499999977], [106.78348560000006, -6.212414299999978], [106.78334830000006, -6.21269609999996], [106.78317280000005, -6.212946899999963], [106.78314990000007, -6.212960799999962], [106.78310140000008, -6.212984199999937], [106.78305840000007, -6.213005099999975], [106.78294390000008, -6.213102399999968], [106.78278370000004, -6.21321869999997], [106.78252430000003, -6.213286399999959], [106.78231830000004, -6.213301699999931], [106.78167740000004, -6.213333199999965], [106.78104690000004, -6.213360699999953], [106.78100120000005, -6.213358199999959], [106.780703, -6.213364599999977], [106.78058750000008, -6.213373], [106.78018210000005, -6.213408499999957], [106.77998660000009, -6.213416799999948], [106.77938860000006, -6.21344229999994], [106.778763, -6.213471899999945], [106.77809160000004, -6.213503399999979], [106.77783990000006, -6.213533899999959], [106.77774830000004, -6.213585899999941], [106.77767960000006, -6.213680299999965], [106.77766440000005, -6.213722299999972], [106.77762620000004, -6.214077499999973], [106.77762620000004, -6.214109], [106.77762620000004, -6.214249699999925], [106.77763330000005, -6.214716899999928], [106.77760750000004, -6.215047699999957], [106.77757860000008, -6.21524409999995], [106.77754990000005, -6.215386899999942], [106.77750420000007, -6.215484199999935], [106.77736680000004, -6.215720199999964], [106.77711510000006, -6.216136499999948], [106.77711440000007, -6.21614], [106.77709980000009, -6.216219399999943], [106.77707690000005, -6.216578499999969], [106.777138, -6.21686509999995], [106.77723710000004, -6.216973799999948], [106.77744310000008, -6.217097299999978], [106.77783220000003, -6.217289499999936], [106.77794670000009, -6.217327199999943], [106.77821370000004, -6.217447299999947], [106.77832810000007, -6.217556499999944], [106.778351, -6.217588499999977], [106.77838150000008, -6.217668099999969], [106.778435, -6.217901299999937], [106.77847310000004, -6.218320399999925], [106.77848070000005, -6.218781], [106.77848110000008, -6.218789899999933], [106.77848840000007, -6.218966499999965], [106.77847310000004, -6.21976849999993], [106.77847310000004, -6.219824799999969], [106.77847310000004, -6.220124699999928], [106.77848060000008, -6.220386599999927], [106.77848070000005, -6.22038989999993], [106.77848070000005, -6.220693099999949], [106.77848070000005, -6.220868199999927], [106.77848070000005, -6.221136599999966], [106.77847310000004, -6.221823699999959], [106.77846550000004, -6.222150399999975], [106.77846550000004, -6.222268099999951], [106.77845780000007, -6.222476499999971], [106.77845780000007, -6.223219899999947], [106.77845780000007, -6.223322], [106.77845780000007, -6.224387199999967], [106.77845030000009, -6.224836], [106.77847220000007, -6.224848099999974], [106.77847060000005, -6.224945099999957], [106.77844430000005, -6.225194199999976], [106.77843660000008, -6.225463399999967], [106.77842970000006, -6.225703599999974], [106.77841150000006, -6.226339099999961], [106.77840540000005, -6.226554], [106.77840930000008, -6.226681499999927], [106.77841620000004, -6.226909], [106.77831270000007, -6.226914699999952], [106.77795430000003, -6.226916099999926], [106.77783620000008, -6.226967399999978], [106.77770850000007, -6.226967799999954], [106.77748340000005, -6.226968599999964], [106.77742970000008, -6.226937699999951], [106.77735880000006, -6.226938899999936], [106.77722090000009, -6.226941199999942], [106.77720160000007, -6.226941599999975], [106.77707470000007, -6.226944199999934], [106.77696940000004, -6.22694649999994], [106.77696470000006, -6.227035099999966], [106.77653290000006, -6.227065899999957], [106.77651910000009, -6.227066899999954], [106.77626920000006, -6.227067699999964], [106.77624880000008, -6.226983099999927], [106.77615710000003, -6.226984399999935], [106.77614030000007, -6.227024], [106.77582640000008, -6.227036599999963], [106.77575930000006, -6.227039399999967], [106.77564360000008, -6.227043499999979], [106.775322, -6.227054899999928], [106.77529950000007, -6.227080399999977], [106.77516090000006, -6.227058199999931], [106.77512720000004, -6.227052799999967], [106.77490170000004, -6.227061699999979], [106.77484350000009, -6.22706409999995], [106.77483590000008, -6.227019899999959], [106.77483240000004, -6.227019399999961], [106.77456090000004, -6.227034299999957], [106.77450510000006, -6.227006599999925], [106.77445690000008, -6.227089199999966], [106.77395120000006, -6.227099499999952], [106.77380490000007, -6.227102499999944], [106.773761, -6.227103399999976], [106.77341050000007, -6.227110499999981], [106.77325070000006, -6.227113799999927], [106.77279490000006, -6.227123099999972], [106.772731, -6.22712439999998], [106.77191450000004, -6.227141], [106.77182530000005, -6.227140399999939], [106.77178730000008, -6.227140199999951], [106.77109290000004, -6.227166599999975], [106.77017740000008, -6.227196499999934], [106.76994010000004, -6.227219499999933], [106.76985680000007, -6.227215799999954], [106.76980190000006, -6.227213399999926], [106.76911010000003, -6.227231199999949], [106.76896060000007, -6.227231699999948], [106.76884510000008, -6.227238], [106.76865550000008, -6.227248399999951], [106.76835240000008, -6.227264899999966], [106.76801790000007, -6.227249299999926], [106.76784040000007, -6.227274299999976], [106.76778860000007, -6.227276599999925], [106.76769040000005, -6.227276899999936], [106.76764290000006, -6.227277099999981], [106.76751850000005, -6.227277499999957], [106.76739320000007, -6.227301099999977], [106.76725240000007, -6.227327599999967], [106.76713080000007, -6.227356], [106.76690160000004, -6.22740959999993], [106.76673660000006, -6.227448199999969], [106.76651360000005, -6.227430399999946], [106.76638160000005, -6.227395699999931], [106.76629870000005, -6.227412399999935], [106.76628140000008, -6.22741179999997], [106.766232, -6.22740779999998], [106.76597510000005, -6.227387199999953], [106.76578990000007, -6.227372399999979], [106.76556540000007, -6.227354399999967], [106.76438530000007, -6.227259699999934], [106.76433740000004, -6.227255899999932], [106.76433090000006, -6.227255399999933], [106.76430820000007, -6.227256], [106.76428430000004, -6.227299899999934], [106.76425750000004, -6.227364199999954], [106.76423260000007, -6.227395299999955], [106.76423, -6.2274], [106.76412, -6.22754], [106.76412, -6.227609799999925], [106.76412040000008, -6.227610399999946], [106.76419, -6.22769], [106.76432530000005, -6.227698799999928], [106.76450460000007, -6.227689699999928], [106.76451160000005, -6.227688799999953], [106.76453130000004, -6.227701099999933], [106.76470130000007, -6.227774499999953], [106.764847, -6.227944899999954], [106.76491580000004, -6.228089899999929], [106.76496320000007, -6.228211199999976], [106.76500720000007, -6.228302399999961], [106.76501010000004, -6.228331299999979], [106.76501920000004, -6.228354499999966], [106.76504560000006, -6.22857659999994], [106.76468, -6.22924], [106.76456, -6.22929], [106.76444850000007, -6.229273899999953], [106.76439560000006, -6.229266199999927], [106.76433460000004, -6.229153799999949], [106.76421330000005, -6.229128199999934], [106.76412890000006, -6.229201899999964], [106.76408290000006, -6.229254899999944], [106.76395590000004, -6.229597099999978], [106.763932, -6.229679399999952], [106.76391240000004, -6.229755799999964], [106.76389560000007, -6.229924899999958], [106.76389560000007, -6.229932899999937], [106.76393070000006, -6.230047599999978], [106.76395060000004, -6.230097], [106.76399170000008, -6.230186], [106.7641, -6.2301], [106.76461310000008, -6.229577399999926], [106.764656, -6.229560599999957], [106.76468160000007, -6.229543399999955], [106.764801, -6.229500299999927], [106.76482720000007, -6.229493599999955], [106.76488120000005, -6.229472499999929], [106.76493870000007, -6.22947419999997], [106.76512540000004, -6.229473599999949], [106.76541, -6.22954], [106.76552, -6.22961], [106.76564, -6.22978], [106.76588, -6.23028], [106.76591, -6.23035], [106.766098, -6.230854799999975], [106.766067, -6.230956099999958], [106.76605270000005, -6.230983], [106.76602250000008, -6.231082899999933], [106.76595860000003, -6.231115199999977], [106.76581680000004, -6.231127199999946], [106.76578620000004, -6.231122299999981], [106.76576360000007, -6.231131599999969], [106.765656, -6.231175899999926], [106.76560740000008, -6.231144799999981], [106.76558830000005, -6.231132699999932], [106.76542990000007, -6.231147399999941], [106.76540910000006, -6.231170099999929], [106.76532, -6.23123], [106.76532070000007, -6.231455299999936], [106.76522640000007, -6.23173289999994], [106.76509770000007, -6.231914099999926], [106.76495540000008, -6.232030599999973], [106.76467350000007, -6.232235199999934], [106.76463220000005, -6.232295199999953], [106.76462370000007, -6.23230209999997], [106.764627, -6.232302699999934], [106.76456, -6.2324], [106.76437, -6.23281], [106.76407, -6.23322], [106.76412, -6.2334], [106.76428, -6.23386], [106.76441, -6.23426], [106.76446, -6.23444], [106.7646, -6.23495], [106.76468, -6.23504], [106.76479, -6.23507], [106.76487, -6.23505], [106.76505, -6.23498], [106.76523, -6.23489], [106.76553860000007, -6.234570699999949], [106.76556160000007, -6.234516799999938], [106.76556540000007, -6.234509599999967], [106.765654, -6.234342699999956], [106.76567410000007, -6.234295399999951], [106.76588850000007, -6.233992599999965], [106.76604670000006, -6.233790399999975], [106.76612790000007, -6.233686399999954], [106.76621180000006, -6.233689499999969], [106.76632130000007, -6.233778099999938], [106.76646, -6.23393], [106.76665, -6.23414], [106.76703, -6.23468], [106.76709, -6.23479], [106.76715, -6.23491], [106.76719, -6.23517], [106.76714530000004, -6.235458799999947], [106.76712510000004, -6.235603599999934], [106.76713650000005, -6.235740799999974], [106.76714230000005, -6.235810399999934], [106.76710230000003, -6.236207599999943], [106.76711090000003, -6.236302699999953], [106.76704940000008, -6.236455899999953], [106.76701, -6.23658], [106.76689, -6.2367], [106.76644740000006, -6.236647299999959], [106.76604610000004, -6.236657199999968], [106.76604160000005, -6.236658399999953], [106.766025, -6.236657899999955], [106.76572490000007, -6.236743699999977], [106.76566560000003, -6.236743899999965], [106.76549980000004, -6.236744399999964], [106.76526750000005, -6.236678899999959], [106.76526050000007, -6.236676899999964], [106.76507260000005, -6.23665189999997], [106.76504310000007, -6.236673599999961], [106.76504130000006, -6.236673599999961], [106.765039, -6.236676699999975], [106.76494480000008, -6.236746299999936], [106.76489910000004, -6.236857399999963], [106.764852, -6.236918299999957], [106.76469570000006, -6.237129799999934], [106.76456810000008, -6.23729979999996], [106.76450230000006, -6.237399299999936], [106.76442420000006, -6.237519499999962], [106.76439970000007, -6.237627099999941], [106.76439170000003, -6.237690899999961], [106.76438360000009, -6.237755399999969], [106.76451, -6.23806], [106.76454, -6.23861], [106.76456, -6.23875], [106.76462, -6.23887], [106.76471, -6.23893], [106.76492, -6.23898], [106.76516, -6.23897], [106.76531, -6.23892], [106.76541, -6.23885], [106.76552, -6.23864], [106.76558, -6.23842], [106.76558490000008, -6.238346499999977], [106.76562, -6.23827], [106.7657, -6.23818], [106.76582, -6.23816], [106.76593, -6.23818], [106.76604, -6.23825], [106.7661, -6.23833], [106.7661, -6.23842], [106.76600970000004, -6.238554399999941], [106.76599430000005, -6.238575699999956], [106.76587370000004, -6.238742799999955], [106.76583150000005, -6.238879699999927], [106.76597, -6.23909], [106.76633, -6.23942], [106.7665, -6.2396], [106.76658, -6.23973], [106.7666, -6.23983], [106.76652, -6.23999], [106.76643, -6.24008], [106.76637, -6.24011], [106.76631330000004, -6.239971899999944], [106.76627, -6.23979259999993], [106.76612460000007, -6.239724699999954], [106.76601, -6.23977], [106.7659, -6.23982], [106.76582, -6.23993], [106.76579, -6.2401], [106.76582, -6.24035], [106.76587, -6.24058], [106.76587, -6.24067], [106.76577, -6.2408], [106.76568, -6.24091], [106.7656, -6.24114], [106.76556, -6.24138], [106.76558, -6.24156], [106.76565, -6.24171], [106.76574, -6.24184], [106.76601, -6.24197], [106.76677, -6.24227], [106.76685, -6.2423], [106.76704, -6.2423], [106.76727, -6.24232], [106.76738, -6.24236], [106.76776, -6.24277], [106.76787470000005, -6.242957199999978], [106.76793770000006, -6.243059799999969], [106.76811770000006, -6.243264299999964], [106.76822920000006, -6.243426299999953], [106.76825210000004, -6.243583099999967], [106.76825880000007, -6.243628499999943], [106.76826230000006, -6.243652499999939]]] 
      }
    },
    {
      "type": "Feature",
      "properties": {
        "district_id": "3171060",
        "province": "DKI Jakarta",
        "regency": "Jakarta Selatan",
        "district": "Kebayoran Baru",
        "pria": 0,
        "wanita": 0,
        "total_penduduk": 0
      },
      "geometry": {
        "type": "Polygon",
        "coordinates": [[[106.80845050000005, -6.255193099999929], [106.80845990000006, -6.255187899999953], [106.80846940000004, -6.255182699999978], [106.80850140000007, -6.255165], [106.80851940000008, -6.255155199999933], [106.80852110000006, -6.255154199999936], [106.80855610000003, -6.255134899999973], [106.80855960000008, -6.255070499999931], [106.80856260000007, -6.254846799999939], [106.80855430000008, -6.254687599999954], [106.80855560000003, -6.254422099999942], [106.80855630000008, -6.254283899999962], [106.80855250000008, -6.254283899999962], [106.80854690000007, -6.254283899999962], [106.80855290000005, -6.253962599999966], [106.80855840000004, -6.253869399999928], [106.80856, -6.25356], [106.80856, -6.253515599999957], [106.80856, -6.25334], [106.8086, -6.25322], [106.808719, -6.253070599999944], [106.80888620000007, -6.253038699999934], [106.80904270000008, -6.252994599999965], [106.80915940000006, -6.252932], [106.80916630000007, -6.252818699999978], [106.80908920000007, -6.252701899999977], [106.80901, -6.25263], [106.80895, -6.25254], [106.80895, -6.25247], [106.80894, -6.25234], [106.80896060000003, -6.252228799999955], [106.80904410000005, -6.252083199999959], [106.80939380000007, -6.251554499999941], [106.80947680000008, -6.251476199999956], [106.80952560000009, -6.2514], [106.80982210000008, -6.25113129999994], [106.80992950000007, -6.251049699999953], [106.80998020000004, -6.251002], [106.81043710000006, -6.250557], [106.81043650000004, -6.250404699999933], [106.81041810000005, -6.250388], [106.81041440000007, -6.250385199999926], [106.81034480000005, -6.250373799999977], [106.81021490000006, -6.250397199999952], [106.81009250000005, -6.25034409999995], [106.81000810000006, -6.250245], [106.80961090000005, -6.249171], [106.809619, -6.249176199999965], [106.80961, -6.249], [106.80972540000005, -6.248823499999958], [106.80976850000008, -6.248772899999949], [106.80981310000004, -6.248720499999934], [106.80985520000007, -6.24865189999997], [106.80988160000004, -6.24859349999997], [106.80990380000009, -6.248557699999935], [106.80992790000005, -6.248533399999928], [106.80993, -6.24853], [106.80993490000009, -6.248525399999949], [106.80993520000004, -6.248512199999936], [106.80993520000004, -6.248512], [106.80998090000008, -6.248482099999933], [106.80998380000005, -6.248479299999929], [106.81009630000005, -6.248323399999947], [106.81031670000004, -6.248108499999944], [106.81062, -6.24786], [106.81078640000004, -6.247742699999947], [106.81091450000008, -6.247665799999936], [106.81109920000006, -6.247551199999975], [106.81126810000006, -6.24740369999995], [106.811295, -6.247379499999965], [106.81130320000005, -6.247372799999937], [106.81140680000004, -6.247276199999931], [106.81154810000004, -6.247204499999953], [106.81156290000007, -6.247207199999934], [106.81157310000003, -6.247202399999935], [106.81169, -6.24723], [106.81181, -6.24725], [106.81189, -6.24722], [106.81195190000005, -6.247039499999971], [106.81194990000006, -6.246993199999963], [106.81196, -6.24688], [106.81201, -6.24681], [106.81204650000006, -6.24680189999998], [106.81205090000009, -6.24679459999993], [106.812085, -6.246793299999979], [106.81211780000007, -6.246792099999936], [106.81219270000008, -6.246789199999967], [106.81227, -6.24681], [106.81239, -6.24674], [106.8125, -6.24669], [106.81257, -6.24654], [106.81263, -6.24633], [106.81288, -6.24609], [106.81308, -6.24567], [106.81312, -6.24562], [106.81325, -6.2456], [106.81343, -6.2456], [106.81356, -6.24556], [106.81367, -6.24548], [106.81374, -6.24536], [106.81377, -6.24517], [106.81377, -6.245033199999966], [106.81377, -6.245031199999971], [106.81377, -6.24491], [106.814061, -6.244612299999972], [106.81406310000006, -6.244608699999958], [106.81417, -6.24442], [106.81422560000004, -6.244331899999963], [106.81436, -6.24425], [106.81448, -6.24416], [106.81454, -6.24411], [106.81467, -6.24369], [106.8147, -6.24343], [106.8147, -6.24321], [106.81473, -6.24308], [106.81485, -6.24291], [106.81496, -6.24286], [106.81512, -6.24283], [106.81523, -6.24285], [106.81536, -6.24303], [106.81544, -6.24312], [106.81551730000007, -6.243139199999973], [106.81561, -6.24311], [106.81565, -6.24302], [106.81569980000006, -6.242843], [106.81559, -6.24252], [106.81559, -6.24241], [106.81564, -6.24234], [106.81581, -6.2423], [106.81588, -6.24227], [106.81592, -6.24218], [106.81588, -6.24203], [106.81586, -6.24194], [106.81586150000004, -6.24193889999998], [106.81586140000007, -6.241938499999947], [106.81599, -6.24184], [106.81604, -6.24178], [106.81603, -6.24167], [106.81586, -6.24157], [106.81579, -6.2415], [106.81585650000005, -6.241378199999929], [106.81588530000005, -6.241325499999959], [106.81605540000004, -6.241031299999975], [106.81623270000006, -6.240920199999948], [106.81623590000004, -6.240918199999953], [106.81634530000008, -6.240940099999932], [106.81647570000007, -6.240966299999968], [106.81658250000004, -6.240745699999934], [106.81667920000007, -6.240571899999964], [106.81669430000005, -6.24054469999993], [106.81692, -6.24015], [106.81705, -6.23994], [106.81768, -6.23903], [106.81773, -6.23894], [106.81779, -6.23883], [106.81791, -6.23851], [106.81793, -6.23821], [106.81796, -6.23776], [106.817972, -6.237729099999967], [106.81797510000007, -6.237694099999942], [106.81804290000008, -6.237546799999961], [106.81810610000008, -6.237384299999974], [106.81814270000007, -6.237244], [106.81818360000005, -6.237065799999925], [106.8182, -6.23688], [106.81822, -6.2368], [106.81822280000006, -6.236790799999937], [106.81826070000005, -6.236745099999951], [106.818275, -6.236688899999933], [106.81831790000007, -6.236512199999936], [106.81835, -6.23638], [106.81826930000005, -6.236240699999939], [106.81826170000005, -6.236227699999972], [106.81827280000005, -6.236219099999971], [106.81827950000007, -6.236177699999928], [106.818362, -6.236151799999959], [106.81855, -6.23602], [106.81853, -6.23594], [106.81844, -6.23584], [106.81831, -6.23578], [106.81814, -6.2357], [106.81793, -6.23549], [106.81776, -6.23529], [106.81775, -6.23514], [106.81771, -6.23447], [106.81762, -6.23423], [106.81748, -6.23374], [106.81749, -6.23364], [106.8175, -6.23358], [106.81753750000007, -6.233463799999981], [106.81753940000004, -6.23345779999994], [106.8176, -6.23327], [106.81768, -6.23318], [106.817743, -6.233138], [106.8178, -6.2331], [106.81759, -6.2329], [106.81745, -6.23271], [106.81741, -6.23258], [106.81743, -6.2324], [106.81746, -6.23228], [106.81744, -6.23217], [106.81739, -6.2321], [106.81729, -6.23207], [106.81707, -6.2321], [106.81685, -6.23214], [106.81674, -6.23213], [106.81676, -6.23189], [106.81683, -6.2313], [106.81706, -6.23044], [106.81718, -6.23013], [106.81724, -6.22998], [106.81724, -6.2297], [106.81721, -6.22944], [106.81699, -6.22892], [106.81683, -6.22863], [106.81667, -6.22834], [106.81663, -6.22828], [106.81655, -6.22803], [106.81654, -6.22783], [106.81657, -6.22766], [106.81667, -6.22752], [106.81698, -6.22732], [106.8171, -6.22722], [106.81706, -6.22707], [106.8169, -6.22697], [106.81676, -6.22686], [106.81667, -6.22675], [106.81665, -6.22666], [106.81667, -6.22658], [106.81695, -6.22636], [106.81704, -6.2263], [106.81676, -6.22592], [106.81606, -6.22483], [106.81578, -6.22441], [106.81536, -6.22378], [106.81506, -6.22336], [106.81479, -6.22299], [106.81399, -6.22188], [106.81386710000004, -6.22167509999997], [106.81375, -6.22148], [106.81368, -6.22138], [106.81352, -6.22116], [106.81342, -6.22103], [106.81332, -6.22085], [106.81321, -6.22067], [106.81273, -6.21998], [106.81256, -6.21973], [106.81234910000006, -6.219423199999937], [106.81234, -6.21941], [106.81233850000007, -6.219407799999942], [106.812195, -6.219540699999925], [106.81204240000005, -6.219683699999962], [106.81199670000007, -6.219729399999949], [106.81196610000006, -6.219753799999978], [106.81191270000005, -6.219799099999932], [106.81187460000007, -6.219827699999939], [106.81183640000006, -6.21986389999995], [106.81174490000006, -6.219936899999936], [106.81169910000006, -6.219974099999945], [106.81166860000008, -6.219988399999977], [106.81153120000005, -6.22007659999997], [106.81095910000005, -6.220537199999967], [106.810158, -6.221179], [106.81008170000007, -6.22124679999996], [106.80998250000005, -6.221325399999955], [106.809952, -6.221353599999929], [106.80990620000006, -6.22139459999994], [106.80982990000007, -6.221447499999954], [106.80978410000006, -6.221473699999933], [106.809601, -6.221597699999961], [106.80942560000005, -6.221709299999929], [106.80925010000004, -6.221842799999934], [106.809067, -6.221994499999937], [106.80894490000009, -6.222089299999936], [106.80884570000006, -6.222159399999953], [106.80863210000007, -6.222314399999959], [106.80828110000004, -6.22260719999997], [106.80771660000005, -6.22300249999995], [106.80743430000007, -6.22318219999994], [106.807007, -6.223427799999968], [106.806473, -6.223744899999929], [106.80639670000005, -6.223799299999939], [106.80598470000007, -6.224097799999981], [106.80559560000006, -6.224336199999925], [106.80535910000003, -6.224525], [106.80520650000005, -6.224651899999969], [106.80502580000007, -6.224769], [106.80491660000007, -6.224839699999961], [106.804764, -6.22493129999998], [106.80455040000004, -6.225142], [106.80426810000006, -6.225348], [106.80381030000007, -6.22566269999993], [106.803322, -6.22603179999993], [106.80307030000006, -6.226250199999981], [106.80302450000005, -6.226292699999931], [106.802994, -6.226317], [106.80296050000004, -6.22634249999993], [106.80178090000004, -6.22724009999996], [106.80162830000006, -6.227352199999928], [106.80137650000006, -6.227535799999941], [106.80118580000004, -6.227683099999979], [106.80103320000006, -6.227798499999949], [106.800873, -6.227902], [106.80074330000008, -6.227996399999938], [106.79989640000008, -6.228692099999932], [106.79962180000007, -6.22895909999994], [106.79959130000009, -6.228997299999946], [106.79946920000003, -6.228975299999945], [106.79930130000008, -6.229005399999949], [106.79924250000005, -6.229071599999941], [106.79924030000006, -6.229074], [106.79923940000003, -6.229073199999959], [106.79914110000004, -6.228987299999972], [106.79866810000004, -6.228861399999971], [106.79846970000006, -6.228835099999969], [106.79833240000005, -6.228853299999969], [106.79824090000005, -6.228891899999951], [106.79773730000005, -6.229210399999943], [106.79769150000004, -6.22924], [106.79761530000007, -6.22926949999993], [106.79752370000006, -6.229304799999966], [106.79737870000008, -6.229300099999932], [106.79734820000004, -6.229300099999932], [106.79731770000006, -6.22929629999993], [106.79700490000005, -6.229274799999928], [106.796364, -6.229285299999958], [106.79633350000006, -6.229285299999958], [106.79602830000005, -6.229279099999928], [106.79579180000007, -6.229268599999955], [106.79582, -6.22936], [106.79579, -6.22999], [106.79573, -6.23015], [106.79553, -6.23044], [106.79541, -6.23045], [106.79524, -6.23041], [106.79492, -6.23022], [106.79472, -6.23007], [106.79462, -6.23007], [106.79449, -6.23013], [106.79418, -6.23035], [106.79364510000005, -6.230816899999979], [106.79363, -6.23083], [106.79357, -6.23082], [106.79296, -6.23068], [106.79272, -6.23067], [106.79229, -6.23067], [106.79187, -6.23074], [106.7918, -6.2308], [106.79143, -6.23135], [106.79127, -6.23161], [106.7912, -6.23172], [106.79057940000007, -6.232528499999944], [106.79044, -6.23271], [106.79021, -6.233], [106.79001, -6.23316], [106.78958, -6.23342], [106.78944, -6.23337], [106.78931, -6.23334], [106.78907, -6.23337], [106.78893, -6.23347], [106.78892230000008, -6.233498399999974], [106.7889, -6.23358], [106.78885190000005, -6.233791699999927], [106.78884470000008, -6.233789199999933], [106.78859, -6.23379], [106.78848, -6.23386], [106.78818, -6.23409], [106.78803, -6.23415], [106.78791, -6.23414], [106.78776, -6.23412], [106.78748, -6.2342], [106.78737, -6.23424], [106.78723, -6.23437], [106.78693, -6.23468], [106.7867, -6.23497], [106.78674, -6.2351], [106.78675, -6.23523], [106.7867, -6.2353], [106.78658, -6.23539], [106.78649, -6.23539], [106.78627, -6.2354], [106.78617, -6.23544], [106.78604, -6.23557], [106.78591, -6.23577], [106.78587, -6.23582], [106.78584650000005, -6.23584859999994], [106.78583570000006, -6.235864899999967], [106.78575260000008, -6.235971899999981], [106.78573360000007, -6.235985599999935], [106.78573, -6.23599], [106.78571660000006, -6.235997899999973], [106.78571480000005, -6.235999199999981], [106.78545080000004, -6.236168299999974], [106.78544830000004, -6.236169799999971], [106.78542, -6.23619], [106.78541490000003, -6.236216699999943], [106.78541370000005, -6.236224499999935], [106.78530660000007, -6.236909099999934], [106.78518780000007, -6.237010399999974], [106.78492050000006, -6.237193299999944], [106.78489, -6.23722], [106.78488830000003, -6.237224399999945], [106.78487880000006, -6.237263299999938], [106.78486460000005, -6.237294099999929], [106.78492090000009, -6.237745899999936], [106.78495260000005, -6.237937599999952], [106.78501840000007, -6.23806019999995], [106.78523090000004, -6.238314799999955], [106.78525650000006, -6.238354], [106.78531, -6.23842], [106.78532220000005, -6.238446099999976], [106.78536710000009, -6.23852329999994], [106.785379, -6.238567899999964], [106.78538, -6.23857], [106.78538, -6.238571599999943], [106.78538120000007, -6.238575899999944], [106.78538, -6.238604599999974], [106.78538, -6.2387], [106.78537850000004, -6.238701499999934], [106.78537850000004, -6.238703599999951], [106.78532570000004, -6.238756699999954], [106.785194, -6.238844899999947], [106.78505270000005, -6.238912599999935], [106.78502, -6.23893], [106.78497650000008, -6.238992099999962], [106.78495630000003, -6.239022699999964], [106.78492770000008, -6.23914149999996], [106.78492280000006, -6.239165899999932], [106.78492, -6.23918], [106.78493680000008, -6.239339899999948], [106.78494, -6.23937], [106.78494, -6.239371499999947], [106.78494, -6.239431699999955], [106.78494, -6.239476899999943], [106.78494260000008, -6.239567799999975], [106.78490760000005, -6.239659099999926], [106.7849, -6.23968], [106.78484470000006, -6.239797499999952], [106.78480670000005, -6.239882799999975], [106.784779, -6.23994829999998], [106.78472, -6.24009], [106.78470320000008, -6.240274499999941], [106.78470010000007, -6.240314699999942], [106.78471510000008, -6.240951299999949], [106.78472080000006, -6.241156799999942], [106.78472, -6.241158], [106.78472, -6.24116], [106.78468720000006, -6.241206899999952], [106.78464950000006, -6.241263], [106.78455630000008, -6.241303799999969], [106.78437280000009, -6.241329299999961], [106.78428880000007, -6.241345199999955], [106.78426220000006, -6.241392099999928], [106.78419190000005, -6.241523899999947], [106.78413110000008, -6.241644699999938], [106.78415, -6.241725599999938], [106.78417780000007, -6.241896599999961], [106.78419140000005, -6.241947699999969], [106.78421690000005, -6.242017199999964], [106.78422220000004, -6.242028799999957], [106.78429150000005, -6.242145499999936], [106.78434, -6.24222], [106.78447590000007, -6.242369199999928], [106.78453170000006, -6.242440399999964], [106.78454, -6.24245], [106.78454120000004, -6.242452599999979], [106.78454150000005, -6.242453], [106.78454960000005, -6.242470899999944], [106.78457390000005, -6.242523399999925], [106.78461990000005, -6.242614699999933], [106.78466, -6.24271], [106.78473560000003, -6.242776299999946], [106.784798, -6.242825899999957], [106.78485, -6.24288], [106.78497, -6.24287], [106.78517, -6.24285], [106.7853, -6.24295], [106.78535080000006, -6.242987099999937], [106.78535250000004, -6.242982799999936], [106.78546170000004, -6.243066499999941], [106.78566370000004, -6.243198499999949], [106.78603, -6.24344], [106.78618, -6.24351], [106.78632, -6.24353], [106.78673, -6.24351], [106.78675, -6.24357], [106.78677, -6.24386], [106.7868, -6.24421], [106.78685, -6.24426], [106.78695, -6.24426], [106.78715940000006, -6.244254199999943], [106.78727080000004, -6.244250099999931], [106.78767, -6.24424], [106.78767, -6.2443], [106.78766150000007, -6.244319799999971], [106.78764, -6.24437], [106.78763970000006, -6.244370599999968], [106.78763440000006, -6.244380599999943], [106.78759120000007, -6.244461599999966], [106.78756430000004, -6.24452], [106.78759260000004, -6.244625799999937], [106.78760770000008, -6.244688099999962], [106.78765930000009, -6.244887399999925], [106.78766130000008, -6.24489479999994], [106.78766660000008, -6.244913699999927], [106.78772480000003, -6.245109899999932], [106.78777590000004, -6.245247399999926], [106.78784120000006, -6.245412899999963], [106.78793190000005, -6.245562099999972], [106.788032, -6.245705], [106.78814480000005, -6.245922599999972], [106.78831390000005, -6.246239699999933], [106.78841110000008, -6.246429399999954], [106.7885, -6.2466], [106.788642, -6.246618599999977], [106.78870140000004, -6.246686899999929], [106.78874520000005, -6.246752099999981], [106.78873850000008, -6.246754], [106.78865240000005, -6.246778], [106.78862660000004, -6.246883], [106.78853130000005, -6.247119399999974], [106.78858240000005, -6.247236599999951], [106.78858830000007, -6.247378199999957], [106.78877060000008, -6.247368499999936], [106.78884120000004, -6.247355399999947], [106.78884370000009, -6.247356], [106.788901, -6.247344299999952], [106.78897110000008, -6.247331299999928], [106.7891, -6.24733], [106.78912210000004, -6.247414699999979], [106.78911660000006, -6.247483699999975], [106.78902660000006, -6.247568299999955], [106.78887820000006, -6.247668], [106.78883030000009, -6.247686699999974], [106.78883710000008, -6.247695599999929], [106.788781, -6.247733399999959], [106.78891670000007, -6.247835099999975], [106.78896760000003, -6.247944599999926], [106.78902820000008, -6.24807519999996], [106.78905050000009, -6.248219399999925], [106.78898080000005, -6.248263299999962], [106.78888030000007, -6.248259299999972], [106.78879840000008, -6.248245399999973], [106.78876460000004, -6.248262499999953], [106.78849410000004, -6.248308599999973], [106.78849120000007, -6.24831219999993], [106.78849160000004, -6.24840839999996], [106.78850530000005, -6.248416199999951], [106.78869250000008, -6.248509099999978], [106.78872740000008, -6.248543799999936], [106.78875750000009, -6.248561499999937], [106.78878220000007, -6.248679699999968], [106.78878280000004, -6.248679799999934], [106.78882930000009, -6.248696699999925], [106.78880750000008, -6.248777], [106.78883050000007, -6.248882599999945], [106.788777, -6.249256799999955], [106.78859, -6.24958], [106.78841, -6.24973], [106.78834, -6.24985], [106.78836930000006, -6.249997099999973], [106.78849730000007, -6.250087899999926], [106.78853010000006, -6.250103399999944], [106.788648, -6.250159099999962], [106.788689, -6.250178499999947], [106.78878070000007, -6.250342399999965], [106.78889260000005, -6.251080899999977], [106.78888860000006, -6.251146799999958], [106.788867, -6.251216199999931], [106.78882420000008, -6.251289299999939], [106.78877120000004, -6.251376799999946], [106.78871320000007, -6.251435199999946], [106.78851, -6.25176], [106.78863, -6.25186], [106.78865, -6.25193], [106.78829, -6.2527], [106.78797, -6.25296], [106.78792, -6.253], [106.787807, -6.253049399999952], [106.78783650000008, -6.253165799999977], [106.78786610000009, -6.253330699999935], [106.78782280000007, -6.253437599999927], [106.78773, -6.25345], [106.78762, -6.25346], [106.78743, -6.25345], [106.78729, -6.25346], [106.78713, -6.25353], [106.78667, -6.25378], [106.78625, -6.25397], [106.78617, -6.25405], [106.78612480000004, -6.254176599999937], [106.78612, -6.25419], [106.78596, -6.25473], [106.78585, -6.255], [106.7858, -6.25526], [106.7858, -6.25566], [106.78586, -6.25603], [106.78594, -6.25636], [106.78602, -6.25648], [106.78613, -6.2565], [106.78625, -6.25655], [106.786261, -6.256572], [106.78629, -6.25663], [106.78628, -6.25672], [106.78622, -6.25683], [106.78614, -6.25686], [106.78599, -6.25686], [106.785748, -6.256844899999976], [106.78567, -6.25684], [106.78554, -6.25688], [106.78545, -6.25698], [106.78528, -6.25717], [106.78507, -6.25732], [106.78505, -6.25741], [106.78504420000007, -6.257549799999936], [106.78506290000007, -6.257602099999929], [106.78504110000006, -6.257622599999934], [106.78504, -6.25765], [106.78492, -6.25801], [106.78478, -6.25851], [106.78489, -6.25853], [106.78509680000008, -6.258581399999969], [106.78521930000005, -6.258642099999975], [106.78519, -6.25879], [106.78517510000006, -6.258953599999927], [106.78517, -6.25901], [106.78523, -6.25907], [106.7853, -6.25909], [106.78538, -6.25912], [106.7854, -6.25919], [106.7854, -6.259267799999975], [106.7854, -6.25947629999996], [106.78540130000005, -6.259481], [106.7854, -6.25958], [106.78536, -6.25971], [106.78531, -6.25984], [106.78531560000005, -6.259988399999941], [106.78528210000007, -6.260042], [106.78527, -6.26013], [106.78511, -6.26023], [106.78494, -6.26035], [106.7849, -6.26044], [106.78494, -6.2605], [106.78505, -6.26058], [106.78528, -6.2607], [106.78545, -6.26082], [106.78546840000007, -6.260869], [106.78548, -6.2609], [106.78548070000005, -6.260993399999961], [106.78541, -6.26108], [106.78523, -6.26123], [106.78512, -6.26137], [106.78516, -6.26142], [106.78515, -6.26218], [106.78517, -6.26233], [106.78523, -6.26292], [106.78523, -6.263], [106.78543, -6.26298], [106.7857, -6.263], [106.78596, -6.26302], [106.78628, -6.2631], [106.78642, -6.26311], [106.78746, -6.26336], [106.78777, -6.26345], [106.78788, -6.26348], [106.7881, -6.26351], [106.78827, -6.26351], [106.78829860000008, -6.263519199999962], [106.78852, -6.26359], [106.78872940000008, -6.263628099999949], [106.78874, -6.26363], [106.78908, -6.26367], [106.7895, -6.26374], [106.78993, -6.26384], [106.78999, -6.26385], [106.79031, -6.26389], [106.79039, -6.26389], [106.79046, -6.26387], [106.7907, -6.26384], [106.79089, -6.26384], [106.79142, -6.26391], [106.7918, -6.26395], [106.79219, -6.26399], [106.79271, -6.26404], [106.79278810000005, -6.264052799999945], [106.7932, -6.26412], [106.79373, -6.26424], [106.79397, -6.26427], [106.79426, -6.26431], [106.79434, -6.26408], [106.79439, -6.26387], [106.79444, -6.2636], [106.79455, -6.2636], [106.79484, -6.26366], [106.79515, -6.26375], [106.79528, -6.26377], [106.7956, -6.26387], [106.79599, -6.26392], [106.79655, -6.264], [106.79688, -6.26396], [106.79715, -6.2639], [106.7973, -6.26441], [106.7973, -6.26464], [106.79732040000005, -6.265280599999926], [106.79731960000004, -6.26533969999997], [106.79732390000004, -6.265389499999969], [106.79733, -6.26558], [106.79733, -6.26572], [106.79744720000008, -6.265720899999963], [106.79754420000006, -6.265734499999951], [106.79761390000004, -6.265738599999963], [106.79765960000009, -6.265746399999955], [106.79783140000006, -6.265749699999958], [106.79791830000005, -6.265754], [106.79800550000004, -6.26575749999995], [106.79807760000006, -6.265760399999976], [106.79812390000006, -6.265771], [106.79828560000004, -6.265808199999981], [106.79845880000005, -6.26580759999996], [106.79855570000007, -6.265807199999927], [106.79857050000004, -6.265803199999937], [106.79868830000004, -6.265810399999964], [106.79900140000007, -6.265783799999951], [106.79934260000005, -6.265782599999966], [106.79953240000003, -6.265797], [106.79978180000006, -6.26581], [106.80006250000008, -6.265867499999956], [106.80015, -6.26618], [106.80023, -6.26674], [106.80031, -6.26674], [106.80068, -6.2668], [106.80112730000008, -6.266855899999939], [106.8018, -6.26694], [106.80182430000008, -6.26693819999997], [106.80234, -6.2669], [106.80285, -6.26689], [106.80341, -6.26678], [106.80358, -6.26675], [106.80407, -6.26668], [106.80443, -6.2666], [106.80442, -6.26636], [106.8046, -6.2663], [106.805, -6.26627], [106.80513, -6.26626], [106.8062, -6.26624], [106.80622410000007, -6.266237], [106.80628, -6.26623], [106.80676, -6.2662], [106.8074, -6.26613], [106.80778, -6.26608], [106.808, -6.26606], [106.80839060000005, -6.265999199999953], [106.80845, -6.26599], [106.80849060000008, -6.26599], [106.80871, -6.26599], [106.80878, -6.26599], [106.80929, -6.26599], [106.80947, -6.26598], [106.809536, -6.265975599999933], [106.80962, -6.26597], [106.80975, -6.26595], [106.81008890000004, -6.265975499999968], [106.81003480000004, -6.266217599999948], [106.81002530000006, -6.266246599999931], [106.80997520000005, -6.266464799999937], [106.80995910000007, -6.266552699999977], [106.810441, -6.266717699999958], [106.81047420000004, -6.266724699999941], [106.81070870000008, -6.266764], [106.81104350000004, -6.266813299999967], [106.81104450000004, -6.266813399999933], [106.81116550000007, -6.266818599999965], [106.81121840000009, -6.266818399999977], [106.81132290000005, -6.266823599999952], [106.81139290000004, -6.266828299999929], [106.81145520000007, -6.266831], [106.81147650000008, -6.266834], [106.81155370000005, -6.266839299999958], [106.81168560000003, -6.266860599999973], [106.81179460000004, -6.266879199999948], [106.81180330000007, -6.266880399999934], [106.81208790000005, -6.26689209999995], [106.81223340000008, -6.26691059999996], [106.81236630000006, -6.266922799999975], [106.81243590000008, -6.266935199999978], [106.81266, -6.26697], [106.81286, -6.26703], [106.81298880000008, -6.26690629999996], [106.81304350000005, -6.266752499999939], [106.81305190000006, -6.266715599999941], [106.81303250000008, -6.266491899999949], [106.81308680000006, -6.266362899999933], [106.81313380000006, -6.266238599999951], [106.813162, -6.266161799999963], [106.81316980000008, -6.266140699999937], [106.813223, -6.266006299999958], [106.81323630000009, -6.26596], [106.81324, -6.26595], [106.81328, -6.26585], [106.81326, -6.26574], [106.81315, -6.26564], [106.81299160000003, -6.265478899999948], [106.81285630000008, -6.265303599999925], [106.81282620000007, -6.265263299999958], [106.81282380000005, -6.265261499999951], [106.81281250000006, -6.265246799999943], [106.81261, -6.2651], [106.81258690000004, -6.264884499999937], [106.81258660000009, -6.26479519999998], [106.81256870000004, -6.264723199999935], [106.81256240000005, -6.264665899999954], [106.81254840000008, -6.26464139999996], [106.81254690000009, -6.264635099999964], [106.81250370000004, -6.264563099999975], [106.81239860000005, -6.264379399999939], [106.81233530000009, -6.263999599999977], [106.81231160000004, -6.26386], [106.81225670000003, -6.263697299999933], [106.81224080000004, -6.263695399999961], [106.81224060000005, -6.263694799999939], [106.81205390000008, -6.263666699999931], [106.81191590000009, -6.263600599999961], [106.81188320000007, -6.263584399999957], [106.81188280000003, -6.263584699999967], [106.81186860000008, -6.263577899999973], [106.81179360000004, -6.263510199999928], [106.81172, -6.26343], [106.81179790000004, -6.263264499999934], [106.81181030000005, -6.263244199999974], [106.81185940000006, -6.263167599999974], [106.81185870000007, -6.26316479999997], [106.81185950000008, -6.263163399999939], [106.81185670000008, -6.263157099999944], [106.81182920000003, -6.263048599999934], [106.811763, -6.263000099999942], [106.81165710000005, -6.262900399999978], [106.81153, -6.26279], [106.81152820000005, -6.262785199999939], [106.8115, -6.26271], [106.81153970000008, -6.262590499999931], [106.81182620000004, -6.262480899999957], [106.81194, -6.26243], [106.81197720000006, -6.262401299999965], [106.81207230000007, -6.262355499999956], [106.81206410000004, -6.262334099999975], [106.812066, -6.262332699999945], [106.81203590000007, -6.262249699999927], [106.81195640000004, -6.26203049999998], [106.81193450000006, -6.261996299999964], [106.81192970000006, -6.261983899999962], [106.81186980000007, -6.261865], [106.811855, -6.261846599999956], [106.81183940000005, -6.261813699999948], [106.81182340000004, -6.261807399999952], [106.81181, -6.261790799999972], [106.81176290000008, -6.261783399999956], [106.81168410000004, -6.261752199999933], [106.81145370000007, -6.261745299999973], [106.81143610000004, -6.261695599999939], [106.811424, -6.261656899999934], [106.81157850000005, -6.261508699999979], [106.81161690000005, -6.261447799999928], [106.81167510000006, -6.261379899999952], [106.81167270000009, -6.261359299999981], [106.811682, -6.261344599999973], [106.81166350000007, -6.261278699999934], [106.81165910000004, -6.26124029999994], [106.81164970000003, -6.261229799999967], [106.81164440000003, -6.261210699999936], [106.81156230000005, -6.261129099999948], [106.81151930000004, -6.261060199999974], [106.81147990000005, -6.260977199999957], [106.81150980000007, -6.260909199999958], [106.81155390000004, -6.260846299999969], [106.81141950000006, -6.260705399999949], [106.81142250000005, -6.260682699999961], [106.81144740000008, -6.260542899999962], [106.81141320000006, -6.26050609999993], [106.811359, -6.260437599999932], [106.81133940000007, -6.260449199999925], [106.81114070000007, -6.260541399999966], [106.811062, -6.260572599999932], [106.81092050000007, -6.260543299999938], [106.81089, -6.26041], [106.81088, -6.26034], [106.81089210000005, -6.260268799999949], [106.81083270000005, -6.260272399999963], [106.81064020000008, -6.260266399999978], [106.81054630000006, -6.260198899999978], [106.81051790000004, -6.26017429999996], [106.81049010000004, -6.260100299999976], [106.81074770000004, -6.260037799999964], [106.81074680000006, -6.260033599999929], [106.81074790000008, -6.260033299999975], [106.81074510000008, -6.26002589999996], [106.810725, -6.259933699999976], [106.81070650000004, -6.259923799999967], [106.810701, -6.25990939999997], [106.81062790000004, -6.259882299999958], [106.81061330000006, -6.259874499999967], [106.81050210000006, -6.259816099999966], [106.81049140000005, -6.259809299999972], [106.81044920000005, -6.25978669999995], [106.81038060000009, -6.259734399999957], [106.81037020000008, -6.259711899999957], [106.81035390000005, -6.259644799999933], [106.81039280000005, -6.25960809999998], [106.81058210000003, -6.259472699999947], [106.81059290000007, -6.259455799999955], [106.81059870000007, -6.259452099999976], [106.81066810000004, -6.259351], [106.81065020000005, -6.259269099999926], [106.81064440000006, -6.259242499999971], [106.81053580000008, -6.259211799999946], [106.81030340000007, -6.259259199999974], [106.81016, -6.25922], [106.81010910000003, -6.259112399999935], [106.81010710000004, -6.259085099999936], [106.81010450000008, -6.259020299999975], [106.810102, -6.259017], [106.810101, -6.259003899999925], [106.81005690000006, -6.258960099999967], [106.81002230000007, -6.258916299999953], [106.81001120000008, -6.258914599999969], [106.81000760000006, -6.258911099999978], [106.80985, -6.25889], [106.80962, -6.25889], [106.80953, -6.25887], [106.80946, -6.25882], [106.80942, -6.25872], [106.80946, -6.25861], [106.80956, -6.25854], [106.8097, -6.25848], [106.80975, -6.25843], [106.80976, -6.25837], [106.80966, -6.25823], [106.80934, -6.25817], [106.80924, -6.25813], [106.80917, -6.25803], [106.80927, -6.2579], [106.80935, -6.25781], [106.80936, -6.25774], [106.80917, -6.25759], [106.80897, -6.25743], [106.80892, -6.25735], [106.80895, -6.25729], [106.80912550000005, -6.25713], [106.80912550000005, -6.257123299999932], [106.809131, -6.257118099999957], [106.80913070000008, -6.257036199999959], [106.80912520000004, -6.257033499999977], [106.80912520000004, -6.257029099999954], [106.80898, -6.25696], [106.80892, -6.2569], [106.80895, -6.2568], [106.80908470000008, -6.256644899999969], [106.80908910000005, -6.256629299999929], [106.80911, -6.2566], [106.80911920000005, -6.256470599999943], [106.80911980000008, -6.256466099999955], [106.80911960000009, -6.256465699999978], [106.80912, -6.25646], [106.80909370000006, -6.256411799999967], [106.80905990000008, -6.256341299999974], [106.80896, -6.256268199999965], [106.80895, -6.25626], [106.80894820000009, -6.256259599999964], [106.80894650000005, -6.256258299999956], [106.80882890000004, -6.256229299999973], [106.80879860000005, -6.256210199999941], [106.80867230000007, -6.256128199999978], [106.80842160000009, -6.255908799999929], [106.80836620000008, -6.255853699999932], [106.80834, -6.25581], [106.80831460000007, -6.255767699999979], [106.80831, -6.25576], [106.80830960000009, -6.255755199999953], [106.80830580000008, -6.255714199999943], [106.80829370000004, -6.255508499999962], [106.80830610000004, -6.255403299999955], [106.80831240000003, -6.255366599999945], [106.80833010000003, -6.255341699999974], [106.80842580000007, -6.255206699999974], [106.80843910000004, -6.255199299999958], [106.80845050000005, -6.255193099999929]]] 
      }
    },
    {
      "type": "Feature",
      "properties": {
        "district_id": "3171070",
        "province": "DKI Jakarta",
        "regency": "Jakarta Selatan",
        "district": "Mampang Prapatan",
        "pria": 0,
        "wanita": 0,
        "total_penduduk": 0
      },
      "geometry": {
        "type": "Polygon",
        "coordinates": [[[106.82474450000007, -6.254668599999945], [106.82462670000007, -6.254618599999958], [106.82462610000005, -6.254452899999933], [106.82453470000007, -6.254436099999964], [106.82440690000004, -6.254508299999941], [106.82439230000006, -6.254516599999931], [106.82437270000008, -6.25450909999995], [106.824318, -6.254488299999934], [106.82425510000007, -6.254477099999974], [106.82421490000007, -6.254402899999945], [106.82421460000006, -6.254311499999972], [106.82421070000004, -6.254299899999978], [106.82421230000006, -6.254286499999978], [106.82418220000005, -6.254209899999978], [106.82417660000004, -6.254211399999974], [106.824157, -6.254180299999973], [106.82410010000007, -6.254226199999948], [106.82402030000009, -6.254277899999977], [106.82396880000005, -6.254238099999952], [106.823965, -6.254219099999943], [106.82396470000003, -6.254136], [106.82397510000004, -6.254080599999952], [106.82397920000005, -6.25403579999994], [106.82395060000005, -6.254001599999981], [106.82395090000006, -6.253998199999955], [106.82392830000003, -6.253975099999934], [106.82392580000004, -6.253972099999942], [106.82390430000004, -6.253935899999931], [106.82389760000007, -6.25383359999995], [106.82387610000006, -6.253788899999961], [106.82381010000006, -6.253774199999953], [106.82380160000008, -6.253787299999942], [106.82377310000004, -6.253764599999954], [106.82376760000005, -6.253838899999948], [106.82376960000005, -6.253865], [106.82375680000007, -6.253925799999934], [106.82367670000008, -6.25395919999994], [106.82359890000004, -6.253987299999949], [106.82359340000005, -6.253985199999931], [106.82350530000008, -6.253914099999974], [106.82350430000008, -6.25391419999994], [106.82350380000008, -6.253913799999964], [106.823437, -6.253909299999975], [106.82337240000004, -6.253935699999943], [106.82332270000006, -6.253943799999945], [106.823254, -6.253892099999973], [106.82323090000006, -6.253817899999945], [106.82332190000005, -6.25372619999996], [106.82329540000006, -6.253637], [106.82329810000004, -6.25361769999995], [106.823344, -6.253514699999926], [106.82333790000007, -6.253394799999967], [106.82332930000007, -6.253352799999959], [106.82335330000006, -6.253327899999931], [106.82340610000006, -6.253308799999957], [106.82349730000004, -6.253279899999939], [106.82349730000004, -6.25325909999998], [106.82353680000006, -6.253251599999942], [106.82362830000005, -6.253215499999953], [106.82365180000005, -6.253183099999944], [106.82369080000007, -6.25312619999994], [106.8237, -6.253110599999957], [106.823881, -6.253103499999952], [106.82422, -6.2531], [106.82508180000008, -6.253079699999944], [106.82509760000005, -6.253079299999968], [106.82526510000008, -6.253046799999936], [106.82529490000007, -6.253039499999943], [106.825323, -6.253035199999943], [106.82559, -6.25298], [106.82578810000007, -6.252965099999926], [106.825877, -6.252951799999948], [106.82629430000009, -6.252923199999941], [106.82667, -6.25289], [106.827, -6.25285], [106.82695, -6.25247], [106.82693, -6.25237], [106.82698060000007, -6.25237], [106.82721, -6.25237], [106.82867, -6.25228], [106.82932, -6.25225], [106.82974, -6.25223], [106.82985, -6.25223], [106.8302, -6.25223], [106.83028470000005, -6.25223], [106.83099470000008, -6.252195099999938], [106.83114940000007, -6.252184799999952], [106.83131350000008, -6.252178099999981], [106.83146130000006, -6.252147299999933], [106.83161, -6.25213], [106.83181920000004, -6.252100599999949], [106.832878, -6.251935599999968], [106.83309410000004, -6.251925399999948], [106.83317870000008, -6.25191609999996], [106.83330090000004, -6.251915699999927], [106.83420780000006, -6.251873199999977], [106.83425430000005, -6.251863499999956], [106.83429750000005, -6.251868899999977], [106.83482280000004, -6.251844299999959], [106.83503, -6.25183], [106.83530140000005, -6.251821799999959], [106.835515, -6.251811799999928], [106.83563620000007, -6.251806099999953], [106.83565250000004, -6.251805299999944], [106.83565270000008, -6.251801499999942], [106.83565260000006, -6.251801499999942], [106.83565350000003, -6.251787499999978], [106.83565560000005, -6.251756], [106.83566580000007, -6.251600199999928], [106.83568, -6.251369899999929], [106.83566840000009, -6.251220099999955], [106.83571790000008, -6.250956799999926], [106.83571450000005, -6.250867199999959], [106.83571160000008, -6.25079], [106.83572890000005, -6.250582], [106.835737, -6.250484799999981], [106.83570360000004, -6.250418499999967], [106.83564550000006, -6.250298199999975], [106.83563240000007, -6.250200799999959], [106.83562830000005, -6.250174099999981], [106.83549940000006, -6.249619899999971], [106.83548530000007, -6.249581599999942], [106.83546730000006, -6.249554799999942], [106.83536980000008, -6.249409499999956], [106.83535790000008, -6.249283099999957], [106.83534050000009, -6.249225699999954], [106.835323, -6.249168199999929], [106.83529940000005, -6.248995899999954], [106.83524250000005, -6.248918099999969], [106.83521050000007, -6.248879899999963], [106.83520990000005, -6.248873599999968], [106.83520710000005, -6.248869699999943], [106.835207, -6.248839499999974], [106.83520410000006, -6.248807], [106.83519770000004, -6.248703599999942], [106.83519210000009, -6.248569099999941], [106.83518270000008, -6.248478899999952], [106.83518920000006, -6.248454399999957], [106.835192, -6.248443599999973], [106.83520070000009, -6.248410299999932], [106.83523110000004, -6.248293899999965], [106.83524, -6.24826], [106.835306, -6.24779], [106.83538910000004, -6.247198099999935], [106.83541060000005, -6.247011899999961], [106.83543260000005, -6.246888299999966], [106.83549, -6.24648], [106.83553710000007, -6.24602079999994], [106.83552640000005, -6.245994699999926], [106.835501, -6.245939199999953], [106.83548820000004, -6.245901299999957], [106.83547890000006, -6.245878599999969], [106.83541210000004, -6.245688099999938], [106.83541170000007, -6.245580399999938], [106.835411, -6.245384399999978], [106.83540650000003, -6.245364499999937], [106.83540840000006, -6.245363699999928], [106.83534960000009, -6.245093399999973], [106.83530930000006, -6.244935099999964], [106.83528970000003, -6.244848799999943], [106.835354, -6.244521099999929], [106.83518750000007, -6.243606499999942], [106.83518470000007, -6.243589199999974], [106.835183, -6.243578899999932], [106.83523, -6.243488], [106.83523710000009, -6.243469799999957], [106.83524880000004, -6.243451499999935], [106.83525980000007, -6.243434499999978], [106.83526210000008, -6.243423099999973], [106.83527250000009, -6.243400699999938], [106.835327, -6.243134199999929], [106.83531, -6.24301509999998], [106.83530940000009, -6.243010199999958], [106.83530890000009, -6.243007499999976], [106.83529410000006, -6.242904399999929], [106.835237, -6.242768399999932], [106.83518780000009, -6.242449199999953], [106.83518280000004, -6.24241109999997], [106.835151, -6.242197099999942], [106.83514780000007, -6.242141199999935], [106.83514760000008, -6.242071399999929], [106.83514730000007, -6.241976499999964], [106.83515370000003, -6.241874], [106.83515880000004, -6.241790399999957], [106.83516920000005, -6.241720399999963], [106.83517260000008, -6.241706499999964], [106.83518690000005, -6.24162519999993], [106.835208, -6.241553799999963], [106.83531120000004, -6.241301199999953], [106.83505430000008, -6.24123979999996], [106.83479340000008, -6.241178399999967], [106.83468080000006, -6.241156699999976], [106.83459580000005, -6.241136499999925], [106.83463330000006, -6.240988199999947], [106.83467170000006, -6.24084019999998], [106.83467070000006, -6.240839899999969], [106.83375470000004, -6.240576], [106.83356760000004, -6.240522099999964], [106.83356720000006, -6.240522], [106.83277040000007, -6.240292499999953], [106.83233580000007, -6.240016799999978], [106.83146260000007, -6.239463], [106.83131, -6.23937], [106.83125, -6.23933], [106.831239, -6.239321199999949], [106.83009930000009, -6.238598399999944], [106.82817580000005, -6.237378499999977], [106.82813, -6.23735], [106.82725, -6.2368], [106.82697550000006, -6.236617199999955], [106.82549630000005, -6.235679], [106.82470560000007, -6.235177499999963], [106.82459230000006, -6.235107299999981], [106.82442780000008, -6.235001399999931], [106.82424010000005, -6.234880499999974], [106.82422230000009, -6.234871], [106.82409740000008, -6.234804899999972], [106.82395460000004, -6.234710399999926], [106.82299, -6.23409], [106.82298230000004, -6.234084499999938], [106.82237240000006, -6.233697699999937], [106.82228770000006, -6.233644], [106.82195320000005, -6.233260899999948], [106.82158260000006, -6.232836599999928], [106.82151, -6.23276], [106.82114, -6.23233], [106.82091, -6.23203], [106.82058270000005, -6.231564899999967], [106.82042060000003, -6.231353499999955], [106.82039060000005, -6.231307799999968], [106.82029070000004, -6.231155499999943], [106.81986020000005, -6.230499299999963], [106.81964, -6.23022], [106.81948, -6.22996], [106.819197, -6.229488299999957], [106.81918, -6.22946], [106.81917020000009, -6.229447499999935], [106.819, -6.22923], [106.81897, -6.22916], [106.81889640000009, -6.229030099999932], [106.81858490000008, -6.228555299999925], [106.81796, -6.22767], [106.81785, -6.22748], [106.81763, -6.22711], [106.81741, -6.22683], [106.81727, -6.22663], [106.81714, -6.22642], [106.81704, -6.2263], [106.81695, -6.22636], [106.81667, -6.22658], [106.81665, -6.22666], [106.81667, -6.22675], [106.81676, -6.22686], [106.8169, -6.22697], [106.81706, -6.22707], [106.8171, -6.22722], [106.81698, -6.22732], [106.81667, -6.22752], [106.81657, -6.22766], [106.81654, -6.22783], [106.81655, -6.22803], [106.81663, -6.22828], [106.81667, -6.22834], [106.81683, -6.22863], [106.81699, -6.22892], [106.81721, -6.22944], [106.81724, -6.2297], [106.81724, -6.22998], [106.81718, -6.23013], [106.81706, -6.23044], [106.81683, -6.2313], [106.81676, -6.23189], [106.81674, -6.23213], [106.81685, -6.23214], [106.81707, -6.2321], [106.81729, -6.23207], [106.81739, -6.2321], [106.81744, -6.23217], [106.81746, -6.23228], [106.81743, -6.2324], [106.81741, -6.23258], [106.81745, -6.23271], [106.81759, -6.2329], [106.8178, -6.2331], [106.817743, -6.233138], [106.81768, -6.23318], [106.8176, -6.23327], [106.81753940000004, -6.23345779999994], [106.81753750000007, -6.233463799999981], [106.8175, -6.23358], [106.81749, -6.23364], [106.81748, -6.23374], [106.81762, -6.23423], [106.81771, -6.23447], [106.81775, -6.23514], [106.81776, -6.23529], [106.81793, -6.23549], [106.81814, -6.2357], [106.81831, -6.23578], [106.81844, -6.23584], [106.81853, -6.23594], [106.81855, -6.23602], [106.818362, -6.236151799999959], [106.81827950000007, -6.236177699999928], [106.81827280000005, -6.236219099999971], [106.81826170000005, -6.236227699999972], [106.81826930000005, -6.236240699999939], [106.81835, -6.23638], [106.81831790000007, -6.236512199999936], [106.818275, -6.236688899999933], [106.81826070000005, -6.236745099999951], [106.81822280000006, -6.236790799999937], [106.81822, -6.2368], [106.8182, -6.23688], [106.81818360000005, -6.237065799999925], [106.81814270000007, -6.237244], [106.81810610000008, -6.237384299999974], [106.81804290000008, -6.237546799999961], [106.81797510000007, -6.237694099999942], [106.817972, -6.237729099999967], [106.81796, -6.23776], [106.81793, -6.23821], [106.81791, -6.23851], [106.81779, -6.23883], [106.81773, -6.23894], [106.81768, -6.23903], [106.81705, -6.23994], [106.81692, -6.24015], [106.81669430000005, -6.24054469999993], [106.81667920000007, -6.240571899999964], [106.81658250000004, -6.240745699999934], [106.81647570000007, -6.240966299999968], [106.81634530000008, -6.240940099999932], [106.81623590000004, -6.240918199999953], [106.81623270000006, -6.240920199999948], [106.81605540000004, -6.241031299999975], [106.81588530000005, -6.241325499999959], [106.81585650000005, -6.241378199999929], [106.81579, -6.2415], [106.81586, -6.24157], [106.81603, -6.24167], [106.81604, -6.24178], [106.81599, -6.24184], [106.81586140000007, -6.241938499999947], [106.81586150000004, -6.24193889999998], [106.81586, -6.24194], [106.81588, -6.24203], [106.81592, -6.24218], [106.81588, -6.24227], [106.81581, -6.2423], [106.81564, -6.24234], [106.81559, -6.24241], [106.81559, -6.24252], [106.81569980000006, -6.242843], [106.81565, -6.24302], [106.81561, -6.24311], [106.81551730000007, -6.243139199999973], [106.81544, -6.24312], [106.81536, -6.24303], [106.81523, -6.24285], [106.81512, -6.24283], [106.81496, -6.24286], [106.81485, -6.24291], [106.81473, -6.24308], [106.8147, -6.24321], [106.8147, -6.24343], [106.81467, -6.24369], [106.81454, -6.24411], [106.81448, -6.24416], [106.81436, -6.24425], [106.81422560000004, -6.244331899999963], [106.81417, -6.24442], [106.81406310000006, -6.244608699999958], [106.814061, -6.244612299999972], [106.81377, -6.24491], [106.81377, -6.245031199999971], [106.81377, -6.245033199999966], [106.81377, -6.24517], [106.81374, -6.24536], [106.81367, -6.24548], [106.81356, -6.24556], [106.81343, -6.2456], [106.81325, -6.2456], [106.81312, -6.24562], [106.81308, -6.24567], [106.81288, -6.24609], [106.81263, -6.24633], [106.81257, -6.24654], [106.8125, -6.24669], [106.81239, -6.24674], [106.81227, -6.24681], [106.81219270000008, -6.246789199999967], [106.81211780000007, -6.246792099999936], [106.812085, -6.246793299999979], [106.81205090000009, -6.24679459999993], [106.81204650000006, -6.24680189999998], [106.81201, -6.24681], [106.81196, -6.24688], [106.81194990000006, -6.246993199999963], [106.81195190000005, -6.247039499999971], [106.81189, -6.24722], [106.81181, -6.24725], [106.81169, -6.24723], [106.81157310000003, -6.247202399999935], [106.81156290000007, -6.247207199999934], [106.81154810000004, -6.247204499999953], [106.81140680000004, -6.247276199999931], [106.81130320000005, -6.247372799999937], [106.811295, -6.247379499999965], [106.81126810000006, -6.24740369999995], [106.81109920000006, -6.247551199999975], [106.81091450000008, -6.247665799999936], [106.81078640000004, -6.247742699999947], [106.81062, -6.24786], [106.81031670000004, -6.248108499999944], [106.81009630000005, -6.248323399999947], [106.80998380000005, -6.248479299999929], [106.80998090000008, -6.248482099999933], [106.80993520000004, -6.248512], [106.80993520000004, -6.248512199999936], [106.80993490000009, -6.248525399999949], [106.80993, -6.24853], [106.80992790000005, -6.248533399999928], [106.80990380000009, -6.248557699999935], [106.80988160000004, -6.24859349999997], [106.80985520000007, -6.24865189999997], [106.80981310000004, -6.248720499999934], [106.80976850000008, -6.248772899999949], [106.80972540000005, -6.248823499999958], [106.80961, -6.249], [106.809619, -6.249176199999965], [106.80961090000005, -6.249171], [106.81000810000006, -6.250245], [106.81009250000005, -6.25034409999995], [106.81021490000006, -6.250397199999952], [106.81034480000005, -6.250373799999977], [106.81041440000007, -6.250385199999926], [106.81041810000005, -6.250388], [106.81043650000004, -6.250404699999933], [106.81043710000006, -6.250557], [106.80998020000004, -6.251002], [106.80992950000007, -6.251049699999953], [106.80982210000008, -6.25113129999994], [106.80952560000009, -6.2514], [106.80947680000008, -6.251476199999956], [106.80939380000007, -6.251554499999941], [106.80904410000005, -6.252083199999959], [106.80896060000003, -6.252228799999955], [106.80894, -6.25234], [106.80895, -6.25247], [106.80895, -6.25254], [106.80901, -6.25263], [106.80908920000007, -6.252701899999977], [106.80916630000007, -6.252818699999978], [106.80915940000006, -6.252932], [106.80904270000008, -6.252994599999965], [106.80888620000007, -6.253038699999934], [106.808719, -6.253070599999944], [106.8086, -6.25322], [106.80856, -6.25334], [106.80856, -6.253515599999957], [106.80856, -6.25356], [106.80855840000004, -6.253869399999928], [106.80855290000005, -6.253962599999966], [106.80854690000007, -6.254283899999962], [106.80855250000008, -6.254283899999962], [106.80855630000008, -6.254283899999962], [106.80855560000003, -6.254422099999942], [106.80855430000008, -6.254687599999954], [106.80856260000007, -6.254846799999939], [106.80855960000008, -6.255070499999931], [106.80855610000003, -6.255134899999973], [106.80852110000006, -6.255154199999936], [106.80851940000008, -6.255155199999933], [106.80850140000007, -6.255165], [106.80846940000004, -6.255182699999978], [106.80845990000006, -6.255187899999953], [106.80845050000005, -6.255193099999929], [106.80843910000004, -6.255199299999958], [106.80842580000007, -6.255206699999974], [106.80833010000003, -6.255341699999974], [106.80831240000003, -6.255366599999945], [106.80830610000004, -6.255403299999955], [106.80829370000004, -6.255508499999962], [106.80830580000008, -6.255714199999943], [106.80830960000009, -6.255755199999953], [106.80831, -6.25576], [106.80831460000007, -6.255767699999979], [106.80834, -6.25581], [106.80836620000008, -6.255853699999932], [106.80842160000009, -6.255908799999929], [106.80867230000007, -6.256128199999978], [106.80879860000005, -6.256210199999941], [106.80882890000004, -6.256229299999973], [106.80894650000005, -6.256258299999956], [106.80894820000009, -6.256259599999964], [106.80895, -6.25626], [106.80896, -6.256268199999965], [106.80905990000008, -6.256341299999974], [106.80909370000006, -6.256411799999967], [106.80912, -6.25646], [106.80911960000009, -6.256465699999978], [106.80911980000008, -6.256466099999955], [106.80911920000005, -6.256470599999943], [106.80911, -6.2566], [106.80908910000005, -6.256629299999929], [106.80908470000008, -6.256644899999969], [106.80895, -6.2568], [106.80892, -6.2569], [106.80898, -6.25696], [106.80912520000004, -6.257029099999954], [106.80912520000004, -6.257033499999977], [106.80913070000008, -6.257036199999959], [106.809131, -6.257118099999957], [106.80912550000005, -6.257123299999932], [106.80912550000005, -6.25713], [106.80895, -6.25729], [106.80892, -6.25735], [106.80897, -6.25743], [106.80917, -6.25759], [106.80936, -6.25774], [106.80935, -6.25781], [106.80927, -6.2579], [106.80917, -6.25803], [106.80924, -6.25813], [106.80934, -6.25817], [106.80966, -6.25823], [106.80976, -6.25837], [106.80975, -6.25843], [106.8097, -6.25848], [106.80956, -6.25854], [106.80946, -6.25861], [106.80942, -6.25872], [106.80946, -6.25882], [106.80953, -6.25887], [106.80962, -6.25889], [106.80985, -6.25889], [106.81000760000006, -6.258911099999978], [106.81001120000008, -6.258914599999969], [106.81002230000007, -6.258916299999953], [106.81005690000006, -6.258960099999967], [106.810101, -6.259003899999925], [106.810102, -6.259017], [106.81010450000008, -6.259020299999975], [106.81010710000004, -6.259085099999936], [106.81010910000003, -6.259112399999935], [106.81016, -6.25922], [106.81030340000007, -6.259259199999974], [106.81053580000008, -6.259211799999946], [106.81064440000006, -6.259242499999971], [106.81065020000005, -6.259269099999926], [106.81066810000004, -6.259351], [106.81059870000007, -6.259452099999976], [106.81059290000007, -6.259455799999955], [106.81058210000003, -6.259472699999947], [106.81039280000005, -6.25960809999998], [106.81035390000005, -6.259644799999933], [106.81037020000008, -6.259711899999957], [106.81038060000009, -6.259734399999957], [106.81044920000005, -6.25978669999995], [106.81049140000005, -6.259809299999972], [106.81050210000006, -6.259816099999966], [106.81061330000006, -6.259874499999967], [106.81062790000004, -6.259882299999958], [106.810701, -6.25990939999997], [106.81070650000004, -6.259923799999967], [106.810725, -6.259933699999976], [106.81074510000008, -6.26002589999996], [106.81074790000008, -6.260033299999975], [106.81074680000006, -6.260033599999929], [106.81074770000004, -6.260037799999964], [106.81049010000004, -6.260100299999976], [106.81051790000004, -6.26017429999996], [106.81054630000006, -6.260198899999978], [106.81064020000008, -6.260266399999978], [106.81083270000005, -6.260272399999963], [106.81089210000005, -6.260268799999949], [106.81088, -6.26034], [106.81089, -6.26041], [106.81092050000007, -6.260543299999938], [106.811062, -6.260572599999932], [106.81114070000007, -6.260541399999966], [106.81133940000007, -6.260449199999925], [106.811359, -6.260437599999932], [106.81141320000006, -6.26050609999993], [106.81144740000008, -6.260542899999962], [106.81142250000005, -6.260682699999961], [106.81141950000006, -6.260705399999949], [106.81155390000004, -6.260846299999969], [106.81150980000007, -6.260909199999958], [106.81147990000005, -6.260977199999957], [106.81151930000004, -6.261060199999974], [106.81156230000005, -6.261129099999948], [106.81164440000003, -6.261210699999936], [106.81164970000003, -6.261229799999967], [106.81165910000004, -6.26124029999994], [106.81166350000007, -6.261278699999934], [106.811682, -6.261344599999973], [106.81167270000009, -6.261359299999981], [106.81167510000006, -6.261379899999952], [106.81161690000005, -6.261447799999928], [106.81157850000005, -6.261508699999979], [106.811424, -6.261656899999934], [106.81143610000004, -6.261695599999939], [106.81145370000007, -6.261745299999973], [106.81168410000004, -6.261752199999933], [106.81176290000008, -6.261783399999956], [106.81181, -6.261790799999972], [106.81182340000004, -6.261807399999952], [106.81183940000005, -6.261813699999948], [106.811855, -6.261846599999956], [106.81186980000007, -6.261865], [106.81192970000006, -6.261983899999962], [106.81193450000006, -6.261996299999964], [106.81195640000004, -6.26203049999998], [106.81203590000007, -6.262249699999927], [106.812066, -6.262332699999945], [106.81206410000004, -6.262334099999975], [106.81207230000007, -6.262355499999956], [106.81197720000006, -6.262401299999965], [106.81194, -6.26243], [106.81182620000004, -6.262480899999957], [106.81153970000008, -6.262590499999931], [106.8115, -6.26271], [106.81152820000005, -6.262785199999939], [106.81153, -6.26279], [106.81165710000005, -6.262900399999978], [106.811763, -6.263000099999942], [106.81182920000003, -6.263048599999934], [106.81185670000008, -6.263157099999944], [106.81185950000008, -6.263163399999939], [106.81185870000007, -6.26316479999997], [106.81185940000006, -6.263167599999974], [106.81181030000005, -6.263244199999974], [106.81179790000004, -6.263264499999934], [106.81172, -6.26343], [106.81179360000004, -6.263510199999928], [106.81186860000008, -6.263577899999973], [106.81188280000003, -6.263584699999967], [106.81188320000007, -6.263584399999957], [106.81191590000009, -6.263600599999961], [106.81205390000008, -6.263666699999931], [106.81224060000005, -6.263694799999939], [106.81224080000004, -6.263695399999961], [106.81225670000003, -6.263697299999933], [106.81231160000004, -6.26386], [106.81233530000009, -6.263999599999977], [106.81239860000005, -6.264379399999939], [106.81250370000004, -6.264563099999975], [106.81254690000009, -6.264635099999964], [106.81254840000008, -6.26464139999996], [106.81256240000005, -6.264665899999954], [106.81256870000004, -6.264723199999935], [106.81258660000009, -6.26479519999998], [106.81258690000004, -6.264884499999937], [106.81261, -6.2651], [106.81281250000006, -6.265246799999943], [106.81282380000005, -6.265261499999951], [106.81282620000007, -6.265263299999958], [106.81285630000008, -6.265303599999925], [106.81299160000003, -6.265478899999948], [106.81315, -6.26564], [106.81326, -6.26574], [106.81328, -6.26585], [106.81324, -6.26595], [106.81323630000009, -6.26596], [106.813223, -6.266006299999958], [106.81316980000008, -6.266140699999937], [106.813162, -6.266161799999963], [106.81313380000006, -6.266238599999951], [106.81308680000006, -6.266362899999933], [106.81303250000008, -6.266491899999949], [106.81305190000006, -6.266715599999941], [106.81304350000005, -6.266752499999939], [106.81298880000008, -6.26690629999996], [106.81286, -6.26703], [106.81277310000007, -6.26710479999997], [106.81269960000009, -6.267143699999963], [106.81265, -6.26717], [106.81252740000008, -6.267254899999955], [106.81245880000006, -6.267393299999981], [106.81244780000009, -6.26742349999995], [106.81237530000004, -6.267633799999942], [106.81218, -6.26816], [106.81211, -6.26838], [106.81207, -6.26865], [106.81212, -6.26883], [106.81219, -6.26907], [106.81213, -6.26917], [106.81193070000006, -6.269389599999954], [106.811925, -6.269394499999976], [106.81192, -6.2694], [106.81188150000008, -6.26943209999996], [106.811739, -6.269555199999957], [106.81167190000008, -6.269706199999973], [106.81163380000004, -6.26983], [106.81154860000004, -6.270116799999926], [106.81143990000004, -6.270480099999929], [106.81140740000006, -6.270533299999954], [106.8114, -6.27055], [106.8114, -6.270604399999968], [106.81140770000007, -6.270711099999971], [106.81147810000004, -6.270941099999959], [106.81153110000008, -6.271014], [106.81155980000005, -6.271051399999976], [106.81167, -6.27118], [106.81175260000003, -6.271253899999977], [106.81176870000007, -6.271268299999974], [106.81186610000009, -6.271347499999933], [106.81199190000007, -6.271416], [106.81204, -6.27144], [106.81225, -6.2715], [106.81233370000007, -6.271532199999967], [106.81239990000006, -6.271554599999945], [106.81262020000008, -6.271718799999974], [106.8129, -6.27192], [106.81308, -6.27201], [106.81324120000005, -6.272100099999932], [106.81348, -6.27212], [106.81375, -6.27215], [106.81382, -6.27222], [106.81384170000007, -6.27229959999994], [106.81385340000008, -6.272335899999973], [106.81386, -6.27256], [106.81387, -6.27285], [106.81389, -6.27306], [106.81407, -6.27304], [106.81426, -6.27298], [106.81497, -6.27292], [106.8151, -6.27288], [106.8151, -6.27296], [106.81513, -6.27302], [106.815177, -6.273049299999968], [106.81535, -6.27308], [106.81554, -6.27311], [106.81582, -6.27315], [106.81625, -6.27323], [106.81636020000008, -6.273252], [106.8164, -6.27326], [106.81655, -6.27329], [106.81661, -6.27329], [106.81679, -6.27332], [106.81708, -6.27337], [106.81763, -6.27349], [106.81786, -6.27355], [106.81806, -6.27359], [106.81809040000007, -6.273595799999953], [106.81819110000004, -6.273615], [106.81827, -6.27363], [106.81856, -6.27367], [106.81873, -6.27371], [106.81925, -6.27382], [106.8199, -6.274], [106.82018720000008, -6.274062], [106.82048, -6.27415], [106.82064, -6.27419], [106.82102, -6.27427], [106.82116, -6.27377], [106.82119730000005, -6.273620899999969], [106.82121, -6.27357], [106.82126, -6.27335], [106.82143, -6.27265], [106.82151, -6.27227], [106.82164, -6.27173], [106.82171, -6.27166], [106.82185, -6.27159], [106.82197, -6.27156], [106.82233, -6.27152], [106.8228, -6.27147], [106.82294210000003, -6.27147], [106.82301, -6.27147], [106.82306, -6.27144], [106.82322, -6.27125], [106.82357, -6.27089], [106.82368, -6.27079], [106.823737, -6.270709], [106.82380310000008, -6.270600599999966], [106.82386410000004, -6.270217899999977], [106.82389210000008, -6.270220799999947], [106.82389160000008, -6.270064399999967], [106.82416280000007, -6.270047899999952], [106.82450430000006, -6.270163099999934], [106.82456390000004, -6.270086499999934], [106.82468970000008, -6.26984079999994], [106.82488220000005, -6.269646799999975], [106.82474440000004, -6.269456], [106.82484790000007, -6.269322599999953], [106.82495130000007, -6.269193299999927], [106.82510060000004, -6.269109599999979], [106.82526420000005, -6.268961499999932], [106.82535950000005, -6.268878], [106.82553140000005, -6.268642899999975], [106.82556830000004, -6.268592399999932], [106.82551330000007, -6.268309899999963], [106.825442, -6.268118899999934], [106.825304, -6.267849099999978], [106.82530310000004, -6.267603799999961], [106.82541910000003, -6.267499399999963], [106.825792, -6.267202899999972], [106.82602380000009, -6.266940099999943], [106.82604420000007, -6.266904499999953], [106.82632740000008, -6.266409], [106.82643230000008, -6.266201299999977], [106.82643470000005, -6.266196499999978], [106.82650880000006, -6.266013299999941], [106.82652320000005, -6.26579339999995], [106.82653620000008, -6.265592699999956], [106.82653610000006, -6.265587499999981], [106.82653490000007, -6.265548899999942], [106.82653140000008, -6.265429499999925], [106.82652820000004, -6.265423599999963], [106.82649090000007, -6.265276299999925], [106.82641980000005, -6.26514549999996], [106.82640440000006, -6.265117], [106.82629330000009, -6.264933099999951], [106.826268, -6.264712199999963], [106.8262, -6.26438], [106.82622060000006, -6.264235699999972], [106.82623, -6.26417], [106.82627, -6.26398], [106.82623, -6.26363], [106.82616, -6.26335], [106.82605, -6.26296], [106.82601, -6.26267], [106.82595, -6.2623], [106.82589, -6.26184], [106.82589, -6.261839699999939], [106.82586690000005, -6.261843899999974], [106.82586680000009, -6.261844], [106.82580020000006, -6.26124139999996], [106.82578290000004, -6.261216499999932], [106.82573, -6.26114], [106.8256, -6.26107], [106.82533, -6.26096], [106.82497, -6.26085], [106.82488, -6.26075], [106.82464010000007, -6.260531899999933], [106.82455, -6.26045], [106.82449, -6.26036], [106.82449, -6.26029], [106.82455630000004, -6.26014779999997], [106.82456450000006, -6.260068699999977], [106.82488440000009, -6.259864599999958], [106.82492310000003, -6.259707399999968], [106.82620560000004, -6.259696299999973], [106.82615870000006, -6.259382199999948], [106.82622320000007, -6.259375499999976], [106.82622320000007, -6.259374199999968], [106.82623490000009, -6.259122499999933], [106.82623430000007, -6.258933799999966], [106.82627130000009, -6.258732399999928], [106.82575490000005, -6.258457399999941], [106.82535190000004, -6.258282699999938], [106.82498680000003, -6.258133], [106.82488070000005, -6.258105799999953], [106.82478, -6.25808], [106.824841, -6.257727199999977], [106.82482240000007, -6.257436699999971], [106.82482, -6.2574], [106.82480830000009, -6.256842499999948], [106.82479510000007, -6.256560799999932], [106.82465660000008, -6.255880199999979], [106.825114, -6.255282299999976], [106.82525040000007, -6.255088399999977], [106.82531170000004, -6.254870899999958], [106.82530720000005, -6.254831199999956], [106.82529570000008, -6.254731399999969], [106.82527460000006, -6.254696399999943], [106.82525050000004, -6.254656599999976], [106.82516910000004, -6.254628099999934], [106.82508370000005, -6.254679899999928], [106.82499220000005, -6.254645899999957], [106.82496030000004, -6.25464489999996], [106.82493, -6.25465], [106.82484420000009, -6.254658599999971], [106.82474450000007, -6.254668599999945]]] 
      }
    },
    {
      "type": "Feature",
      "properties": {
        "district_id": "3171080",
        "province": "DKI Jakarta",
        "regency": "Jakarta Selatan",
        "district": "Pancoran",
        "pria": 0,
        "wanita": 0,
        "total_penduduk": 0
      },
      "geometry": {
        "type": "Polygon",
        "coordinates": [[[106.84677670000008, -6.24352609999994], [106.84657850000008, -6.243522299999938], [106.84641360000006, -6.243519299999946], [106.84588550000007, -6.243524799999932], [106.84541630000007, -6.243496199999981], [106.84526270000003, -6.24349669999998], [106.84475130000004, -6.24345859999994], [106.84468420000007, -6.243474099999958], [106.84449330000007, -6.243484299999977], [106.84427790000007, -6.243458099999941], [106.84423850000007, -6.243450899999971], [106.84420040000003, -6.243448699999931], [106.84413010000009, -6.24344009999993], [106.84364580000005, -6.243411599999945], [106.84345390000004, -6.24339729999997], [106.843455, -6.243394599999931], [106.84345380000008, -6.24339729999997], [106.84345190000005, -6.243401099999971], [106.843334, -6.243372099999931], [106.84331280000004, -6.243367299999932], [106.84329880000007, -6.243363399999964], [106.84318420000005, -6.243335199999933], [106.84281920000006, -6.243233099999941], [106.84260680000006, -6.243139], [106.84254020000009, -6.243112599999961], [106.84235620000004, -6.243051899999955], [106.84225920000006, -6.243022099999962], [106.84222840000007, -6.243009799999925], [106.84222210000007, -6.243007699999964], [106.84201860000007, -6.24292719999994], [106.84184570000008, -6.242857], [106.84150440000008, -6.242720599999927], [106.841048, -6.242570199999932], [106.840756, -6.242486], [106.84036050000009, -6.242377899999951], [106.84010860000006, -6.242291499999965], [106.840022, -6.242264399999954], [106.839859, -6.242213499999934], [106.83948040000007, -6.242108899999948], [106.83911980000005, -6.241975], [106.839119, -6.241974699999957], [106.83911670000003, -6.241973899999948], [106.838281, -6.241745599999945], [106.83811730000008, -6.241707399999939], [106.83804890000005, -6.241691499999945], [106.83765690000007, -6.241617], [106.83762, -6.24161], [106.8372, -6.24149], [106.83714, -6.24148], [106.83679, -6.24138], [106.83641, -6.24128], [106.83544, -6.24107], [106.835196, -6.241018199999928], [106.83496190000005, -6.240964399999939], [106.83494580000007, -6.240961299999981], [106.83476340000004, -6.240931599999954], [106.83468420000008, -6.240871], [106.83468540000007, -6.24085539999993], [106.83467170000006, -6.24084019999998], [106.83463330000006, -6.240988199999947], [106.83459580000005, -6.241136499999925], [106.83468080000006, -6.241156699999976], [106.83479340000008, -6.241178399999967], [106.83505430000008, -6.24123979999996], [106.83531120000004, -6.241301199999953], [106.835208, -6.241553799999963], [106.83518690000005, -6.24162519999993], [106.83517260000008, -6.241706499999964], [106.83516920000005, -6.241720399999963], [106.83515880000004, -6.241790399999957], [106.83515370000003, -6.241874], [106.83514730000007, -6.241976499999964], [106.83514760000008, -6.242071399999929], [106.83514780000007, -6.242141199999935], [106.835151, -6.242197099999942], [106.83518280000004, -6.24241109999997], [106.83518780000009, -6.242449199999953], [106.835237, -6.242768399999932], [106.83529410000006, -6.242904399999929], [106.83530890000009, -6.243007499999976], [106.83530940000009, -6.243010199999958], [106.83531, -6.24301509999998], [106.835327, -6.243134199999929], [106.83527250000009, -6.243400699999938], [106.83526210000008, -6.243423099999973], [106.83525980000007, -6.243434499999978], [106.83524880000004, -6.243451499999935], [106.83523710000009, -6.243469799999957], [106.83523, -6.243488], [106.835183, -6.243578899999932], [106.83518470000007, -6.243589199999974], [106.83518750000007, -6.243606499999942], [106.835354, -6.244521099999929], [106.83528970000003, -6.244848799999943], [106.83530930000006, -6.244935099999964], [106.83534960000009, -6.245093399999973], [106.83540840000006, -6.245363699999928], [106.83540650000003, -6.245364499999937], [106.835411, -6.245384399999978], [106.83541170000007, -6.245580399999938], [106.83541210000004, -6.245688099999938], [106.83547890000006, -6.245878599999969], [106.83548820000004, -6.245901299999957], [106.835501, -6.245939199999953], [106.83552640000005, -6.245994699999926], [106.83553710000007, -6.24602079999994], [106.83549, -6.24648], [106.83543260000005, -6.246888299999966], [106.83541060000005, -6.247011899999961], [106.83538910000004, -6.247198099999935], [106.835306, -6.24779], [106.83524, -6.24826], [106.83523110000004, -6.248293899999965], [106.83520070000009, -6.248410299999932], [106.835192, -6.248443599999973], [106.83518920000006, -6.248454399999957], [106.83518270000008, -6.248478899999952], [106.83519210000009, -6.248569099999941], [106.83519770000004, -6.248703599999942], [106.83520410000006, -6.248807], [106.835207, -6.248839499999974], [106.83520710000005, -6.248869699999943], [106.83520990000005, -6.248873599999968], [106.83521050000007, -6.248879899999963], [106.83524250000005, -6.248918099999969], [106.83529940000005, -6.248995899999954], [106.835323, -6.249168199999929], [106.83534050000009, -6.249225699999954], [106.83535790000008, -6.249283099999957], [106.83536980000008, -6.249409499999956], [106.83546730000006, -6.249554799999942], [106.83548530000007, -6.249581599999942], [106.83549940000006, -6.249619899999971], [106.83562830000005, -6.250174099999981], [106.83563240000007, -6.250200799999959], [106.83564550000006, -6.250298199999975], [106.83570360000004, -6.250418499999967], [106.835737, -6.250484799999981], [106.83572890000005, -6.250582], [106.83571160000008, -6.25079], [106.83571450000005, -6.250867199999959], [106.83571790000008, -6.250956799999926], [106.83566840000009, -6.251220099999955], [106.83568, -6.251369899999929], [106.83566580000007, -6.251600199999928], [106.83565560000005, -6.251756], [106.83565350000003, -6.251787499999978], [106.83565260000006, -6.251801499999942], [106.83565270000008, -6.251801499999942], [106.83565250000004, -6.251805299999944], [106.83563620000007, -6.251806099999953], [106.835515, -6.251811799999928], [106.83530140000005, -6.251821799999959], [106.83503, -6.25183], [106.83482280000004, -6.251844299999959], [106.83429750000005, -6.251868899999977], [106.83425430000005, -6.251863499999956], [106.83420780000006, -6.251873199999977], [106.83330090000004, -6.251915699999927], [106.83317870000008, -6.25191609999996], [106.83309410000004, -6.251925399999948], [106.832878, -6.251935599999968], [106.83181920000004, -6.252100599999949], [106.83161, -6.25213], [106.83146130000006, -6.252147299999933], [106.83131350000008, -6.252178099999981], [106.83114940000007, -6.252184799999952], [106.83099470000008, -6.252195099999938], [106.83028470000005, -6.25223], [106.8302, -6.25223], [106.82985, -6.25223], [106.82974, -6.25223], [106.82932, -6.25225], [106.82867, -6.25228], [106.82721, -6.25237], [106.82698060000007, -6.25237], [106.82693, -6.25237], [106.82695, -6.25247], [106.827, -6.25285], [106.82667, -6.25289], [106.82629430000009, -6.252923199999941], [106.825877, -6.252951799999948], [106.82578810000007, -6.252965099999926], [106.82559, -6.25298], [106.825323, -6.253035199999943], [106.82529490000007, -6.253039499999943], [106.82526510000008, -6.253046799999936], [106.82509760000005, -6.253079299999968], [106.82508180000008, -6.253079699999944], [106.82422, -6.2531], [106.823881, -6.253103499999952], [106.8237, -6.253110599999957], [106.82369080000007, -6.25312619999994], [106.82365180000005, -6.253183099999944], [106.82362830000005, -6.253215499999953], [106.82353680000006, -6.253251599999942], [106.82349730000004, -6.25325909999998], [106.82349730000004, -6.253279899999939], [106.82340610000006, -6.253308799999957], [106.82335330000006, -6.253327899999931], [106.82332930000007, -6.253352799999959], [106.82333790000007, -6.253394799999967], [106.823344, -6.253514699999926], [106.82329810000004, -6.25361769999995], [106.82329540000006, -6.253637], [106.82332190000005, -6.25372619999996], [106.82323090000006, -6.253817899999945], [106.823254, -6.253892099999973], [106.82332270000006, -6.253943799999945], [106.82337240000004, -6.253935699999943], [106.823437, -6.253909299999975], [106.82350380000008, -6.253913799999964], [106.82350430000008, -6.25391419999994], [106.82350530000008, -6.253914099999974], [106.82359340000005, -6.253985199999931], [106.82359890000004, -6.253987299999949], [106.82367670000008, -6.25395919999994], [106.82375680000007, -6.253925799999934], [106.82376960000005, -6.253865], [106.82376760000005, -6.253838899999948], [106.82377310000004, -6.253764599999954], [106.82380160000008, -6.253787299999942], [106.82381010000006, -6.253774199999953], [106.82387610000006, -6.253788899999961], [106.82389760000007, -6.25383359999995], [106.82390430000004, -6.253935899999931], [106.82392580000004, -6.253972099999942], [106.82392830000003, -6.253975099999934], [106.82395090000006, -6.253998199999955], [106.82395060000005, -6.254001599999981], [106.82397920000005, -6.25403579999994], [106.82397510000004, -6.254080599999952], [106.82396470000003, -6.254136], [106.823965, -6.254219099999943], [106.82396880000005, -6.254238099999952], [106.82402030000009, -6.254277899999977], [106.82410010000007, -6.254226199999948], [106.824157, -6.254180299999973], [106.82417660000004, -6.254211399999974], [106.82418220000005, -6.254209899999978], [106.82421230000006, -6.254286499999978], [106.82421070000004, -6.254299899999978], [106.82421460000006, -6.254311499999972], [106.82421490000007, -6.254402899999945], [106.82425510000007, -6.254477099999974], [106.824318, -6.254488299999934], [106.82437270000008, -6.25450909999995], [106.82439230000006, -6.254516599999931], [106.82440690000004, -6.254508299999941], [106.82453470000007, -6.254436099999964], [106.82462610000005, -6.254452899999933], [106.82462670000007, -6.254618599999958], [106.82474450000007, -6.254668599999945], [106.82484420000009, -6.254658599999971], [106.82493, -6.25465], [106.82496030000004, -6.25464489999996], [106.82499220000005, -6.254645899999957], [106.82508370000005, -6.254679899999928], [106.82516910000004, -6.254628099999934], [106.82525050000004, -6.254656599999976], [106.82527460000006, -6.254696399999943], [106.82529570000008, -6.254731399999969], [106.82530720000005, -6.254831199999956], [106.82531170000004, -6.254870899999958], [106.82525040000007, -6.255088399999977], [106.825114, -6.255282299999976], [106.82465660000008, -6.255880199999979], [106.82479510000007, -6.256560799999932], [106.82480830000009, -6.256842499999948], [106.82482, -6.2574], [106.82482240000007, -6.257436699999971], [106.824841, -6.257727199999977], [106.82478, -6.25808], [106.82488070000005, -6.258105799999953], [106.82498680000003, -6.258133], [106.82535190000004, -6.258282699999938], [106.82575490000005, -6.258457399999941], [106.82627130000009, -6.258732399999928], [106.82623430000007, -6.258933799999966], [106.82623490000009, -6.259122499999933], [106.82622320000007, -6.259374199999968], [106.82622320000007, -6.259375499999976], [106.82615870000006, -6.259382199999948], [106.82620560000004, -6.259696299999973], [106.82492310000003, -6.259707399999968], [106.82488440000009, -6.259864599999958], [106.82456450000006, -6.260068699999977], [106.82455630000004, -6.26014779999997], [106.82449, -6.26029], [106.82449, -6.26036], [106.82455, -6.26045], [106.82464010000007, -6.260531899999933], [106.82488, -6.26075], [106.82497, -6.26085], [106.82533, -6.26096], [106.8256, -6.26107], [106.82573, -6.26114], [106.82578290000004, -6.261216499999932], [106.82580020000006, -6.26124139999996], [106.82586680000009, -6.261844], [106.82586690000005, -6.261843899999974], [106.82589, -6.261839699999939], [106.82589, -6.26184], [106.82595, -6.2623], [106.82601, -6.26267], [106.82605, -6.26296], [106.82616, -6.26335], [106.82623, -6.26363], [106.82627, -6.26398], [106.82623, -6.26417], [106.82622060000006, -6.264235699999972], [106.8262, -6.26438], [106.826268, -6.264712199999963], [106.82629330000009, -6.264933099999951], [106.82640440000006, -6.265117], [106.82641980000005, -6.26514549999996], [106.82649090000007, -6.265276299999925], [106.82652820000004, -6.265423599999963], [106.82653140000008, -6.265429499999925], [106.82653490000007, -6.265548899999942], [106.82658640000005, -6.265548], [106.82672820000005, -6.265537699999925], [106.82689, -6.26551], [106.82717410000004, -6.26548159999993], [106.82719, -6.26548], [106.82720010000008, -6.26548], [106.8273, -6.26548], [106.8274, -6.26558], [106.82745490000008, -6.265607399999965], [106.82748650000008, -6.265623299999959], [106.82752, -6.26564], [106.82758660000007, -6.265648299999953], [106.82768, -6.26566], [106.82775, -6.26572], [106.82777, -6.26609], [106.82785, -6.26622], [106.82788510000006, -6.266320299999961], [106.82788880000004, -6.266331099999945], [106.82788310000007, -6.266412599999967], [106.82789660000009, -6.266462], [106.827904, -6.266489099999944], [106.82790670000009, -6.266499099999976], [106.82797690000007, -6.266542099999981], [106.82804830000003, -6.266585899999939], [106.82813790000006, -6.266692399999954], [106.82820190000007, -6.266768399999933], [106.82821940000008, -6.266789], [106.82824850000009, -6.26692369999995], [106.82826320000004, -6.266964499999972], [106.82827, -6.26700059999996], [106.82829330000004, -6.267125199999953], [106.82829320000008, -6.26713], [106.82832920000004, -6.267295899999965], [106.82836070000008, -6.267418499999962], [106.82837570000004, -6.267446699999937], [106.82840830000004, -6.267507899999941], [106.82842370000009, -6.267524599999945], [106.82842250000004, -6.267534599999976], [106.82842410000006, -6.267537499999946], [106.82844020000005, -6.26756789999996], [106.828411, -6.267629799999952], [106.82833090000008, -6.267799], [106.82833160000007, -6.267804399999932], [106.82834780000007, -6.267930799999931], [106.82834060000005, -6.267939599999977], [106.82836890000004, -6.268102799999951], [106.82837940000007, -6.268163799999968], [106.82842560000006, -6.268294699999956], [106.82842950000008, -6.268310499999927], [106.82843250000008, -6.268322599999976], [106.82843670000005, -6.268326299999956], [106.82844350000005, -6.268345499999953], [106.82851380000005, -6.26841], [106.82856780000009, -6.268501], [106.82859220000006, -6.268545199999949], [106.82860260000007, -6.268563899999947], [106.82864130000007, -6.268633699999953], [106.82868330000008, -6.268762399999957], [106.82868030000009, -6.268781099999956], [106.82867150000004, -6.268835], [106.82868, -6.268871499999932], [106.828697, -6.26889239999997], [106.82880320000004, -6.26902339999998], [106.82890090000006, -6.269137299999954], [106.82896030000006, -6.269206499999939], [106.829024, -6.269280799999933], [106.82903860000005, -6.269335], [106.82906, -6.26936], [106.82908, -6.26949], [106.82894360000006, -6.269808399999931], [106.82886440000004, -6.269993099999965], [106.82875, -6.27026], [106.82882, -6.27036], [106.82884070000006, -6.270375499999943], [106.8289, -6.27042], [106.82892, -6.2705], [106.82875030000008, -6.270631699999967], [106.82872940000004, -6.270647899999972], [106.828676, -6.270701699999961], [106.82863830000008, -6.270739699999979], [106.82863330000004, -6.27080559999996], [106.82862240000009, -6.270951799999978], [106.82870620000006, -6.271171899999956], [106.82872650000007, -6.271271399999932], [106.82876670000007, -6.271524099999965], [106.82876480000004, -6.271526399999971], [106.82876580000004, -6.271532799999932], [106.82876620000008, -6.271534799999927], [106.82876760000005, -6.271544], [106.82872350000008, -6.271655799999962], [106.82863460000004, -6.271880599999974], [106.82861190000006, -6.271938099999943], [106.82858190000007, -6.272008099999937], [106.82863520000006, -6.272086399999978], [106.82874640000006, -6.272201699999925], [106.82875740000009, -6.272220199999936], [106.82875750000005, -6.272220499999946], [106.82875870000004, -6.272222399999976], [106.82882420000004, -6.272333099999969], [106.82883770000007, -6.272347099999934], [106.828858, -6.272423499999945], [106.82883170000008, -6.27251339999998], [106.82875740000009, -6.272511499999951], [106.82875270000005, -6.27251339999998], [106.82871180000006, -6.272529599999928], [106.82868680000007, -6.272542199999975], [106.82866890000008, -6.272551199999953], [106.82866920000004, -6.272627099999966], [106.82877720000005, -6.272763599999962], [106.82877940000009, -6.272766399999966], [106.82880960000006, -6.272803899999928], [106.82884610000008, -6.272849299999962], [106.828847, -6.272854199999927], [106.82884810000007, -6.272860099999946], [106.82885220000009, -6.272883299999933], [106.82885260000006, -6.272885199999962], [106.82885630000004, -6.272905799999933], [106.828824, -6.272929499999975], [106.82882170000005, -6.272931699999958], [106.82875990000008, -6.272990599999957], [106.82870940000004, -6.273021899999947], [106.82863010000005, -6.273070899999937], [106.82862910000006, -6.273071499999958], [106.82859010000004, -6.273126], [106.82858780000004, -6.273129199999971], [106.82857440000004, -6.273147799999947], [106.82857850000005, -6.273162199999945], [106.82857910000007, -6.273164699999938], [106.82857630000007, -6.273174599999948], [106.82858620000007, -6.273189699999932], [106.82858860000005, -6.273198199999968], [106.82859580000007, -6.273223899999948], [106.82861010000005, -6.273231299999964], [106.82864130000007, -6.273279399999979], [106.82868180000008, -6.273367599999972], [106.82874510000005, -6.273505599999964], [106.82874330000004, -6.273525699999936], [106.82874320000008, -6.27352639999998], [106.82875190000004, -6.273520599999927], [106.82876860000005, -6.27355689999996], [106.82999080000008, -6.273708099999965], [106.83027360000006, -6.273743], [106.83033, -6.27375], [106.83078, -6.27387], [106.8309, -6.27387], [106.83128, -6.27387], [106.83155, -6.27383], [106.83162, -6.27382], [106.83212, -6.27374], [106.83236, -6.27374], [106.832406, -6.273753799999952], [106.83241320000008, -6.273748599999976], [106.83240950000004, -6.273676099999932], [106.832347, -6.273569099999975], [106.83229470000003, -6.273441299999945], [106.83218030000006, -6.273351799999944], [106.83216260000006, -6.273217099999954], [106.83217270000006, -6.273203799999976], [106.83217820000004, -6.273196499999926], [106.83208030000009, -6.272961099999975], [106.832122, -6.272705199999962], [106.83226360000003, -6.272591099999943], [106.83237680000008, -6.272477], [106.83233360000008, -6.272306699999945], [106.83230490000005, -6.272207399999957], [106.83229340000008, -6.272129199999938], [106.83229030000007, -6.272108], [106.83230420000007, -6.27200849999997], [106.83230380000003, -6.271894799999927], [106.832346, -6.271795199999929], [106.83235980000006, -6.271681499999943], [106.83238780000005, -6.271553599999947], [106.83239530000009, -6.271522899999979], [106.83242980000006, -6.271383], [106.83235830000007, -6.271241199999963], [106.83218790000006, -6.271241799999927], [106.83205970000006, -6.271114399999931], [106.83214020000008, -6.270975199999953], [106.83210120000007, -6.270961199999931], [106.83218860000005, -6.270769], [106.83220890000007, -6.270654899999954], [106.83225350000004, -6.270544099999938], [106.83232, -6.270534299999952], [106.83232, -6.27043], [106.83231820000009, -6.270372299999963], [106.83231, -6.27011], [106.83234730000004, -6.26989569999995], [106.83235, -6.26988], [106.83243, -6.26971], [106.83246450000007, -6.269564499999944], [106.83242530000007, -6.269460099999947], [106.83239160000005, -6.269370099999946], [106.83246090000006, -6.269277], [106.83263, -6.26913], [106.832806, -6.269083799999976], [106.83281640000007, -6.26904339999993], [106.83282890000004, -6.268995099999927], [106.83273790000004, -6.268889899999976], [106.83270920000007, -6.268859299999974], [106.83261940000006, -6.268763699999965], [106.83249690000008, -6.268707199999938], [106.83242720000004, -6.268677899999943], [106.83237330000009, -6.268685799999957], [106.83236720000008, -6.268686699999932], [106.83234740000006, -6.268689599999959], [106.83230910000009, -6.268695199999968], [106.83230220000007, -6.268676], [106.83226680000007, -6.268603], [106.83222730000006, -6.268521799999974], [106.83222510000007, -6.268517199999962], [106.83209490000007, -6.268487599999958], [106.83208480000008, -6.268485299999952], [106.832062, -6.268480099999977], [106.83201780000007, -6.268386199999952], [106.83200550000004, -6.268320899999935], [106.83245090000008, -6.26831089999996], [106.83252110000006, -6.268309299999942], [106.83258250000006, -6.268308], [106.83277180000005, -6.268303699999933], [106.83277280000004, -6.268362299999978], [106.83277970000006, -6.268460299999958], [106.83278190000004, -6.268491899999958], [106.832975, -6.268483199999935], [106.83325180000008, -6.268470699999966], [106.83330030000008, -6.268471799999929], [106.83333360000006, -6.268467], [106.83336230000003, -6.268465699999979], [106.833495, -6.268459299999961], [106.83387630000004, -6.268440799999951], [106.83387920000007, -6.268440699999928], [106.83430730000003, -6.268468699999971], [106.83456730000006, -6.268470899999954], [106.83485140000005, -6.26847319999996], [106.83484630000004, -6.268399], [106.834837, -6.268263899999965], [106.83482030000005, -6.268019599999946], [106.83481890000007, -6.267930799999931], [106.83481270000004, -6.267520199999979], [106.83481290000009, -6.267513199999939], [106.83481450000005, -6.267440699999952], [106.83481180000007, -6.267265399999928], [106.83480420000006, -6.266829199999961], [106.83478940000003, -6.266398099999947], [106.83477780000004, -6.265994499999977], [106.83549, -6.26601], [106.83554460000005, -6.265994399999954], [106.83556, -6.26599], [106.83556270000008, -6.265990199999976], [106.83568, -6.266], [106.83696, -6.26604], [106.83723, -6.26604], [106.83729, -6.26604], [106.83773640000004, -6.266059199999972], [106.83822, -6.26608], [106.83856, -6.26609], [106.83876, -6.2661], [106.83941, -6.26611], [106.839891, -6.266101599999956], [106.83998, -6.2661], [106.84007160000004, -6.266102399999966], [106.84036, -6.26611], [106.84113140000005, -6.266127], [106.84127, -6.26613], [106.84175, -6.26614], [106.84209, -6.26617], [106.84217350000006, -6.26617], [106.84219, -6.26617], [106.84244, -6.26615], [106.8426, -6.26613], [106.84297, -6.26609], [106.84313, -6.26608], [106.84383, -6.26603], [106.84406, -6.26598], [106.84415, -6.26596], [106.84407, -6.26577], [106.84401, -6.26564], [106.84374, -6.26514], [106.84373810000005, -6.265136], [106.84363, -6.26491], [106.84352, -6.26468], [106.84343, -6.26452], [106.84339, -6.26445], [106.84331, -6.26418], [106.84329, -6.26407], [106.84324, -6.26345], [106.84321, -6.26324], [106.8432, -6.26288], [106.8432, -6.262877699999933], [106.8432, -6.26281], [106.84317, -6.26257], [106.84319030000006, -6.262569699999972], [106.84319030000006, -6.262569399999961], [106.84383, -6.26256], [106.84442, -6.26253], [106.84563, -6.26249], [106.84571, -6.26249], [106.84571280000006, -6.262489799999969], [106.8467, -6.26243], [106.84689140000006, -6.262422], [106.84694, -6.26242], [106.84732, -6.26239], [106.84770150000008, -6.262373399999944], [106.84778, -6.26237], [106.8481, -6.26235], [106.84827020000006, -6.262331099999926], [106.84836150000007, -6.262320899999963], [106.84837, -6.26232], [106.8487, -6.26231], [106.84924010000009, -6.262276799999938], [106.84925070000008, -6.262276099999951], [106.84935, -6.26227], [106.84952, -6.26225], [106.84994660000007, -6.26221449999997], [106.85, -6.26221], [106.85045, -6.26218], [106.85132, -6.26213], [106.85149, -6.26212], [106.85176, -6.26212], [106.85189, -6.2621], [106.85195280000005, -6.262113399999976], [106.85206430000005, -6.262137399999972], [106.85217, -6.26216], [106.85196, -6.26263], [106.85184, -6.26289], [106.85143340000008, -6.263781699999981], [106.85127, -6.26414], [106.8511, -6.26456], [106.85079, -6.26527], [106.85074730000008, -6.265379799999948], [106.85058, -6.26581], [106.85049, -6.26601], [106.85032, -6.26638], [106.85012, -6.2668], [106.85011250000008, -6.266816099999971], [106.85133190000005, -6.266869499999927], [106.85142910000008, -6.266865899999971], [106.85279790000004, -6.266814599999975], [106.85292430000004, -6.266809899999942], [106.85337380000004, -6.26680829999998], [106.85410680000007, -6.266805699999964], [106.85470080000005, -6.266803599999946], [106.85485880000004, -6.266803099999947], [106.85535720000007, -6.266783499999974], [106.85543980000006, -6.266770699999938], [106.85540790000005, -6.266471399999944], [106.85535450000003, -6.266217799999936], [106.85523240000003, -6.266101399999968], [106.85462970000003, -6.26581049999993], [106.85423010000005, -6.265513], [106.85401970000004, -6.265278799999976], [106.85397340000009, -6.265087599999958], [106.85399650000005, -6.264935099999946], [106.85404220000004, -6.264875899999936], [106.85408040000004, -6.264817299999947], [106.85417190000004, -6.264778199999967], [106.85446950000005, -6.264679499999943], [106.85501120000004, -6.26454119999994], [106.856148, -6.264400499999965], [106.85651420000005, -6.26436], [106.856827, -6.264300399999968], [106.85703060000009, -6.264165399999968], [106.85711220000007, -6.264064799999971], [106.85712990000007, -6.263918899999965], [106.85712030000008, -6.263782299999946], [106.85696430000007, -6.263694799999939], [106.85630050000009, -6.263502199999948], [106.85553760000005, -6.26317309999996], [106.85461450000008, -6.262766399999975], [106.85433980000005, -6.262513699999943], [106.85428640000003, -6.26241639999995], [106.85429930000004, -6.262317099999962], [106.85430160000004, -6.262299599999949], [106.85432450000008, -6.262162699999976], [106.85461450000008, -6.261966699999959], [106.85516380000007, -6.261828], [106.85543080000008, -6.261807499999975], [106.85551470000007, -6.261943899999949], [106.85563730000007, -6.262068799999952], [106.85574360000004, -6.262177], [106.85601830000007, -6.262508], [106.85655230000003, -6.262759699999947], [106.857094, -6.262836], [106.85774250000009, -6.262872699999946], [106.85810870000006, -6.262910399999953], [106.85845970000008, -6.263006699999949], [106.85877250000004, -6.263025299999981], [106.85898470000006, -6.262991799999952], [106.85920280000005, -6.262845199999958], [106.85931110000007, -6.262580499999956], [106.85944640000008, -6.262188099999946], [106.85960830000005, -6.26162249999993], [106.85979650000007, -6.260746899999958], [106.85987650000004, -6.260181499999931], [106.86000130000008, -6.259664399999963], [106.86009230000008, -6.259287399999948], [106.86022970000005, -6.258719499999927], [106.86037460000006, -6.258292299999937], [106.86038820000005, -6.258194399999979], [106.86038880000007, -6.258189799999968], [106.86038990000009, -6.258182099999942], [106.86050430000006, -6.257686199999966], [106.86050420000004, -6.257390399999963], [106.86047630000007, -6.257235499999979], [106.86040310000004, -6.257144599999947], [106.86025720000004, -6.257090499999947], [106.859829, -6.257073699999978], [106.85946670000004, -6.257067199999938], [106.85934590000005, -6.256947899999943], [106.85931410000006, -6.256818799999962], [106.85937220000005, -6.256665199999929], [106.85942640000007, -6.256546599999979], [106.85958120000004, -6.256453599999929], [106.85994740000007, -6.256222799999932], [106.86034420000004, -6.255950899999959], [106.86059830000005, -6.255667399999936], [106.86065230000008, -6.255554299999972], [106.86065690000004, -6.255549499999972], [106.860658, -6.255542599999956], [106.86072480000007, -6.255402699999934], [106.86071030000005, -6.255185599999947], [106.86048140000008, -6.254745499999956], [106.86023910000006, -6.254556799999932], [106.85971020000005, -6.254385499999955], [106.85946430000007, -6.254377199999965], [106.85920970000006, -6.254505699999925], [106.85883350000006, -6.25477079999996], [106.85820030000008, -6.255156099999965], [106.85778090000008, -6.255272399999967], [106.857682, -6.255185599999947], [106.85763610000004, -6.25509459999995], [106.85757160000009, -6.254894299999933], [106.85756980000008, -6.254851499999972], [106.85755180000007, -6.25443869999998], [106.85758640000006, -6.25391], [106.85773490000008, -6.253223], [106.85794630000004, -6.252669199999957], [106.85816370000003, -6.252340299999958], [106.85908530000006, -6.251398599999959], [106.85948960000007, -6.251167299999963], [106.85990860000004, -6.251050699999951], [106.85990780000009, -6.251012599999967], [106.85990420000007, -6.250992699999927], [106.85991280000007, -6.251012899999978], [106.86018020000006, -6.250985199999946], [106.86040770000005, -6.251024499999971], [106.86052880000005, -6.251238199999932], [106.86066440000008, -6.251746399999945], [106.86067670000006, -6.251797299999964], [106.86075610000006, -6.252024699999936], [106.86079820000003, -6.252297799999951], [106.86081370000005, -6.25236149999995], [106.86090920000004, -6.252896599999929], [106.86096420000007, -6.25331129999995], [106.86104620000003, -6.253819599999929], [106.86116730000003, -6.254006599999968], [106.86127270000009, -6.254051299999958], [106.86153010000004, -6.254015399999957], [106.86155520000005, -6.254005199999938], [106.86182880000007, -6.253954399999941], [106.86186780000008, -6.253944], [106.86226340000007, -6.253801899999928], [106.86249620000007, -6.25368949999995], [106.86250320000005, -6.253685099999927], [106.862668, -6.253522499999974], [106.86268510000008, -6.253499599999941], [106.86284660000007, -6.253185799999926], [106.86284660000007, -6.253032699999949], [106.86270920000004, -6.25249679999996], [106.86245750000006, -6.251846399999977], [106.86225950000005, -6.251335599999948], [106.86221420000004, -6.251245599999947], [106.86220870000005, -6.251204299999927], [106.86219040000009, -6.251157299999932], [106.86215230000005, -6.250851199999943], [106.86215230000005, -6.250659499999927], [106.86219040000009, -6.250467799999967], [106.86220880000008, -6.250449299999957], [106.86221130000007, -6.250415799999928], [106.86227360000004, -6.250384], [106.86230490000008, -6.25035239999994], [106.86242390000007, -6.250307199999952], [106.86337280000004, -6.249822799999947], [106.86351890000009, -6.249779399999966], [106.86388420000009, -6.249625299999934], [106.86402150000004, -6.249518], [106.864052, -6.249419299999943], [106.86403680000006, -6.249337299999979], [106.86396810000008, -6.249255199999936], [106.86386890000006, -6.249140799999964], [106.86367050000007, -6.248936199999946], [106.86351030000009, -6.24876409999996], [106.86328910000009, -6.24848609999998], [106.86303730000009, -6.248174699999936], [106.86283130000004, -6.247847099999944], [106.86270920000004, -6.247617799999944], [106.86254140000005, -6.247421299999928], [106.862404, -6.247224399999936], [106.86227470000006, -6.246960599999966], [106.86208960000005, -6.246712299999956], [106.86216030000008, -6.246705899999938], [106.86210510000006, -6.246492899999964], [106.86209130000009, -6.246448099999952], [106.86198450000006, -6.246113799999932], [106.86198450000006, -6.245904499999938], [106.86199210000007, -6.245642699999962], [106.86203780000005, -6.245391899999959], [106.862137, -6.245119199999976], [106.86224380000004, -6.244784399999958], [106.86238880000008, -6.244407199999955], [106.86245750000006, -6.244155899999953], [106.862488, -6.244040499999926], [106.86250320000005, -6.243831199999931], [106.86250320000005, -6.243622399999936], [106.86249560000005, -6.243318599999952], [106.86249560000005, -6.243133099999966], [106.86249560000005, -6.24313049999995], [106.86249560000005, -6.243113799999946], [106.85866990000005, -6.243157699999927], [106.85862350000008, -6.243158199999925], [106.855636, -6.243192399999941], [106.85557, -6.24319], [106.855546, -6.243193399999939], [106.85522, -6.24324], [106.85413, -6.24325], [106.854093, -6.24325], [106.85405, -6.24325], [106.85391740000006, -6.243241699999942], [106.85371, -6.24325], [106.8527, -6.24325], [106.85255, -6.24325], [106.85157, -6.24326], [106.85146, -6.24325], [106.85092, -6.24326], [106.84985, -6.24329], [106.84913890000007, -6.243266699999936], [106.84746680000006, -6.243285799999967], [106.847467, -6.243287499999951], [106.84694470000005, -6.243298799999934], [106.84684050000004, -6.243433], [106.84678620000005, -6.243513599999972], [106.84677670000008, -6.24352609999994]]] 
      }
    },
    {
      "type": "Feature",
      "properties": {
        "district_id": "3171090",
        "province": "DKI Jakarta",
        "regency": "Jakarta Selatan",
        "district": "Tebet",
        "pria": 0,
        "wanita": 0,
        "total_penduduk": 0
      },
      "geometry": {
        "type": "Polygon",
        "coordinates": [[[106.85654950000009, -6.215248899999949], [106.85656760000006, -6.215188099999978], [106.85669730000006, -6.214896299999964], [106.856827, -6.214656899999966], [106.85696940000008, -6.214448699999934], [106.85704250000003, -6.21432649999997], [106.85730670000004, -6.213931199999934], [106.85731240000007, -6.213927699999942], [106.85758790000006, -6.213759699999969], [106.85772380000009, -6.21381619999994], [106.857918, -6.21377949999993], [106.85810870000006, -6.213737099999946], [106.858185, -6.213674599999933], [106.85823080000006, -6.213580699999966], [106.85823840000006, -6.213445299999933], [106.858185, -6.213279299999954], [106.85806290000005, -6.213133899999946], [106.85806080000003, -6.213129699999968], [106.85811150000006, -6.213108499999976], [106.85783610000004, -6.212668199999939], [106.85783040000007, -6.212659199999962], [106.85769210000007, -6.212445799999955], [106.85752820000005, -6.212212499999964], [106.85718770000005, -6.211945499999956], [106.85682960000008, -6.21175], [106.85648570000006, -6.211672399999941], [106.85640030000008, -6.211653099999978], [106.85561330000007, -6.211459199999979], [106.85515290000006, -6.211332899999945], [106.85496930000005, -6.211282599999947], [106.85449520000009, -6.211132199999952], [106.85436430000004, -6.210975599999927], [106.854366, -6.210973899999942], [106.85434050000003, -6.210947], [106.85430270000006, -6.210857199999964], [106.85420480000005, -6.210677799999928], [106.85374590000004, -6.210288299999945], [106.85348420000008, -6.210066099999949], [106.85304570000005, -6.209780699999953], [106.85259150000007, -6.209485099999938], [106.85241160000004, -6.209410799999944], [106.85229790000005, -6.209384], [106.851792, -6.209265], [106.85154440000008, -6.209206699999925], [106.85144820000005, -6.209174699999949], [106.85125960000005, -6.209079799999927], [106.85113670000004, -6.209001199999932], [106.85096390000007, -6.208890599999961], [106.85094130000004, -6.208876199999963], [106.85094070000008, -6.20887579999993], [106.85060570000007, -6.208661499999948], [106.85052270000006, -6.208608499999968], [106.85034860000007, -6.208400299999937], [106.85022440000006, -6.208251899999937], [106.85000420000006, -6.207988599999965], [106.84989410000009, -6.207913299999973], [106.84966660000003, -6.207757599999979], [106.84959850000007, -6.207734899999934], [106.84917690000009, -6.207594399999948], [106.84905260000005, -6.207543], [106.84904730000005, -6.207551299999977], [106.84895470000004, -6.207520399999964], [106.84885990000004, -6.207569099999944], [106.84854380000007, -6.207731599999931], [106.84831270000006, -6.207881399999962], [106.84825150000006, -6.207916799999964], [106.84823340000008, -6.20793279999998], [106.84819350000004, -6.207958699999949], [106.84819620000007, -6.207962799999962], [106.84818880000006, -6.207968499999936], [106.84819, -6.20797], [106.84819050000004, -6.207970699999976], [106.84819730000004, -6.207964599999968], [106.84821290000008, -6.207988799999953], [106.84843780000006, -6.20834519999994], [106.84844020000008, -6.208348899999976], [106.84806650000007, -6.208585299999925], [106.84788890000004, -6.208722399999942], [106.84775550000006, -6.208825499999932], [106.84770820000006, -6.209041399999933], [106.84769680000005, -6.209089699999936], [106.84761710000004, -6.209312], [106.84760770000008, -6.20934479999994], [106.84759210000004, -6.209388499999932], [106.84728390000004, -6.209998599999949], [106.84727490000006, -6.210016199999927], [106.84723050000008, -6.210103099999969], [106.84712610000008, -6.210273399999949], [106.84704960000005, -6.210393599999975], [106.84698080000004, -6.210527099999979], [106.84698240000006, -6.210528], [106.84690820000009, -6.210638699999947], [106.84688260000007, -6.210677], [106.84686340000007, -6.210705699999949], [106.84674220000005, -6.210886499999958], [106.84659860000005, -6.211100699999974], [106.84658280000008, -6.211124199999972], [106.84649360000009, -6.211257399999965], [106.84646350000008, -6.211302299999943], [106.84641180000006, -6.211379299999976], [106.84632290000008, -6.211512099999936], [106.84631970000004, -6.21151679999997], [106.84617060000005, -6.211730099999954], [106.84606480000008, -6.211881399999925], [106.84600640000008, -6.211965], [106.845974, -6.212011299999972], [106.84595720000004, -6.21203509999998], [106.84589250000005, -6.21212689999993], [106.84588920000004, -6.212131499999941], [106.845844, -6.212195599999973], [106.84581550000007, -6.212235599999929], [106.84578770000007, -6.212274499999978], [106.84578370000008, -6.21228009999993], [106.84567360000005, -6.21243579999998], [106.84536070000007, -6.212878599999954], [106.84517780000004, -6.213137499999959], [106.84506730000004, -6.213294], [106.84477560000005, -6.213706799999954], [106.84471350000007, -6.21379479999996], [106.84453210000004, -6.21405139999996], [106.84444710000008, -6.214171699999952], [106.84432070000008, -6.214350599999932], [106.84429750000004, -6.214385], [106.84421250000008, -6.214510599999926], [106.84422520000004, -6.21451639999998], [106.84420230000006, -6.214517299999955], [106.84409220000003, -6.214659199999971], [106.844021, -6.214812699999925], [106.84400970000007, -6.214837], [106.84402590000008, -6.214848299999971], [106.84402480000006, -6.21485139999993], [106.84402110000008, -6.214861299999939], [106.84402110000008, -6.214865499999974], [106.84393420000004, -6.215111799999931], [106.84387770000006, -6.215270099999941], [106.84388740000009, -6.21553369999998], [106.84389250000004, -6.215731399999981], [106.84391150000005, -6.215801899999974], [106.84396810000004, -6.216012199999966], [106.84394670000006, -6.216066199999943], [106.84394480000009, -6.216071], [106.84394140000006, -6.216079599999944], [106.84394170000007, -6.216080299999931], [106.84401590000004, -6.216267], [106.844035, -6.216315099999974], [106.84412080000004, -6.216483899999957], [106.84417120000006, -6.216583199999945], [106.84434090000008, -6.216917099999932], [106.84451280000008, -6.217255299999977], [106.84455930000007, -6.217346799999973], [106.84456080000007, -6.217349699999943], [106.84456060000008, -6.217349899999931], [106.84471940000009, -6.217656399999953], [106.84478860000007, -6.217790599999944], [106.844795, -6.217803099999969], [106.84488860000005, -6.217986199999928], [106.84490670000008, -6.218021699999952], [106.84500870000005, -6.218230699999935], [106.84503120000005, -6.218276799999956], [106.84503440000009, -6.218283399999962], [106.84510050000006, -6.218467799999928], [106.84510350000005, -6.218476], [106.845238, -6.218851], [106.84525580000007, -6.218901099999925], [106.84540990000005, -6.219334799999956], [106.84554950000006, -6.219728099999941], [106.84578960000005, -6.220404], [106.84587190000008, -6.22063559999998], [106.84588050000008, -6.220659799999964], [106.84597920000004, -6.220799599999964], [106.84603270000008, -6.22088059999993], [106.84580280000006, -6.221096399999965], [106.84557870000003, -6.221268699999939], [106.84535470000009, -6.221423799999968], [106.84519960000006, -6.221475599999962], [106.84508050000005, -6.221469899999931], [106.84483760000006, -6.221458299999938], [106.84430330000004, -6.221458299999938], [106.84390690000004, -6.221458299999938], [106.84338990000003, -6.221458299999938], [106.843268, -6.221453599999961], [106.84294180000006, -6.221441099999936], [106.84233860000006, -6.221441099999936], [106.841787, -6.221423799999968], [106.84121830000004, -6.221441099999936], [106.84087360000007, -6.221441099999936], [106.84042550000004, -6.221441099999936], [106.83997740000007, -6.221441099999936], [106.83980420000006, -6.221450199999936], [106.83964990000004, -6.221458299999938], [106.83916730000004, -6.221492799999965], [106.83914470000008, -6.221492799999965], [106.83878820000007, -6.221492799999965], [106.83854690000004, -6.221527299999934], [106.83847790000004, -6.221613399999967], [106.83847790000004, -6.221803], [106.83849520000007, -6.221906399999966], [106.83849520000007, -6.222065199999975], [106.83849520000007, -6.222130599999957], [106.83849520000007, -6.222164899999939], [106.83848440000008, -6.222188499999959], [106.83841960000007, -6.222331299999951], [106.838409, -6.222354499999938], [106.83838720000006, -6.222363899999948], [106.83816770000004, -6.222457899999938], [106.83807460000008, -6.222508], [106.83790650000009, -6.222564], [106.83785640000008, -6.222582299999942], [106.83777250000009, -6.222612799999979], [106.837599, -6.222647499999937], [106.837489, -6.222677499999975], [106.83678880000008, -6.222774699999945], [106.83592070000009, -6.22289509999996], [106.83561780000008, -6.222840399999939], [106.83562880000005, -6.222919899999965], [106.83561730000008, -6.223099799999943], [106.83557890000009, -6.223226199999942], [106.83552330000003, -6.223304199999973], [106.83552620000006, -6.223425599999928], [106.83546390000004, -6.223666399999956], [106.83530980000006, -6.224041099999965], [106.83524, -6.224211399999945], [106.83527190000007, -6.224301199999957], [106.83524470000003, -6.224530799999968], [106.83529450000009, -6.224875699999927], [106.83528060000003, -6.225084699999968], [106.83531520000008, -6.225254599999971], [106.83531010000007, -6.225275499999952], [106.83505840000004, -6.225350499999934], [106.83505840000004, -6.225416899999971], [106.83505820000005, -6.225416899999971], [106.83505860000008, -6.225513899999953], [106.83505920000005, -6.225517799999977], [106.83506060000008, -6.225525699999935], [106.83506180000006, -6.225532799999939], [106.83512850000005, -6.225925399999937], [106.83531780000004, -6.226401299999964], [106.83538950000008, -6.22658169999994], [106.83550990000003, -6.22686], [106.83550990000003, -6.226862], [106.83551090000009, -6.227158799999927], [106.83574220000008, -6.227747799999975], [106.835792, -6.227874699999973], [106.83601150000004, -6.228033299999936], [106.83604980000007, -6.22824369999995], [106.836113, -6.228590599999961], [106.83621480000005, -6.228725499999939], [106.83659280000006, -6.229226199999971], [106.836593, -6.229227199999968], [106.83681460000008, -6.230061899999953], [106.83669890000004, -6.231117799999936], [106.83658580000008, -6.23293039999993], [106.83643510000007, -6.233370899999954], [106.83640850000006, -6.233448899999928], [106.83650960000006, -6.233926499999939], [106.83639150000005, -6.234285399999976], [106.83647290000005, -6.234822799999961], [106.83639290000008, -6.235638199999926], [106.83635760000004, -6.235998199999926], [106.83611990000009, -6.236297699999966], [106.83612120000004, -6.236696], [106.835707, -6.237753], [106.83526480000006, -6.237881099999981], [106.83515030000007, -6.237914299999943], [106.83514170000007, -6.237968399999943], [106.83506160000007, -6.238470399999926], [106.83485590000004, -6.23909029999993], [106.834937, -6.239528099999973], [106.83492730000006, -6.239551099999971], [106.83482930000008, -6.239782099999957], [106.83475940000005, -6.239947], [106.83474720000004, -6.240089599999976], [106.834748, -6.240089599999976], [106.83471910000009, -6.240439], [106.83468540000007, -6.24085539999993], [106.83468420000008, -6.240871], [106.83476340000004, -6.240931599999954], [106.83494580000007, -6.240961299999981], [106.83496190000005, -6.240964399999939], [106.835196, -6.241018199999928], [106.83544, -6.24107], [106.83641, -6.24128], [106.83679, -6.24138], [106.83714, -6.24148], [106.8372, -6.24149], [106.83762, -6.24161], [106.83765690000007, -6.241617], [106.83804890000005, -6.241691499999945], [106.83811730000008, -6.241707399999939], [106.838281, -6.241745599999945], [106.83911670000003, -6.241973899999948], [106.839119, -6.241974699999957], [106.83911980000005, -6.241975], [106.83948040000007, -6.242108899999948], [106.839859, -6.242213499999934], [106.840022, -6.242264399999954], [106.84010860000006, -6.242291499999965], [106.84036050000009, -6.242377899999951], [106.840756, -6.242486], [106.841048, -6.242570199999932], [106.84150440000008, -6.242720599999927], [106.84184570000008, -6.242857], [106.84201860000007, -6.24292719999994], [106.84222210000007, -6.243007699999964], [106.84222840000007, -6.243009799999925], [106.84225920000006, -6.243022099999962], [106.84235620000004, -6.243051899999955], [106.84254020000009, -6.243112599999961], [106.84260680000006, -6.243139], [106.84281920000006, -6.243233099999941], [106.84318420000005, -6.243335199999933], [106.84329880000007, -6.243363399999964], [106.84331280000004, -6.243367299999932], [106.843334, -6.243372099999931], [106.84345190000005, -6.243401099999971], [106.84345380000008, -6.24339729999997], [106.843455, -6.243394599999931], [106.84345390000004, -6.24339729999997], [106.84364580000005, -6.243411599999945], [106.84413010000009, -6.24344009999993], [106.84420040000003, -6.243448699999931], [106.84423850000007, -6.243450899999971], [106.84427790000007, -6.243458099999941], [106.84449330000007, -6.243484299999977], [106.84468420000007, -6.243474099999958], [106.84475130000004, -6.24345859999994], [106.84526270000003, -6.24349669999998], [106.84541630000007, -6.243496199999981], [106.84588550000007, -6.243524799999932], [106.84641360000006, -6.243519299999946], [106.84657850000008, -6.243522299999938], [106.84677670000008, -6.24352609999994], [106.84678620000005, -6.243513599999972], [106.84684050000004, -6.243433], [106.84694470000005, -6.243298799999934], [106.847467, -6.243287499999951], [106.84746680000006, -6.243285799999967], [106.84913890000007, -6.243266699999936], [106.84985, -6.24329], [106.85092, -6.24326], [106.85146, -6.24325], [106.85157, -6.24326], [106.85255, -6.24325], [106.8527, -6.24325], [106.85371, -6.24325], [106.85391740000006, -6.243241699999942], [106.85405, -6.24325], [106.854093, -6.24325], [106.85413, -6.24325], [106.85522, -6.24324], [106.855546, -6.243193399999939], [106.85557, -6.24319], [106.855636, -6.243192399999941], [106.85862350000008, -6.243158199999925], [106.85866990000005, -6.243157699999927], [106.86249560000005, -6.243113799999946], [106.86249560000005, -6.243099299999926], [106.862488, -6.242858499999954], [106.862488, -6.242534199999966], [106.86247270000007, -6.242185599999971], [106.86248030000007, -6.241978199999949], [106.86246510000007, -6.241664], [106.862488, -6.241269199999977], [106.86250320000005, -6.24100169999997], [106.862549, -6.24074029999997], [106.86261010000004, -6.240466199999958], [106.86267870000006, -6.240144799999939], [106.86270370000005, -6.24006], [106.86278550000009, -6.239782899999966], [106.86283130000004, -6.239574499999947], [106.86290760000009, -6.239321299999972], [106.86301440000005, -6.238899299999957], [106.86314410000006, -6.238489199999947], [106.86328240000006, -6.238118799999938], [106.86331960000007, -6.238019], [106.86345690000007, -6.237693399999955], [106.86362480000008, -6.237452099999928], [106.86379260000007, -6.237259], [106.86404440000007, -6.237077299999953], [106.86442580000005, -6.236859399999958], [106.864731, -6.236797799999977], [106.86495990000009, -6.236796899999945], [106.86518880000006, -6.236820299999977], [106.86527270000005, -6.236868399999935], [106.86544060000006, -6.237240799999938], [106.86562360000005, -6.237733899999967], [106.86579150000006, -6.238275099999953], [106.86597460000007, -6.238672299999962], [106.86613480000005, -6.238888299999928], [106.86640950000009, -6.239128199999925], [106.86651630000006, -6.239187799999968], [106.86666130000003, -6.239175399999965], [106.86676050000005, -6.239114799999925], [106.86682150000007, -6.239030399999933], [106.86684440000005, -6.238765299999955], [106.86681380000005, -6.238356199999942], [106.86674520000008, -6.238067199999932], [106.86662310000008, -6.23758609999993], [106.86644, -6.237080599999956], [106.86634080000005, -6.236780199999941], [106.86621880000007, -6.236563699999977], [106.86608910000007, -6.236383499999931], [106.86589070000008, -6.236167499999965], [106.86577590000007, -6.236058399999933], [106.86560080000004, -6.235891899999956], [106.86541, -6.235627199999954], [106.865288, -6.235459399999968], [106.865204, -6.235170399999959], [106.865204, -6.234965899999963], [106.86524220000007, -6.234881499999972], [106.86531090000005, -6.234845199999938], [106.86550160000007, -6.234832399999959], [106.86582960000004, -6.234903399999951], [106.86608140000004, -6.234866199999942], [106.86624160000008, -6.234793699999955], [106.86633320000004, -6.234672599999953], [106.86636370000008, -6.234551], [106.86635610000008, -6.234416099999976], [106.86632710000003, -6.234276299999976], [106.86630270000006, -6.234158099999945], [106.86612720000005, -6.233753299999933], [106.865967, -6.233446699999945], [106.865807, -6.233242899999937], [106.86570760000006, -6.233116199999927], [106.86530320000008, -6.232589299999972], [106.86510480000004, -6.23233179999994], [106.86489120000005, -6.232184899999936], [106.86463950000007, -6.232014199999981], [106.86434190000006, -6.231818699999963], [106.86399860000006, -6.231610799999942], [106.863926, -6.231566399999963], [106.86373920000005, -6.231452099999956], [106.86350270000008, -6.231305599999928], [106.86336540000008, -6.231158799999946], [106.86328140000006, -6.231023799999946], [106.86322040000005, -6.230864099999962], [106.86324330000008, -6.230716699999959], [106.86332720000007, -6.230532199999971], [106.86346450000008, -6.230322899999976], [106.86362480000008, -6.230150299999934], [106.86376970000003, -6.229990099999952], [106.86397570000008, -6.229841799999974], [106.86421980000006, -6.22965679999993], [106.86443350000008, -6.229471799999942], [106.86460130000006, -6.229311499999937], [106.86468530000008, -6.229188], [106.86478440000008, -6.229003499999976], [106.86483780000003, -6.22888039999998], [106.86483780000003, -6.228671099999929], [106.86483020000009, -6.228469399999938], [106.86479970000005, -6.228191], [106.86479520000006, -6.22806259999993], [106.86478440000008, -6.227748899999938], [106.86476920000007, -6.227191499999947], [106.86474630000004, -6.226932099999942], [106.86466240000004, -6.226711299999977], [106.86453270000004, -6.226481499999977], [106.86430380000007, -6.226136299999951], [106.86408250000005, -6.225829699999963], [106.86386890000006, -6.225494], [106.86369340000005, -6.225216], [106.86359420000008, -6.225080599999956], [106.86359360000006, -6.225079699999981], [106.86354850000004, -6.225014699999974], [106.86352560000006, -6.224867399999937], [106.86352560000006, -6.22475819999994], [106.86353320000006, -6.224649499999941], [106.86363240000009, -6.224552199999948], [106.86373160000005, -6.224491199999932], [106.863846, -6.224466799999959], [106.864052, -6.22447829999993], [106.86429610000005, -6.224501699999962], [106.86433780000004, -6.224512799999957], [106.86456320000008, -6.224573199999952], [106.86476920000007, -6.224572199999955], [106.86503620000008, -6.224523099999942], [106.86524980000007, -6.224425399999973], [106.86536430000007, -6.224267499999939], [106.86539440000007, -6.224137599999949], [106.86541770000008, -6.22403769999994], [106.86543290000009, -6.223819799999944], [106.86537190000007, -6.223553699999968], [106.86529560000008, -6.223348199999975], [106.86516590000008, -6.223155099999929], [106.86499040000007, -6.222973899999943], [106.86482260000008, -6.222768799999926], [106.86455550000005, -6.222527599999978], [106.86434950000006, -6.222261899999978], [106.86414360000003, -6.22198439999994], [106.86397570000008, -6.221743099999969], [106.86375450000008, -6.221501899999964], [106.86361710000006, -6.221356899999932], [106.86353320000006, -6.221212], [106.86342640000004, -6.22095829999995], [106.86328910000009, -6.220656], [106.86318990000007, -6.220390399999928], [106.86306780000007, -6.219955], [106.862961, -6.21976189999998], [106.86287710000005, -6.21970129999994], [106.86267870000006, -6.219666099999927], [106.86244980000004, -6.219679], [106.86189290000004, -6.219753299999979], [106.86174030000006, -6.219802399999935], [106.86155720000005, -6.219972699999971], [106.86142750000005, -6.220190599999967], [106.86141220000007, -6.220311699999968], [106.86145040000008, -6.220408499999962], [106.86152670000007, -6.220577799999944], [106.86167160000008, -6.220855799999981], [106.86177080000004, -6.221073199999978], [106.86177080000004, -6.221230599999956], [106.86173270000006, -6.221424199999944], [106.86164870000005, -6.221593899999959], [106.86159330000004, -6.221635799999945], [106.86159480000003, -6.221642399999951], [106.86157920000005, -6.221646499999963], [106.86150380000004, -6.221703599999955], [106.86145760000005, -6.221730799999932], [106.86133480000007, -6.221832099999972], [106.86124930000005, -6.221837499999936], [106.86115280000007, -6.221861899999965], [106.861012, -6.221852299999966], [106.86100040000008, -6.221853], [106.86099240000004, -6.221850899999936], [106.860985, -6.221850399999937], [106.86090920000004, -6.221829499999956], [106.86054740000009, -6.221736499999963], [106.86049750000006, -6.221705099999951], [106.86046620000008, -6.221695], [106.86026780000009, -6.221586799999955], [106.86016870000009, -6.221502399999963], [106.86008470000007, -6.221345499999927], [106.86006180000004, -6.221212499999979], [106.86007320000004, -6.221165299999939], [106.86007310000008, -6.221127699999954], [106.86009540000003, -6.221073699999977], [106.8601, -6.221054599999945], [106.86013050000008, -6.220945899999947], [106.86018080000008, -6.220873099999949], [106.86042480000003, -6.22043739999998], [106.86048950000009, -6.220362799999975], [106.86055780000004, -6.220254499999953], [106.860718, -6.219953099999941], [106.86087820000006, -6.219667], [106.86112230000003, -6.219254099999944], [106.86125960000004, -6.219042299999956], [106.86133770000004, -6.218934099999956], [106.86138340000008, -6.218858799999964], [106.86148450000007, -6.218751199999929], [106.86154190000008, -6.218682399999977], [106.86183950000009, -6.218342899999925], [106.86203230000007, -6.218084099999942], [106.86218630000008, -6.217792699999961], [106.862311, -6.217667], [106.86235830000004, -6.217601399999978], [106.86242690000006, -6.21752749999996], [106.86259480000007, -6.217368199999953], [106.86277030000008, -6.217219399999976], [106.863022, -6.217007199999955], [106.86321280000004, -6.21683749999994], [106.86342270000006, -6.216602599999931], [106.86345740000007, -6.216556799999978], [106.863539, -6.216396199999963], [106.86353880000007, -6.216359599999976], [106.86353410000004, -6.216280299999937], [106.86352590000007, -6.216260099999943], [106.86342510000009, -6.216182099999969], [106.863243, -6.216154699999947], [106.86299560000003, -6.216141099999959], [106.86286980000006, -6.21615], [106.86257440000009, -6.216255599999954], [106.86198890000009, -6.216530599999942], [106.86183190000008, -6.216620499999976], [106.86116810000004, -6.21699289999998], [106.86097, -6.21710429999996], [106.860964, -6.217107899999974], [106.86096260000005, -6.217108499999938], [106.86080950000007, -6.217194599999971], [106.86061880000005, -6.217269499999929], [106.86053130000005, -6.217292899999961], [106.86045320000005, -6.217326299999968], [106.86032780000005, -6.217318899999952], [106.86023730000005, -6.217323399999941], [106.86015910000003, -6.217308899999978], [106.86013840000004, -6.217307699999935], [106.86011740000004, -6.217301199999952], [106.86006950000007, -6.217292399999963], [106.85993980000006, -6.217250899999954], [106.85992490000007, -6.217241799999954], [106.85982320000005, -6.217210399999942], [106.85974280000005, -6.217103899999927], [106.85964220000005, -6.216998099999955], [106.859421, -6.216766399999926], [106.85922340000008, -6.216570399999966], [106.85916930000008, -6.216518599999972], [106.85903570000005, -6.216418699999963], [106.858828, -6.216322599999955], [106.85876420000005, -6.216311599999926], [106.85866840000006, -6.216321499999935], [106.85862750000007, -6.216335799999968], [106.85855110000006, -6.216374], [106.85836490000008, -6.216546], [106.85811050000007, -6.216921], [106.85794790000006, -6.217300499999965], [106.85794170000008, -6.217300399999942], [106.85788750000006, -6.217405799999938], [106.85780350000005, -6.217554199999938], [106.85770430000008, -6.217639], [106.85751360000006, -6.217661], [106.85734580000008, -6.21762949999993], [106.85722370000008, -6.217577], [106.85706350000004, -6.217461599999979], [106.85694140000004, -6.217324799999972], [106.85672010000008, -6.217050599999936], [106.85649130000007, -6.21679789999996], [106.85635390000004, -6.21658709999997], [106.85630820000006, -6.216395399999953], [106.85628530000008, -6.216281], [106.85628530000008, -6.216156499999954], [106.85635390000004, -6.215896199999975], [106.85646840000004, -6.215521399999943], [106.85654950000009, -6.215248899999949]]] 
      }
    },
    {
      "type": "Feature",
      "properties": {
        "district_id": "3171100",
        "province": "DKI Jakarta",
        "regency": "Jakarta Selatan",
        "district": "Setia Budi",
        "pria": 0,
        "wanita": 0,
        "total_penduduk": 0
      },
      "geometry": {
        "type": "Polygon",
        "coordinates": [[[106.82747620000004, -6.20375219999994], [106.82747640000008, -6.203750299999967], [106.82722060000003, -6.203693499999929], [106.82692670000006, -6.203626499999928], [106.82654590000004, -6.203541299999927], [106.826325, -6.203489499999932], [106.82587240000004, -6.203386399999943], [106.82540150000005, -6.203294799999981], [106.82481890000008, -6.203145799999959], [106.82352050000009, -6.202848399999937], [106.82320420000008, -6.202801699999952], [106.82274530000007, -6.202706399999954], [106.82270830000004, -6.202698699999928], [106.82269310000004, -6.202784599999973], [106.82267780000006, -6.202846099999931], [106.82267020000006, -6.202908099999945], [106.82257860000004, -6.203350099999966], [106.82255570000007, -6.203461199999936], [106.82251, -6.203680599999927], [106.82238020000005, -6.204239399999949], [106.82229630000006, -6.20488359999996], [106.82229630000006, -6.204909399999963], [106.82226510000004, -6.205211599999927], [106.82225050000005, -6.205352799999957], [106.82222770000004, -6.205423399999972], [106.82212850000008, -6.206228299999964], [106.82205980000003, -6.206918799999926], [106.82206750000006, -6.207089499999938], [106.82205980000003, -6.207375099999979], [106.82202170000005, -6.207713199999944], [106.822014, -6.207753699999955], [106.82175460000008, -6.208766499999967], [106.82159540000004, -6.209226199999932], [106.82159440000004, -6.209229], [106.82159330000007, -6.209231899999963], [106.82150290000004, -6.209450299999958], [106.82119770000008, -6.210076799999968], [106.82112840000008, -6.210225799999932], [106.82098230000008, -6.210662799999966], [106.82092210000008, -6.210772299999974], [106.82072840000006, -6.211124899999959], [106.82039010000005, -6.211736499999972], [106.820225, -6.21204309999996], [106.82021350000008, -6.21206959999995], [106.82006850000005, -6.212355199999934], [106.81999820000004, -6.212456499999973], [106.81985950000006, -6.212709599999926], [106.81979410000008, -6.212800499999958], [106.81978630000003, -6.212815299999932], [106.81947350000007, -6.213278799999955], [106.81924460000005, -6.213602599999945], [106.81920640000004, -6.213644599999952], [106.81913010000005, -6.213732299999947], [106.81912280000006, -6.213741599999935], [106.81900040000005, -6.213895799999932], [106.81878680000005, -6.214151899999933], [106.81859610000004, -6.214367899999957], [106.81851980000005, -6.214433199999974], [106.81835030000008, -6.21458], [106.81833630000006, -6.21459219999997], [106.81807490000006, -6.214772], [106.81688050000008, -6.215808799999934], [106.81687950000008, -6.215809399999955], [106.81673020000005, -6.215930199999946], [106.81672690000005, -6.215932899999927], [106.816437, -6.216191399999957], [106.81640420000008, -6.216222199999947], [106.81621230000007, -6.216388799999947], [106.81579610000006, -6.216713899999945], [106.81565110000008, -6.216828799999973], [106.81539940000005, -6.217002899999954], [106.81536890000007, -6.217020499999933], [106.81524680000007, -6.217119699999955], [106.81497970000004, -6.217359599999952], [106.81490860000008, -6.217420799999957], [106.81407330000008, -6.218074299999955], [106.81306620000004, -6.218862099999967], [106.81288170000005, -6.219003699999973], [106.81284350000004, -6.219032799999979], [106.81279010000009, -6.219075199999963], [106.81277530000006, -6.219089699999927], [106.81271440000006, -6.219137399999966], [106.81271380000004, -6.219137699999976], [106.81262230000004, -6.219197299999962], [106.81259170000004, -6.219214], [106.812546, -6.219245899999976], [106.81252310000008, -6.219261199999949], [106.81235520000007, -6.219392299999981], [106.81233850000007, -6.219407799999942], [106.81234, -6.21941], [106.81234910000006, -6.219423199999937], [106.81256, -6.21973], [106.81273, -6.21998], [106.81321, -6.22067], [106.81332, -6.22085], [106.81342, -6.22103], [106.81352, -6.22116], [106.81368, -6.22138], [106.81375, -6.22148], [106.81386710000004, -6.22167509999997], [106.81399, -6.22188], [106.81479, -6.22299], [106.81506, -6.22336], [106.81536, -6.22378], [106.81578, -6.22441], [106.81606, -6.22483], [106.81676, -6.22592], [106.81704, -6.2263], [106.81714, -6.22642], [106.81727, -6.22663], [106.81741, -6.22683], [106.81763, -6.22711], [106.81785, -6.22748], [106.81796, -6.22767], [106.81858490000008, -6.228555299999925], [106.81889640000009, -6.229030099999932], [106.81897, -6.22916], [106.819, -6.22923], [106.81917020000009, -6.229447499999935], [106.81918, -6.22946], [106.819197, -6.229488299999957], [106.81948, -6.22996], [106.81964, -6.23022], [106.81986020000005, -6.230499299999963], [106.82029070000004, -6.231155499999943], [106.82039060000005, -6.231307799999968], [106.82042060000003, -6.231353499999955], [106.82058270000005, -6.231564899999967], [106.82091, -6.23203], [106.82114, -6.23233], [106.82151, -6.23276], [106.82158260000006, -6.232836599999928], [106.82195320000005, -6.233260899999948], [106.82228770000006, -6.233644], [106.82237240000006, -6.233697699999937], [106.82298230000004, -6.234084499999938], [106.82299, -6.23409], [106.82395460000004, -6.234710399999926], [106.82409740000008, -6.234804899999972], [106.82422230000009, -6.234871], [106.82424010000005, -6.234880499999974], [106.82442780000008, -6.235001399999931], [106.82459230000006, -6.235107299999981], [106.82470560000007, -6.235177499999963], [106.82549630000005, -6.235679], [106.82697550000006, -6.236617199999955], [106.82725, -6.2368], [106.82813, -6.23735], [106.82817580000005, -6.237378499999977], [106.83009930000009, -6.238598399999944], [106.831239, -6.239321199999949], [106.83125, -6.23933], [106.83131, -6.23937], [106.83146260000007, -6.239463], [106.83233580000007, -6.240016799999978], [106.83277040000007, -6.240292499999953], [106.83356720000006, -6.240522], [106.83356760000004, -6.240522099999964], [106.83375470000004, -6.240576], [106.83467070000006, -6.240839899999969], [106.83467170000006, -6.24084019999998], [106.83468540000007, -6.24085539999993], [106.83471910000009, -6.240439], [106.834748, -6.240089599999976], [106.83474720000004, -6.240089599999976], [106.83475940000005, -6.239947], [106.83482930000008, -6.239782099999957], [106.83492730000006, -6.239551099999971], [106.834937, -6.239528099999973], [106.83485590000004, -6.23909029999993], [106.83506160000007, -6.238470399999926], [106.83514170000007, -6.237968399999943], [106.83515030000007, -6.237914299999943], [106.83526480000006, -6.237881099999981], [106.835707, -6.237753], [106.83612120000004, -6.236696], [106.83611990000009, -6.236297699999966], [106.83635760000004, -6.235998199999926], [106.83639290000008, -6.235638199999926], [106.83647290000005, -6.234822799999961], [106.83639150000005, -6.234285399999976], [106.83650960000006, -6.233926499999939], [106.83640850000006, -6.233448899999928], [106.83643510000007, -6.233370899999954], [106.83658580000008, -6.23293039999993], [106.83669890000004, -6.231117799999936], [106.83681460000008, -6.230061899999953], [106.836593, -6.229227199999968], [106.83659280000006, -6.229226199999971], [106.83621480000005, -6.228725499999939], [106.836113, -6.228590599999961], [106.83604980000007, -6.22824369999995], [106.83601150000004, -6.228033299999936], [106.835792, -6.227874699999973], [106.83574220000008, -6.227747799999975], [106.83551090000009, -6.227158799999927], [106.83550990000003, -6.226862], [106.83550990000003, -6.22686], [106.83538950000008, -6.22658169999994], [106.83531780000004, -6.226401299999964], [106.83512850000005, -6.225925399999937], [106.83506180000006, -6.225532799999939], [106.83506060000008, -6.225525699999935], [106.83505920000005, -6.225517799999977], [106.83505860000008, -6.225513899999953], [106.83505820000005, -6.225416899999971], [106.83505840000004, -6.225416899999971], [106.83505840000004, -6.225350499999934], [106.83531010000007, -6.225275499999952], [106.83531520000008, -6.225254599999971], [106.83528060000003, -6.225084699999968], [106.83529450000009, -6.224875699999927], [106.83524470000003, -6.224530799999968], [106.83527190000007, -6.224301199999957], [106.83524, -6.224211399999945], [106.83530980000006, -6.224041099999965], [106.83546390000004, -6.223666399999956], [106.83552620000006, -6.223425599999928], [106.83552330000003, -6.223304199999973], [106.83557890000009, -6.223226199999942], [106.83561730000008, -6.223099799999943], [106.83562880000005, -6.222919899999965], [106.83561780000008, -6.222840399999939], [106.83592070000009, -6.22289509999996], [106.83678880000008, -6.222774699999945], [106.837489, -6.222677499999975], [106.837599, -6.222647499999937], [106.83777250000009, -6.222612799999979], [106.83785640000008, -6.222582299999942], [106.83790650000009, -6.222564], [106.83807460000008, -6.222508], [106.83816770000004, -6.222457899999938], [106.83838720000006, -6.222363899999948], [106.838409, -6.222354499999938], [106.83841960000007, -6.222331299999951], [106.83848440000008, -6.222188499999959], [106.83849520000007, -6.222164899999939], [106.83849520000007, -6.222130599999957], [106.83849520000007, -6.222065199999975], [106.83849520000007, -6.221906399999966], [106.83847790000004, -6.221803], [106.83847790000004, -6.221613399999967], [106.83854690000004, -6.221527299999934], [106.83878820000007, -6.221492799999965], [106.83914470000008, -6.221492799999965], [106.83916730000004, -6.221492799999965], [106.83964990000004, -6.221458299999938], [106.83980420000006, -6.221450199999936], [106.83997740000007, -6.221441099999936], [106.84042550000004, -6.221441099999936], [106.84087360000007, -6.221441099999936], [106.84121830000004, -6.221441099999936], [106.841787, -6.221423799999968], [106.84233860000006, -6.221441099999936], [106.84294180000006, -6.221441099999936], [106.843268, -6.221453599999961], [106.84338990000003, -6.221458299999938], [106.84390690000004, -6.221458299999938], [106.84430330000004, -6.221458299999938], [106.84483760000006, -6.221458299999938], [106.84508050000005, -6.221469899999931], [106.84519960000006, -6.221475599999962], [106.84535470000009, -6.221423799999968], [106.84557870000003, -6.221268699999939], [106.84580280000006, -6.221096399999965], [106.84603270000008, -6.22088059999993], [106.84597920000004, -6.220799599999964], [106.84588050000008, -6.220659799999964], [106.84587190000008, -6.22063559999998], [106.84578960000005, -6.220404], [106.84554950000006, -6.219728099999941], [106.84540990000005, -6.219334799999956], [106.84525580000007, -6.218901099999925], [106.845238, -6.218851], [106.84510350000005, -6.218476], [106.84510050000006, -6.218467799999928], [106.84503440000009, -6.218283399999962], [106.84503120000005, -6.218276799999956], [106.84500870000005, -6.218230699999935], [106.84490670000008, -6.218021699999952], [106.84488860000005, -6.217986199999928], [106.844795, -6.217803099999969], [106.84478860000007, -6.217790599999944], [106.84471940000009, -6.217656399999953], [106.84456060000008, -6.217349899999931], [106.84456080000007, -6.217349699999943], [106.84455930000007, -6.217346799999973], [106.84451280000008, -6.217255299999977], [106.84434090000008, -6.216917099999932], [106.84417120000006, -6.216583199999945], [106.84412080000004, -6.216483899999957], [106.844035, -6.216315099999974], [106.84401590000004, -6.216267], [106.84394170000007, -6.216080299999931], [106.84394140000006, -6.216079599999944], [106.84394480000009, -6.216071], [106.84394670000006, -6.216066199999943], [106.84396810000004, -6.216012199999966], [106.84391150000005, -6.215801899999974], [106.84389250000004, -6.215731399999981], [106.84388740000009, -6.21553369999998], [106.84387770000006, -6.215270099999941], [106.84393420000004, -6.215111799999931], [106.84402110000008, -6.214865499999974], [106.84402110000008, -6.214861299999939], [106.84402480000006, -6.21485139999993], [106.84402590000008, -6.214848299999971], [106.84400970000007, -6.214837], [106.844021, -6.214812699999925], [106.84409220000003, -6.214659199999971], [106.84420230000006, -6.214517299999955], [106.84422520000004, -6.21451639999998], [106.84421250000008, -6.214510599999926], [106.84429750000004, -6.214385], [106.84432070000008, -6.214350599999932], [106.84444710000008, -6.214171699999952], [106.84453210000004, -6.21405139999996], [106.84471350000007, -6.21379479999996], [106.84477560000005, -6.213706799999954], [106.84506730000004, -6.213294], [106.84517780000004, -6.213137499999959], [106.84536070000007, -6.212878599999954], [106.84567360000005, -6.21243579999998], [106.84578370000008, -6.21228009999993], [106.84578770000007, -6.212274499999978], [106.84581550000007, -6.212235599999929], [106.845844, -6.212195599999973], [106.84588920000004, -6.212131499999941], [106.84589250000005, -6.21212689999993], [106.84595720000004, -6.21203509999998], [106.845974, -6.212011299999972], [106.84600640000008, -6.211965], [106.84606480000008, -6.211881399999925], [106.84617060000005, -6.211730099999954], [106.84631970000004, -6.21151679999997], [106.84632290000008, -6.211512099999936], [106.84641180000006, -6.211379299999976], [106.84646350000008, -6.211302299999943], [106.84649360000009, -6.211257399999965], [106.84658280000008, -6.211124199999972], [106.84659860000005, -6.211100699999974], [106.84674220000005, -6.210886499999958], [106.84686340000007, -6.210705699999949], [106.84688260000007, -6.210677], [106.84690820000009, -6.210638699999947], [106.84698240000006, -6.210528], [106.84698080000004, -6.210527099999979], [106.84704960000005, -6.210393599999975], [106.84712610000008, -6.210273399999949], [106.84723050000008, -6.210103099999969], [106.84727490000006, -6.210016199999927], [106.84728390000004, -6.209998599999949], [106.84759210000004, -6.209388499999932], [106.84760770000008, -6.20934479999994], [106.84761710000004, -6.209312], [106.84769680000005, -6.209089699999936], [106.84770820000006, -6.209041399999933], [106.84775550000006, -6.208825499999932], [106.84788890000004, -6.208722399999942], [106.84806650000007, -6.208585299999925], [106.84844020000008, -6.208348899999976], [106.84843780000006, -6.20834519999994], [106.84821290000008, -6.207988799999953], [106.84819730000004, -6.207964599999968], [106.84819050000004, -6.207970699999976], [106.84811420000005, -6.208048399999939], [106.84793110000004, -6.20817], [106.84771370000004, -6.20833829999998], [106.84767980000004, -6.208364699999947], [106.84767940000006, -6.208364899999935], [106.84765640000006, -6.208382699999959], [106.847397, -6.208504699999935], [106.84734470000006, -6.208519299999978], [106.84714960000008, -6.208609299999978], [106.84704050000005, -6.208604099999945], [106.84703080000008, -6.208606799999927], [106.84680190000006, -6.208627799999931], [106.84655780000008, -6.208618699999931], [106.84629080000008, -6.208569099999977], [106.84628410000005, -6.208567799999969], [106.84609010000008, -6.208558399999959], [106.84573750000004, -6.208435899999927], [106.84573440000008, -6.208436899999981], [106.845734, -6.208435], [106.84573380000006, -6.208434099999977], [106.84541930000006, -6.208328299999948], [106.84501980000005, -6.208193899999969], [106.844823, -6.208127599999955], [106.84482360000004, -6.208125699999925], [106.84395170000005, -6.207834599999956], [106.84333550000008, -6.207619899999941], [106.84332330000007, -6.20762579999996], [106.84332630000006, -6.207615199999964], [106.84321080000007, -6.207572499999969], [106.84306510000005, -6.20751869999998], [106.84285970000008, -6.207442899999933], [106.84252540000006, -6.207321199999967], [106.84231150000005, -6.207243399999925], [106.84196860000009, -6.207118699999967], [106.84196780000008, -6.207118899999955], [106.84156020000006, -6.206967599999928], [106.84078180000006, -6.206681899999978], [106.84050320000006, -6.20658119999996], [106.83939930000008, -6.206177099999934], [106.83920310000008, -6.206119099999967], [106.83884450000005, -6.205988899999966], [106.83882220000004, -6.205982199999937], [106.83863080000003, -6.205924099999947], [106.83862960000005, -6.205923199999972], [106.83856980000007, -6.205877799999939], [106.83836330000008, -6.205797899999936], [106.83794810000006, -6.205645899999979], [106.83773970000004, -6.205570099999932], [106.83744830000006, -6.205478699999958], [106.837166, -6.205395299999964], [106.83690660000008, -6.20534], [106.836548, -6.205275599999936], [106.83617420000007, -6.205230299999926], [106.835808, -6.205184499999973], [106.83549520000008, -6.205131499999936], [106.83541130000003, -6.205117299999927], [106.83500690000005, -6.205061499999942], [106.83467120000006, -6.20501239999993], [106.83461770000008, -6.205003499999975], [106.83399890000004, -6.204924299999959], [106.83399390000005, -6.204927299999952], [106.83399450000007, -6.204921899999931], [106.83242480000007, -6.204680699999926], [106.83192460000004, -6.204627599999981], [106.83119220000003, -6.204529799999932], [106.83071920000003, -6.204452599999968], [106.830414, -6.204398699999956], [106.83017750000005, -6.204345299999943], [106.82991780000003, -6.204282699999965], [106.82953070000008, -6.20421349999998], [106.82932440000008, -6.204164699999978], [106.82910030000005, -6.204114699999934], [106.828789, -6.204056299999934], [106.82817860000006, -6.203916599999957], [106.82772580000005, -6.203807899999958], [106.82747620000004, -6.20375219999994]]] 
      }
    },
    {
      "type": "Feature",
      "properties": {
        "district_id": "3171",
        "province": "DKI Jakarta",
        "regency": "Jakarta Selatan",
        "district": "Kota Jakarta Selatan",
        "pria": 0,
        "wanita": 0,
        "total_penduduk": 0
      },
      "geometry": {
        "type": "Polygon",
        "coordinates": [[[106.76654210000004, -6.290288399999952], [106.76654630000007, -6.290339399999937], [106.76656360000004, -6.290548299999955], [106.76657790000007, -6.290576099999953], [106.76662460000006, -6.290667099999951], [106.76662730000004, -6.290672399999949], [106.76664340000008, -6.290705], [106.76670860000007, -6.290836299999967], [106.76703660000004, -6.291390399999955], [106.76718160000007, -6.29150629999998], [106.767229, -6.291517799999951], [106.76732650000008, -6.29154159999996], [106.76765280000006, -6.291550699999959], [106.76765540000008, -6.291555399999936], [106.76765920000008, -6.291550899999947], [106.76778990000008, -6.291554499999961], [106.76779750000009, -6.291571799999929], [106.76781090000009, -6.291555099999925], [106.76789110000004, -6.291557299999965], [106.76807420000006, -6.291668399999935], [106.76808950000009, -6.291704699999968], [106.76813530000004, -6.291791899999964], [106.76815050000005, -6.29190449999993], [106.76810470000004, -6.291976], [106.76802990000004, -6.292019499999981], [106.76801610000007, -6.292009099999973], [106.76801830000005, -6.292025399999943], [106.76775370000007, -6.292156499999976], [106.76772330000006, -6.292171499999938], [106.76749440000003, -6.292332699999974], [106.76751730000007, -6.292399], [106.76760120000006, -6.292509099999961], [106.767975, -6.292887699999937], [106.76812, -6.293035], [106.76814290000004, -6.293068399999981], [106.76825730000007, -6.293254399999967], [106.76825730000007, -6.293389299999944], [106.76820390000006, -6.293531], [106.768059, -6.293709299999932], [106.76789110000004, -6.293935799999929], [106.76735710000008, -6.294636299999979], [106.767174, -6.294869], [106.76714350000009, -6.294996799999979], [106.767174, -6.295155499999964], [106.76725790000006, -6.295312399999943], [106.76739520000007, -6.295490799999925], [106.76758590000009, -6.29566669999997], [106.76792930000005, -6.295834599999978], [106.76821160000009, -6.295899899999938], [106.76876090000007, -6.295929399999977], [106.76878380000005, -6.295922799999971], [106.76892110000006, -6.29589029999994], [106.769211, -6.295727299999953], [106.76953140000006, -6.295572799999945], [106.76971460000004, -6.295536499999969], [106.76991290000007, -6.29555229999994], [106.77008080000007, -6.295619], [106.77017990000007, -6.295723899999928], [106.77019520000005, -6.295813599999974], [106.77014180000003, -6.296033899999941], [106.77001210000009, -6.296191199999953], [106.76984430000005, -6.29643729999998], [106.76977560000006, -6.296722], [106.76973750000008, -6.297004299999969], [106.76973750000008, -6.297278399999925], [106.76979850000004, -6.297561199999961], [106.76985950000005, -6.297638899999981], [106.76998160000005, -6.297711399999969], [106.77014940000004, -6.297759099999951], [106.77027910000004, -6.297744799999975], [106.77040880000004, -6.297667499999932], [106.77053090000004, -6.297532599999954], [106.77070640000005, -6.297356599999944], [106.77075980000006, -6.297366599999975], [106.77079030000004, -6.297427199999959], [106.77083610000005, -6.297655599999928], [106.770859, -6.298005099999955], [106.77092, -6.298454799999945], [106.77103440000008, -6.298729399999957], [106.77120230000008, -6.298978299999931], [106.77128620000008, -6.299055599999974], [106.77140060000005, -6.299062299999946], [106.77162190000007, -6.299028399999941], [106.77176690000005, -6.298920199999941], [106.77200340000007, -6.298771899999963], [106.77253740000003, -6.298431899999969], [106.77258320000004, -6.298414199999968], [106.77294180000007, -6.298269299999959], [106.77317070000004, -6.298260199999959], [106.773514, -6.298281699999961], [106.77359030000008, -6.298346099999947], [106.77375050000006, -6.298570699999971], [106.77376060000006, -6.298597399999949], [106.77385730000009, -6.298852499999953], [106.77391830000005, -6.299113299999931], [106.77390310000004, -6.299329799999953], [106.77385730000009, -6.299457099999927], [106.77374290000006, -6.299531499999944], [106.77362080000006, -6.29955149999995], [106.77348350000005, -6.299521], [106.77318590000004, -6.299393699999939], [106.77288840000006, -6.299298799999974], [106.77229330000006, -6.299126699999931], [106.77211020000004, -6.299145199999941], [106.77164480000005, -6.299279699999943], [106.77152270000005, -6.299374099999966], [106.77150750000004, -6.299457599999926], [106.77154560000008, -6.299543399999948], [106.77162950000007, -6.299599699999931], [106.77237720000005, -6.299981599999967], [106.77252980000009, -6.300106599999935], [106.772629, -6.300276799999949], [106.77278920000003, -6.300551399999961], [106.77309440000005, -6.300959099999943], [106.77318590000004, -6.301208], [106.77317830000004, -6.301393499999961], [106.77312490000008, -6.301498], [106.773041, -6.301545199999964], [106.77285020000005, -6.301567099999943], [106.77234670000007, -6.301571399999943], [106.77206440000003, -6.301561399999969], [106.77163720000004, -6.301580899999976], [106.77143880000006, -6.301629599999956], [106.77116410000008, -6.301749299999926], [106.77096580000006, -6.301897599999961], [106.77086660000003, -6.302016799999933], [106.770859, -6.302105399999959], [106.77090470000007, -6.302198899999951], [106.771065, -6.302471699999955], [106.77130910000005, -6.303062], [106.771454, -6.303161599999953], [106.77162950000007, -6.303246099999967], [106.77175160000007, -6.30324319999994], [106.77191950000008, -6.303201199999933], [106.77203390000005, -6.303170699999953], [106.77233910000007, -6.303087299999959], [106.77265950000009, -6.303000899999972], [106.77291130000003, -6.302957099999958], [106.77317830000004, -6.302956599999959], [106.773308, -6.30300189999997], [106.77346820000008, -6.303120199999967], [106.77352160000004, -6.303215499999965], [106.773514, -6.303327599999932], [106.773453, -6.303557399999931], [106.77337670000009, -6.303691399999934], [106.77335380000005, -6.303732399999944], [106.77319360000007, -6.303949899999964], [106.77288840000006, -6.304411399999935], [106.77288070000009, -6.304505799999959], [106.77292650000004, -6.304636], [106.77302570000006, -6.304730399999926], [106.77315540000006, -6.304795799999965], [106.77332330000007, -6.304795299999967], [106.773453, -6.304753799999958], [106.77359030000008, -6.304656], [106.77368950000005, -6.304525399999932], [106.77375810000007, -6.304363699999953], [106.77384970000008, -6.304159199999958], [106.77395650000005, -6.303884], [106.77411670000004, -6.303605599999969], [106.77432270000008, -6.303376699999944], [106.77446, -6.30329519999998], [106.77462790000004, -6.30328419999995], [106.77490250000005, -6.303309], [106.775078, -6.303426799999954], [106.775284, -6.303613199999972], [106.77552050000008, -6.30391359999993], [106.77559680000007, -6.304074799999967], [106.77561210000005, -6.304230199999949], [106.77558160000007, -6.304358], [106.77551290000008, -6.304408099999932], [106.77526110000008, -6.304510099999959], [106.77485680000007, -6.304646499999933], [106.77479570000008, -6.30472519999995], [106.77478050000008, -6.304846299999951], [106.77481860000006, -6.305104299999925], [106.77494070000006, -6.305299799999943], [106.77507040000006, -6.305466199999955], [106.77520010000006, -6.305636399999969], [106.77532220000006, -6.305832399999929], [106.77536030000005, -6.306010299999969], [106.77533420000009, -6.306121699999949], [106.77532980000007, -6.306140399999947], [106.77526880000005, -6.306186199999956], [106.77515430000005, -6.306194299999959], [106.77456680000006, -6.306189599999925], [106.77408620000006, -6.30636979999997], [106.77396410000006, -6.306469899999968], [106.773926, -6.30656289999996], [106.77391830000005, -6.306700699999965], [106.77395650000005, -6.30686529999997], [106.77410150000009, -6.307125599999949], [106.77432270000008, -6.30737929999998], [106.774666, -6.307756899999958], [106.77491780000008, -6.308085499999947], [106.77497120000004, -6.308243299999958], [106.77496360000004, -6.308388299999933], [106.77490250000005, -6.308504099999936], [106.77471940000004, -6.308708699999954], [106.77408620000006, -6.309068699999955], [106.77387260000006, -6.309118799999965], [106.77352160000004, -6.309210299999961], [106.77334610000008, -6.309319], [106.77325460000009, -6.309426799999926], [106.77323930000006, -6.309534099999951], [106.77327750000006, -6.309679], [106.77335380000005, -6.309791599999926], [106.77349870000006, -6.309906499999954], [106.77371240000008, -6.310009499999978], [106.77391830000005, -6.310060499999963], [106.77457450000009, -6.310167799999931], [106.77472710000006, -6.310210199999972], [106.77506280000006, -6.310301799999934], [106.77525350000008, -6.310417199999961], [106.77533740000007, -6.310543099999961], [106.77532220000006, -6.310637], [106.77525350000008, -6.310712299999977], [106.77505510000009, -6.310831099999973], [106.77481860000006, -6.310990299999958], [106.774605, -6.311199699999975], [106.77452870000008, -6.311277899999936], [106.77446770000006, -6.311390899999935], [106.77445240000009, -6.31152869999994], [106.77448290000007, -6.311739], [106.774605, -6.312028399999974], [106.77471940000004, -6.312135199999943], [106.77481860000006, -6.312161899999978], [106.77481980000005, -6.312161699999933], [106.77494070000006, -6.312134799999967], [106.77506280000006, -6.312057], [106.77523060000004, -6.311873499999933], [106.77539850000005, -6.311729899999932], [106.77560440000008, -6.311652699999968], [106.775902, -6.311608299999932], [106.77612320000009, -6.311615], [106.77630630000004, -6.311684099999979], [106.776436, -6.311787599999946], [106.77653520000007, -6.311933499999952], [106.77654290000004, -6.312068499999953], [106.77645130000008, -6.313069799999937], [106.776436, -6.313285899999926], [106.77646660000005, -6.313526699999954], [106.77665730000007, -6.314238099999955], [106.776726, -6.314969599999927], [106.77677940000007, -6.315229], [106.77684040000008, -6.315314299999955], [106.77696250000008, -6.315356299999962], [106.77717610000008, -6.315398199999947], [106.77780930000006, -6.315455499999928], [106.77823660000007, -6.315473099999963], [106.77842730000003, -6.315518399999974], [106.77941910000004, -6.315878899999973], [106.77962510000003, -6.316035299999953], [106.77977770000007, -6.316200699999968], [106.77986930000009, -6.316346599999974], [106.77991510000004, -6.316502599999978], [106.77989980000007, -6.31654409999993], [106.779999, -6.316603199999975], [106.78024310000006, -6.316562699999963], [106.78031180000005, -6.316552699999932], [106.78084580000007, -6.316446299999939], [106.78116630000005, -6.316284199999927], [106.78125020000004, -6.316214099999968], [106.78138750000005, -6.316106799999943], [106.78151720000005, -6.315991399999973], [106.78164690000006, -6.315945199999931], [106.781769, -6.315929399999959], [106.78233360000007, -6.315889399999946], [106.782496, -6.315908], [106.78258980000004, -6.315972599999952], [106.78259380000009, -6.315979599999935], [106.78259360000004, -6.31597979999998], [106.78291970000004, -6.316609699999958], [106.78294720000008, -6.316603499999928], [106.78295920000005, -6.316624699999977], [106.78299670000007, -6.316612599999928], [106.78321070000004, -6.316544299999975], [106.78321250000005, -6.316543899999942], [106.78337120000003, -6.316527399999927], [106.78391290000008, -6.316433899999936], [106.78428670000005, -6.316429599999935], [106.78433250000006, -6.316417699999931], [106.78886210000007, -6.316264299999943], [106.78951280000007, -6.316242199999976], [106.78955860000008, -6.316112099999941], [106.78970360000005, -6.315654799999947], [106.78984090000006, -6.315262399999938], [106.79000870000004, -6.314889], [106.79010790000007, -6.31474929999996], [106.79039020000005, -6.31457759999995], [106.79054280000008, -6.314525099999969], [106.79057330000006, -6.314519], [106.79066490000008, -6.314597599999956], [106.79067630000009, -6.31460119999997], [106.79104630000006, -6.314774499999942], [106.79108450000007, -6.314796], [106.791466, -6.315162199999975], [106.79169480000007, -6.315388699999971], [106.79191610000004, -6.315544599999953], [106.79194660000007, -6.315557499999954], [106.79204330000005, -6.315588099999957], [106.79234330000008, -6.315682899999956], [106.79241960000007, -6.315701], [106.79271720000008, -6.315703399999961], [106.79286210000004, -6.315699099999961], [106.79301270000008, -6.315653299999951], [106.79303, -6.315648099999976], [106.79306810000008, -6.315635699999973], [106.79459420000006, -6.31555069999996], [106.79575930000004, -6.315485699999954], [106.79599090000005, -6.315472799999952], [106.79683480000006, -6.315425799999957], [106.797337, -6.315397799999971], [106.79764830000005, -6.315380399999981], [106.79863140000003, -6.315327299999979], [106.79874440000003, -6.315318599999955], [106.80069380000003, -6.315314199999932], [106.801015, -6.315313499999945], [106.80147570000008, -6.315312399999925], [106.80160540000008, -6.315291899999977], [106.801784, -6.315288299999963], [106.80237340000008, -6.315276299999937], [106.80247520000006, -6.315274299999942], [106.80340590000009, -6.315252799999939], [106.80369450000006, -6.315254599999946], [106.80386370000008, -6.315249899999969], [106.80401350000005, -6.315264399999933], [106.80408070000004, -6.315289399999926], [106.80427340000006, -6.315280299999927], [106.80435730000005, -6.315296799999942], [106.80444940000007, -6.315288099999975], [106.80476780000004, -6.315270199999929], [106.804932, -6.315269599999965], [106.80509120000005, -6.315230799999938], [106.80534920000008, -6.315203899999972], [106.80591180000005, -6.314979699999981], [106.80641030000004, -6.314538299999981], [106.80643310000005, -6.31451809999993], [106.80650740000004, -6.314532], [106.80665050000005, -6.314433299999962], [106.806718, -6.314440799999943], [106.806901, -6.314453599999979], [106.80716470000004, -6.314414199999931], [106.80892960000006, -6.314516099999935], [106.80892960000006, -6.31455], [106.80893, -6.314550599999961], [106.808931, -6.314552299999946], [106.80893490000005, -6.314559199999962], [106.808983, -6.314643899999965], [106.80915850000008, -6.314913799999943], [106.80917380000005, -6.315057299999978], [106.80913560000005, -6.315188399999954], [106.80909750000006, -6.315324799999928], [106.80905950000005, -6.315883699999972], [106.80905930000006, -6.315885599999945], [106.80899070000004, -6.315960399999938], [106.80889150000007, -6.315998599999944], [106.80872360000006, -6.316028599999981], [106.80847950000003, -6.316144], [106.80845660000006, -6.316250799999978], [106.80845660000006, -6.316679], [106.80839560000004, -6.316800599999965], [106.80829640000007, -6.316875499999981], [106.80815910000007, -6.317007599999954], [106.80802090000009, -6.317154], [106.80799120000006, -6.317185399999971], [106.80795990000007, -6.317218299999979], [106.80772420000005, -6.317472], [106.80764790000006, -6.317709], [106.80765550000007, -6.31793689999995], [106.80770890000008, -6.318241599999965], [106.80780050000004, -6.318472899999961], [106.80789970000006, -6.318604499999935], [106.80796830000008, -6.318663099999981], [106.80809040000008, -6.318765199999973], [106.80805990000005, -6.318847699999935], [106.807976, -6.318914], [106.80797350000006, -6.318914399999926], [106.80785390000005, -6.318933499999957], [106.80768610000007, -6.318970199999967], [106.80758690000005, -6.319055599999956], [106.80747240000005, -6.319208599999968], [106.80733510000005, -6.319535799999926], [106.80733510000005, -6.319643499999927], [106.80739610000006, -6.319824199999971], [106.80742180000004, -6.319896099999937], [106.80747240000005, -6.320037399999933], [106.80745720000004, -6.320136099999957], [106.80738090000006, -6.320285799999965], [106.80730460000007, -6.320477499999981], [106.80728930000004, -6.320623], [106.80728170000003, -6.320878499999935], [106.80728110000007, -6.320879399999967], [106.80728070000004, -6.32088049999993], [106.80724970000006, -6.320959399999936], [106.807181, -6.321021799999926], [106.80715980000008, -6.321101299999953], [106.80714020000005, -6.321194399999968], [106.80713360000004, -6.321263399999964], [106.80712690000007, -6.321339299999977], [106.80712040000009, -6.321429], [106.80710780000004, -6.321552199999928], [106.80709370000005, -6.321698099999935], [106.80706020000008, -6.321981099999959], [106.80701970000007, -6.322236499999974], [106.80697890000005, -6.322381499999949], [106.80691550000006, -6.322483099999943], [106.80679340000006, -6.322597499999972], [106.80666370000006, -6.322651899999926], [106.80648820000005, -6.322684299999935], [106.80601520000005, -6.322717199999943], [106.80597710000006, -6.322772499999928], [106.80584740000006, -6.323061], [106.80587790000004, -6.32323839999998], [106.80596180000003, -6.323382399999957], [106.80608920000009, -6.323551399999928], [106.80621360000004, -6.323716199999978], [106.80623650000007, -6.323815399999944], [106.80622880000004, -6.323955099999978], [106.806122, -6.324241699999959], [106.80599990000007, -6.324395699999968], [106.80588550000004, -6.324460099999953], [106.805794, -6.324450099999979], [106.80565660000008, -6.324382399999934], [106.80519890000005, -6.324133], [106.805031, -6.32408049999998], [106.80491920000009, -6.324106299999926], [106.80485550000009, -6.324121], [106.80469530000005, -6.324213099999952], [106.80458850000008, -6.324332699999957], [106.80452750000006, -6.324475799999959], [106.80451220000003, -6.324627899999939], [106.80451190000008, -6.324633299999959], [106.80448930000006, -6.325010799999973], [106.80441240000005, -6.325074399999949], [106.80415360000006, -6.32520059999996], [106.80413070000009, -6.325217299999963], [106.80405440000004, -6.325284], [106.80400870000005, -6.325402299999951], [106.80402390000006, -6.325502899999947], [106.80404680000004, -6.325619699999947], [106.80412310000008, -6.326364599999977], [106.80412010000003, -6.326438399999972], [106.804118, -6.326491799999928], [106.80410020000005, -6.32693009999997], [106.80399340000008, -6.327048299999944], [106.80384850000007, -6.327156599999967], [106.80357460000005, -6.327398099999925], [106.80357380000004, -6.327398799999969], [106.80341360000006, -6.327587599999958], [106.80335260000004, -6.327726899999959], [106.80333730000007, -6.327893299999971], [106.80334410000006, -6.328469699999971], [106.80334490000007, -6.328540799999928], [106.80335260000004, -6.328652899999952], [106.80335260000004, -6.328877499999976], [106.80336780000005, -6.328984299999945], [106.80337380000009, -6.329137599999967], [106.80339480000004, -6.329673899999932], [106.80339070000008, -6.329963699999951], [106.803322, -6.330077699999947], [106.803218, -6.330189], [106.80321370000007, -6.33017609999996], [106.80290240000005, -6.330510599999968], [106.80267350000008, -6.330641799999967], [106.802603, -6.3307], [106.80245230000008, -6.330824399999926], [106.80204030000004, -6.331235899999967], [106.801903, -6.331298899999979], [106.80171220000005, -6.331345599999963], [106.80144520000005, -6.331371299999944], [106.80132310000005, -6.331503399999974], [106.801285, -6.331615499999941], [106.801299, -6.331737899999951], [106.80135360000008, -6.331929699999932], [106.80145280000005, -6.332066599999962], [106.80154440000007, -6.332133299999953], [106.80156730000004, -6.332153399999925], [106.80176560000007, -6.332293099999958], [106.80179620000007, -6.332372699999951], [106.80186480000003, -6.332821399999943], [106.80188770000007, -6.332939199999942], [106.80183430000005, -6.333110399999953], [106.801697, -6.333417899999972], [106.80154440000007, -6.333510399999966], [106.80124780000006, -6.333637], [106.80125160000006, -6.333639099999971], [106.80124350000006, -6.33363879999996], [106.80123920000005, -6.333640599999967], [106.80111160000007, -6.33363879999996], [106.80102870000007, -6.333639], [106.80074540000004, -6.333586899999943], [106.80030080000006, -6.333510399999966], [106.80028520000008, -6.333504099999971], [106.80028420000008, -6.333504], [106.80020270000006, -6.33347079999993], [106.80006370000007, -6.333414799999957], [106.79985040000008, -6.33333209999995], [106.79979560000004, -6.333316599999932], [106.79966170000006, -6.333281799999952], [106.79965890000005, -6.33328], [106.799621, -6.333309699999973], [106.79961410000004, -6.333417499999939], [106.799576, -6.333473699999956], [106.79946390000003, -6.333481], [106.79934710000003, -6.33348849999993], [106.79927840000005, -6.333593399999927], [106.79911820000007, -6.333960099999956], [106.79912590000004, -6.334068799999955], [106.79918690000005, -6.334399299999973], [106.79914110000004, -6.334613799999943], [106.79907250000008, -6.334756399999947], [106.798958, -6.334971], [106.798897, -6.335272799999927], [106.79887240000005, -6.335521099999937], [106.79887460000003, -6.335589299999981], [106.79883990000008, -6.335874899999965], [106.79882540000006, -6.336109499999964], [106.79871230000003, -6.336531899999954], [106.79871750000007, -6.336591799999951], [106.79875360000005, -6.336708899999962], [106.79880140000006, -6.336834], [106.79884630000004, -6.336936599999945], [106.79885380000007, -6.336950799999954], [106.79885410000009, -6.33695419999998], [106.79885880000006, -6.336965099999929], [106.79886, -6.336998799999947], [106.79886360000006, -6.337098699999956], [106.79886460000006, -6.337113899999963], [106.79886430000005, -6.337118499999974], [106.79886650000009, -6.337179699999979], [106.79883590000009, -6.337510599999973], [106.79883140000004, -6.337527099999932], [106.79883040000004, -6.337537299999951], [106.79872940000007, -6.33790289999996], [106.79867570000005, -6.338166699999931], [106.79871390000005, -6.338368899999978], [106.79879380000006, -6.338474199999951], [106.79894390000004, -6.338666299999943], [106.79905660000009, -6.338849499999981], [106.79911680000004, -6.338927699999942], [106.79955310000008, -6.339388399999962], [106.79959490000005, -6.339468199999942], [106.79968620000005, -6.339632599999959], [106.80001720000007, -6.340271399999949], [106.80004290000005, -6.340342699999951], [106.80002850000005, -6.340412699999945], [106.80001850000008, -6.340469399999961], [106.79992690000006, -6.340660599999978], [106.79984380000008, -6.340813], [106.79975460000009, -6.340991199999962], [106.79966460000009, -6.341144], [106.79962940000007, -6.34124], [106.79959260000004, -6.341327399999955], [106.79957570000005, -6.34137579999998], [106.79957230000008, -6.341474699999935], [106.79956840000006, -6.34159139999997], [106.79959130000009, -6.341746799999953], [106.79971330000006, -6.342101599999978], [106.799637, -6.342283299999963], [106.799515, -6.342437799999971], [106.79935470000004, -6.342652299999941], [106.79935470000004, -6.34279829999997], [106.79940050000005, -6.342930799999976], [106.79941230000009, -6.343018699999959], [106.79941510000003, -6.343032099999959], [106.79941440000005, -6.343034399999965], [106.79941580000008, -6.343044799999973], [106.79939650000006, -6.343088799999975], [106.79937480000007, -6.343154599999934], [106.79936370000007, -6.34316339999998], [106.79936240000006, -6.343166399999973], [106.79934450000007, -6.343178699999953], [106.79927820000006, -6.343231399999979], [106.79914790000004, -6.343252399999926], [106.79911820000007, -6.343258899999967], [106.79903430000007, -6.343285099999946], [106.79894280000008, -6.343394299999943], [106.79891990000004, -6.343514499999969], [106.79890550000005, -6.343779299999937], [106.79890780000005, -6.343792], [106.79890480000006, -6.34379249999995], [106.79890470000004, -6.343794599999967], [106.79890460000007, -6.34379679999995], [106.79890460000007, -6.343906899999979], [106.79883590000009, -6.344014699999946], [106.79872150000006, -6.344105799999966], [106.79868790000006, -6.344121799999925], [106.798485, -6.344218299999966], [106.79832480000005, -6.344311299999958], [106.79820270000005, -6.344451499999934], [106.79816460000006, -6.344581199999936], [106.79816460000006, -6.344644099999925], [106.79799670000006, -6.344667], [106.79761530000007, -6.344729499999971], [106.79749320000008, -6.344765699999925], [106.79740930000008, -6.344858699999975], [106.79738640000005, -6.344946399999969], [106.79734820000004, -6.345059399999968], [106.79736350000007, -6.345366], [106.79737870000008, -6.345483799999954], [106.79731010000006, -6.345694599999945], [106.79710410000007, -6.345937799999945], [106.79694390000009, -6.346139899999969], [106.79686760000004, -6.346252], [106.79680650000006, -6.346336399999927], [106.79667680000006, -6.346479], [106.79655470000006, -6.346551399999953], [106.79633350000006, -6.346586299999956], [106.79616570000007, -6.346565799999951], [106.796036, -6.346508], [106.79583760000008, -6.346257199999968], [106.79571550000009, -6.346078399999953], [106.79560870000006, -6.346002099999964], [106.79548660000006, -6.345969199999956], [106.79534170000005, -6.345989699999961], [106.79515860000004, -6.346094199999925], [106.79478470000004, -6.346402199999943], [106.79460160000008, -6.346517099999971], [106.79441090000006, -6.346544799999947], [106.79412860000008, -6.346798], [106.79389210000005, -6.347004899999945], [106.79358690000004, -6.347200399999963], [106.79334280000006, -6.347459799999967], [106.79322830000007, -6.347555199999931], [106.79274010000006, -6.34789139999998], [106.79259510000009, -6.348018199999956], [106.79248830000006, -6.348241799999926], [106.79243640000004, -6.348418699999968], [106.79269430000005, -6.34883119999995], [106.79280110000008, -6.348988599999927], [106.79284690000009, -6.349249899999961], [106.79287740000007, -6.349395299999969], [106.79331990000009, -6.349699099999953], [106.79342670000005, -6.349784899999975], [106.79354880000005, -6.350085299999932], [106.79362510000004, -6.35038469999995], [106.79384630000004, -6.350636], [106.79393790000006, -6.35075809999995], [106.79399130000007, -6.350950699999942], [106.79399130000007, -6.351090899999974], [106.79390740000008, -6.351231599999949], [106.79377, -6.351368499999978], [106.79357930000003, -6.351467599999978], [106.79337330000004, -6.351528199999962], [106.79316730000005, -6.351580199999944], [106.79264090000004, -6.352197699999977], [106.79259790000003, -6.352279199999941], [106.79259510000009, -6.352284499999939], [106.79259510000009, -6.352384099999938], [106.79265610000004, -6.352467599999954], [106.79274010000006, -6.352563399999951], [106.79293080000008, -6.352916799999946], [106.79315970000005, -6.353105599999935], [106.79325890000007, -6.353204299999959], [106.79331230000008, -6.35332109999996], [106.79332750000003, -6.353468899999939], [106.79327410000008, -6.353618199999971], [106.79321310000006, -6.353743599999973], [106.79321310000006, -6.353832799999964], [106.79325890000007, -6.353929499999936], [106.79353350000008, -6.353935799999931], [106.79362620000006, -6.353959199999963], [106.79380050000009, -6.354116], [106.793846, -6.354179099999953], [106.79389970000005, -6.354253799999981], [106.79396840000004, -6.354417299999966], [106.79396840000004, -6.354495499999928], [106.79389970000005, -6.354569], [106.79353350000008, -6.354706799999974], [106.79332750000003, -6.354782599999965], [106.79307580000005, -6.354973799999925], [106.79293840000008, -6.355105399999957], [106.79291560000007, -6.355150199999969], [106.79286980000006, -6.355240399999957], [106.79301470000007, -6.355980399999964], [106.79308980000008, -6.356184399999961], [106.793091, -6.356187899999952], [106.793152, -6.356355199999939], [106.79318260000008, -6.356466299999965], [106.79320540000003, -6.356657499999926], [106.79320040000005, -6.356740199999933], [106.79319780000009, -6.356781499999954], [106.79309860000006, -6.356949799999938], [106.79298420000003, -6.35708429999994], [106.79296890000006, -6.357195899999965], [106.79293840000008, -6.357410499999958], [106.79296130000006, -6.357608299999981], [106.79296890000006, -6.357713699999977], [106.79291550000005, -6.357822499999941], [106.79280870000008, -6.357876799999929], [106.79260270000009, -6.357904], [106.79253410000007, -6.357953099999975], [106.79249590000006, -6.358368399999961], [106.79246540000008, -6.358728399999961], [106.79246540000008, -6.35917429999995], [106.792473, -6.359365], [106.79250860000008, -6.359527], [106.79251120000004, -6.359538599999951], [106.79260270000009, -6.359707899999933], [106.79270190000005, -6.359820399999933], [106.793297, -6.35989619999998], [106.79337330000004, -6.359909099999925], [106.793442, -6.359992499999976], [106.79349540000004, -6.360193799999934], [106.79348780000004, -6.360315399999934], [106.79338860000007, -6.360510399999953], [106.79332750000003, -6.360638599999959], [106.79334280000006, -6.360758299999929], [106.79345720000003, -6.36098579999998], [106.79348710000005, -6.361066299999948], [106.79351830000007, -6.361150299999963], [106.79352590000008, -6.361760199999935], [106.793564, -6.362005299999964], [106.79360220000007, -6.362250399999937], [106.79360220000007, -6.36242059999995], [106.79345720000003, -6.362514499999975], [106.79327410000008, -6.362636599999973], [106.79320540000003, -6.362719099999936], [106.79327410000008, -6.362945599999932], [106.793297, -6.363041], [106.793274, -6.363084399999934], [106.79314440000007, -6.363328899999942], [106.793091, -6.363450099999966], [106.79309860000006, -6.363530199999957], [106.79322830000007, -6.363627899999926], [106.79344960000009, -6.36376139999993], [106.79359460000006, -6.363895499999956], [106.79362510000004, -6.36394219999994], [106.79374710000008, -6.364163399999939], [106.79383870000004, -6.364293599999939], [106.79393020000003, -6.364355599999953], [106.79427360000005, -6.364207299999975], [106.79434990000004, -6.36418679999997], [106.79447960000005, -6.364305499999944], [106.79456350000004, -6.364509099999964], [106.794594, -6.364588799999979], [106.79463980000008, -6.36482239999998], [106.79468790000004, -6.364917899999966], [106.79482050000007, -6.364930399999935], [106.79530860000006, -6.364977199999942], [106.79568030000007, -6.365001699999937], [106.795689, -6.364909499999953], [106.79573080000006, -6.364911099999972], [106.79578420000007, -6.364913499999943], [106.79618860000005, -6.36493489999998], [106.79634430000004, -6.364929], [106.79661580000004, -6.364918699999976], [106.79668440000006, -6.36491639999997], [106.79675310000005, -6.364913499999943], [106.79687520000004, -6.364917799999944], [106.79695910000004, -6.364912499999946], [106.79715750000008, -6.364899699999967], [106.79746270000004, -6.364895799999942], [106.79761530000007, -6.364911599999971], [106.79771440000007, -6.364922599999943], [106.79797090000005, -6.364948599999934], [106.79816460000006, -6.36496829999993], [106.79826380000009, -6.364992199999961], [106.79851550000006, -6.365088], [106.79855370000007, -6.365105599999936], [106.79908010000008, -6.365321199999926], [106.79933190000008, -6.365402299999971], [106.79937, -6.365408], [106.79958360000006, -6.36546519999996], [106.79983540000006, -6.365513299999975], [106.79986450000007, -6.365513799999974], [106.79994980000004, -6.365387899999973], [106.80001090000007, -6.365284499999973], [106.80120870000007, -6.364398499999936], [106.80133180000007, -6.364331099999958], [106.80185410000007, -6.36404529999993], [106.80296820000007, -6.363435599999946], [106.80296980000008, -6.363426199999935], [106.80297670000004, -6.363430899999969], [106.802994, -6.363421499999959], [106.80307030000006, -6.363446299999964], [106.80327480000005, -6.36354689999996], [106.80329910000006, -6.363558799999964], [106.80341360000006, -6.363583099999971], [106.80355090000006, -6.363563099999965], [106.80358890000008, -6.363559], [106.80366540000006, -6.363550699999962], [106.80371110000004, -6.363536799999963], [106.80396290000004, -6.363497299999949], [106.80412310000008, -6.363489699999946], [106.80429840000005, -6.363481499999978], [106.80460380000005, -6.363467199999945], [106.805031, -6.363459599999942], [106.80522410000003, -6.363461099999938], [106.80527520000004, -6.363461499999971], [106.80553460000004, -6.363435299999935], [106.80572530000006, -6.363434799999936], [106.80581680000006, -6.36341909999993], [106.80625930000008, -6.363406199999929], [106.80640460000006, -6.36342609999997], [106.80668660000003, -6.36346489999994], [106.80708330000004, -6.363506299999926], [106.80709180000008, -6.363506699999959], [106.80709180000008, -6.363507], [106.80711690000004, -6.363508799999977], [106.80712, -6.36350989999994], [106.80719810000005, -6.363537399999927], [106.80772970000004, -6.363724599999955], [106.80854820000008, -6.364012799999955], [106.80931110000006, -6.364154799999937], [106.81058210000003, -6.363991699999929], [106.81050890000006, -6.363707099999942], [106.810486, -6.363602699999944], [106.810486, -6.363378599999976], [106.81053180000004, -6.362955599999964], [106.81062340000005, -6.362795899999981], [106.81107350000008, -6.362384799999973], [106.81124130000006, -6.362391499999944], [106.81152360000004, -6.362394799999947], [106.81168380000008, -6.362310399999956], [106.81180590000008, -6.362174499999981], [106.81187250000005, -6.362106899999958], [106.81201190000007, -6.361965199999929], [106.81218740000008, -6.361785899999973], [106.812446, -6.36157819999994], [106.81256270000006, -6.361396899999932], [106.812632, -6.361257], [106.81255210000006, -6.361098599999934], [106.81252240000003, -6.360976099999959], [106.81263450000006, -6.360790299999962], [106.81304590000008, -6.360292799999968], [106.81327330000005, -6.359935399999927], [106.81331530000006, -6.359893099999965], [106.81340960000006, -6.359798099999978], [106.81345170000009, -6.359787399999959], [106.81348290000005, -6.35969259999996], [106.81359820000006, -6.35957639999998], [106.81372390000007, -6.359418], [106.81388110000006, -6.359238499999947], [106.81390810000005, -6.359129099999961], [106.81430770000009, -6.359227099999941], [106.81435410000006, -6.358985], [106.81443040000005, -6.358923499999946], [106.814461, -6.358869599999935], [106.81449910000003, -6.358716499999957], [106.81459070000005, -6.358303099999944], [106.81461350000006, -6.358190599999944], [106.81466690000008, -6.357908799999962], [106.81468220000005, -6.357850599999949], [106.81473560000006, -6.35761309999998], [106.81485770000006, -6.357321799999966], [106.815056, -6.356829199999936], [106.81522390000003, -6.356480599999941], [106.815262, -6.356432], [106.81536120000004, -6.356453], [106.81562820000005, -6.356582199999934], [106.81570450000004, -6.356522599999948], [106.81588, -6.356210799999928], [106.81591970000005, -6.356030799999928], [106.81592580000006, -6.356031899999948], [106.81607070000007, -6.356079199999954], [106.81631490000007, -6.356152099999974], [106.81642170000003, -6.35617979999995], [106.81665820000006, -6.356241299999965], [106.81668870000004, -6.356242699999939], [106.81678740000007, -6.356249699999978], [106.81754080000007, -6.35630029999993], [106.81777990000006, -6.356366899999955], [106.818461, -6.356518699999981], [106.81888060000006, -6.356062], [106.819624, -6.356474299999945], [106.81977950000004, -6.356185299999936], [106.820852, -6.356659499999978], [106.82100350000007, -6.356399299999964], [106.82101910000006, -6.356152], [106.82110880000005, -6.355879799999968], [106.82121540000009, -6.35575579999994], [106.82133880000004, -6.355705899999975], [106.82165970000005, -6.355614099999968], [106.822251, -6.35584689999996], [106.82239840000005, -6.355923699999948], [106.82257920000006, -6.355957799999942], [106.82301240000004, -6.356087299999956], [106.82382910000007, -6.356422399999929], [106.82391860000007, -6.356125299999974], [106.82424840000004, -6.356168299999979], [106.826288, -6.356434299999933], [106.82629230000003, -6.356434499999978], [106.82637160000007, -6.356484099999932], [106.82667510000005, -6.356610699999976], [106.82734180000006, -6.356854599999963], [106.82907120000004, -6.356348599999933], [106.83021570000005, -6.356118699999968], [106.83044450000006, -6.356041499999947], [106.830475, -6.356010499999968], [106.83068870000005, -6.355857899999933], [106.83096330000006, -6.355754399999967], [106.83135240000007, -6.355697199999952], [106.831505, -6.355674299999976], [106.831741, -6.355640199999925], [106.83174920000005, -6.355639], [106.83201620000006, -6.355603299999927], [106.83206670000004, -6.355596], [106.832123, -6.355590799999959], [106.83237480000008, -6.355561299999977], [106.83280960000008, -6.355491699999959], [106.83291650000007, -6.355475], [106.83298510000009, -6.355466399999955], [106.83301560000007, -6.35546549999998], [106.833359, -6.355413899999974], [106.83422110000004, -6.355284199999971], [106.83428210000005, -6.355268499999966], [106.83433550000007, -6.355255199999931], [106.83496110000004, -6.355117399999926], [106.83513660000006, -6.355052099999966], [106.83524070000004, -6.355002299999967], [106.83531210000007, -6.354968099999951], [106.83536550000008, -6.354926599999942], [106.83570880000008, -6.354696299999944], [106.835808, -6.354629099999954], [106.835869, -6.354591399999947], [106.83587930000004, -6.354584799999941], [106.83588960000009, -6.354578299999957], [106.83596820000008, -6.354528], [106.83579930000008, -6.354099399999939], [106.83583230000005, -6.353002899999979], [106.83577290000005, -6.352882499999964], [106.83573760000007, -6.352811], [106.83542290000008, -6.352456399999937], [106.83542260000007, -6.352456099999927], [106.83542260000007, -6.352456], [106.83541890000004, -6.352451799999926], [106.83532730000007, -6.35200169999996], [106.83577750000006, -6.351824799999974], [106.838402, -6.352065599999946], [106.83909690000007, -6.351908599999945], [106.83913440000003, -6.351900099999966], [106.83929460000007, -6.351261199999954], [106.83898950000008, -6.350523499999952], [106.838524, -6.349969], [106.83844180000006, -6.349881], [106.83815020000009, -6.34956939999995], [106.83807390000004, -6.349319499999979], [106.83807880000006, -6.349102199999948], [106.83809570000005, -6.348352599999942], [106.83810440000008, -6.347966699999972], [106.83764040000005, -6.347327299999961], [106.83754280000005, -6.34713359999995], [106.83760330000007, -6.34693939999994], [106.83781450000004, -6.346640599999944], [106.83857750000004, -6.346675399999981], [106.83861330000008, -6.346650299999965], [106.83913440000003, -6.346285399999942], [106.83931920000003, -6.345893], [106.83968370000008, -6.345119099999977], [106.83979050000005, -6.343941699999959], [106.83910390000005, -6.343342799999959], [106.83807470000005, -6.343331599999942], [106.83756560000006, -6.343588599999975], [106.83664210000006, -6.344928699999969], [106.83633670000006, -6.345072699999946], [106.83593860000008, -6.344992499999933], [106.83563190000007, -6.344799699999953], [106.83544050000006, -6.344568799999934], [106.835345, -6.344453699999974], [106.83532320000006, -6.344055799999978], [106.83556390000007, -6.343718599999931], [106.83682270000008, -6.342074], [106.83738530000005, -6.341674499999954], [106.837609, -6.341515699999945], [106.83802810000009, -6.341218], [106.83847830000008, -6.341254299999946], [106.83851970000006, -6.341331599999933], [106.83885980000008, -6.341966699999944], [106.83932510000005, -6.34235289999998], [106.840027, -6.342600899999979], [106.84036150000009, -6.342568599999936], [106.84069840000006, -6.342536], [106.840941, -6.341979799999933], [106.84094050000004, -6.341977099999951], [106.84094340000007, -6.341976799999941], [106.84095780000007, -6.341796], [106.84087390000008, -6.341365899999971], [106.84081680000008, -6.341271499999948], [106.84065270000008, -6.341000099999974], [106.84047720000007, -6.34085749999997], [106.840233, -6.340810799999929], [106.83993550000008, -6.340843699999937], [106.83991940000004, -6.340843799999959], [106.83977530000004, -6.340844199999935], [106.83956930000005, -6.340828899999963], [106.83943960000005, -6.340797499999951], [106.83930990000005, -6.340654399999949], [106.83928590000005, -6.340592299999969], [106.83927930000004, -6.340575199999932], [106.83923360000006, -6.340447899999958], [106.83924890000009, -6.340352099999961], [106.83927930000004, -6.340256199999942], [106.83929460000007, -6.340160899999944], [106.83938620000004, -6.340016899999966], [106.83960740000003, -6.339713599999925], [106.83986680000004, -6.33942559999997], [106.84019490000009, -6.338883], [106.84030930000006, -6.338532], [106.84035510000007, -6.338388499999951], [106.84037040000004, -6.338213], [106.84035510000007, -6.337926399999958], [106.84030170000005, -6.337623599999972], [106.84025590000005, -6.337202099999956], [106.84027450000008, -6.337000899999964], [106.84028650000005, -6.336871199999962], [106.84033990000006, -6.336765599999978], [106.84037520000004, -6.336462], [106.84019070000005, -6.335966299999939], [106.84017960000006, -6.335954199999946], [106.84008810000006, -6.335879399999953], [106.83999650000004, -6.335774499999957], [106.83987450000006, -6.335639499999957], [106.83978290000005, -6.335459299999968], [106.83973710000004, -6.335324299999968], [106.83972190000009, -6.335204199999964], [106.83970660000006, -6.334888], [106.83973970000005, -6.334387799999945], [106.83975240000007, -6.334196099999929], [106.83976770000004, -6.334030699999971], [106.83976770000004, -6.333820399999979], [106.83976, -6.333564799999976], [106.83985160000009, -6.332842399999947], [106.83997360000006, -6.332390799999928], [106.84011860000004, -6.332224899999972], [106.84019490000009, -6.332179599999961], [106.84042380000005, -6.332163899999955], [106.840645, -6.332162899999958], [106.840996, -6.332222], [106.84178940000004, -6.332264], [106.84245320000008, -6.332126699999947], [106.84308640000006, -6.331988899999942], [106.84332290000003, -6.331807599999934], [106.84339920000008, -6.331747099999973], [106.84339920000008, -6.331596899999965], [106.8433, -6.331411399999979], [106.84329880000007, -6.331410199999937], [106.84315510000005, -6.331271699999945], [106.84279650000008, -6.331133399999942], [106.84243030000005, -6.331058599999949], [106.84207170000008, -6.330996099999936], [106.84182, -6.330844399999933], [106.84140310000004, -6.330493699999977], [106.84130880000004, -6.330414399999938], [106.84041620000005, -6.329654699999935], [106.84024070000004, -6.329413899999963], [106.84022540000007, -6.329299499999934], [106.840233, -6.329210299999943], [106.84024830000004, -6.329121199999975], [106.84030170000005, -6.329006699999979], [106.840523, -6.328561299999933], [106.84075180000008, -6.327924799999948], [106.84114170000004, -6.326918299999932], [106.84115620000006, -6.326881], [106.84130880000004, -6.32668979999994], [106.84146140000007, -6.32667639999994], [106.84157580000004, -6.326739799999928], [106.84163680000006, -6.326828499999976], [106.84170550000005, -6.327044499999943], [106.84185810000008, -6.327577599999927], [106.84203360000004, -6.327704], [106.842087, -6.327716899999928], [106.84217850000005, -6.327716399999929], [106.842354, -6.327639599999941], [106.84254470000008, -6.327537099999972], [106.84275070000007, -6.327358299999958], [106.842911, -6.327141799999936], [106.84305590000008, -6.326891899999964], [106.84309410000009, -6.326724099999979], [106.84310930000004, -6.326263499999925], [106.84290330000005, -6.325573], [106.84254470000008, -6.324967], [106.84193440000007, -6.324173], [106.84170010000008, -6.323858299999927], [106.84153, -6.323629899999958], [106.84124010000005, -6.323379599999953], [106.84029410000005, -6.322963699999946], [106.84004230000005, -6.322776399999952], [106.83999650000004, -6.322671899999932], [106.83995840000006, -6.322546099999954], [106.84005750000006, -6.322168899999951], [106.84011860000004, -6.322064], [106.84081290000006, -6.32183079999993], [106.84095780000007, -6.321683899999925], [106.84095780000007, -6.321558], [106.840935, -6.321495599999935], [106.84087390000008, -6.321370199999933], [106.840584, -6.321308199999976], [106.83988970000007, -6.321540899999945], [106.83921830000008, -6.321711099999959], [106.83884450000005, -6.321649599999944], [106.83850880000006, -6.321441199999981], [106.83829520000006, -6.321086], [106.83827230000009, -6.320981099999926], [106.83829520000006, -6.320834699999978], [106.83829520000006, -6.320731099999932], [106.83829520000006, -6.320729799999981], [106.83835620000008, -6.320624899999927], [106.838463, -6.320457], [106.83856220000007, -6.32026819999993], [106.83873, -6.320078899999942], [106.83921070000008, -6.319396099999949], [106.83956930000005, -6.318939199999932], [106.83999650000004, -6.318625499999939], [106.84028650000005, -6.318480499999964], [106.84075180000008, -6.318358899999964], [106.84165970000004, -6.318128199999933], [106.84246850000005, -6.318017], [106.842705, -6.318088599999953], [106.84289570000004, -6.318171499999949], [106.84329240000005, -6.318386099999941], [106.84352130000008, -6.31850529999997], [106.84360520000007, -6.318529199999944], [106.84383410000004, -6.318456199999957], [106.84395620000004, -6.318311699999981], [106.844002, -6.318155799999943], [106.84410880000007, -6.317579799999976], [106.84416980000009, -6.317267499999957], [106.84415450000006, -6.317003799999952], [106.84416980000009, -6.316835899999944], [106.84420890000007, -6.316712699999925], [106.84421910000003, -6.316718499999979], [106.84427240000008, -6.316648699999973], [106.84433560000008, -6.316618099999971], [106.84436050000005, -6.316607], [106.844475, -6.316570799999965], [106.84455130000003, -6.316558399999963], [106.84471910000008, -6.316581799999938], [106.84484120000008, -6.316605599999946], [106.84491770000005, -6.316621299999952], [106.84496650000006, -6.316633799999977], [106.84500670000006, -6.316651499999978], [106.84513180000005, -6.31671179999995], [106.84530810000007, -6.31679239999994], [106.84547970000006, -6.316864099999975], [106.84557680000006, -6.316899399999954], [106.84569410000006, -6.316948399999944], [106.84580060000008, -6.317002799999955], [106.84597210000004, -6.317033799999933], [106.84615710000008, -6.317046699999935], [106.84633720000005, -6.316937699999926], [106.84637630000009, -6.316852199999971], [106.84642050000008, -6.316766299999927], [106.84656530000007, -6.316564399999947], [106.84661540000008, -6.316503399999931], [106.84666920000006, -6.316422], [106.84673170000008, -6.316241199999979], [106.84674660000007, -6.316198099999951], [106.84681480000006, -6.316029299999968], [106.84682860000004, -6.31600839999993], [106.84695870000007, -6.315838], [106.84703220000006, -6.315752599999939], [106.84708350000005, -6.315692399999932], [106.84726930000005, -6.315522899999962], [106.84728850000005, -6.315508], [106.84733960000005, -6.315458799999931], [106.847397, -6.315406399999972], [106.84777270000006, -6.315254599999946], [106.84791450000006, -6.315203299999951], [106.84802220000006, -6.315172599999926], [106.84835070000008, -6.31511409999996], [106.84848950000008, -6.315195699999947], [106.84851650000007, -6.315220199999942], [106.84865380000008, -6.315299599999946], [106.848839, -6.315455499999928], [106.84888820000003, -6.315630499999941], [106.84888990000007, -6.315637399999957], [106.84891340000007, -6.315745199999981], [106.84889220000008, -6.315946099999962], [106.84882640000006, -6.316236099999969], [106.84881020000006, -6.316297], [106.84874540000004, -6.316526799999963], [106.84852230000007, -6.31704469999994], [106.84847680000007, -6.317138799999952], [106.84832580000005, -6.317357699999945], [106.84819350000004, -6.317444499999965], [106.84795040000006, -6.31753759999998], [106.84770250000008, -6.317594699999972], [106.84745590000006, -6.317630799999961], [106.84701450000006, -6.31766719999996], [106.84685230000008, -6.317819], [106.84679480000005, -6.317993599999966], [106.84687670000005, -6.318156099999953], [106.84687820000005, -6.318156699999975], [106.84687820000005, -6.31815679999994], [106.84687890000004, -6.318157099999951], [106.84710950000004, -6.31825989999993], [106.84748150000007, -6.318293499999925], [106.84786510000004, -6.31831539999996], [106.84789810000007, -6.318316299999935], [106.848221, -6.318350799999962], [106.848285, -6.318390699999952], [106.84835370000008, -6.318453099999942], [106.84867980000007, -6.318672899999967], [106.84892460000003, -6.31888129999993], [106.84903060000005, -6.318851699999925], [106.84905020000008, -6.318854099999953], [106.84905260000005, -6.318854399999964], [106.84912730000008, -6.318824599999971], [106.84926130000008, -6.318787099999952], [106.84937690000004, -6.318612299999927], [106.84937690000004, -6.318605], [106.84938070000004, -6.318599699999936], [106.84939590000005, -6.318328899999926], [106.84937550000006, -6.318212499999959], [106.84937510000009, -6.318112299999939], [106.84935780000006, -6.317934399999956], [106.84935780000006, -6.317714299999977], [106.84946460000003, -6.317478699999981], [106.84950490000006, -6.317443799999978], [106.84972080000006, -6.317285599999934], [106.85031240000006, -6.316969499999971], [106.85132180000005, -6.316524099999981], [106.85157680000003, -6.316325499999948], [106.85172660000006, -6.315987799999959], [106.85172610000006, -6.315836599999955], [106.85170250000004, -6.315791299999944], [106.8517, -6.315771199999972], [106.85162280000009, -6.315637699999968], [106.85152720000008, -6.315453599999955], [106.85149780000006, -6.315422699999942], [106.85128860000003, -6.315119399999958], [106.85117840000004, -6.314776], [106.851177, -6.314763099999936], [106.85123290000007, -6.314385], [106.85123940000005, -6.314369099999965], [106.85146330000003, -6.313826], [106.85168220000008, -6.313302], [106.85190220000004, -6.31305709999998], [106.85211030000005, -6.312754], [106.85217870000008, -6.312381699999946], [106.85217860000006, -6.312364099999968], [106.85218830000008, -6.312322699999925], [106.85217870000008, -6.312077599999952], [106.852178, -6.312058499999978], [106.85217750000004, -6.31204589999993], [106.85217720000009, -6.312038399999949], [106.85216540000005, -6.311738], [106.85224930000004, -6.311261199999933], [106.852346, -6.311096099999929], [106.85236380000003, -6.311065699999972], [106.85262320000004, -6.310978499999976], [106.85270710000009, -6.310934599999939], [106.85292070000008, -6.31104229999994], [106.85322590000004, -6.311344199999951], [106.85357680000004, -6.311559699999975], [106.85389490000006, -6.311788399999955], [106.85444660000007, -6.312184799999955], [106.85462210000009, -6.312400899999943], [106.854706, -6.312682199999927], [106.854706, -6.312877199999946], [106.854645, -6.313202399999966], [106.854706, -6.313592], [106.85479750000007, -6.313699799999938], [106.85488150000003, -6.31382949999994], [106.85514090000004, -6.313828499999943], [106.85559860000006, -6.313762299999951], [106.85592670000005, -6.313479499999971], [106.85635390000004, -6.313044599999955], [106.85687270000005, -6.312631199999942], [106.85754690000005, -6.312027299999954], [106.85767380000004, -6.311913499999946], [106.85825360000007, -6.311283199999934], [106.85828730000009, -6.31117949999998], [106.85829940000008, -6.311142], [106.85830020000009, -6.311140199999954], [106.85832230000005, -6.311088099999949], [106.85832230000005, -6.310914599999933], [106.85816970000008, -6.310741899999925], [106.85792560000004, -6.310634199999981], [106.85766620000004, -6.310613699999976], [106.85721610000007, -6.310680399999967], [106.85704060000006, -6.310594099999946], [106.85697190000008, -6.310486399999945], [106.85686510000005, -6.31037809999998], [106.85677360000005, -6.309880299999975], [106.85683050000006, -6.309661299999959], [106.85685240000004, -6.309577199999978], [106.85690330000006, -6.309381499999972], [106.85707870000005, -6.308882799999935], [106.85715030000006, -6.308711499999959], [106.85715720000007, -6.308694899999978], [106.85722370000008, -6.308535599999971], [106.85746780000005, -6.308339699999976], [106.85761280000008, -6.308014399999934], [106.85768150000007, -6.307797499999936], [106.85768150000007, -6.307689299999936], [106.85765860000004, -6.30751609999993], [106.85743730000007, -6.306737], [106.85739920000009, -6.306423299999949], [106.85741440000004, -6.306259199999943], [106.85761280000008, -6.306167199999948], [106.85787220000009, -6.30609329999993], [106.85833, -6.305908699999975], [106.858452, -6.305780499999969], [106.85849020000006, -6.30572559999996], [106.85849020000006, -6.305637399999966], [106.85849020000006, -6.305624199999954], [106.85849020000006, -6.305506299999934], [106.858452, -6.305379], [106.85813920000004, -6.305069499999945], [106.85742970000007, -6.30472519999995], [106.856827, -6.304508299999952], [106.85557570000009, -6.303891699999951], [106.85486850000007, -6.303488799999968], [106.85484330000008, -6.303474499999936], [106.85473650000006, -6.303328599999929], [106.85445470000008, -6.302605699999958], [106.85442370000004, -6.302526], [106.854439, -6.302343399999927], [106.85460680000006, -6.302142199999935], [106.85482040000005, -6.301776], [106.85496540000008, -6.301355399999977], [106.85498430000007, -6.301083699999936], [106.85500350000007, -6.300807499999962], [106.85488910000004, -6.299894799999947], [106.85481280000005, -6.299657899999943], [106.85462970000003, -6.299457599999926], [106.85446950000005, -6.299458099999981], [106.85398880000008, -6.29960589999996], [106.853554, -6.299808599999949], [106.85317250000008, -6.29975509999997], [106.85311180000008, -6.299767499999973], [106.85282580000006, -6.29982549999994], [106.85280630000005, -6.29982949999993], [106.85247820000006, -6.299922], [106.85231040000008, -6.30006839999993], [106.85215020000004, -6.300507599999946], [106.85195180000005, -6.30091], [106.85182750000007, -6.301031899999941], [106.851784, -6.301074599999936], [106.85165860000006, -6.301089499999932], [106.85162370000006, -6.301093599999945], [106.851494, -6.301039299999957], [106.85121940000005, -6.300875699999949], [106.85057850000004, -6.300446099999931], [106.85032670000004, -6.300257299999942], [106.85009780000007, -6.300068], [106.84989180000008, -6.299917299999947], [106.84977740000005, -6.299765699999966], [106.849755, -6.299676499999975], [106.84962480000007, -6.29915909999994], [106.84960190000004, -6.299045099999944], [106.84967820000008, -6.298873899999933], [106.849869, -6.298816699999975], [106.85035730000004, -6.298795699999971], [106.85091420000003, -6.298945499999945], [106.85110490000005, -6.299078], [106.85148640000006, -6.299379899999963], [106.85169240000005, -6.299360299999933], [106.85180680000008, -6.299284], [106.85195940000006, -6.299226799999929], [106.85203570000004, -6.299131399999965], [106.85214250000007, -6.298979299999928], [106.85212730000006, -6.298258299999929], [106.85214250000007, -6.298030399999959], [106.85196110000004, -6.297739899999954], [106.85195940000006, -6.297737199999972], [106.85191370000007, -6.297670899999957], [106.85145590000008, -6.297444399999961], [106.85063950000006, -6.296916099999976], [106.85031150000003, -6.29646159999993], [106.85037250000005, -6.296233699999959], [106.85040770000006, -6.296163599999943], [106.850487, -6.296005799999932], [106.85065480000009, -6.295853199999954], [106.85085340000006, -6.295800499999928], [106.85108970000005, -6.295737799999927], [106.85152450000004, -6.29566049999994], [106.85194250000006, -6.295680899999979], [106.85224930000004, -6.295695799999976], [106.85313620000005, -6.295932199999925], [106.85323350000004, -6.29595809999995], [106.85376760000008, -6.296165], [106.85394310000004, -6.296202199999925], [106.85405870000005, -6.296161599999948], [106.85411920000007, -6.296140399999956], [106.85420250000004, -6.296011499999963], [106.85424060000008, -6.295954299999948], [106.85426350000006, -6.295897499999967], [106.854294, -6.295176099999935], [106.854294, -6.2943], [106.854294, -6.29426529999995], [106.85414140000006, -6.294019299999945], [106.85396590000005, -6.29379229999995], [106.85370650000004, -6.293717], [106.85347760000008, -6.293793699999981], [106.85315720000006, -6.293984899999941], [106.85294110000007, -6.294214899999929], [106.85284220000005, -6.294316399999957], [106.852691, -6.294471299999941], [106.85264710000007, -6.294523499999968], [106.85261650000007, -6.294559699999979], [106.85249350000004, -6.294727399999942], [106.85243250000008, -6.294784099999958], [106.85234090000006, -6.294784599999957], [106.85230270000005, -6.294652], [106.85227980000008, -6.294538099999954], [106.85230270000005, -6.294386399999951], [106.852318, -6.294272499999977], [106.85235610000007, -6.29415849999998], [106.85236420000007, -6.294111399999963], [106.852379, -6.294025499999975], [106.85250870000004, -6.293835199999933], [106.85294360000006, -6.293241099999932], [106.85318130000007, -6.292942399999959], [106.85339370000008, -6.292675599999939], [106.85345810000007, -6.292602799999941], [106.85384390000007, -6.292166299999963], [106.85437030000008, -6.29114919999995], [106.854439, -6.290829199999962], [106.85436270000008, -6.290454], [106.85425670000006, -6.290346599999964], [106.85422180000006, -6.290311299999928], [106.854063, -6.290293299999973], [106.85394330000008, -6.290279699999928], [106.85383630000007, -6.29026749999997], [106.853348, -6.290495], [106.85301730000003, -6.290730799999949], [106.85284440000004, -6.290854], [106.85262830000005, -6.290910699999927], [106.85250480000008, -6.29096839999994], [106.85241240000005, -6.291011599999933], [106.85206910000005, -6.291039299999966], [106.85192030000007, -6.291053599999941], [106.85180680000008, -6.291102], [106.851755, -6.291155799999956], [106.85166190000007, -6.291252699999973], [106.85160850000005, -6.291591199999971], [106.85153220000007, -6.292212099999972], [106.85141770000007, -6.292588299999977], [106.85134560000006, -6.292692099999954], [106.85131930000006, -6.29273], [106.85123460000005, -6.292852], [106.85102860000006, -6.292928299999971], [106.85070820000004, -6.292910599999971], [106.85036490000005, -6.292686], [106.85032670000004, -6.292611199999953], [106.85021990000007, -6.292498599999931], [106.84996820000003, -6.292104799999947], [106.84996350000006, -6.292095399999937], [106.84967060000008, -6.291504399999951], [106.84944170000006, -6.291053799999929], [106.84941770000006, -6.290975], [106.84930440000005, -6.290603199999964], [106.84928910000008, -6.290471599999933], [106.84934250000003, -6.290320899999926], [106.84938020000004, -6.290300199999933], [106.84953420000005, -6.290215299999943], [106.84954850000008, -6.290207399999929], [106.84998340000004, -6.29007439999998], [106.85030380000006, -6.289979499999959], [106.85060140000007, -6.28984689999993], [106.850754, -6.289677199999971], [106.85081930000007, -6.289587599999948], [106.85096, -6.289394399999935], [106.85106240000005, -6.289020599999958], [106.85108410000004, -6.288919199999953], [106.85108890000004, -6.288888899999961], [106.85115830000007, -6.288453599999968], [106.85104670000004, -6.288302499999929], [106.85103540000006, -6.288294699999938], [106.85059380000007, -6.287985799999944], [106.85034960000007, -6.287892899999974], [106.85019350000005, -6.287925399999949], [106.85016650000006, -6.287931], [106.85012830000005, -6.287987299999941], [106.85005210000008, -6.288119399999971], [106.84995570000007, -6.28824549999996], [106.84992240000008, -6.288289099999929], [106.849785, -6.288458399999968], [106.84947220000004, -6.288516099999981], [106.84912890000004, -6.288479799999948], [106.848488, -6.288068399999929], [106.84799980000008, -6.287600099999963], [106.84776590000007, -6.287168899999926], [106.84775560000008, -6.28715], [106.84752670000006, -6.286699799999951], [106.84750380000008, -6.286492899999928], [106.84750380000008, -6.286342699999977], [106.84745040000007, -6.286173399999939], [106.84735890000007, -6.285892499999932], [106.847336, -6.285711799999945], [106.84734150000008, -6.285628799999927], [106.84735890000007, -6.285368], [106.84758780000004, -6.284951299999932], [106.84786240000005, -6.284625099999971], [106.84824860000003, -6.28435369999994], [106.84832780000005, -6.284298], [106.848633, -6.28389889999994], [106.84871180000005, -6.283766699999944], [106.84876270000007, -6.283681399999978], [106.84873980000003, -6.283573199999978], [106.84864830000004, -6.283465], [106.84856430000008, -6.283429199999944], [106.84818290000004, -6.283520799999962], [106.84809110000003, -6.283514799999978], [106.84804950000006, -6.283512099999939], [106.84800630000007, -6.283509199999969], [106.84791680000006, -6.283520199999941], [106.84790120000008, -6.283516399999939], [106.84782190000004, -6.283497199999942], [106.84765640000006, -6.283486399999958], [106.84754960000004, -6.28341439999997], [106.84752270000007, -6.283371899999963], [106.84743520000006, -6.283234199999981], [106.84745930000008, -6.283144], [106.84746160000009, -6.283037199999967], [106.84752670000006, -6.282926599999939], [106.84768250000008, -6.282727], [106.84770480000009, -6.282698499999981], [106.84772510000005, -6.282672499999933], [106.84810660000005, -6.282183199999963], [106.84836510000008, -6.281821499999978], [106.84868250000005, -6.281377299999974], [106.84879370000004, -6.281221699999946], [106.84900680000004, -6.280950099999927], [106.84935030000008, -6.280628399999955], [106.84942040000004, -6.280562799999927], [106.84949280000006, -6.280495], [106.84949310000007, -6.280489199999977], [106.84962730000007, -6.280354699999975], [106.85002, -6.280143199999941], [106.85031470000007, -6.279852099999971], [106.85034990000008, -6.27975129999993], [106.85034380000008, -6.279704], [106.85031750000007, -6.279672499999947], [106.85022790000005, -6.279565299999945], [106.85000970000004, -6.279554399999938], [106.84976220000004, -6.27960969999998], [106.84940410000007, -6.279648799999961], [106.849251, -6.279665499999965], [106.84889240000007, -6.279721299999949], [106.84850840000007, -6.279850099999976], [106.84845750000005, -6.279867199999956], [106.84782430000007, -6.280050299999971], [106.847642, -6.28004], [106.84761610000004, -6.280038499999932], [106.84746570000004, -6.279924899999969], [106.84706130000006, -6.279727499999979], [106.84681540000008, -6.279580899999928], [106.84678120000007, -6.279548699999964], [106.84664310000005, -6.279418499999963], [106.84661650000004, -6.279283599999928], [106.84661620000008, -6.279282099999932], [106.84660980000007, -6.279163099999948], [106.84658830000006, -6.279078499999969], [106.84659260000006, -6.279068299999949], [106.84661120000004, -6.279024199999981], [106.84665840000008, -6.278991599999927], [106.84672410000007, -6.278872299999932], [106.84677290000008, -6.278783699999963], [106.84713320000009, -6.278566499999954], [106.847255, -6.278496699999948], [106.84773270000005, -6.278222599999935], [106.84776030000006, -6.278199599999937], [106.84828660000005, -6.277760299999954], [106.84839650000004, -6.277668499999947], [106.84861010000009, -6.277371], [106.84876860000008, -6.277137699999969], [106.84879320000005, -6.27710159999998], [106.84899160000003, -6.276733], [106.84921280000003, -6.276590899999974], [106.84949510000007, -6.276561299999969], [106.849724, -6.276603299999977], [106.84977240000006, -6.276619599999947], [106.85018180000009, -6.276757299999929], [106.85050220000005, -6.276755899999955], [106.85060680000004, -6.276736599999936], [106.850815, -6.276698199999942], [106.85121170000008, -6.276513099999931], [106.85150930000009, -6.2763], [106.85164660000004, -6.276172199999962], [106.85186020000003, -6.27571869999997], [106.85192890000008, -6.275223299999936], [106.85194420000005, -6.275039699999979], [106.85166950000007, -6.274686899999949], [106.85141670000007, -6.274273], [106.85140250000006, -6.274249599999962], [106.85127280000006, -6.273788], [106.85130330000004, -6.273455199999944], [106.85136880000005, -6.273413399999981], [106.85153980000007, -6.273304499999938], [106.85186790000006, -6.273203399999943], [106.852139, -6.273251], [106.85242480000005, -6.273301199999935], [106.85289020000005, -6.273382699999956], [106.85313430000008, -6.273365499999954], [106.85334030000007, -6.273264899999958], [106.85347, -6.273031299999957], [106.85347, -6.272798099999932], [106.85340140000005, -6.272448599999962], [106.85341630000005, -6.272138599999948], [106.85341660000006, -6.272132499999941], [106.85358450000007, -6.271981799999935], [106.85382860000004, -6.27191449999998], [106.85416430000004, -6.271963199999959], [106.85441610000004, -6.272079], [106.85454040000008, -6.272170699999947], [106.85479750000007, -6.272360399999968], [106.85510270000009, -6.272542499999929], [106.85536980000006, -6.272591599999942], [106.85556770000005, -6.272626899999977], [106.85591910000005, -6.272689399999933], [106.85655230000003, -6.272720399999969], [106.85672010000008, -6.272686499999963], [106.85678120000006, -6.272436699999957], [106.85675070000008, -6.272137199999975], [106.85658280000007, -6.271854899999937], [106.856331, -6.271606], [106.85600250000005, -6.271404199999949], [106.85598010000007, -6.271390499999939], [106.85539270000004, -6.27101], [106.85499590000006, -6.270728199999951], [106.854904, -6.270538], [106.85484330000008, -6.270412499999964], [106.85485780000005, -6.26990619999998], [106.85485860000006, -6.269879399999979], [106.85498830000006, -6.269662399999959], [106.85517140000007, -6.269628599999976], [106.85525530000007, -6.269645299999979], [106.85539270000004, -6.269827899999939], [106.85549180000004, -6.270060599999965], [106.85570540000003, -6.270359599999949], [106.85587330000004, -6.270458799999972], [106.85602590000008, -6.270524599999931], [106.856209, -6.270540799999935], [106.85630820000006, -6.270523599999933], [106.85639210000005, -6.27050689999993], [106.85644550000006, -6.270440099999973], [106.856476, -6.27034], [106.85650650000008, -6.270156899999961], [106.85635390000004, -6.269724399999973], [106.85605640000006, -6.269126], [106.85591910000005, -6.268860399999937], [106.85580460000006, -6.268444599999953], [106.85562560000005, -6.267735899999934], [106.85559860000006, -6.267629199999931], [106.85557870000008, -6.267543599999954], [106.85557720000008, -6.267537], [106.85557570000009, -6.267531], [106.85557560000007, -6.267530199999953], [106.85557450000005, -6.267524599999945], [106.85557230000006, -6.267513399999928], [106.85545370000006, -6.266900599999929], [106.85543980000006, -6.266770699999938], [106.85540790000005, -6.266471399999944], [106.85535450000003, -6.266217799999936], [106.85523240000003, -6.266101399999968], [106.85462970000003, -6.26581049999993], [106.85423010000005, -6.265513], [106.85401970000004, -6.265278799999976], [106.85397340000009, -6.265087599999958], [106.85399650000005, -6.264935099999946], [106.85404220000004, -6.264875899999936], [106.85408040000004, -6.264817299999947], [106.85417190000004, -6.264778199999967], [106.85446950000005, -6.264679499999943], [106.85501120000004, -6.26454119999994], [106.856148, -6.264400499999965], [106.85651420000005, -6.26436], [106.856827, -6.264300399999968], [106.85703060000009, -6.264165399999968], [106.85711220000007, -6.264064799999971], [106.85712990000007, -6.263918899999965], [106.85712030000008, -6.263782299999946], [106.85696430000007, -6.263694799999939], [106.85630050000009, -6.263502199999948], [106.85553760000005, -6.26317309999996], [106.85461450000008, -6.262766399999975], [106.85433980000005, -6.262513699999943], [106.85428640000003, -6.26241639999995], [106.85429930000004, -6.262317099999962], [106.85430160000004, -6.262299599999949], [106.85432450000008, -6.262162699999976], [106.85461450000008, -6.261966699999959], [106.85516380000007, -6.261828], [106.85543080000008, -6.261807499999975], [106.85551470000007, -6.261943899999949], [106.85563730000007, -6.262068799999952], [106.85574360000004, -6.262177], [106.85601830000007, -6.262508], [106.85655230000003, -6.262759699999947], [106.857094, -6.262836], [106.85774250000009, -6.262872699999946], [106.85810870000006, -6.262910399999953], [106.85845970000008, -6.263006699999949], [106.85877250000004, -6.263025299999981], [106.85898470000006, -6.262991799999952], [106.85920280000005, -6.262845199999958], [106.85931110000007, -6.262580499999956], [106.85944640000008, -6.262188099999946], [106.85960830000005, -6.26162249999993], [106.85979650000007, -6.260746899999958], [106.85987650000004, -6.260181499999931], [106.86000130000008, -6.259664399999963], [106.86009230000008, -6.259287399999948], [106.86022970000005, -6.258719499999927], [106.86037460000006, -6.258292299999937], [106.86038820000005, -6.258194399999979], [106.86038880000007, -6.258189799999968], [106.86038990000009, -6.258182099999942], [106.86050430000006, -6.257686199999966], [106.86050420000004, -6.257390399999963], [106.86047630000007, -6.257235499999979], [106.86040310000004, -6.257144599999947], [106.86025720000004, -6.257090499999947], [106.859829, -6.257073699999978], [106.85946670000004, -6.257067199999938], [106.85934590000005, -6.256947899999943], [106.85931410000006, -6.256818799999962], [106.85937220000005, -6.256665199999929], [106.85942640000007, -6.256546599999979], [106.85958120000004, -6.256453599999929], [106.85994740000007, -6.256222799999932], [106.86034420000004, -6.255950899999959], [106.86059830000005, -6.255667399999936], [106.86065230000008, -6.255554299999972], [106.86065690000004, -6.255549499999972], [106.860658, -6.255542599999956], [106.86072480000007, -6.255402699999934], [106.86071030000005, -6.255185599999947], [106.86048140000008, -6.254745499999956], [106.86023910000006, -6.254556799999932], [106.85971020000005, -6.254385499999955], [106.85946430000007, -6.254377199999965], [106.85920970000006, -6.254505699999925], [106.85883350000006, -6.25477079999996], [106.85820030000008, -6.255156099999965], [106.85778090000008, -6.255272399999967], [106.857682, -6.255185599999947], [106.85763610000004, -6.25509459999995], [106.85757160000009, -6.254894299999933], [106.85756980000008, -6.254851499999972], [106.85755180000007, -6.25443869999998], [106.85758640000006, -6.25391], [106.85773490000008, -6.253223], [106.85794630000004, -6.252669199999957], [106.85816370000003, -6.252340299999958], [106.85908530000006, -6.251398599999959], [106.85948960000007, -6.251167299999963], [106.85990860000004, -6.251050699999951], [106.85990780000009, -6.251012599999967], [106.85990420000007, -6.250992699999927], [106.85991280000007, -6.251012899999978], [106.86018020000006, -6.250985199999946], [106.86040770000005, -6.251024499999971], [106.86052880000005, -6.251238199999932], [106.86066440000008, -6.251746399999945], [106.86067670000006, -6.251797299999964], [106.86075610000006, -6.252024699999936], [106.86079820000003, -6.252297799999951], [106.86081370000005, -6.25236149999995], [106.86090920000004, -6.252896599999929], [106.86096420000007, -6.25331129999995], [106.86104620000003, -6.253819599999929], [106.86116730000003, -6.254006599999968], [106.86127270000009, -6.254051299999958], [106.86153010000004, -6.254015399999957], [106.86155520000005, -6.254005199999938], [106.86182880000007, -6.253954399999941], [106.86186780000008, -6.253944], [106.86226340000007, -6.253801899999928], [106.86249620000007, -6.25368949999995], [106.86250320000005, -6.253685099999927], [106.862668, -6.253522499999974], [106.86268510000008, -6.253499599999941], [106.86284660000007, -6.253185799999926], [106.86284660000007, -6.253032699999949], [106.86270920000004, -6.25249679999996], [106.86245750000006, -6.251846399999977], [106.86225950000005, -6.251335599999948], [106.86221420000004, -6.251245599999947], [106.86220870000005, -6.251204299999927], [106.86219040000009, -6.251157299999932], [106.86215230000005, -6.250851199999943], [106.86215230000005, -6.250659499999927], [106.86219040000009, -6.250467799999967], [106.86220880000008, -6.250449299999957], [106.86221130000007, -6.250415799999928], [106.86227360000004, -6.250384], [106.86230490000008, -6.25035239999994], [106.86242390000007, -6.250307199999952], [106.86337280000004, -6.249822799999947], [106.86351890000009, -6.249779399999966], [106.86388420000009, -6.249625299999934], [106.86402150000004, -6.249518], [106.864052, -6.249419299999943], [106.86403680000006, -6.249337299999979], [106.86396810000008, -6.249255199999936], [106.86386890000006, -6.249140799999964], [106.86367050000007, -6.248936199999946], [106.86351030000009, -6.24876409999996], [106.86328910000009, -6.24848609999998], [106.86303730000009, -6.248174699999936], [106.86283130000004, -6.247847099999944], [106.86270920000004, -6.247617799999944], [106.86254140000005, -6.247421299999928], [106.862404, -6.247224399999936], [106.86227470000006, -6.246960599999966], [106.86208960000005, -6.246712299999956], [106.86216030000008, -6.246705899999938], [106.86210510000006, -6.246492899999964], [106.86209130000009, -6.246448099999952], [106.86198450000006, -6.246113799999932], [106.86198450000006, -6.245904499999938], [106.86199210000007, -6.245642699999962], [106.86203780000005, -6.245391899999959], [106.862137, -6.245119199999976], [106.86224380000004, -6.244784399999958], [106.86238880000008, -6.244407199999955], [106.86245750000006, -6.244155899999953], [106.862488, -6.244040499999926], [106.86250320000005, -6.243831199999931], [106.86250320000005, -6.243622399999936], [106.86249560000005, -6.243318599999952], [106.86249560000005, -6.243133099999966], [106.86249560000005, -6.24313049999995], [106.86249560000005, -6.243113799999946], [106.86249560000005, -6.243099299999926], [106.862488, -6.242858499999954], [106.862488, -6.242534199999966], [106.86247270000007, -6.242185599999971], [106.86248030000007, -6.241978199999949], [106.86246510000007, -6.241664], [106.862488, -6.241269199999977], [106.86250320000005, -6.24100169999997], [106.862549, -6.24074029999997], [106.86261010000004, -6.240466199999958], [106.86267870000006, -6.240144799999939], [106.86270370000005, -6.24006], [106.86278550000009, -6.239782899999966], [106.86283130000004, -6.239574499999947], [106.86290760000009, -6.239321299999972], [106.86301440000005, -6.238899299999957], [106.86314410000006, -6.238489199999947], [106.86328240000006, -6.238118799999938], [106.86331960000007, -6.238019], [106.86345690000007, -6.237693399999955], [106.86362480000008, -6.237452099999928], [106.86379260000007, -6.237259], [106.86404440000007, -6.237077299999953], [106.86442580000005, -6.236859399999958], [106.864731, -6.236797799999977], [106.86495990000009, -6.236796899999945], [106.86518880000006, -6.236820299999977], [106.86527270000005, -6.236868399999935], [106.86544060000006, -6.237240799999938], [106.86562360000005, -6.237733899999967], [106.86579150000006, -6.238275099999953], [106.86597460000007, -6.238672299999962], [106.86613480000005, -6.238888299999928], [106.86640950000009, -6.239128199999925], [106.86651630000006, -6.239187799999968], [106.86666130000003, -6.239175399999965], [106.86676050000005, -6.239114799999925], [106.86682150000007, -6.239030399999933], [106.86684440000005, -6.238765299999955], [106.86681380000005, -6.238356199999942], [106.86674520000008, -6.238067199999932], [106.86662310000008, -6.23758609999993], [106.86644, -6.237080599999956], [106.86634080000005, -6.236780199999941], [106.86621880000007, -6.236563699999977], [106.86608910000007, -6.236383499999931], [106.86589070000008, -6.236167499999965], [106.86577590000007, -6.236058399999933], [106.86560080000004, -6.235891899999956], [106.86541, -6.235627199999954], [106.865288, -6.235459399999968], [106.865204, -6.235170399999959], [106.865204, -6.234965899999963], [106.86524220000007, -6.234881499999972], [106.86531090000005, -6.234845199999938], [106.86550160000007, -6.234832399999959], [106.86582960000004, -6.234903399999951], [106.86608140000004, -6.234866199999942], [106.86624160000008, -6.234793699999955], [106.86633320000004, -6.234672599999953], [106.86636370000008, -6.234551], [106.86635610000008, -6.234416099999976], [106.86632710000003, -6.234276299999976], [106.86630270000006, -6.234158099999945], [106.86612720000005, -6.233753299999933], [106.865967, -6.233446699999945], [106.865807, -6.233242899999937], [106.86570760000006, -6.233116199999927], [106.86530320000008, -6.232589299999972], [106.86510480000004, -6.23233179999994], [106.86489120000005, -6.232184899999936], [106.86463950000007, -6.232014199999981], [106.86434190000006, -6.231818699999963], [106.86399860000006, -6.231610799999942], [106.863926, -6.231566399999963], [106.86373920000005, -6.231452099999956], [106.86350270000008, -6.231305599999928], [106.86336540000008, -6.231158799999946], [106.86328140000006, -6.231023799999946], [106.86322040000005, -6.230864099999962], [106.86324330000008, -6.230716699999959], [106.86332720000007, -6.230532199999971], [106.86346450000008, -6.230322899999976], [106.86362480000008, -6.230150299999934], [106.86376970000003, -6.229990099999952], [106.86397570000008, -6.229841799999974], [106.86421980000006, -6.22965679999993], [106.86443350000008, -6.229471799999942], [106.86460130000006, -6.229311499999937], [106.86468530000008, -6.229188], [106.86478440000008, -6.229003499999976], [106.86483780000003, -6.22888039999998], [106.86483780000003, -6.228671099999929], [106.86483020000009, -6.228469399999938], [106.86479970000005, -6.228191], [106.86479520000006, -6.22806259999993], [106.86478440000008, -6.227748899999938], [106.86476920000007, -6.227191499999947], [106.86474630000004, -6.226932099999942], [106.86466240000004, -6.226711299999977], [106.86453270000004, -6.226481499999977], [106.86430380000007, -6.226136299999951], [106.86408250000005, -6.225829699999963], [106.86386890000006, -6.225494], [106.86369340000005, -6.225216], [106.86359420000008, -6.225080599999956], [106.86359360000006, -6.225079699999981], [106.86354850000004, -6.225014699999974], [106.86352560000006, -6.224867399999937], [106.86352560000006, -6.22475819999994], [106.86353320000006, -6.224649499999941], [106.86363240000009, -6.224552199999948], [106.86373160000005, -6.224491199999932], [106.863846, -6.224466799999959], [106.864052, -6.22447829999993], [106.86429610000005, -6.224501699999962], [106.86433780000004, -6.224512799999957], [106.86456320000008, -6.224573199999952], [106.86476920000007, -6.224572199999955], [106.86503620000008, -6.224523099999942], [106.86524980000007, -6.224425399999973], [106.86536430000007, -6.224267499999939], [106.86539440000007, -6.224137599999949], [106.86541770000008, -6.22403769999994], [106.86543290000009, -6.223819799999944], [106.86537190000007, -6.223553699999968], [106.86529560000008, -6.223348199999975], [106.86516590000008, -6.223155099999929], [106.86499040000007, -6.222973899999943], [106.86482260000008, -6.222768799999926], [106.86455550000005, -6.222527599999978], [106.86434950000006, -6.222261899999978], [106.86414360000003, -6.22198439999994], [106.86397570000008, -6.221743099999969], [106.86375450000008, -6.221501899999964], [106.86361710000006, -6.221356899999932], [106.86353320000006, -6.221212], [106.86342640000004, -6.22095829999995], [106.86328910000009, -6.220656], [106.86318990000007, -6.220390399999928], [106.86306780000007, -6.219955], [106.862961, -6.21976189999998], [106.86287710000005, -6.21970129999994], [106.86267870000006, -6.219666099999927], [106.86244980000004, -6.219679], [106.86189290000004, -6.219753299999979], [106.86174030000006, -6.219802399999935], [106.86155720000005, -6.219972699999971], [106.86142750000005, -6.220190599999967], [106.86141220000007, -6.220311699999968], [106.86145040000008, -6.220408499999962], [106.86152670000007, -6.220577799999944], [106.86167160000008, -6.220855799999981], [106.86177080000004, -6.221073199999978], [106.86177080000004, -6.221230599999956], [106.86173270000006, -6.221424199999944], [106.86164870000005, -6.221593899999959], [106.86159330000004, -6.221635799999945], [106.86159480000003, -6.221642399999951], [106.86157920000005, -6.221646499999963], [106.86150380000004, -6.221703599999955], [106.86145760000005, -6.221730799999932], [106.86133480000007, -6.221832099999972], [106.86124930000005, -6.221837499999936], [106.86115280000007, -6.221861899999965], [106.861012, -6.221852299999966], [106.86100040000008, -6.221853], [106.86099240000004, -6.221850899999936], [106.860985, -6.221850399999937], [106.86090920000004, -6.221829499999956], [106.86054740000009, -6.221736499999963], [106.86049750000006, -6.221705099999951], [106.86046620000008, -6.221695], [106.86026780000009, -6.221586799999955], [106.86016870000009, -6.221502399999963], [106.86008470000007, -6.221345499999927], [106.86006180000004, -6.221212499999979], [106.86007320000004, -6.221165299999939], [106.86007310000008, -6.221127699999954], [106.86009540000003, -6.221073699999977], [106.8601, -6.221054599999945], [106.86013050000008, -6.220945899999947], [106.86018080000008, -6.220873099999949], [106.86042480000003, -6.22043739999998], [106.86048950000009, -6.220362799999975], [106.86055780000004, -6.220254499999953], [106.860718, -6.219953099999941], [106.86087820000006, -6.219667], [106.86112230000003, -6.219254099999944], [106.86125960000004, -6.219042299999956], [106.86133770000004, -6.218934099999956], [106.86138340000008, -6.218858799999964], [106.86148450000007, -6.218751199999929], [106.86154190000008, -6.218682399999977], [106.86183950000009, -6.218342899999925], [106.86203230000007, -6.218084099999942], [106.86218630000008, -6.217792699999961], [106.862311, -6.217667], [106.86235830000004, -6.217601399999978], [106.86242690000006, -6.21752749999996], [106.86259480000007, -6.217368199999953], [106.86277030000008, -6.217219399999976], [106.863022, -6.217007199999955], [106.86321280000004, -6.21683749999994], [106.86342270000006, -6.216602599999931], [106.86345740000007, -6.216556799999978], [106.863539, -6.216396199999963], [106.86353880000007, -6.216359599999976], [106.86353410000004, -6.216280299999937], [106.86352590000007, -6.216260099999943], [106.86342510000009, -6.216182099999969], [106.863243, -6.216154699999947], [106.86299560000003, -6.216141099999959], [106.86286980000006, -6.21615], [106.86257440000009, -6.216255599999954], [106.86198890000009, -6.216530599999942], [106.86183190000008, -6.216620499999976], [106.86116810000004, -6.21699289999998], [106.86097, -6.21710429999996], [106.860964, -6.217107899999974], [106.86096260000005, -6.217108499999938], [106.86080950000007, -6.217194599999971], [106.86061880000005, -6.217269499999929], [106.86053130000005, -6.217292899999961], [106.86045320000005, -6.217326299999968], [106.86032780000005, -6.217318899999952], [106.86023730000005, -6.217323399999941], [106.86015910000003, -6.217308899999978], [106.86013840000004, -6.217307699999935], [106.86011740000004, -6.217301199999952], [106.86006950000007, -6.217292399999963], [106.85993980000006, -6.217250899999954], [106.85992490000007, -6.217241799999954], [106.85982320000005, -6.217210399999942], [106.85974280000005, -6.217103899999927], [106.85964220000005, -6.216998099999955], [106.859421, -6.216766399999926], [106.85922340000008, -6.216570399999966], [106.85916930000008, -6.216518599999972], [106.85903570000005, -6.216418699999963], [106.858828, -6.216322599999955], [106.85876420000005, -6.216311599999926], [106.85866840000006, -6.216321499999935], [106.85862750000007, -6.216335799999968], [106.85855110000006, -6.216374], [106.85836490000008, -6.216546], [106.85811050000007, -6.216921], [106.85794790000006, -6.217300499999965], [106.85794170000008, -6.217300399999942], [106.85788750000006, -6.217405799999938], [106.85780350000005, -6.217554199999938], [106.85770430000008, -6.217639], [106.85751360000006, -6.217661], [106.85734580000008, -6.21762949999993], [106.85722370000008, -6.217577], [106.85706350000004, -6.217461599999979], [106.85694140000004, -6.217324799999972], [106.85672010000008, -6.217050599999936], [106.85649130000007, -6.21679789999996], [106.85635390000004, -6.21658709999997], [106.85630820000006, -6.216395399999953], [106.85628530000008, -6.216281], [106.85628530000008, -6.216156499999954], [106.85635390000004, -6.215896199999975], [106.85646840000004, -6.215521399999943], [106.85654950000009, -6.215248899999949], [106.85656760000006, -6.215188099999978], [106.85669730000006, -6.214896299999964], [106.856827, -6.214656899999966], [106.85696940000008, -6.214448699999934], [106.85704250000003, -6.21432649999997], [106.85730670000004, -6.213931199999934], [106.85731240000007, -6.213927699999942], [106.85758790000006, -6.213759699999969], [106.85772380000009, -6.21381619999994], [106.857918, -6.21377949999993], [106.85810870000006, -6.213737099999946], [106.858185, -6.213674599999933], [106.85823080000006, -6.213580699999966], [106.85823840000006, -6.213445299999933], [106.858185, -6.213279299999954], [106.85806290000005, -6.213133899999946], [106.85806080000003, -6.213129699999968], [106.85811150000006, -6.213108499999976], [106.85783610000004, -6.212668199999939], [106.85783040000007, -6.212659199999962], [106.85769210000007, -6.212445799999955], [106.85752820000005, -6.212212499999964], [106.85718770000005, -6.211945499999956], [106.85682960000008, -6.21175], [106.85648570000006, -6.211672399999941], [106.85640030000008, -6.211653099999978], [106.85561330000007, -6.211459199999979], [106.85515290000006, -6.211332899999945], [106.85496930000005, -6.211282599999947], [106.85449520000009, -6.211132199999952], [106.85436430000004, -6.210975599999927], [106.854366, -6.210973899999942], [106.85434050000003, -6.210947], [106.85430270000006, -6.210857199999964], [106.85420480000005, -6.210677799999928], [106.85374590000004, -6.210288299999945], [106.85348420000008, -6.210066099999949], [106.85304570000005, -6.209780699999953], [106.85259150000007, -6.209485099999938], [106.85241160000004, -6.209410799999944], [106.85229790000005, -6.209384], [106.851792, -6.209265], [106.85154440000008, -6.209206699999925], [106.85144820000005, -6.209174699999949], [106.85125960000005, -6.209079799999927], [106.85113670000004, -6.209001199999932], [106.85096390000007, -6.208890599999961], [106.85094130000004, -6.208876199999963], [106.85094070000008, -6.20887579999993], [106.85060570000007, -6.208661499999948], [106.85052270000006, -6.208608499999968], [106.85034860000007, -6.208400299999937], [106.85022440000006, -6.208251899999937], [106.85000420000006, -6.207988599999965], [106.84989410000009, -6.207913299999973], [106.84966660000003, -6.207757599999979], [106.84959850000007, -6.207734899999934], [106.84917690000009, -6.207594399999948], [106.84905260000005, -6.207543], [106.84904730000005, -6.207551299999977], [106.84895470000004, -6.207520399999964], [106.84885990000004, -6.207569099999944], [106.84854380000007, -6.207731599999931], [106.84831270000006, -6.207881399999962], [106.84825150000006, -6.207916799999964], [106.84823340000008, -6.20793279999998], [106.84819350000004, -6.207958699999949], [106.84819620000007, -6.207962799999962], [106.84818880000006, -6.207968499999936], [106.84819, -6.20797], [106.84819050000004, -6.207970699999976], [106.84811420000005, -6.208048399999939], [106.84793110000004, -6.20817], [106.84771370000004, -6.20833829999998], [106.84767980000004, -6.208364699999947], [106.84767940000006, -6.208364899999935], [106.84765640000006, -6.208382699999959], [106.847397, -6.208504699999935], [106.84734470000006, -6.208519299999978], [106.84714960000008, -6.208609299999978], [106.84704050000005, -6.208604099999945], [106.84703080000008, -6.208606799999927], [106.84680190000006, -6.208627799999931], [106.84655780000008, -6.208618699999931], [106.84629080000008, -6.208569099999977], [106.84628410000005, -6.208567799999969], [106.84609010000008, -6.208558399999959], [106.84573750000004, -6.208435899999927], [106.84573440000008, -6.208436899999981], [106.845734, -6.208435], [106.84573380000006, -6.208434099999977], [106.84541930000006, -6.208328299999948], [106.84501980000005, -6.208193899999969], [106.844823, -6.208127599999955], [106.84482360000004, -6.208125699999925], [106.84395170000005, -6.207834599999956], [106.84333550000008, -6.207619899999941], [106.84332330000007, -6.20762579999996], [106.84332630000006, -6.207615199999964], [106.84321080000007, -6.207572499999969], [106.84306510000005, -6.20751869999998], [106.84285970000008, -6.207442899999933], [106.84252540000006, -6.207321199999967], [106.84231150000005, -6.207243399999925], [106.84196860000009, -6.207118699999967], [106.84196780000008, -6.207118899999955], [106.84156020000006, -6.206967599999928], [106.84078180000006, -6.206681899999978], [106.84050320000006, -6.20658119999996], [106.83939930000008, -6.206177099999934], [106.83920310000008, -6.206119099999967], [106.83884450000005, -6.205988899999966], [106.83882220000004, -6.205982199999937], [106.83863080000003, -6.205924099999947], [106.83862960000005, -6.205923199999972], [106.83856980000007, -6.205877799999939], [106.83836330000008, -6.205797899999936], [106.83794810000006, -6.205645899999979], [106.83773970000004, -6.205570099999932], [106.83744830000006, -6.205478699999958], [106.837166, -6.205395299999964], [106.83690660000008, -6.20534], [106.836548, -6.205275599999936], [106.83617420000007, -6.205230299999926], [106.835808, -6.205184499999973], [106.83549520000008, -6.205131499999936], [106.83541130000003, -6.205117299999927], [106.83500690000005, -6.205061499999942], [106.83467120000006, -6.20501239999993], [106.83461770000008, -6.205003499999975], [106.83399890000004, -6.204924299999959], [106.83399390000005, -6.204927299999952], [106.83399450000007, -6.204921899999931], [106.83242480000007, -6.204680699999926], [106.83192460000004, -6.204627599999981], [106.83119220000003, -6.204529799999932], [106.83071920000003, -6.204452599999968], [106.830414, -6.204398699999956], [106.83017750000005, -6.204345299999943], [106.82991780000003, -6.204282699999965], [106.82953070000008, -6.20421349999998], [106.82932440000008, -6.204164699999978], [106.82910030000005, -6.204114699999934], [106.828789, -6.204056299999934], [106.82817860000006, -6.203916599999957], [106.82772580000005, -6.203807899999958], [106.82747620000004, -6.20375219999994], [106.82747640000008, -6.203750299999967], [106.82722060000003, -6.203693499999929], [106.82692670000006, -6.203626499999928], [106.82654590000004, -6.203541299999927], [106.826325, -6.203489499999932], [106.82587240000004, -6.203386399999943], [106.82540150000005, -6.203294799999981], [106.82481890000008, -6.203145799999959], [106.82352050000009, -6.202848399999937], [106.82320420000008, -6.202801699999952], [106.82274530000007, -6.202706399999954], [106.82270830000004, -6.202698699999928], [106.82269310000004, -6.202784599999973], [106.82267780000006, -6.202846099999931], [106.82267020000006, -6.202908099999945], [106.82257860000004, -6.203350099999966], [106.82255570000007, -6.203461199999936], [106.82251, -6.203680599999927], [106.82238020000005, -6.204239399999949], [106.82229630000006, -6.20488359999996], [106.82229630000006, -6.204909399999963], [106.82226510000004, -6.205211599999927], [106.82225050000005, -6.205352799999957], [106.82222770000004, -6.205423399999972], [106.82212850000008, -6.206228299999964], [106.82205980000003, -6.206918799999926], [106.82206750000006, -6.207089499999938], [106.82205980000003, -6.207375099999979], [106.82202170000005, -6.207713199999944], [106.822014, -6.207753699999955], [106.82175460000008, -6.208766499999967], [106.82159540000004, -6.209226199999932], [106.82159440000004, -6.209229], [106.82159330000007, -6.209231899999963], [106.82150290000004, -6.209450299999958], [106.82119770000008, -6.210076799999968], [106.82112840000008, -6.210225799999932], [106.82098230000008, -6.210662799999966], [106.82092210000008, -6.210772299999974], [106.82072840000006, -6.211124899999959], [106.82039010000005, -6.211736499999972], [106.820225, -6.21204309999996], [106.82021350000008, -6.21206959999995], [106.82006850000005, -6.212355199999934], [106.81999820000004, -6.212456499999973], [106.81985950000006, -6.212709599999926], [106.81979410000008, -6.212800499999958], [106.81978630000003, -6.212815299999932], [106.81947350000007, -6.213278799999955], [106.81924460000005, -6.213602599999945], [106.81920640000004, -6.213644599999952], [106.81913010000005, -6.213732299999947], [106.81912280000006, -6.213741599999935], [106.81900040000005, -6.213895799999932], [106.81878680000005, -6.214151899999933], [106.81859610000004, -6.214367899999957], [106.81851980000005, -6.214433199999974], [106.81835030000008, -6.21458], [106.81833630000006, -6.21459219999997], [106.81807490000006, -6.214772], [106.81688050000008, -6.215808799999934], [106.81687950000008, -6.215809399999955], [106.81673020000005, -6.215930199999946], [106.81672690000005, -6.215932899999927], [106.816437, -6.216191399999957], [106.81640420000008, -6.216222199999947], [106.81621230000007, -6.216388799999947], [106.81579610000006, -6.216713899999945], [106.81565110000008, -6.216828799999973], [106.81539940000005, -6.217002899999954], [106.81536890000007, -6.217020499999933], [106.81524680000007, -6.217119699999955], [106.81497970000004, -6.217359599999952], [106.81490860000008, -6.217420799999957], [106.81407330000008, -6.218074299999955], [106.81306620000004, -6.218862099999967], [106.81288170000005, -6.219003699999973], [106.81284350000004, -6.219032799999979], [106.81279010000009, -6.219075199999963], [106.81277530000006, -6.219089699999927], [106.81271440000006, -6.219137399999966], [106.81271380000004, -6.219137699999976], [106.81262230000004, -6.219197299999962], [106.81259170000004, -6.219214], [106.812546, -6.219245899999976], [106.81252310000008, -6.219261199999949], [106.81235520000007, -6.219392299999981], [106.81233850000007, -6.219407799999942], [106.812195, -6.219540699999925], [106.81204240000005, -6.219683699999962], [106.81199670000007, -6.219729399999949], [106.81196610000006, -6.219753799999978], [106.81191270000005, -6.219799099999932], [106.81187460000007, -6.219827699999939], [106.81183640000006, -6.21986389999995], [106.81174490000006, -6.219936899999936], [106.81169910000006, -6.219974099999945], [106.81166860000008, -6.219988399999977], [106.81153120000005, -6.22007659999997], [106.81095910000005, -6.220537199999967], [106.810158, -6.221179], [106.81008170000007, -6.22124679999996], [106.80998250000005, -6.221325399999955], [106.809952, -6.221353599999929], [106.80990620000006, -6.22139459999994], [106.80982990000007, -6.221447499999954], [106.80978410000006, -6.221473699999933], [106.809601, -6.221597699999961], [106.80942560000005, -6.221709299999929], [106.80925010000004, -6.221842799999934], [106.809067, -6.221994499999937], [106.80894490000009, -6.222089299999936], [106.80884570000006, -6.222159399999953], [106.80863210000007, -6.222314399999959], [106.80828110000004, -6.22260719999997], [106.80771660000005, -6.22300249999995], [106.80743430000007, -6.22318219999994], [106.807007, -6.223427799999968], [106.806473, -6.223744899999929], [106.80639670000005, -6.223799299999939], [106.80598470000007, -6.224097799999981], [106.80559560000006, -6.224336199999925], [106.80535910000003, -6.224525], [106.80520650000005, -6.224651899999969], [106.80502580000007, -6.224769], [106.80491660000007, -6.224839699999961], [106.804764, -6.22493129999998], [106.80455040000004, -6.225142], [106.80426810000006, -6.225348], [106.80381030000007, -6.22566269999993], [106.803322, -6.22603179999993], [106.80307030000006, -6.226250199999981], [106.80302450000005, -6.226292699999931], [106.802994, -6.226317], [106.80296050000004, -6.22634249999993], [106.80178090000004, -6.22724009999996], [106.80162830000006, -6.227352199999928], [106.80137650000006, -6.227535799999941], [106.80118580000004, -6.227683099999979], [106.80103320000006, -6.227798499999949], [106.800873, -6.227902], [106.80074330000008, -6.227996399999938], [106.79989640000008, -6.228692099999932], [106.79962180000007, -6.22895909999994], [106.79959130000009, -6.228997299999946], [106.79946920000003, -6.228975299999945], [106.79930130000008, -6.229005399999949], [106.79924250000005, -6.229071599999941], [106.79924030000006, -6.229074], [106.79923940000003, -6.229073199999959], [106.79914110000004, -6.228987299999972], [106.79866810000004, -6.228861399999971], [106.79846970000006, -6.228835099999969], [106.79833240000005, -6.228853299999969], [106.79824090000005, -6.228891899999951], [106.79773730000005, -6.229210399999943], [106.79769150000004, -6.22924], [106.79761530000007, -6.22926949999993], [106.79752370000006, -6.229304799999966], [106.79737870000008, -6.229300099999932], [106.79734820000004, -6.229300099999932], [106.79731770000006, -6.22929629999993], [106.79700490000005, -6.229274799999928], [106.796364, -6.229285299999958], [106.79633350000006, -6.229285299999958], [106.79602830000005, -6.229279099999928], [106.79579180000007, -6.229268599999955], [106.79575370000003, -6.229157499999928], [106.79572320000005, -6.229055899999935], [106.79577660000007, -6.228858499999944], [106.79581470000005, -6.228755499999977], [106.79566210000007, -6.228541399999926], [106.79561630000006, -6.22841509999995], [106.79588340000004, -6.22781329999998], [106.796158, -6.227194299999951], [106.79629540000008, -6.226851], [106.796364, -6.226538699999935], [106.796303, -6.225144899999975], [106.79604360000008, -6.223882199999935], [106.79608940000008, -6.223238499999979], [106.79609080000006, -6.223229899999978], [106.79629540000008, -6.221954399999959], [106.79652420000008, -6.220694099999946], [106.79663870000007, -6.220069], [106.79681420000009, -6.219173], [106.79685230000007, -6.218779099999949], [106.79685750000004, -6.218701899999928], [106.79685990000007, -6.218667099999948], [106.79686760000004, -6.21845959999996], [106.79684470000007, -6.218168299999945], [106.79679130000005, -6.218004299999961], [106.79662340000004, -6.217614199999957], [106.79645560000006, -6.217259899999931], [106.79628770000005, -6.216901299999961], [106.79613510000007, -6.216625199999953], [106.79607360000006, -6.216399899999942], [106.79614540000006, -6.216163], [106.79622560000007, -6.21604439999993], [106.79627350000004, -6.215912399999979], [106.79625170000008, -6.215815699999951], [106.79620250000005, -6.215573799999959], [106.79607410000006, -6.215168], [106.79582230000005, -6.214636399999961], [106.79566210000007, -6.214315899999974], [106.79563920000004, -6.214266299999963], [106.79556290000005, -6.21410469999995], [106.79554180000008, -6.214080199999955], [106.79546350000004, -6.213989699999956], [106.79538260000004, -6.21389309999995], [106.79535690000006, -6.213567299999966], [106.79539510000006, -6.212959799999965], [106.79541030000007, -6.212909699999955], [106.795418, -6.212863499999969], [106.795454, -6.212768799999935], [106.79566210000007, -6.212708], [106.79573840000006, -6.212610799999936], [106.79576130000004, -6.212493], [106.79561820000004, -6.212369699999954], [106.79557620000008, -6.212356899999975], [106.79539050000005, -6.212287599999968], [106.79515860000004, -6.212206899999956], [106.79512040000009, -6.212185399999953], [106.794995, -6.212127599999974], [106.79481990000005, -6.21201259999998], [106.79480870000003, -6.212002899999959], [106.79470130000004, -6.211910799999941], [106.79458640000007, -6.211844499999927], [106.79443260000005, -6.211909], [106.794327, -6.211936499999979], [106.79415910000006, -6.211982299999931], [106.79401350000006, -6.21194], [106.79399160000008, -6.211824399999955], [106.79393030000006, -6.211711], [106.79381380000007, -6.211687899999959], [106.79366070000003, -6.211699199999941], [106.79350230000006, -6.211745399999927], [106.79342970000005, -6.211732199999972], [106.79342310000004, -6.211711799999932], [106.79341070000004, -6.211673099999928], [106.79343190000009, -6.211605799999973], [106.79364030000005, -6.211490699999956], [106.79371660000004, -6.211427199999946], [106.79371, -6.211198799999977], [106.79368610000006, -6.210973299999978], [106.79360220000007, -6.21084929999995], [106.793236, -6.210580399999969], [106.79307340000008, -6.210491], [106.79295780000007, -6.21045369999996], [106.79281770000006, -6.210360099999946], [106.79277820000004, -6.210293299999933], [106.79270190000005, -6.21020939999994], [106.79271720000008, -6.209820799999932], [106.792679, -6.209608599999967], [106.79259510000009, -6.209391599999947], [106.79249590000006, -6.209257199999968], [106.79235650000004, -6.20916909999994], [106.79204750000008, -6.209077199999967], [106.79190750000004, -6.208986299999935], [106.79183450000005, -6.208852099999945], [106.79179920000007, -6.208758099999955], [106.79187650000006, -6.208561499999973], [106.79198050000008, -6.208329899999967], [106.79212510000008, -6.208176099999946], [106.79227470000006, -6.208015499999931], [106.79238150000003, -6.207810399999971], [106.79238910000004, -6.207788], [106.79222130000005, -6.207747], [106.79195420000008, -6.207694599999968], [106.79156510000007, -6.207625399999927], [106.790848, -6.207501899999954], [106.79045120000006, -6.207443799999965], [106.78993240000005, -6.207875299999955], [106.78958560000007, -6.208228599999927], [106.78952050000004, -6.208294899999942], [106.78938310000007, -6.208417399999973], [106.78918480000004, -6.208489899999961], [106.789139, -6.208496899999943], [106.78911610000006, -6.208500399999934], [106.788994, -6.20849329999993], [106.788521, -6.208245799999929], [106.78839130000006, -6.208157599999936], [106.78830740000006, -6.208046499999966], [106.78801750000008, -6.207742199999927], [106.78788010000005, -6.207598699999949], [106.78784960000007, -6.207542], [106.78782670000004, -6.207514299999957], [106.78773520000004, -6.207358899999974], [106.78756730000003, -6.207196799999963], [106.78732320000006, -6.207048499999928], [106.78692650000005, -6.206937799999935], [106.78656030000008, -6.20690639999998], [106.78632370000008, -6.20689729999998], [106.78599570000006, -6.206867699999975], [106.78520980000008, -6.206800499999929], [106.78487420000005, -6.206775199999981], [106.78452320000008, -6.20676519999995], [106.78397390000003, -6.206739499999969], [106.78315, -6.206720099999927], [106.78314230000007, -6.206719899999939], [106.78314230000007, -6.207109], [106.78316520000004, -6.207460899999944], [106.78317280000005, -6.207532899999933], [106.78321090000009, -6.207900099999961], [106.78323380000006, -6.208266299999934], [106.78326440000006, -6.208589599999925], [106.78334070000005, -6.209325799999931], [106.78337880000004, -6.209606199999939], [106.78337880000004, -6.209632399999975], [106.783478, -6.210433499999965], [106.78350090000004, -6.210836899999947], [106.78350850000004, -6.21099], [106.78351480000003, -6.211011099999951], [106.78351610000004, -6.211015699999962], [106.783539, -6.211348099999952], [106.78355430000005, -6.212162499999977], [106.78348560000006, -6.212414299999978], [106.78334830000006, -6.21269609999996], [106.78317280000005, -6.212946899999963], [106.78314990000007, -6.212960799999962], [106.78310140000008, -6.212984199999937], [106.78305840000007, -6.213005099999975], [106.78294390000008, -6.213102399999968], [106.78278370000004, -6.21321869999997], [106.78252430000003, -6.213286399999959], [106.78231830000004, -6.213301699999931], [106.78167740000004, -6.213333199999965], [106.78104690000004, -6.213360699999953], [106.78100120000005, -6.213358199999959], [106.780703, -6.213364599999977], [106.78058750000008, -6.213373], [106.78018210000005, -6.213408499999957], [106.77998660000009, -6.213416799999948], [106.77938860000006, -6.21344229999994], [106.778763, -6.213471899999945], [106.77809160000004, -6.213503399999979], [106.77783990000006, -6.213533899999959], [106.77774830000004, -6.213585899999941], [106.77767960000006, -6.213680299999965], [106.77766440000005, -6.213722299999972], [106.77762620000004, -6.214077499999973], [106.77762620000004, -6.214109], [106.77762620000004, -6.214249699999925], [106.77763330000005, -6.214716899999928], [106.77760750000004, -6.215047699999957], [106.77757860000008, -6.21524409999995], [106.77754990000005, -6.215386899999942], [106.77750420000007, -6.215484199999935], [106.77736680000004, -6.215720199999964], [106.77711510000006, -6.216136499999948], [106.77711440000007, -6.21614], [106.77709980000009, -6.216219399999943], [106.77707690000005, -6.216578499999969], [106.777138, -6.21686509999995], [106.77723710000004, -6.216973799999948], [106.77744310000008, -6.217097299999978], [106.77783220000003, -6.217289499999936], [106.77794670000009, -6.217327199999943], [106.77821370000004, -6.217447299999947], [106.77832810000007, -6.217556499999944], [106.778351, -6.217588499999977], [106.77838150000008, -6.217668099999969], [106.778435, -6.217901299999937], [106.77847310000004, -6.218320399999925], [106.77848070000005, -6.218781], [106.77848110000008, -6.218789899999933], [106.77848840000007, -6.218966499999965], [106.77847310000004, -6.21976849999993], [106.77847310000004, -6.219824799999969], [106.77847310000004, -6.220124699999928], [106.77848060000008, -6.220386599999927], [106.77848070000005, -6.22038989999993], [106.77848070000005, -6.220693099999949], [106.77848070000005, -6.220868199999927], [106.77848070000005, -6.221136599999966], [106.77847310000004, -6.221823699999959], [106.77846550000004, -6.222150399999975], [106.77846550000004, -6.222268099999951], [106.77845780000007, -6.222476499999971], [106.77845780000007, -6.223219899999947], [106.77845780000007, -6.223322], [106.77845780000007, -6.224387199999967], [106.77845030000009, -6.224836], [106.77847220000007, -6.224848099999974], [106.77847060000005, -6.224945099999957], [106.77844430000005, -6.225194199999976], [106.77843660000008, -6.225463399999967], [106.77842970000006, -6.225703599999974], [106.77841150000006, -6.226339099999961], [106.77840540000005, -6.226554], [106.77840930000008, -6.226681499999927], [106.77841620000004, -6.226909], [106.77831270000007, -6.226914699999952], [106.77795430000003, -6.226916099999926], [106.77783620000008, -6.226967399999978], [106.77770850000007, -6.226967799999954], [106.77748340000005, -6.226968599999964], [106.77742970000008, -6.226937699999951], [106.77735880000006, -6.226938899999936], [106.77722090000009, -6.226941199999942], [106.77720160000007, -6.226941599999975], [106.77707470000007, -6.226944199999934], [106.77696940000004, -6.22694649999994], [106.77696470000006, -6.227035099999966], [106.77653290000006, -6.227065899999957], [106.77651910000009, -6.227066899999954], [106.77626920000006, -6.227067699999964], [106.77624880000008, -6.226983099999927], [106.77615710000003, -6.226984399999935], [106.77614030000007, -6.227024], [106.77582640000008, -6.227036599999963], [106.77575930000006, -6.227039399999967], [106.77564360000008, -6.227043499999979], [106.775322, -6.227054899999928], [106.77529950000007, -6.227080399999977], [106.77516090000006, -6.227058199999931], [106.77512720000004, -6.227052799999967], [106.77490170000004, -6.227061699999979], [106.77484350000009, -6.22706409999995], [106.77483590000008, -6.227019899999959], [106.77483240000004, -6.227019399999961], [106.77456090000004, -6.227034299999957], [106.77450510000006, -6.227006599999925], [106.77445690000008, -6.227089199999966], [106.77395120000006, -6.227099499999952], [106.77380490000007, -6.227102499999944], [106.773761, -6.227103399999976], [106.77341050000007, -6.227110499999981], [106.77325070000006, -6.227113799999927], [106.77279490000006, -6.227123099999972], [106.772731, -6.22712439999998], [106.77191450000004, -6.227141], [106.77182530000005, -6.227140399999939], [106.77178730000008, -6.227140199999951], [106.77109290000004, -6.227166599999975], [106.77017740000008, -6.227196499999934], [106.76994010000004, -6.227219499999933], [106.76985680000007, -6.227215799999954], [106.76980190000006, -6.227213399999926], [106.76911010000003, -6.227231199999949], [106.76896060000007, -6.227231699999948], [106.76884510000008, -6.227238], [106.76865550000008, -6.227248399999951], [106.76835240000008, -6.227264899999966], [106.76801790000007, -6.227249299999926], [106.76784040000007, -6.227274299999976], [106.76778860000007, -6.227276599999925], [106.76769040000005, -6.227276899999936], [106.76764290000006, -6.227277099999981], [106.76751850000005, -6.227277499999957], [106.76739320000007, -6.227301099999977], [106.76725240000007, -6.227327599999967], [106.76713080000007, -6.227356], [106.76690160000004, -6.22740959999993], [106.76673660000006, -6.227448199999969], [106.76651360000005, -6.227430399999946], [106.76638160000005, -6.227395699999931], [106.76629870000005, -6.227412399999935], [106.76628140000008, -6.22741179999997], [106.766232, -6.22740779999998], [106.76597510000005, -6.227387199999953], [106.76578990000007, -6.227372399999979], [106.76556540000007, -6.227354399999967], [106.76438530000007, -6.227259699999934], [106.76433740000004, -6.227255899999932], [106.76433090000006, -6.227255399999933], [106.76430820000007, -6.227256], [106.76442, -6.22705], [106.76451, -6.2269], [106.76461220000004, -6.226827899999932], [106.764659, -6.226801299999977], [106.76474780000007, -6.226759099999981], [106.76481, -6.22674], [106.76488690000008, -6.226730399999951], [106.76496560000004, -6.226730099999941], [106.76509730000004, -6.226791099999957], [106.76521140000006, -6.22684339999995], [106.76521150000008, -6.226841199999967], [106.76524850000004, -6.226870599999927], [106.76526420000005, -6.226895799999966], [106.76541370000007, -6.227026899999942], [106.76562040000005, -6.227084099999956], [106.76563310000006, -6.227087599999948], [106.76564160000004, -6.227091799999926], [106.76571540000003, -6.22712839999997], [106.765756, -6.227148599999964], [106.76592250000004, -6.227139299999976], [106.76608010000007, -6.227068599999939], [106.76615890000005, -6.226991899999973], [106.76614990000007, -6.226872299999968], [106.76608990000005, -6.226795599999946], [106.76614930000005, -6.226667299999974], [106.76613, -6.22626], [106.76614, -6.22607], [106.76617, -6.22601], [106.76632, -6.22596], [106.76662, -6.22588], [106.76677, -6.22579], [106.76694, -6.22558], [106.76703, -6.22541], [106.76704, -6.2253], [106.76699, -6.22518], [106.76698910000005, -6.225177799999926], [106.76673150000005, -6.224900299999945], [106.76657120000004, -6.224749599999939], [106.76644150000004, -6.22454879999998], [106.76632710000007, -6.224338499999931], [106.76624320000008, -6.224180699999977], [106.76612870000008, -6.22403769999994], [106.76580070000006, -6.223673799999972], [106.76563280000005, -6.223330099999941], [106.76555, -6.222980799999959], [106.76550050000009, -6.222982399999978], [106.76494720000005, -6.223052299999949], [106.76427990000008, -6.223136699999941], [106.76425190000003, -6.223140299999955], [106.76327530000003, -6.223085], [106.76250760000005, -6.223135799999966], [106.76250380000005, -6.223136], [106.76249710000008, -6.22313639999993], [106.76208510000004, -6.223147899999958], [106.76190470000006, -6.223138799999958], [106.76190290000005, -6.223138699999936], [106.76189230000006, -6.223138099999971], [106.76177190000004, -6.223132], [106.76161450000006, -6.22312409999995], [106.76160660000005, -6.223123699999974], [106.76160450000003, -6.223123599999951], [106.76160390000007, -6.223123599999951], [106.76159780000006, -6.223123899999962], [106.76158930000008, -6.223124399999961], [106.76151290000007, -6.22312839999995], [106.76130660000007, -6.223139199999935], [106.76130590000008, -6.223139199999935], [106.76094080000007, -6.223158399999932], [106.76083180000006, -6.223156], [106.76083, -6.223155899999938], [106.76037790000004, -6.223144499999933], [106.76036260000006, -6.223144499999933], [106.76032830000008, -6.223144499999933], [106.76028630000008, -6.223144499999933], [106.76026340000004, -6.223144499999933], [106.76021050000008, -6.223138899999981], [106.76021, -6.223138799999958], [106.76014140000007, -6.223146399999962], [106.76014080000004, -6.223146399999962], [106.76014430000004, -6.223143099999959], [106.75952170000005, -6.223135], [106.75928960000005, -6.223115399999926], [106.75898730000006, -6.223089799999968], [106.75898690000008, -6.223088599999926], [106.75892450000003, -6.223085399999945], [106.75892250000004, -6.22308529999998], [106.75886730000008, -6.223081599999944], [106.75881390000006, -6.223079699999971], [106.75881370000008, -6.223079699999971], [106.75866510000009, -6.223100699999975], [106.75858120000004, -6.22311209999998], [106.75855860000007, -6.223115099999973], [106.758507, -6.223122299999943], [106.75833830000005, -6.223145899999963], [106.75833720000008, -6.223145], [106.75832940000004, -6.223139099999969], [106.75832690000004, -6.22313719999994], [106.758207, -6.223046799999963], [106.75810810000007, -6.223045299999967], [106.75810660000008, -6.223045299999967], [106.75791390000006, -6.22304239999994], [106.75785260000004, -6.223041499999965], [106.75766160000006, -6.222975099999928], [106.75755120000008, -6.222936599999969], [106.75748230000005, -6.222934199999941], [106.75738790000008, -6.222930899999938], [106.75738540000003, -6.222931099999926], [106.757361, -6.222932899999932], [106.75736090000004, -6.222932899999932], [106.757295, -6.222934499999951], [106.75729180000008, -6.222934699999939], [106.75720020000006, -6.222942399999965], [106.75713660000008, -6.22294729999993], [106.75700520000004, -6.22295859999997], [106.75688030000003, -6.222967599999947], [106.75672720000006, -6.222978599999976], [106.75672710000003, -6.222978599999976], [106.75672640000005, -6.222978699999942], [106.75614190000005, -6.222972199999958], [106.75586890000005, -6.222969099999943], [106.75553320000006, -6.222967099999948], [106.75539210000005, -6.222965199999976], [106.75519750000007, -6.222963299999947], [106.75506780000006, -6.222961399999974], [106.75483890000004, -6.222959499999945], [106.75467490000005, -6.222957599999972], [106.75467330000004, -6.222957599999972], [106.75420570000006, -6.222953799999971], [106.75418280000008, -6.222932799999967], [106.75392850000009, -6.222951599999931], [106.75353430000007, -6.22294809999994], [106.75308420000005, -6.222944299999938], [106.75308140000004, -6.222944199999972], [106.75279650000004, -6.222941099999957], [106.752039, -6.222932799999967], [106.75196270000004, -6.222932799999967], [106.751482, -6.222929], [106.75122640000006, -6.22291759999996], [106.75074580000006, -6.222898499999928], [106.75073430000003, -6.222898499999928], [106.75070080000006, -6.222902199999965], [106.75070080000006, -6.222849499999938], [106.75070110000007, -6.222659199999953], [106.75046110000005, -6.222650699999974], [106.750461, -6.222650699999974], [106.750244, -6.222656099999938], [106.75024350000007, -6.222660799999971], [106.75024310000003, -6.22266419999994], [106.74969290000007, -6.222719199999972], [106.74949460000005, -6.22274589999995], [106.749052, -6.222805], [106.749052, -6.223068199999943], [106.74905070000005, -6.223068399999931], [106.74902920000005, -6.223070099999973], [106.74825480000004, -6.223148299999934], [106.74740790000004, -6.223003399999925], [106.74739270000003, -6.223003399999925], [106.74739270000003, -6.22302609999997], [106.74739190000008, -6.223026], [106.74731240000006, -6.223014599999942], [106.74722580000008, -6.223025299999961], [106.74668290000005, -6.223092599999973], [106.74570870000008, -6.223213299999941], [106.74505220000009, -6.22329469999994], [106.74497030000003, -6.223304799999937], [106.74481350000008, -6.223222399999941], [106.74440540000006, -6.223007899999971], [106.74397010000007, -6.223080099999947], [106.743708, -6.223123499999929], [106.74252320000005, -6.223266199999955], [106.74185050000006, -6.223322799999949], [106.74062820000006, -6.223425499999962], [106.74034380000006, -6.223449399999936], [106.73868660000005, -6.223588599999971], [106.73780050000005, -6.223663099999953], [106.73752130000008, -6.223686499999928], [106.73741330000007, -6.223606], [106.73741030000008, -6.22360649999996], [106.73737220000004, -6.223613199999932], [106.73731550000008, -6.223623099999941], [106.73731640000005, -6.223627299999976], [106.73735610000006, -6.22380789999994], [106.73761120000006, -6.224970199999973], [106.73763890000004, -6.225084799999934], [106.73766750000004, -6.225128499999926], [106.73767890000005, -6.225187799999958], [106.73777880000006, -6.225320299999964], [106.73897270000003, -6.225249899999937], [106.73962760000006, -6.225279], [106.73962280000006, -6.225438499999939], [106.73961350000008, -6.225902499999961], [106.73965620000007, -6.225933199999929], [106.739702, -6.225966099999937], [106.73967210000006, -6.226077499999974], [106.740303, -6.22610409999993], [106.74031510000003, -6.226198199999942], [106.74029970000004, -6.226198299999965], [106.74031290000005, -6.226271399999973], [106.74031330000008, -6.22640789999997], [106.74027680000006, -6.226893799999971], [106.74024050000008, -6.227467099999956], [106.74024760000009, -6.227467399999966], [106.74031770000005, -6.227469599999949], [106.74030740000006, -6.227635599999928], [106.74143560000005, -6.227731499999948], [106.74269430000004, -6.22719619999998], [106.74276890000004, -6.227231399999937], [106.74275990000007, -6.227269199999967], [106.74278280000004, -6.22727539999994], [106.74285150000009, -6.227306899999974], [106.743211, -6.22746589999997], [106.74325730000004, -6.22757729999995], [106.74321530000009, -6.228063199999951], [106.74313770000003, -6.228522], [106.74318440000008, -6.22861469999998], [106.74319810000009, -6.228641899999957], [106.74321380000004, -6.228642499999978], [106.74336310000007, -6.228820499999927], [106.744159, -6.22875149999993], [106.744337, -6.228910799999937], [106.74433910000005, -6.228959699999962], [106.74433520000008, -6.228958199999965], [106.74430180000007, -6.229173199999934], [106.74403860000007, -6.229583499999933], [106.74405050000007, -6.229587599999945], [106.74417020000004, -6.229628699999978], [106.74389930000007, -6.230478499999947], [106.74538780000006, -6.230721699999947], [106.74537640000005, -6.23083459999998], [106.74532870000007, -6.231271399999969], [106.74529410000008, -6.231459799999925], [106.74526440000005, -6.231621], [106.74519910000004, -6.231654], [106.74497040000006, -6.231763899999976], [106.74475270000005, -6.231917499999952], [106.74455640000008, -6.231950899999958], [106.74448470000004, -6.232000699999958], [106.74439860000007, -6.232060599999954], [106.74442930000004, -6.232289699999967], [106.74443890000003, -6.232313], [106.74443620000005, -6.232335699999965], [106.74446460000007, -6.232375099999956], [106.74447880000008, -6.232409699999948], [106.74457780000006, -6.232644099999959], [106.74465530000003, -6.23300409999996], [106.74465540000006, -6.233012199999962], [106.74466270000005, -6.233577199999957], [106.74460640000007, -6.233866699999965], [106.74457590000009, -6.233940899999936], [106.74448730000006, -6.234156399999961], [106.74429770000006, -6.234539199999972], [106.74410980000005, -6.235385099999974], [106.74391940000004, -6.236242299999958], [106.74403390000003, -6.23625329999993], [106.74403330000007, -6.236255699999958], [106.74406150000004, -6.236257799999976], [106.74402350000008, -6.236472399999968], [106.74501390000006, -6.236516299999948], [106.74610790000008, -6.236313499999937], [106.74681910000004, -6.236373], [106.74687110000008, -6.236377399999981], [106.74688510000004, -6.236378699999932], [106.746999, -6.236389599999939], [106.74701710000005, -6.23645259999995], [106.74740620000006, -6.238025199999981], [106.74753590000006, -6.238563099999965], [106.747864, -6.239277399999935], [106.74810810000008, -6.239732299999957], [106.74822250000005, -6.239913499999943], [106.74845910000005, -6.240353599999935], [106.74847430000005, -6.240399899999943], [106.74853530000007, -6.240535299999976], [106.74858880000005, -6.240682599999957], [106.74861160000006, -6.240953899999965], [106.74839640000005, -6.241280399999937], [106.748332, -6.241395399999931], [106.74823740000005, -6.241460699999948], [106.74799340000004, -6.241606199999978], [106.74774970000004, -6.241806699999927], [106.74764030000006, -6.241921899999966], [106.74754590000003, -6.242027099999973], [106.74746070000003, -6.242238599999951], [106.74742710000004, -6.242322], [106.74727310000009, -6.242507199999977], [106.74715920000006, -6.242782199999965], [106.74711540000004, -6.243111799999951], [106.747045, -6.243364699999972], [106.74700190000004, -6.243486599999926], [106.74699270000008, -6.243711299999973], [106.74699850000007, -6.243950899999959], [106.74695, -6.244360399999948], [106.74691790000008, -6.244621799999948], [106.74684930000006, -6.244831099999942], [106.74681950000007, -6.245029399999964], [106.74681870000006, -6.245034699999962], [106.74681390000006, -6.245267699999943], [106.74681110000006, -6.245399], [106.746811, -6.245400299999972], [106.74680350000006, -6.245541599999967], [106.74675010000004, -6.246213399999931], [106.74667320000003, -6.246667699999932], [106.74667940000006, -6.247205199999939], [106.74678090000003, -6.247286799999927], [106.74698920000009, -6.247688099999948], [106.74706270000007, -6.247834], [106.74708780000009, -6.247972299999958], [106.74717250000003, -6.248293399999966], [106.74716840000008, -6.248543099999949], [106.74717960000004, -6.248587199999974], [106.74723590000008, -6.248661899999945], [106.74724830000008, -6.248747099999946], [106.74724790000005, -6.248748], [106.74731390000005, -6.248797199999956], [106.74751380000004, -6.248901299999943], [106.74779860000007, -6.249030199999936], [106.74780060000006, -6.249032], [106.74796870000006, -6.249179399999946], [106.74813410000007, -6.24943339999993], [106.74815340000004, -6.249611899999934], [106.74815390000003, -6.249616199999934], [106.74813860000006, -6.249805499999979], [106.74811370000003, -6.249899099999936], [106.74808610000008, -6.250002699999925], [106.74806650000005, -6.250087599999972], [106.74819120000006, -6.250097199999971], [106.748296, -6.25009689999996], [106.74860030000008, -6.250085899999931], [106.74879480000004, -6.250080199999957], [106.74897440000007, -6.25008459999998], [106.749114, -6.25006419999994], [106.74997210000004, -6.250051299999939], [106.75009680000005, -6.25005589999995], [106.750461, -6.250049699999977], [106.75088520000008, -6.250038699999948], [106.75112440000004, -6.250032499999975], [106.75130380000007, -6.249987], [106.75160320000003, -6.249986], [106.75178730000005, -6.249973599999976], [106.75178620000008, -6.25002539999997], [106.75180370000004, -6.250582799999961], [106.75179290000005, -6.250737599999979], [106.75178120000004, -6.250904799999944], [106.75182970000009, -6.251037699999927], [106.75195260000004, -6.251110899999958], [106.75218540000009, -6.251073299999973], [106.75227190000004, -6.251192099999969], [106.75227230000007, -6.251309], [106.75222760000008, -6.251553699999931], [106.75217760000004, -6.251828], [106.75217630000009, -6.251834799999926], [106.75213560000009, -6.252057799999932], [106.752119, -6.25228409999994], [106.75244560000004, -6.252276499999937], [106.75255370000008, -6.252273899999977], [106.75279740000008, -6.252334], [106.75295470000003, -6.252551], [106.75305960000009, -6.252733399999954], [106.75315570000004, -6.252872299999979], [106.75347640000007, -6.253069], [106.75349080000007, -6.253066699999977], [106.75350270000007, -6.253074899999945], [106.75356390000007, -6.253125599999976], [106.753609, -6.253163], [106.75366430000008, -6.253214899999932], [106.75383740000007, -6.253347799999972], [106.753877, -6.253457599999933], [106.75398020000006, -6.253810599999952], [106.75409860000008, -6.254030099999966], [106.75424010000006, -6.254116], [106.75423790000008, -6.254142399999978], [106.75417970000007, -6.254822899999965], [106.75417320000008, -6.255231199999969], [106.75400880000007, -6.255326], [106.75393060000005, -6.255428299999949], [106.75444880000003, -6.255513], [106.75464510000006, -6.255559399999981], [106.75467690000005, -6.255677099999957], [106.75470870000004, -6.255794799999933], [106.75441840000008, -6.25581139999997], [106.75427980000006, -6.255814799999939], [106.75396340000009, -6.255822399999943], [106.75366520000006, -6.255829699999936], [106.75357150000008, -6.25596349999995], [106.75351680000006, -6.25605], [106.75351690000008, -6.256062499999928], [106.75351790000008, -6.256185], [106.753518, -6.256185099999925], [106.75351740000008, -6.256185099999925], [106.75357550000007, -6.256367], [106.75369370000004, -6.256623599999955], [106.75367680000005, -6.256618599999968], [106.75375350000007, -6.256753899999978], [106.75375460000004, -6.256755899999973], [106.75389640000009, -6.256928199999948], [106.75403750000004, -6.25707639999996], [106.75411250000008, -6.257284299999981], [106.754232, -6.257462399999952], [106.75425380000007, -6.257494899999926], [106.75427440000004, -6.257525599999951], [106.75441130000007, -6.257729499999925], [106.75447750000006, -6.258449799999937], [106.75443360000008, -6.259072699999933], [106.75437440000007, -6.259840699999927], [106.75437390000008, -6.259847], [106.75278010000005, -6.259826299999929], [106.75269040000006, -6.259810899999934], [106.75268950000009, -6.259809599999926], [106.75268780000005, -6.259810499999958], [106.75267760000008, -6.259808699999951], [106.75257230000005, -6.259790599999974], [106.75235950000007, -6.259796499999936], [106.75220890000008, -6.25989919999995], [106.75218340000004, -6.25991659999994], [106.75195580000008, -6.260156299999949], [106.75173970000009, -6.260342599999944], [106.75157180000008, -6.260545299999933], [106.75151450000004, -6.260621599999979], [106.75139640000003, -6.260778899999934], [106.75132770000005, -6.261066899999946], [106.75138880000009, -6.261102199999925], [106.75151080000006, -6.261232899999925], [106.75147270000008, -6.261469799999929], [106.75143450000007, -6.261684399999979], [106.751465, -6.261748799999964], [106.75157950000005, -6.261788899999942], [106.751877, -6.261874199999966], [106.75203720000007, -6.261923299999978], [106.75217460000005, -6.261966299999926], [106.75227380000007, -6.261993399999938], [106.75278490000005, -6.262136], [106.75293310000006, -6.262137499999938], [106.75305260000005, -6.262163], [106.75339550000007, -6.262229399999967], [106.75364470000005, -6.262228599999958], [106.75382090000005, -6.262155299999961], [106.75398160000009, -6.262082], [106.754277, -6.26192], [106.75437570000008, -6.261956], [106.75447960000008, -6.261966099999938], [106.75461980000006, -6.26196559999994], [106.75505580000004, -6.261969299999976], [106.75531530000006, -6.261926899999935], [106.75548640000005, -6.261869199999978], [106.75562120000006, -6.261806399999955], [106.755842, -6.261716199999967], [106.75586480000004, -6.261706899999979], [106.75608760000006, -6.261565899999937], [106.75631050000004, -6.261482], [106.75631280000005, -6.261501], [106.756325, -6.2616], [106.75646970000008, -6.262258499999973], [106.75648520000004, -6.262328699999955], [106.75652330000008, -6.262475], [106.75629450000008, -6.262526], [106.75601980000005, -6.262558899999931], [106.75584430000004, -6.26257709999993], [106.755646, -6.262661], [106.75553920000004, -6.262784], [106.75547050000006, -6.262910399999953], [106.75534080000006, -6.262999499999978], [106.754944, -6.263455], [106.75474880000007, -6.263575299999957], [106.75397250000009, -6.26336], [106.75396460000007, -6.263354299999946], [106.75353450000006, -6.263288099999954], [106.75389520000004, -6.263990299999932], [106.75365890000006, -6.26418289999998], [106.75345630000004, -6.264288399999941], [106.75310540000004, -6.264322799999945], [106.75293750000009, -6.26434949999998], [106.75273920000006, -6.264430499999946], [106.75252550000005, -6.26458219999995], [106.75245750000005, -6.264694599999928], [106.75242630000008, -6.264917799999978], [106.75246450000009, -6.265057099999979], [106.75264760000005, -6.265389899999946], [106.75270860000006, -6.265519], [106.75273950000008, -6.265709099999981], [106.75267510000003, -6.265864299999976], [106.75261080000007, -6.266115499999955], [106.75251080000004, -6.266272699999945], [106.75250610000006, -6.266275499999949], [106.75250450000004, -6.266278], [106.75249810000008, -6.266288299999928], [106.75267190000005, -6.266387499999951], [106.75260590000005, -6.266645099999948], [106.75261490000008, -6.266971299999966], [106.75261080000007, -6.266981199999975], [106.75261050000006, -6.266985599999941], [106.752585, -6.267381199999932], [106.75265580000007, -6.267726799999934], [106.752527, -6.26782929999996], [106.75237250000004, -6.268011699999931], [106.75226630000009, -6.268341299999975], [106.75296810000003, -6.269010199999968], [106.75301320000005, -6.269032599999946], [106.75301420000005, -6.269033899999954], [106.75293250000004, -6.269135199999937], [106.75266630000004, -6.269410599999958], [106.75227040000004, -6.26982019999997], [106.75222030000003, -6.26987029999998], [106.75196860000005, -6.270126299999959], [106.751816, -6.270287499999938], [106.75128960000006, -6.270830199999978], [106.75077840000006, -6.271350899999959], [106.75077880000003, -6.27135119999997], [106.75056, -6.27157], [106.7503, -6.27184], [106.75029880000005, -6.271841199999926], [106.75030830000009, -6.271850299999926], [106.75030240000007, -6.271856399999933], [106.75061910000005, -6.272164299999929], [106.75070220000003, -6.272319099999947], [106.75073420000007, -6.272392799999977], [106.75113570000008, -6.272364099999947], [106.75148590000003, -6.27276779999994], [106.75149380000005, -6.272777399999939], [106.75149570000008, -6.272801], [106.75149560000006, -6.272806199999934], [106.75157180000008, -6.274201399999981], [106.75158710000005, -6.274566199999981], [106.75205250000005, -6.274558099999979], [106.75293750000009, -6.274499399999968], [106.75310540000004, -6.274488899999938], [106.75323510000004, -6.27448279999993], [106.75389880000006, -6.27447849999993], [106.75431080000004, -6.274480799999935], [106.75456260000004, -6.274468399999932], [106.75490590000004, -6.274443199999951], [106.75508140000005, -6.274438399999951], [106.75514240000007, -6.274430299999949], [106.75585960000006, -6.274357299999963], [106.75630970000009, -6.274365], [106.75648520000004, -6.274385], [106.756592, -6.27438589999997], [106.75671410000007, -6.274380199999939], [106.75686620000005, -6.274262199999953], [106.75696380000005, -6.274247399999979], [106.75713760000008, -6.274891099999934], [106.757183, -6.275782], [106.75715660000009, -6.275848399999973], [106.75715660000009, -6.276075399999968], [106.757198, -6.276273899999978], [106.75719040000007, -6.277839799999981], [106.75721810000005, -6.277843], [106.75829240000007, -6.277965], [106.75979520000004, -6.278160299999968], [106.76033810000007, -6.277915199999939], [106.76063830000004, -6.277868199999943], [106.76171120000004, -6.277824599999974], [106.76189610000006, -6.277838799999927], [106.76218760000006, -6.277861], [106.76221250000003, -6.277862899999946], [106.76218040000003, -6.278039099999944], [106.762108, -6.278606899999943], [106.76210040000007, -6.278677499999958], [106.76205250000004, -6.278971599999977], [106.76199360000004, -6.279332699999941], [106.76197830000007, -6.279424199999937], [106.76188680000007, -6.279848099999981], [106.76186780000006, -6.279981199999952], [106.76185630000003, -6.280061699999976], [106.76184860000006, -6.280115599999931], [106.76181050000008, -6.280277299999966], [106.76165040000006, -6.281068299999959], [106.76155320000004, -6.281427599999972], [106.76125780000007, -6.282520099999942], [106.76115260000006, -6.282909299999972], [106.761111, -6.283032], [106.761106, -6.283047699999941], [106.76095150000003, -6.283536899999945], [106.76080810000008, -6.283990899999935], [106.76070830000003, -6.284307099999978], [106.76063690000007, -6.284618599999931], [106.76052520000007, -6.285105699999974], [106.760488, -6.285198699999967], [106.76043820000007, -6.285322899999926], [106.76021220000007, -6.286098299999935], [106.76020850000003, -6.286108599999977], [106.76010290000005, -6.286402599999974], [106.76010980000007, -6.28640489999998], [106.76025150000004, -6.286453199999926], [106.76025460000005, -6.286442799999975], [106.76164110000008, -6.286815599999954], [106.76174310000005, -6.286591], [106.76184910000006, -6.286596199999963], [106.76184790000008, -6.286600499999963], [106.76235660000003, -6.286643799999979], [106.762339, -6.286918699999944], [106.76293350000009, -6.286850799999968], [106.76295090000008, -6.286871899999937], [106.76305240000005, -6.287882799999977], [106.76305880000007, -6.288121399999966], [106.76305430000008, -6.288145799999938], [106.76306860000005, -6.288749399999972], [106.763451, -6.288766899999928], [106.76345820000006, -6.288764299999968], [106.76345930000008, -6.288763899999935], [106.76591060000004, -6.288837099999967], [106.76595760000004, -6.288954099999955], [106.76597530000004, -6.28925229999993], [106.76597980000008, -6.289523899999949], [106.76636240000005, -6.289523899999949], [106.76654210000004, -6.290288399999952]]] 
      }
    }
  ]
}