{
  "type": "FeatureCollection",
  "name": "map",
  "crs": {
    "type": "name",
    "properties": {
      "name": "urn:ogc:def:crs:OGC:1.3:CRS84"
    }
  },
  "features": [
    {
      "type": "Feature",
      "properties": {
        "district_id": "3174010",
        "province": "DKI Jakarta",
        "regency": "Jakarta Barat",
        "district": "Kembangan",
        "pria": 0,
        "wanita": 0,
        "total_penduduk": 0
      },
      "geometry": {
        "type": "Polygon",
        "coordinates": [[[106.76014430000004, -6.223143099999959], [106.76014080000004, -6.223146399999962], [106.76014140000007, -6.223146399999962], [106.76021, -6.223138799999958], [106.76021050000008, -6.223138899999981], [106.76026340000004, -6.223144499999933], [106.76028630000008, -6.223144499999933], [106.76032830000008, -6.223144499999933], [106.76036260000006, -6.223144499999933], [106.76037790000004, -6.223144499999933], [106.76083, -6.223155899999938], [106.76083180000006, -6.223156], [106.76094080000007, -6.223158399999932], [106.76130590000008, -6.223139199999935], [106.76130660000007, -6.223139199999935], [106.76151290000007, -6.22312839999995], [106.76158930000008, -6.223124399999961], [106.76159780000006, -6.223123899999962], [106.76160390000007, -6.223123599999951], [106.76160450000003, -6.223123599999951], [106.76160660000005, -6.223123699999974], [106.76161450000006, -6.22312409999995], [106.76177190000004, -6.223132], [106.76189230000006, -6.223138099999971], [106.76190290000005, -6.223138699999936], [106.76190470000006, -6.223138799999958], [106.76208510000004, -6.223147899999958], [106.76249710000008, -6.22313639999993], [106.76250380000005, -6.223136], [106.76250760000005, -6.223135799999966], [106.76327530000003, -6.223085], [106.76425190000003, -6.223140299999955], [106.76427990000008, -6.223136699999941], [106.76494720000005, -6.223052299999949], [106.76550050000009, -6.222982399999978], [106.76555, -6.222980799999959], [106.76554890000006, -6.222976199999948], [106.765548, -6.22289109999997], [106.76555, -6.22289139999998], [106.76555, -6.22288], [106.7656, -6.22279], [106.76587, -6.22266], [106.76594, -6.22259], [106.76597, -6.2225], [106.76595, -6.22244], [106.76585090000003, -6.222383299999933], [106.76584920000005, -6.222382399999958], [106.76576740000007, -6.222335699999974], [106.76574, -6.22232], [106.76547, -6.22221], [106.76537, -6.22215], [106.76533, -6.22209], [106.76535, -6.22201], [106.76552, -6.22191], [106.76559, -6.22186], [106.76562, -6.22179], [106.76547, -6.2216], [106.76531, -6.2214], [106.76526, -6.2213], [106.76527, -6.22112], [106.7653, -6.22095], [106.76526, -6.22072], [106.76521, -6.22056], [106.76543, -6.22039], [106.76552, -6.22033], [106.76553, -6.21994], [106.7655, -6.21972], [106.76532, -6.21929], [106.76522, -6.21914], [106.76512, -6.219], [106.76507, -6.21886], [106.76508, -6.21879], [106.76529, -6.21868], [106.76541, -6.21857], [106.76534, -6.21837], [106.76511, -6.21818], [106.76495, -6.21803], [106.76485, -6.21792], [106.76474, -6.21776], [106.76467, -6.21768], [106.76456, -6.21742], [106.76437, -6.21701], [106.76433, -6.21695], [106.7643, -6.2169], [106.76421, -6.21684], [106.76386, -6.21678], [106.76371, -6.21674], [106.76356, -6.21653], [106.76347, -6.21629], [106.76345, -6.21608], [106.76343, -6.21595], [106.76336, -6.21588], [106.76327, -6.21585], [106.76314, -6.21592], [106.76296, -6.21607], [106.76283, -6.2162], [106.76277, -6.21616], [106.76273, -6.21606], [106.76274, -6.21575], [106.76275, -6.21522], [106.76274, -6.21495], [106.76277, -6.21486], [106.76286, -6.21478], [106.76332, -6.21467], [106.7634, -6.21464], [106.76358, -6.21463], [106.76412, -6.21466], [106.76419, -6.21466], [106.76441, -6.21445], [106.76447, -6.21436], [106.76434, -6.21378], [106.76431, -6.21365], [106.76459, -6.21357], [106.76485, -6.21342], [106.76517, -6.21311], [106.76566, -6.21247], [106.76585, -6.21219], [106.76613, -6.21155], [106.7662, -6.21135], [106.76624, -6.21096], [106.76624, -6.21073], [106.76618, -6.21053], [106.76578, -6.20989], [106.76555, -6.20925], [106.7654, -6.20913], [106.76524, -6.20906], [106.7651, -6.20906], [106.76483, -6.20912], [106.76473, -6.2091], [106.7647, -6.20896], [106.76481, -6.20865], [106.76482, -6.20815], [106.76482, -6.20794], [106.76496, -6.20768], [106.76507, -6.20752], [106.76511, -6.20741], [106.76511, -6.20732], [106.76496, -6.2072], [106.76483, -6.20713], [106.76467, -6.20704], [106.76452, -6.20692], [106.76443, -6.20681], [106.76441, -6.20644], [106.76438, -6.20634], [106.76432, -6.20628], [106.76414, -6.20625], [106.76383, -6.20624], [106.76342, -6.20611], [106.76334, -6.20606], [106.76339, -6.20594], [106.76351, -6.20588], [106.76376, -6.20589], [106.76396, -6.20593], [106.76407, -6.20589], [106.76413, -6.20578], [106.76416, -6.20555], [106.76414, -6.20536], [106.7641, -6.20526], [106.76398, -6.20519], [106.76378, -6.20513], [106.76368, -6.2051], [106.76361, -6.20503], [106.7636, -6.20493], [106.76363, -6.20483], [106.76379, -6.20465], [106.76413, -6.20443], [106.76425, -6.20435], [106.76434, -6.20423], [106.76438, -6.20401], [106.76437, -6.20373], [106.76437, -6.20291], [106.76436, -6.2028], [106.76428, -6.2027], [106.76412, -6.20265], [106.76393, -6.2026], [106.763919, -6.202446], [106.7639, -6.20218], [106.7639, -6.20193], [106.76384, -6.20168], [106.76378, -6.20149], [106.76375, -6.20134], [106.76364, -6.20126], [106.76344, -6.20114], [106.76331, -6.20102], [106.76322, -6.20083], [106.76319, -6.19944], [106.76319, -6.19928], [106.76308, -6.19913], [106.76297, -6.19899], [106.7629, -6.19876], [106.76285, -6.19833], [106.76285, -6.19815], [106.76279, -6.19793], [106.76264, -6.19767], [106.76244, -6.19716], [106.7624, -6.19709], [106.76226, -6.19705], [106.76212, -6.19705], [106.76203, -6.197], [106.76196, -6.1967], [106.76195, -6.19655], [106.76189, -6.19643], [106.76171, -6.19628], [106.76157, -6.19623], [106.76143, -6.19623], [106.76124, -6.19631], [106.76088, -6.19682], [106.76081, -6.19691], [106.76072, -6.19695], [106.76052, -6.1968], [106.76037, -6.19662], [106.76026, -6.19642], [106.76011, -6.19633], [106.76001, -6.19625], [106.75994, -6.19613], [106.75986, -6.19558], [106.7598, -6.19545], [106.75957, -6.19522], [106.75869, -6.19449], [106.7585, -6.19431], [106.75833, -6.19414], [106.75805, -6.19384], [106.75789, -6.19373], [106.75777, -6.19366], [106.75769, -6.19354], [106.75766, -6.19329], [106.75762, -6.19314], [106.75755, -6.19307], [106.75737, -6.19304], [106.75715, -6.19306], [106.75696, -6.19309], [106.75704, -6.19271], [106.75708, -6.19252], [106.75708, -6.19245], [106.75691, -6.19244], [106.75685, -6.19244], [106.75684, -6.19196], [106.75706, -6.19098], [106.75708, -6.19064], [106.7571, -6.19042], [106.75711380000007, -6.190346399999953], [106.75713, -6.19026], [106.75749, -6.19011], [106.75753030000004, -6.190069699999981], [106.75754640000008, -6.190064499999949], [106.75757060000007, -6.190038899999934], [106.75766150000004, -6.189943], [106.75766390000007, -6.189936099999954], [106.7578, -6.1898], [106.75784210000006, -6.189764899999943], [106.75792, -6.1897], [106.75799, -6.18968], [106.75807, -6.18974], [106.75816150000009, -6.189873], [106.75818, -6.1899], [106.75818970000006, -6.18990649999995], [106.75827, -6.18996], [106.75837, -6.18993], [106.75853, -6.18979], [106.75862, -6.18961], [106.75864, -6.1895], [106.75862, -6.189372799999944], [106.75861650000007, -6.189350899999965], [106.758555, -6.189289699999961], [106.75853020000005, -6.189091399999938], [106.75852, -6.18901], [106.75849, -6.18891], [106.75844680000006, -6.188866799999971], [106.75844420000004, -6.188812], [106.75832870000005, -6.188795899999946], [106.75823540000005, -6.188862299999926], [106.75821230000008, -6.188878399999965], [106.75816410000004, -6.188912], [106.75805, -6.18893], [106.75790570000004, -6.188747199999966], [106.7579, -6.18874], [106.75784, -6.18859], [106.75786, -6.1884], [106.75810890000008, -6.187713499999973], [106.75815, -6.1876], [106.75826, -6.18731], [106.75828, -6.18715], [106.75826, -6.18703], [106.75817, -6.18694], [106.75808, -6.18692], [106.75798, -6.18695], [106.75764780000009, -6.187350599999945], [106.75763090000004, -6.187345099999959], [106.75753750000007, -6.187372899999957], [106.75745510000007, -6.187406199999941], [106.75742250000008, -6.187439099999949], [106.75736740000008, -6.18749459999998], [106.757285, -6.187538899999936], [106.75717, -6.18753], [106.75702940000008, -6.187125599999945], [106.75701, -6.18707], [106.75690070000007, -6.186866499999951], [106.756881, -6.186769599999934], [106.75683940000005, -6.18670149999997], [106.756787, -6.18661579999997], [106.75674690000005, -6.18658019999998], [106.75672, -6.18653], [106.75667, -6.18639], [106.75667, -6.18621], [106.756699, -6.18612289999993], [106.75674890000005, -6.185973199999978], [106.75676, -6.18594], [106.75682, -6.1858], [106.75684, -6.18566], [106.756776, -6.185550699999965], [106.75676860000004, -6.185515199999941], [106.75676310000006, -6.185488599999928], [106.75675580000006, -6.185453799999948], [106.75674730000009, -6.185413], [106.7566, -6.18525], [106.75648250000006, -6.185148199999958], [106.75646860000006, -6.185136199999931], [106.75641320000005, -6.185004299999946], [106.75642820000007, -6.18493159999997], [106.75642810000005, -6.184878499999968], [106.75642780000004, -6.184799199999929], [106.75642770000007, -6.184767399999942], [106.75641550000006, -6.184674299999926], [106.75639, -6.184480299999962], [106.75638690000005, -6.18447939999993], [106.75622060000006, -6.184429299999977], [106.75613740000006, -6.184410899999932], [106.75597620000008, -6.18437659999995], [106.75579510000006, -6.184338], [106.75490940000009, -6.184098799999958], [106.75467990000004, -6.184226399999943], [106.754688, -6.184327499999938], [106.754689, -6.184340299999974], [106.75468050000006, -6.184337099999937], [106.75412390000008, -6.184597399999973], [106.75402710000009, -6.184507199999928], [106.75391040000005, -6.18442779999998], [106.75374290000008, -6.184287899999958], [106.75362060000003, -6.184167899999977], [106.75333850000004, -6.184018199999969], [106.75329610000006, -6.183990799999947], [106.75322480000005, -6.183944899999972], [106.75309970000006, -6.183849799999962], [106.75303710000009, -6.183800699999949], [106.752947, -6.183730099999934], [106.75279120000005, -6.183608799999945], [106.75265690000003, -6.183525499999973], [106.75252530000006, -6.183444], [106.75220640000003, -6.183208799999932], [106.75206230000003, -6.183096299999931], [106.75199020000008, -6.182993799999963], [106.75197080000004, -6.182968199999948], [106.75189740000008, -6.182870899999955], [106.75182510000008, -6.182737599999939], [106.75180310000007, -6.182686499999932], [106.75176440000007, -6.182626], [106.75170980000007, -6.182540399999937], [106.75170670000006, -6.182535499999972], [106.75146270000005, -6.182051099999967], [106.751325, -6.181825799999956], [106.75125290000005, -6.181745499999977], [106.751106, -6.181654299999934], [106.75096610000008, -6.181567399999949], [106.75091160000005, -6.181533399999978], [106.75090870000008, -6.181531799999959], [106.750805, -6.181477599999937], [106.75063550000004, -6.181388799999979], [106.75048950000007, -6.181260099999974], [106.750427, -6.181183899999951], [106.750275, -6.181018699999981], [106.75019630000008, -6.180933], [106.75015070000006, -6.180849799999976], [106.75003160000006, -6.180686899999955], [106.74996050000004, -6.180555199999958], [106.74990030000004, -6.180502], [106.74989280000005, -6.180495399999927], [106.74985, -6.18042], [106.74981410000004, -6.180380599999978], [106.749997, -6.180281099999945], [106.75016430000005, -6.180190099999948], [106.75035010000005, -6.180088299999966], [106.75037380000003, -6.180075399999964], [106.75028850000007, -6.17988639999993], [106.75027120000004, -6.179848099999958], [106.75029170000005, -6.179826], [106.75036460000007, -6.17974739999994], [106.75042180000008, -6.179642699999931], [106.75042950000005, -6.179297199999951], [106.75049980000006, -6.179128699999978], [106.75054420000004, -6.179060199999981], [106.75063570000003, -6.178837199999975], [106.750694, -6.178670099999977], [106.75082310000005, -6.178300099999944], [106.75083790000008, -6.178280099999938], [106.75112660000008, -6.177888899999971], [106.75115180000006, -6.177746799999966], [106.75122940000006, -6.177629399999944], [106.75119540000009, -6.177440499999932], [106.75117530000006, -6.177328499999931], [106.75102440000006, -6.177178399999946], [106.75089940000004, -6.177237199999979], [106.75075670000007, -6.177280099999962], [106.75053060000005, -6.177485099999956], [106.75045890000007, -6.177481399999976], [106.75045850000004, -6.177481], [106.75040270000005, -6.177440699999977], [106.75030950000007, -6.177373399999965], [106.75026380000008, -6.177340299999969], [106.75006050000007, -6.177420699999971], [106.749969, -6.177384399999937], [106.749785, -6.177408299999968], [106.74979460000009, -6.177187099999969], [106.74976610000004, -6.177146299999947], [106.74964170000004, -6.176968199999976], [106.74969910000004, -6.176799099999926], [106.74972520000006, -6.176722199999972], [106.74964140000009, -6.176456599999938], [106.74956990000004, -6.17625309999994], [106.74939230000007, -6.176085399999977], [106.74938980000007, -6.176065], [106.74937590000008, -6.176054], [106.749364, -6.176006799999925], [106.74932030000008, -6.175834299999963], [106.74930140000004, -6.175759699999958], [106.74934930000006, -6.175648899999942], [106.74941440000003, -6.175498399999981], [106.74953640000007, -6.175216099999943], [106.74962470000008, -6.175011799999936], [106.74958790000005, -6.174860499999966], [106.74956290000006, -6.174757599999964], [106.74949690000005, -6.174486299999955], [106.74956890000004, -6.174012799999957], [106.74968090000004, -6.173746599999959], [106.74979450000006, -6.173722199999929], [106.74976, -6.17366], [106.74971, -6.17348], [106.74968550000006, -6.173426099999972], [106.74966, -6.17337], [106.74956, -6.17324], [106.74948790000008, -6.173139], [106.74946, -6.1731], [106.74943, -6.17302], [106.74937, -6.17285], [106.7496, -6.17269], [106.74988, -6.17238], [106.75, -6.17226], [106.75014, -6.17217], [106.7502, -6.17209], [106.75023, -6.17201], [106.75022, -6.17173], [106.7503, -6.17154], [106.75045, -6.17138], [106.75063, -6.17129], [106.75078, -6.17122], [106.75099, -6.17097], [106.75097, -6.1709], [106.75084, -6.17058], [106.75088, -6.17051], [106.75099, -6.17045], [106.75108, -6.17045], [106.75116, -6.17044], [106.75132, -6.17041], [106.75155, -6.1703], [106.75175, -6.17022], [106.75184, -6.17016], [106.75194, -6.16997], [106.75205, -6.16979], [106.75215, -6.16961], [106.75219, -6.16943], [106.75218, -6.16918], [106.75212, -6.16908], [106.75195, -6.16896], [106.75186, -6.16889], [106.75164, -6.16871], [106.7518, -6.16852], [106.7519, -6.1685], [106.75248, -6.16845], [106.75256, -6.16841], [106.75267, -6.16837], [106.75281, -6.16827], [106.75286, -6.16818], [106.75286, -6.16808], [106.75288, -6.16781], [106.75303, -6.16762], [106.7531, -6.16762], [106.75324, -6.16768], [106.75344, -6.16775], [106.75351, -6.1677], [106.75355, -6.16759], [106.75354, -6.16735], [106.75365, -6.16709], [106.75374, -6.16708], [106.7538, -6.16704], [106.75383, -6.16691], [106.75388, -6.16681], [106.75399, -6.1667], [106.75439, -6.16641], [106.75493, -6.16606], [106.75501, -6.16574], [106.75507, -6.16564], [106.75524, -6.16564], [106.75566, -6.16562], [106.75585, -6.16557], [106.756, -6.16547], [106.75634, -6.16513], [106.75667, -6.16477], [106.75673, -6.16461], [106.75675, -6.1644], [106.75676, -6.16395], [106.75677, -6.1637], [106.75694, -6.1628], [106.75697, -6.16249], [106.75701, -6.16227], [106.75713, -6.16203], [106.75725, -6.16197], [106.75736, -6.16197], [106.75778, -6.16199], [106.75786, -6.16193], [106.75792, -6.1618], [106.75791, -6.16167], [106.75783, -6.16098], [106.75789, -6.16066], [106.75799, -6.16055], [106.75891, -6.15973], [106.75937, -6.15919], [106.75926620000007, -6.159172699999942], [106.75919, -6.15916], [106.75795, -6.1589], [106.75752, -6.15882], [106.75708, -6.15872], [106.75653, -6.15861], [106.75615, -6.15853], [106.7559, -6.15848], [106.75576, -6.15845], [106.75561, -6.15842], [106.7548, -6.15826], [106.7544, -6.15817], [106.7542, -6.15813], [106.75341, -6.15801], [106.75296, -6.15796], [106.75141, -6.15801], [106.75, -6.15792], [106.74785, -6.15797], [106.74773, -6.15804], [106.7477, -6.15822], [106.74767, -6.15865], [106.74761, -6.1591], [106.74757, -6.1594], [106.74756, -6.15967], [106.74753, -6.15989], [106.74754, -6.16006], [106.74757, -6.1603], [106.74759, -6.16058], [106.74764, -6.16083], [106.74776, -6.16125], [106.74783, -6.1616], [106.74796, -6.16214], [106.74803, -6.16246], [106.7481, -6.16272], [106.74836, -6.16374], [106.74847, -6.1642], [106.74856, -6.16458], [106.74867, -6.16494], [106.74873, -6.16524], [106.74877, -6.16557], [106.74875, -6.1657], [106.74857, -6.16577], [106.74836, -6.16575], [106.74815, -6.16571], [106.74782, -6.16553], [106.74754, -6.16534], [106.74748, -6.1653], [106.7474, -6.16529], [106.74726, -6.16534], [106.74707, -6.16539], [106.747, -6.16538], [106.74694, -6.16533], [106.74688, -6.16519], [106.74682, -6.16506], [106.74675, -6.16502], [106.74668, -6.16502], [106.7466, -6.16504], [106.74651, -6.16511], [106.74646, -6.16519], [106.74645, -6.16525], [106.74644, -6.16534], [106.74645, -6.1654], [106.74648, -6.16549], [106.74658, -6.16559], [106.7467, -6.16573], [106.74672, -6.16582], [106.74669, -6.16588], [106.74654, -6.16596], [106.74637, -6.16603], [106.74622, -6.16609], [106.74607, -6.16593], [106.74589, -6.16573], [106.7458, -6.16567], [106.74573, -6.16568], [106.74565, -6.16578], [106.74561, -6.1659], [106.74565, -6.16609], [106.74568, -6.16622], [106.74566, -6.16631], [106.74552, -6.16644], [106.7454, -6.1665], [106.74524, -6.16651], [106.74502, -6.16643], [106.74492, -6.16639], [106.74462, -6.16664], [106.74453, -6.1667], [106.74436, -6.16669], [106.74415, -6.16653], [106.74408, -6.16636], [106.74408, -6.16615], [106.74409, -6.16604], [106.74405, -6.16597], [106.74395, -6.16595], [106.74385, -6.16602], [106.74379, -6.16636], [106.74377, -6.16649], [106.74333, -6.16654], [106.7431, -6.16655], [106.74288, -6.16649], [106.74274, -6.16646], [106.74259, -6.16649], [106.7425, -6.16656], [106.74173, -6.1673], [106.74167, -6.16739], [106.74172, -6.16755], [106.74175, -6.16769], [106.74175, -6.16789], [106.74168, -6.168], [106.74159, -6.16809], [106.74139, -6.16812], [106.74129, -6.1681], [106.74121, -6.16806], [106.74119, -6.16793], [106.74119, -6.16782], [106.74113, -6.16775], [106.74084, -6.16768], [106.74061, -6.16757], [106.74053, -6.16754], [106.74044, -6.16757], [106.74035, -6.16771], [106.74031, -6.16784], [106.74034, -6.16796], [106.74043, -6.16815], [106.74048, -6.16819], [106.74046, -6.16841], [106.74041, -6.16857], [106.74035, -6.16862], [106.74027, -6.16864], [106.74013, -6.16858], [106.74004, -6.1685], [106.74003, -6.16816], [106.74002, -6.16808], [106.73997, -6.16802], [106.73972, -6.16821], [106.73966, -6.16825], [106.7396, -6.16822], [106.73959, -6.16813], [106.7396, -6.16802], [106.73957, -6.16796], [106.73951, -6.16792], [106.73942, -6.16795], [106.73934, -6.16803], [106.73927, -6.16819], [106.73935, -6.16843], [106.7394, -6.16864], [106.73937, -6.1687], [106.73924, -6.16874], [106.73912, -6.16874], [106.73904, -6.1688], [106.739, -6.16925], [106.73897, -6.16952], [106.73893, -6.16964], [106.7388, -6.16976], [106.73871, -6.16979], [106.7386, -6.16979], [106.73853, -6.16975], [106.73857, -6.16914], [106.73857, -6.16904], [106.73845, -6.16888], [106.73828, -6.16875], [106.73812, -6.1687], [106.738, -6.1687], [106.73791, -6.16876], [106.73781, -6.16899], [106.73773, -6.16934], [106.73773, -6.16958], [106.73775, -6.16967], [106.73808, -6.16983], [106.7382, -6.1699], [106.73829, -6.17003], [106.73833, -6.17019], [106.73833, -6.17032], [106.73825, -6.17055], [106.7382, -6.17063], [106.73809, -6.17066], [106.738, -6.17065], [106.73785, -6.17054], [106.73779, -6.17045], [106.73779, -6.17022], [106.73781, -6.17007], [106.73777, -6.16999], [106.73762, -6.16991], [106.7375, -6.16989], [106.73718, -6.17002], [106.73679, -6.17017], [106.73654, -6.17029], [106.73641, -6.17034], [106.73622, -6.17033], [106.73607, -6.17026], [106.73594, -6.17012], [106.7358, -6.16996], [106.73571, -6.16992], [106.7356, -6.16998], [106.73548, -6.17015], [106.73541, -6.1703], [106.7354, -6.17041], [106.73544, -6.17054], [106.73556, -6.17068], [106.73566, -6.17077], [106.73571, -6.17089], [106.73569, -6.17097], [106.73544, -6.17114], [106.73527, -6.17122], [106.73518, -6.17123], [106.73512, -6.17118], [106.73511, -6.17105], [106.73511, -6.17097], [106.73507, -6.17091], [106.73472, -6.17112], [106.73453, -6.17121], [106.73443, -6.17126], [106.73435, -6.17133], [106.73439, -6.17157], [106.73439, -6.17166], [106.73434, -6.17174], [106.73425, -6.17177], [106.73405, -6.17172], [106.73363, -6.17154], [106.73349, -6.17152], [106.73342, -6.17153], [106.73335, -6.17162], [106.73328, -6.17178], [106.73321, -6.17196], [106.73306, -6.17211], [106.73286, -6.17221], [106.73277, -6.17225], [106.73268, -6.17244], [106.7326, -6.17259], [106.73255, -6.17269], [106.73246, -6.17275], [106.73239, -6.17273], [106.73227, -6.17272], [106.73217, -6.17269], [106.73207, -6.17273], [106.73191, -6.17291], [106.73183, -6.17335], [106.73182, -6.17343], [106.73176, -6.17369], [106.7317, -6.17378], [106.73156, -6.17383], [106.73148, -6.17385], [106.73146, -6.17394], [106.73148, -6.17404], [106.73186, -6.17414], [106.73192, -6.17416], [106.73192, -6.1743], [106.73185, -6.17444], [106.73148, -6.17469], [106.73112, -6.17486], [106.73092, -6.17494], [106.73079, -6.17503], [106.73076, -6.17511], [106.73087, -6.17538], [106.73096, -6.1756], [106.73101, -6.17585], [106.73101, -6.17595], [106.73093, -6.17604], [106.73083, -6.17609], [106.73069, -6.17607], [106.73058, -6.17598], [106.73047, -6.17586], [106.73024, -6.17574], [106.73011, -6.17569], [106.73003, -6.1756], [106.7299, -6.17535], [106.72981, -6.17524], [106.72964, -6.17515], [106.72942, -6.17511], [106.72926, -6.17512], [106.72916, -6.17516], [106.7291, -6.17523], [106.72909, -6.17529], [106.72938, -6.17545], [106.7295, -6.17551], [106.72957, -6.17559], [106.72959, -6.17571], [106.72955, -6.1758], [106.72943, -6.17588], [106.72933, -6.17592], [106.72907, -6.1758], [106.72897, -6.17576], [106.72871, -6.17596], [106.72859, -6.17604], [106.72851, -6.1761], [106.72848870000007, -6.176116], [106.72839, -6.17619], [106.72814, -6.17636], [106.72796, -6.17649], [106.72792020000009, -6.17651879999994], [106.72778, -6.17662], [106.7277, -6.17674], [106.7277, -6.17715], [106.72769, -6.17734], [106.72762, -6.17754], [106.72757, -6.17763], [106.72747, -6.17767], [106.72740060000007, -6.177626199999963], [106.72739730000006, -6.177628499999969], [106.72731370000008, -6.177616799999953], [106.72729850000007, -6.177608199999952], [106.72723, -6.177569299999959], [106.72717630000005, -6.177480799999955], [106.7271, -6.17743], [106.72695, -6.17736], [106.72693530000004, -6.17736], [106.72685, -6.17736], [106.72673, -6.17743], [106.7266, -6.1777], [106.72656, -6.17793], [106.72664290000006, -6.178048899999965], [106.72670920000007, -6.178123], [106.72677060000007, -6.178191799999979], [106.72680810000008, -6.178239099999928], [106.72688, -6.1783], [106.72696, -6.17844], [106.727, -6.17863], [106.72699, -6.17876], [106.72694, -6.17885], [106.72679, -6.17891], [106.7266, -6.17891], [106.72635, -6.17882], [106.72621, -6.17874], [106.72616640000007, -6.178696399999978], [106.72602, -6.17855], [106.72595, -6.17851], [106.72588, -6.17854], [106.72572, -6.17874], [106.72545, -6.1794], [106.72537, -6.17957], [106.72527, -6.17975], [106.72525950000005, -6.179807799999935], [106.72531220000008, -6.179816699999947], [106.72541960000007, -6.179800399999976], [106.72550420000005, -6.179781], [106.72557850000004, -6.179764], [106.725678, -6.179783599999951], [106.72573810000006, -6.179902799999979], [106.72578, -6.18], [106.72581, -6.18009], [106.72581, -6.18024], [106.72561, -6.18051], [106.72555510000007, -6.180580299999974], [106.72536, -6.18083], [106.72526, -6.18099], [106.72519, -6.18103], [106.72513330000004, -6.18100069999997], [106.72510530000005, -6.181019499999934], [106.725067, -6.180994099999964], [106.72488, -6.18087], [106.72478, -6.18082], [106.72466, -6.18087], [106.72455, -6.18096], [106.72445, -6.1811], [106.72441, -6.18125], [106.72446, -6.18144], [106.72472, -6.1818], [106.72484, -6.18198], [106.72488, -6.18213], [106.72487, -6.18222], [106.72463, -6.18235], [106.7244, -6.18245], [106.72427, -6.18252], [106.72415, -6.18256], [106.72406, -6.18264], [106.72409, -6.18295], [106.72427, -6.1832], [106.72432, -6.18331], [106.72437, -6.18352], [106.72432, -6.18369], [106.72425, -6.1838], [106.72415, -6.18386], [106.72406, -6.18387], [106.72396, -6.18388], [106.72355, -6.1837], [106.7234, -6.18364], [106.72333, -6.18364], [106.72323, -6.18382], [106.72316, -6.184], [106.72303, -6.18422], [106.72298, -6.18439], [106.72298, -6.18452], [106.72306, -6.18464], [106.72315, -6.18472], [106.72346, -6.18481], [106.72376, -6.18485], [106.72387, -6.18487], [106.72409, -6.1849], [106.72423, -6.18496], [106.72435, -6.18508], [106.72439, -6.18518], [106.72437, -6.18535], [106.72423, -6.18564], [106.7241, -6.18582], [106.72403, -6.18586], [106.72389, -6.1858], [106.72377, -6.18571], [106.72355, -6.1857], [106.72329, -6.18565], [106.72315, -6.18563], [106.7228, -6.18559], [106.7227, -6.18561], [106.72254, -6.18574], [106.72244, -6.18587], [106.72241, -6.18599], [106.72233, -6.18629], [106.72227, -6.18646], [106.72219, -6.18656], [106.72185, -6.18668], [106.72165, -6.18677], [106.72158, -6.18681], [106.72153, -6.1869], [106.72139, -6.18704], [106.72131, -6.18707], [106.72118, -6.187], [106.72104, -6.18688], [106.7209, -6.18684], [106.72044, -6.18709], [106.72011, -6.18719], [106.71975, -6.18734], [106.71942, -6.18749], [106.71916, -6.18765], [106.71902, -6.18773], [106.71888, -6.18776], [106.7187, -6.18779], [106.71813, -6.18777], [106.71801, -6.18778], [106.7179, -6.18784], [106.71777, -6.18803], [106.71751, -6.18824], [106.71745, -6.18832], [106.7174, -6.18853], [106.71734, -6.1888], [106.71722, -6.18909], [106.71711, -6.18923], [106.71697, -6.18942], [106.7169, -6.1895], [106.71681, -6.18967], [106.71668880000004, -6.189763199999959], [106.71668, -6.18977], [106.71648370000008, -6.189828899999952], [106.71641560000006, -6.18995289999998], [106.71637750000008, -6.190136], [106.71636980000005, -6.190574699999956], [106.716408, -6.191041499999926], [106.71644370000007, -6.191349699999932], [106.71650720000008, -6.191897399999959], [106.71655370000008, -6.192020399999933], [106.71656360000009, -6.192046599999969], [106.716593, -6.192124199999967], [106.71670550000005, -6.192421499999966], [106.71682730000003, -6.192835799999955], [106.71688330000006, -6.193026199999963], [106.71690290000004, -6.193093199999964], [106.71691150000004, -6.193122399999936], [106.71729760000005, -6.193077799999969], [106.71756160000007, -6.192929399999969], [106.71764760000008, -6.193028399999946], [106.71791410000009, -6.192908799999941], [106.71791880000006, -6.19288], [106.71793480000008, -6.192871099999934], [106.71920380000006, -6.192166199999974], [106.71962870000004, -6.191990199999964], [106.72071810000006, -6.191544499999964], [106.72074840000005, -6.191631699999959], [106.72111910000007, -6.191570499999955], [106.72145160000008, -6.19145919999994], [106.72148140000007, -6.191449199999965], [106.72178660000009, -6.191344499999957], [106.72211930000009, -6.191343399999937], [106.72234870000005, -6.191440899999975], [106.72278, -6.191559599999948], [106.72279030000004, -6.191693399999963], [106.72283960000004, -6.191709499999945], [106.72290060000006, -6.191729099999975], [106.72309160000003, -6.191807099999949], [106.72311880000007, -6.191755], [106.72324960000009, -6.191732799999954], [106.72339690000007, -6.191721399999949], [106.72339650000004, -6.191623099999958], [106.72405090000007, -6.191571899999929], [106.72405390000006, -6.191583699999967], [106.72417190000004, -6.192049499999939], [106.724192, -6.192129], [106.724319, -6.192668199999957], [106.72445140000008, -6.193137299999933], [106.72459860000004, -6.193939199999932], [106.72442650000005, -6.194704], [106.72427, -6.195206699999972], [106.72408150000007, -6.195567799999935], [106.72384170000004, -6.196026899999936], [106.72394260000004, -6.196159099999932], [106.72393050000005, -6.196175599999947], [106.723946, -6.196187599999973], [106.72394420000006, -6.196197099999949], [106.72377690000008, -6.196413299999961], [106.72364320000008, -6.196629399999949], [106.72342570000006, -6.196962], [106.72332540000008, -6.197128199999952], [106.72327520000005, -6.197194699999955], [106.723409, -6.197327799999925], [106.72357630000005, -6.197427499999947], [106.72377690000008, -6.197527299999933], [106.72371, -6.197627], [106.72370190000004, -6.197629099999972], [106.72375460000006, -6.19765069999994], [106.72370170000005, -6.197740099999976], [106.72353380000004, -6.197946099999967], [106.72351090000006, -6.197972799999945], [106.72353380000004, -6.197995699999979], [106.723821, -6.198200899999961], [106.72395340000008, -6.198295599999938], [106.72391530000004, -6.198352799999952], [106.72365590000004, -6.198726699999952], [106.723572, -6.198842499999955], [106.72338120000006, -6.199129099999936], [106.72340410000004, -6.199477699999932], [106.72344230000004, -6.199775199999976], [106.72344990000005, -6.199849599999936], [106.72342830000008, -6.199991299999965], [106.72341940000007, -6.200049899999954], [106.72344990000005, -6.200074699999959], [106.72349780000008, -6.200139599999943], [106.72352620000004, -6.200178199999925], [106.72358720000005, -6.200321699999961], [106.723633, -6.201427499999966], [106.72382370000008, -6.202402099999972], [106.72396870000006, -6.20316459999998], [106.72402930000004, -6.203440099999966], [106.72402970000007, -6.203442099999961], [106.72415940000008, -6.204025299999955], [106.72418080000006, -6.204129799999976], [106.72419550000006, -6.20420189999993], [106.72420040000009, -6.204225899999926], [106.72422070000005, -6.204325599999947], [106.724172, -6.204611099999966], [106.72437070000007, -6.20469339999994], [106.72448770000005, -6.204751599999952], [106.72446270000006, -6.205607899999961], [106.72445430000005, -6.206464099999948], [106.72441250000008, -6.206663699999979], [106.72443760000004, -6.207037799999966], [106.72442080000008, -6.20738689999996], [106.72439580000008, -6.207603099999972], [106.72422010000008, -6.207619699999952], [106.72398190000007, -6.207596], [106.72396930000008, -6.207594699999959], [106.72381880000006, -6.207603099999972], [106.72376020000007, -6.207844099999932], [106.72373510000006, -6.208018699999968], [106.72374, -6.208052799999962], [106.72367880000007, -6.208097], [106.72333550000008, -6.208270099999936], [106.72309430000007, -6.208369299999958], [106.72288190000006, -6.208456699999942], [106.72251150000005, -6.208609099999933], [106.72196980000007, -6.208849899999962], [106.72122970000004, -6.20911689999997], [106.72064230000007, -6.209387299999946], [106.72016930000007, -6.209604299999967], [106.72009360000004, -6.210127799999952], [106.72008530000005, -6.210185099999933], [106.72008710000006, -6.21019], [106.72010820000008, -6.210248], [106.720093, -6.21046739999997], [106.72003960000006, -6.210610899999949], [106.71996330000007, -6.210708199999942], [106.72000140000006, -6.210795899999937], [106.72006240000007, -6.210963299999946], [106.72005480000007, -6.211297], [106.720009, -6.211682799999949], [106.719934, -6.212066199999981], [106.71991750000007, -6.212150099999974], [106.71983360000007, -6.212504899999942], [106.71987170000006, -6.212614599999938], [106.719948, -6.212850599999967], [106.71990220000004, -6.213027], [106.71970390000007, -6.213403699999958], [106.71964290000005, -6.213682199999937], [106.71961230000005, -6.214007399999957], [106.719681, -6.214040299999965], [106.719803, -6.214119499999981], [106.71983360000007, -6.214195299999972], [106.71979540000007, -6.214235299999928], [106.71970390000007, -6.214221499999951], [106.71958940000007, -6.214232], [106.71939870000006, -6.214319299999943], [106.71926140000005, -6.214423199999942], [106.71917740000004, -6.214567199999976], [106.71916220000008, -6.214716399999929], [106.71913170000005, -6.214854699999933], [106.71907060000007, -6.215046399999949], [106.71898670000007, -6.215590499999962], [106.71896570000007, -6.21563059999994], [106.71892570000006, -6.215706799999964], [106.71892140000006, -6.215711], [106.71888750000005, -6.215743499999974], [106.71861290000004, -6.215967699999965], [106.71858240000006, -6.216084499999965], [106.71856710000009, -6.216402599999981], [106.71853660000005, -6.216634799999952], [106.71842980000008, -6.217032899999936], [106.71827560000008, -6.217419899999925], [106.71816270000005, -6.217703299999926], [106.71814310000008, -6.217743899999959], [106.71822440000005, -6.217786699999976], [106.71850870000009, -6.217903099999944], [106.71837490000007, -6.218667899999957], [106.71807390000004, -6.219632199999978], [106.71797350000008, -6.220031199999937], [106.71797350000008, -6.22004789999994], [106.718007, -6.220230799999968], [106.71797350000008, -6.220579899999962], [106.71794010000008, -6.220945699999959], [106.71799020000009, -6.221278199999972], [106.71805710000007, -6.221710499999972], [106.71825780000006, -6.22182689999994], [106.71829130000003, -6.222176], [106.71824120000008, -6.222807], [106.71825780000006, -6.222807799999941], [106.71825780000006, -6.223123699999974], [106.71826620000007, -6.223639099999957], [106.71823270000004, -6.223988199999951], [106.71824110000006, -6.224129599999969], [106.71823040000004, -6.224172299999964], [106.71825040000004, -6.224172099999976], [106.718445, -6.224170199999946], [106.71862050000004, -6.224168799999973], [106.71866630000005, -6.224169699999948], [106.71941390000006, -6.224186399999951], [106.71965810000006, -6.224192099999925], [106.72016930000007, -6.224208799999928], [106.72063470000006, -6.224223599999959], [106.72065910000003, -6.224223599999959], [106.72066970000009, -6.224223599999959], [106.72071860000005, -6.224223599999959], [106.721245, -6.224220299999956], [106.72174090000004, -6.224238899999932], [106.72236660000004, -6.224252199999967], [106.72247340000007, -6.224254599999938], [106.72270990000004, -6.224259899999936], [106.723572, -6.224266099999966], [106.72380850000008, -6.224270299999944], [106.72390770000004, -6.22427609999994], [106.72522750000007, -6.224327099999925], [106.72576160000006, -6.224337099999957], [106.72695930000003, -6.224359199999981], [106.72705010000004, -6.224360899999965], [106.727051, -6.224360899999965], [106.727051, -6.224331899999925], [106.72759270000006, -6.224311899999975], [106.72835560000004, -6.224283699999944], [106.72892780000006, -6.22423219999996], [106.72895830000004, -6.224229799999932], [106.72949240000008, -6.224184], [106.72966020000007, -6.224178299999949], [106.73016380000007, -6.224161099999947], [106.73037740000007, -6.224175499999944], [106.73058340000006, -6.224153499999943], [106.730797, -6.224142099999938], [106.73098770000007, -6.224092], [106.73130050000009, -6.224048599999946], [106.73151420000005, -6.224012899999934], [106.73211690000005, -6.223915099999942], [106.73217790000007, -6.223908], [106.73251360000006, -6.223965699999951], [106.732651, -6.223969499999953], [106.73283410000005, -6.223975199999927], [106.73304770000004, -6.223982299999932], [106.73316210000007, -6.223981399999957], [106.73346730000009, -6.223979], [106.73361230000006, -6.223977599999955], [106.73378010000005, -6.223974699999928], [106.73384120000009, -6.22397849999993], [106.73392980000006, -6.223984099999939], [106.73393410000006, -6.223984299999927], [106.734009, -6.223989], [106.73478720000008, -6.223960899999952], [106.73505420000004, -6.223958], [106.73532890000007, -6.223951399999976], [106.73553490000006, -6.22395419999998], [106.73579430000007, -6.223927], [106.73599260000009, -6.223906499999941], [106.73643510000005, -6.223883199999932], [106.73686240000006, -6.223778699999968], [106.73693870000005, -6.223686199999975], [106.73696920000003, -6.223683799999947], [106.73731550000008, -6.223623099999941], [106.73737220000004, -6.223613199999932], [106.73741030000008, -6.22360649999996], [106.73741330000007, -6.223606], [106.73752130000008, -6.223686499999928], [106.73780050000005, -6.223663099999953], [106.73868660000005, -6.223588599999971], [106.74034380000006, -6.223449399999936], [106.74062820000006, -6.223425499999962], [106.74185050000006, -6.223322799999949], [106.74252320000005, -6.223266199999955], [106.743708, -6.223123499999929], [106.74397010000007, -6.223080099999947], [106.74440540000006, -6.223007899999971], [106.74481350000008, -6.223222399999941], [106.74497030000003, -6.223304799999937], [106.74505220000009, -6.22329469999994], [106.74570870000008, -6.223213299999941], [106.74668290000005, -6.223092599999973], [106.74722580000008, -6.223025299999961], [106.74731240000006, -6.223014599999942], [106.74739190000008, -6.223026], [106.74739270000003, -6.22302609999997], [106.74739270000003, -6.223003399999925], [106.74740790000004, -6.223003399999925], [106.74825480000004, -6.223148299999934], [106.74902920000005, -6.223070099999973], [106.74905070000005, -6.223068399999931], [106.749052, -6.223068199999943], [106.749052, -6.222805], [106.74949460000005, -6.22274589999995], [106.74969290000007, -6.222719199999972], [106.75024310000003, -6.22266419999994], [106.75024350000007, -6.222660799999971], [106.750244, -6.222656099999938], [106.750461, -6.222650699999974], [106.75046110000005, -6.222650699999974], [106.75070110000007, -6.222659199999953], [106.75070080000006, -6.222849499999938], [106.75070080000006, -6.222902199999965], [106.75073430000003, -6.222898499999928], [106.75074580000006, -6.222898499999928], [106.75122640000006, -6.22291759999996], [106.751482, -6.222929], [106.75196270000004, -6.222932799999967], [106.752039, -6.222932799999967], [106.75279650000004, -6.222941099999957], [106.75308140000004, -6.222944199999972], [106.75308420000005, -6.222944299999938], [106.75353430000007, -6.22294809999994], [106.75392850000009, -6.222951599999931], [106.75418280000008, -6.222932799999967], [106.75420570000006, -6.222953799999971], [106.75467330000004, -6.222957599999972], [106.75467490000005, -6.222957599999972], [106.75483890000004, -6.222959499999945], [106.75506780000006, -6.222961399999974], [106.75519750000007, -6.222963299999947], [106.75539210000005, -6.222965199999976], [106.75553320000006, -6.222967099999948], [106.75586890000005, -6.222969099999943], [106.75614190000005, -6.222972199999958], [106.75672640000005, -6.222978699999942], [106.75672710000003, -6.222978599999976], [106.75672720000006, -6.222978599999976], [106.75688030000003, -6.222967599999947], [106.75700520000004, -6.22295859999997], [106.75713660000008, -6.22294729999993], [106.75720020000006, -6.222942399999965], [106.75729180000008, -6.222934699999939], [106.757295, -6.222934499999951], [106.75736090000004, -6.222932899999932], [106.757361, -6.222932899999932], [106.75738540000003, -6.222931099999926], [106.75738790000008, -6.222930899999938], [106.75748230000005, -6.222934199999941], [106.75755120000008, -6.222936599999969], [106.75766160000006, -6.222975099999928], [106.75785260000004, -6.223041499999965], [106.75791390000006, -6.22304239999994], [106.75810660000008, -6.223045299999967], [106.75810810000007, -6.223045299999967], [106.758207, -6.223046799999963], [106.75832690000004, -6.22313719999994], [106.75832940000004, -6.223139099999969], [106.75833720000008, -6.223145], [106.75833830000005, -6.223145899999963], [106.758507, -6.223122299999943], [106.75855860000007, -6.223115099999973], [106.75858120000004, -6.22311209999998], [106.75866510000009, -6.223100699999975], [106.75881370000008, -6.223079699999971], [106.75881390000006, -6.223079699999971], [106.75886730000008, -6.223081599999944], [106.75892250000004, -6.22308529999998], [106.75892450000003, -6.223085399999945], [106.75898690000008, -6.223088599999926], [106.75898730000006, -6.223089799999968], [106.75928960000005, -6.223115399999926], [106.75952170000005, -6.223135], [106.76014430000004, -6.223143099999959]]] 
      }
    },
    {
      "type": "Feature",
      "properties": {
        "district_id": "3174020",
        "province": "DKI Jakarta",
        "regency": "Jakarta Barat",
        "district": "Kebon Jeruk",
        "pria": 0,
        "wanita": 0,
        "total_penduduk": 0
      },
      "geometry": {
        "type": "Polygon",
        "coordinates": [[[106.77323, -6.16264], [106.77236, -6.16227], [106.77229, -6.16225], [106.77144, -6.16193], [106.77063, -6.16165], [106.76989, -6.16126], [106.7698, -6.16118], [106.76966, -6.16107], [106.76957, -6.16091], [106.76913, -6.15983], [106.76907, -6.15962], [106.76898, -6.15933], [106.7688, -6.15895], [106.76871, -6.15875], [106.76831, -6.15835], [106.76797, -6.15813], [106.76783, -6.15805], [106.76774, -6.15798], [106.76765, -6.15789], [106.76762, -6.15796], [106.76757, -6.15805], [106.76753, -6.15813], [106.7675, -6.15822], [106.76748, -6.15828], [106.76745, -6.15838], [106.76742, -6.15847], [106.76739, -6.15853], [106.76737, -6.15861], [106.76733, -6.15871], [106.76732, -6.15879], [106.76728, -6.15887], [106.76725, -6.15899], [106.76722, -6.15907], [106.7672, -6.15914], [106.76716, -6.15923], [106.76713, -6.15932], [106.76709, -6.15939], [106.76705, -6.15948], [106.76701, -6.15953], [106.76698, -6.1596], [106.76693, -6.15968], [106.76689, -6.15974], [106.76685, -6.15981], [106.76661460000008, -6.159923599999956], [106.76622970000005, -6.159896599999968], [106.76610280000006, -6.159873399999981], [106.76601520000008, -6.159857399999964], [106.76583990000006, -6.159825299999966], [106.76562240000004, -6.159766699999977], [106.76554070000009, -6.159744699999976], [106.765273, -6.159630899999968], [106.76523990000004, -6.159616799999981], [106.76502350000004, -6.159522399999958], [106.76472050000007, -6.159324599999934], [106.76437990000005, -6.159146899999939], [106.76420990000008, -6.159058199999947], [106.76411190000005, -6.15902159999996], [106.76368220000006, -6.158861099999967], [106.76366030000008, -6.158857299999966], [106.763129, -6.158767799999964], [106.76305080000009, -6.158774899999969], [106.76294950000005, -6.158784099999934], [106.76263660000006, -6.158812599999976], [106.76243030000006, -6.158814599999971], [106.76211460000007, -6.158781], [106.76140320000007, -6.158705099999963], [106.76133420000008, -6.158684599999958], [106.76126740000007, -6.158626399999946], [106.76105850000005, -6.158444699999961], [106.76073790000004, -6.158351699999969], [106.76072750000009, -6.158378599999935], [106.76068070000008, -6.158492799999976], [106.76068220000008, -6.158531799999935], [106.76065940000007, -6.158545], [106.76068310000005, -6.158554699999968], [106.76068310000005, -6.158554799999933], [106.76068430000004, -6.158586], [106.76066160000005, -6.158588599999973], [106.76063390000007, -6.158591899999976], [106.76057790000004, -6.158598299999937], [106.76055520000006, -6.158603199999959], [106.76047970000008, -6.158619099999953], [106.76039140000006, -6.158637799999951], [106.76028160000004, -6.158661], [106.76024310000008, -6.158669199999963], [106.76015310000008, -6.158688199999972], [106.76004080000007, -6.158693299999925], [106.75980490000006, -6.158704], [106.75975330000006, -6.158706399999971], [106.75966, -6.158752099999958], [106.75955680000004, -6.158802699999967], [106.75948880000004, -6.158836], [106.75948050000005, -6.158848299999931], [106.75940730000008, -6.158955899999967], [106.75934230000007, -6.159051399999953], [106.75932370000004, -6.159081], [106.75928110000007, -6.159148899999934], [106.75926620000007, -6.159172699999942], [106.75937, -6.15919], [106.75891, -6.15973], [106.75799, -6.16055], [106.75789, -6.16066], [106.75783, -6.16098], [106.75791, -6.16167], [106.75792, -6.1618], [106.75786, -6.16193], [106.75778, -6.16199], [106.75736, -6.16197], [106.75725, -6.16197], [106.75713, -6.16203], [106.75701, -6.16227], [106.75697, -6.16249], [106.75694, -6.1628], [106.75677, -6.1637], [106.75676, -6.16395], [106.75675, -6.1644], [106.75673, -6.16461], [106.75667, -6.16477], [106.75634, -6.16513], [106.756, -6.16547], [106.75585, -6.16557], [106.75566, -6.16562], [106.75524, -6.16564], [106.75507, -6.16564], [106.75501, -6.16574], [106.75493, -6.16606], [106.75439, -6.16641], [106.75399, -6.1667], [106.75388, -6.16681], [106.75383, -6.16691], [106.7538, -6.16704], [106.75374, -6.16708], [106.75365, -6.16709], [106.75354, -6.16735], [106.75355, -6.16759], [106.75351, -6.1677], [106.75344, -6.16775], [106.75324, -6.16768], [106.7531, -6.16762], [106.75303, -6.16762], [106.75288, -6.16781], [106.75286, -6.16808], [106.75286, -6.16818], [106.75281, -6.16827], [106.75267, -6.16837], [106.75256, -6.16841], [106.75248, -6.16845], [106.7519, -6.1685], [106.7518, -6.16852], [106.75164, -6.16871], [106.75186, -6.16889], [106.75195, -6.16896], [106.75212, -6.16908], [106.75218, -6.16918], [106.75219, -6.16943], [106.75215, -6.16961], [106.75205, -6.16979], [106.75194, -6.16997], [106.75184, -6.17016], [106.75175, -6.17022], [106.75155, -6.1703], [106.75132, -6.17041], [106.75116, -6.17044], [106.75108, -6.17045], [106.75099, -6.17045], [106.75088, -6.17051], [106.75084, -6.17058], [106.75097, -6.1709], [106.75099, -6.17097], [106.75078, -6.17122], [106.75063, -6.17129], [106.75045, -6.17138], [106.7503, -6.17154], [106.75022, -6.17173], [106.75023, -6.17201], [106.7502, -6.17209], [106.75014, -6.17217], [106.75, -6.17226], [106.74988, -6.17238], [106.7496, -6.17269], [106.74937, -6.17285], [106.74943, -6.17302], [106.74946, -6.1731], [106.74948790000008, -6.173139], [106.74956, -6.17324], [106.74966, -6.17337], [106.74968550000006, -6.173426099999972], [106.74971, -6.17348], [106.74976, -6.17366], [106.74979450000006, -6.173722199999929], [106.74968090000004, -6.173746599999959], [106.74956890000004, -6.174012799999957], [106.74949690000005, -6.174486299999955], [106.74956290000006, -6.174757599999964], [106.74958790000005, -6.174860499999966], [106.74962470000008, -6.175011799999936], [106.74953640000007, -6.175216099999943], [106.74941440000003, -6.175498399999981], [106.74934930000006, -6.175648899999942], [106.74930140000004, -6.175759699999958], [106.74932030000008, -6.175834299999963], [106.749364, -6.176006799999925], [106.74937590000008, -6.176054], [106.74938980000007, -6.176065], [106.74939230000007, -6.176085399999977], [106.74956990000004, -6.17625309999994], [106.74964140000009, -6.176456599999938], [106.74972520000006, -6.176722199999972], [106.74969910000004, -6.176799099999926], [106.74964170000004, -6.176968199999976], [106.74976610000004, -6.177146299999947], [106.74979460000009, -6.177187099999969], [106.749785, -6.177408299999968], [106.749969, -6.177384399999937], [106.75006050000007, -6.177420699999971], [106.75026380000008, -6.177340299999969], [106.75030950000007, -6.177373399999965], [106.75040270000005, -6.177440699999977], [106.75045850000004, -6.177481], [106.75045890000007, -6.177481399999976], [106.75053060000005, -6.177485099999956], [106.75075670000007, -6.177280099999962], [106.75089940000004, -6.177237199999979], [106.75102440000006, -6.177178399999946], [106.75117530000006, -6.177328499999931], [106.75119540000009, -6.177440499999932], [106.75122940000006, -6.177629399999944], [106.75115180000006, -6.177746799999966], [106.75112660000008, -6.177888899999971], [106.75083790000008, -6.178280099999938], [106.75082310000005, -6.178300099999944], [106.750694, -6.178670099999977], [106.75063570000003, -6.178837199999975], [106.75054420000004, -6.179060199999981], [106.75049980000006, -6.179128699999978], [106.75042950000005, -6.179297199999951], [106.75042180000008, -6.179642699999931], [106.75036460000007, -6.17974739999994], [106.75029170000005, -6.179826], [106.75027120000004, -6.179848099999958], [106.75028850000007, -6.17988639999993], [106.75037380000003, -6.180075399999964], [106.75035010000005, -6.180088299999966], [106.75016430000005, -6.180190099999948], [106.749997, -6.180281099999945], [106.74981410000004, -6.180380599999978], [106.74985, -6.18042], [106.74989280000005, -6.180495399999927], [106.74990030000004, -6.180502], [106.74996050000004, -6.180555199999958], [106.75003160000006, -6.180686899999955], [106.75015070000006, -6.180849799999976], [106.75019630000008, -6.180933], [106.750275, -6.181018699999981], [106.750427, -6.181183899999951], [106.75048950000007, -6.181260099999974], [106.75063550000004, -6.181388799999979], [106.750805, -6.181477599999937], [106.75090870000008, -6.181531799999959], [106.75091160000005, -6.181533399999978], [106.75096610000008, -6.181567399999949], [106.751106, -6.181654299999934], [106.75125290000005, -6.181745499999977], [106.751325, -6.181825799999956], [106.75146270000005, -6.182051099999967], [106.75170670000006, -6.182535499999972], [106.75170980000007, -6.182540399999937], [106.75176440000007, -6.182626], [106.75180310000007, -6.182686499999932], [106.75182510000008, -6.182737599999939], [106.75189740000008, -6.182870899999955], [106.75197080000004, -6.182968199999948], [106.75199020000008, -6.182993799999963], [106.75206230000003, -6.183096299999931], [106.75220640000003, -6.183208799999932], [106.75252530000006, -6.183444], [106.75265690000003, -6.183525499999973], [106.75279120000005, -6.183608799999945], [106.752947, -6.183730099999934], [106.75303710000009, -6.183800699999949], [106.75309970000006, -6.183849799999962], [106.75322480000005, -6.183944899999972], [106.75329610000006, -6.183990799999947], [106.75333850000004, -6.184018199999969], [106.75362060000003, -6.184167899999977], [106.75374290000008, -6.184287899999958], [106.75391040000005, -6.18442779999998], [106.75402710000009, -6.184507199999928], [106.75412390000008, -6.184597399999973], [106.75468050000006, -6.184337099999937], [106.754689, -6.184340299999974], [106.754688, -6.184327499999938], [106.75467990000004, -6.184226399999943], [106.75490940000009, -6.184098799999958], [106.75579510000006, -6.184338], [106.75597620000008, -6.18437659999995], [106.75613740000006, -6.184410899999932], [106.75622060000006, -6.184429299999977], [106.75638690000005, -6.18447939999993], [106.75639, -6.184480299999962], [106.75641550000006, -6.184674299999926], [106.75642770000007, -6.184767399999942], [106.75642780000004, -6.184799199999929], [106.75642810000005, -6.184878499999968], [106.75642820000007, -6.18493159999997], [106.75641320000005, -6.185004299999946], [106.75646860000006, -6.185136199999931], [106.75648250000006, -6.185148199999958], [106.7566, -6.18525], [106.75674730000009, -6.185413], [106.75675580000006, -6.185453799999948], [106.75676310000006, -6.185488599999928], [106.75676860000004, -6.185515199999941], [106.756776, -6.185550699999965], [106.75684, -6.18566], [106.75682, -6.1858], [106.75676, -6.18594], [106.75674890000005, -6.185973199999978], [106.756699, -6.18612289999993], [106.75667, -6.18621], [106.75667, -6.18639], [106.75672, -6.18653], [106.75674690000005, -6.18658019999998], [106.756787, -6.18661579999997], [106.75683940000005, -6.18670149999997], [106.756881, -6.186769599999934], [106.75690070000007, -6.186866499999951], [106.75701, -6.18707], [106.75702940000008, -6.187125599999945], [106.75717, -6.18753], [106.757285, -6.187538899999936], [106.75736740000008, -6.18749459999998], [106.75742250000008, -6.187439099999949], [106.75745510000007, -6.187406199999941], [106.75753750000007, -6.187372899999957], [106.75763090000004, -6.187345099999959], [106.75764780000009, -6.187350599999945], [106.75798, -6.18695], [106.75808, -6.18692], [106.75817, -6.18694], [106.75826, -6.18703], [106.75828, -6.18715], [106.75826, -6.18731], [106.75815, -6.1876], [106.75810890000008, -6.187713499999973], [106.75786, -6.1884], [106.75784, -6.18859], [106.7579, -6.18874], [106.75790570000004, -6.188747199999966], [106.75805, -6.18893], [106.75816410000004, -6.188912], [106.75821230000008, -6.188878399999965], [106.75823540000005, -6.188862299999926], [106.75832870000005, -6.188795899999946], [106.75844420000004, -6.188812], [106.75844680000006, -6.188866799999971], [106.75849, -6.18891], [106.75852, -6.18901], [106.75853020000005, -6.189091399999938], [106.758555, -6.189289699999961], [106.75861650000007, -6.189350899999965], [106.75862, -6.189372799999944], [106.75864, -6.1895], [106.75862, -6.18961], [106.75853, -6.18979], [106.75837, -6.18993], [106.75827, -6.18996], [106.75818970000006, -6.18990649999995], [106.75818, -6.1899], [106.75816150000009, -6.189873], [106.75807, -6.18974], [106.75799, -6.18968], [106.75792, -6.1897], [106.75784210000006, -6.189764899999943], [106.7578, -6.1898], [106.75766390000007, -6.189936099999954], [106.75766150000004, -6.189943], [106.75757060000007, -6.190038899999934], [106.75754640000008, -6.190064499999949], [106.75753030000004, -6.190069699999981], [106.75749, -6.19011], [106.75713, -6.19026], [106.75711380000007, -6.190346399999953], [106.7571, -6.19042], [106.75708, -6.19064], [106.75706, -6.19098], [106.75684, -6.19196], [106.75685, -6.19244], [106.75691, -6.19244], [106.75708, -6.19245], [106.75708, -6.19252], [106.75704, -6.19271], [106.75696, -6.19309], [106.75715, -6.19306], [106.75737, -6.19304], [106.75755, -6.19307], [106.75762, -6.19314], [106.75766, -6.19329], [106.75769, -6.19354], [106.75777, -6.19366], [106.75789, -6.19373], [106.75805, -6.19384], [106.75833, -6.19414], [106.7585, -6.19431], [106.75869, -6.19449], [106.75957, -6.19522], [106.7598, -6.19545], [106.75986, -6.19558], [106.75994, -6.19613], [106.76001, -6.19625], [106.76011, -6.19633], [106.76026, -6.19642], [106.76037, -6.19662], [106.76052, -6.1968], [106.76072, -6.19695], [106.76081, -6.19691], [106.76088, -6.19682], [106.76124, -6.19631], [106.76143, -6.19623], [106.76157, -6.19623], [106.76171, -6.19628], [106.76189, -6.19643], [106.76195, -6.19655], [106.76196, -6.1967], [106.76203, -6.197], [106.76212, -6.19705], [106.76226, -6.19705], [106.7624, -6.19709], [106.76244, -6.19716], [106.76264, -6.19767], [106.76279, -6.19793], [106.76285, -6.19815], [106.76285, -6.19833], [106.7629, -6.19876], [106.76297, -6.19899], [106.76308, -6.19913], [106.76319, -6.19928], [106.76319, -6.19944], [106.76322, -6.20083], [106.76331, -6.20102], [106.76344, -6.20114], [106.76364, -6.20126], [106.76375, -6.20134], [106.76378, -6.20149], [106.76384, -6.20168], [106.7639, -6.20193], [106.7639, -6.20218], [106.763919, -6.202446], [106.76393, -6.2026], [106.76412, -6.20265], [106.76428, -6.2027], [106.76436, -6.2028], [106.76437, -6.20291], [106.76437, -6.20373], [106.76438, -6.20401], [106.76434, -6.20423], [106.76425, -6.20435], [106.76413, -6.20443], [106.76379, -6.20465], [106.76363, -6.20483], [106.7636, -6.20493], [106.76361, -6.20503], [106.76368, -6.2051], [106.76378, -6.20513], [106.76398, -6.20519], [106.7641, -6.20526], [106.76414, -6.20536], [106.76416, -6.20555], [106.76413, -6.20578], [106.76407, -6.20589], [106.76396, -6.20593], [106.76376, -6.20589], [106.76351, -6.20588], [106.76339, -6.20594], [106.76334, -6.20606], [106.76342, -6.20611], [106.76383, -6.20624], [106.76414, -6.20625], [106.76432, -6.20628], [106.76438, -6.20634], [106.76441, -6.20644], [106.76443, -6.20681], [106.76452, -6.20692], [106.76467, -6.20704], [106.76483, -6.20713], [106.76496, -6.2072], [106.76511, -6.20732], [106.76511, -6.20741], [106.76507, -6.20752], [106.76496, -6.20768], [106.76482, -6.20794], [106.76482, -6.20815], [106.76481, -6.20865], [106.7647, -6.20896], [106.76473, -6.2091], [106.76483, -6.20912], [106.7651, -6.20906], [106.76524, -6.20906], [106.7654, -6.20913], [106.76555, -6.20925], [106.76578, -6.20989], [106.76618, -6.21053], [106.76624, -6.21073], [106.76624, -6.21096], [106.7662, -6.21135], [106.76613, -6.21155], [106.76585, -6.21219], [106.76566, -6.21247], [106.76517, -6.21311], [106.76485, -6.21342], [106.76459, -6.21357], [106.76431, -6.21365], [106.76434, -6.21378], [106.76447, -6.21436], [106.76441, -6.21445], [106.76419, -6.21466], [106.76412, -6.21466], [106.76358, -6.21463], [106.7634, -6.21464], [106.76332, -6.21467], [106.76286, -6.21478], [106.76277, -6.21486], [106.76274, -6.21495], [106.76275, -6.21522], [106.76274, -6.21575], [106.76273, -6.21606], [106.76277, -6.21616], [106.76283, -6.2162], [106.76296, -6.21607], [106.76314, -6.21592], [106.76327, -6.21585], [106.76336, -6.21588], [106.76343, -6.21595], [106.76345, -6.21608], [106.76347, -6.21629], [106.76356, -6.21653], [106.76371, -6.21674], [106.76386, -6.21678], [106.76421, -6.21684], [106.7643, -6.2169], [106.76433, -6.21695], [106.76437, -6.21701], [106.76456, -6.21742], [106.76467, -6.21768], [106.76474, -6.21776], [106.76485, -6.21792], [106.76495, -6.21803], [106.76511, -6.21818], [106.76534, -6.21837], [106.76541, -6.21857], [106.76529, -6.21868], [106.76508, -6.21879], [106.76507, -6.21886], [106.76512, -6.219], [106.76522, -6.21914], [106.76532, -6.21929], [106.7655, -6.21972], [106.76553, -6.21994], [106.76552, -6.22033], [106.76543, -6.22039], [106.76521, -6.22056], [106.76526, -6.22072], [106.7653, -6.22095], [106.76527, -6.22112], [106.76526, -6.2213], [106.76531, -6.2214], [106.76547, -6.2216], [106.76562, -6.22179], [106.76559, -6.22186], [106.76552, -6.22191], [106.76535, -6.22201], [106.76533, -6.22209], [106.76537, -6.22215], [106.76547, -6.22221], [106.76574, -6.22232], [106.76576740000007, -6.222335699999974], [106.76584920000005, -6.222382399999958], [106.76585090000003, -6.222383299999933], [106.76595, -6.22244], [106.76597, -6.2225], [106.76594, -6.22259], [106.76587, -6.22266], [106.7656, -6.22279], [106.76555, -6.22288], [106.76555, -6.22289139999998], [106.765548, -6.22289109999997], [106.76554890000006, -6.222976199999948], [106.76555, -6.222980799999959], [106.76563280000005, -6.223330099999941], [106.76580070000006, -6.223673799999972], [106.76612870000008, -6.22403769999994], [106.76624320000008, -6.224180699999977], [106.76632710000007, -6.224338499999931], [106.76644150000004, -6.22454879999998], [106.76657120000004, -6.224749599999939], [106.76673150000005, -6.224900299999945], [106.76698910000005, -6.225177799999926], [106.76699, -6.22518], [106.76704, -6.2253], [106.76703, -6.22541], [106.76694, -6.22558], [106.76677, -6.22579], [106.76662, -6.22588], [106.76632, -6.22596], [106.76617, -6.22601], [106.76614, -6.22607], [106.76613, -6.22626], [106.76614930000005, -6.226667299999974], [106.76608990000005, -6.226795599999946], [106.76614990000007, -6.226872299999968], [106.76615890000005, -6.226991899999973], [106.76608010000007, -6.227068599999939], [106.76592250000004, -6.227139299999976], [106.765756, -6.227148599999964], [106.76571540000003, -6.22712839999997], [106.76564160000004, -6.227091799999926], [106.76563310000006, -6.227087599999948], [106.76562040000005, -6.227084099999956], [106.76541370000007, -6.227026899999942], [106.76526420000005, -6.226895799999966], [106.76524850000004, -6.226870599999927], [106.76521150000008, -6.226841199999967], [106.76521140000006, -6.22684339999995], [106.76509730000004, -6.226791099999957], [106.76496560000004, -6.226730099999941], [106.76488690000008, -6.226730399999951], [106.76481, -6.22674], [106.76474780000007, -6.226759099999981], [106.764659, -6.226801299999977], [106.76461220000004, -6.226827899999932], [106.76451, -6.2269], [106.76442, -6.22705], [106.76430820000007, -6.227256], [106.76433090000006, -6.227255399999933], [106.76433740000004, -6.227255899999932], [106.76438530000007, -6.227259699999934], [106.76556540000007, -6.227354399999967], [106.76578990000007, -6.227372399999979], [106.76597510000005, -6.227387199999953], [106.766232, -6.22740779999998], [106.76628140000008, -6.22741179999997], [106.76629870000005, -6.227412399999935], [106.76638160000005, -6.227395699999931], [106.76651360000005, -6.227430399999946], [106.76673660000006, -6.227448199999969], [106.76690160000004, -6.22740959999993], [106.76713080000007, -6.227356], [106.76725240000007, -6.227327599999967], [106.76739320000007, -6.227301099999977], [106.76751850000005, -6.227277499999957], [106.76764290000006, -6.227277099999981], [106.76769040000005, -6.227276899999936], [106.76778860000007, -6.227276599999925], [106.76784040000007, -6.227274299999976], [106.76801790000007, -6.227249299999926], [106.76835240000008, -6.227264899999966], [106.76865550000008, -6.227248399999951], [106.76884510000008, -6.227238], [106.76896060000007, -6.227231699999948], [106.76911010000003, -6.227231199999949], [106.76980190000006, -6.227213399999926], [106.76985680000007, -6.227215799999954], [106.76994010000004, -6.227219499999933], [106.77017740000008, -6.227196499999934], [106.77109290000004, -6.227166599999975], [106.77178730000008, -6.227140199999951], [106.77182530000005, -6.227140399999939], [106.77191450000004, -6.227141], [106.772731, -6.22712439999998], [106.77279490000006, -6.227123099999972], [106.77325070000006, -6.227113799999927], [106.77341050000007, -6.227110499999981], [106.773761, -6.227103399999976], [106.77380490000007, -6.227102499999944], [106.77395120000006, -6.227099499999952], [106.77445690000008, -6.227089199999966], [106.77450510000006, -6.227006599999925], [106.77456090000004, -6.227034299999957], [106.77483240000004, -6.227019399999961], [106.77483590000008, -6.227019899999959], [106.77484350000009, -6.22706409999995], [106.77490170000004, -6.227061699999979], [106.77512720000004, -6.227052799999967], [106.77516090000006, -6.227058199999931], [106.77529950000007, -6.227080399999977], [106.775322, -6.227054899999928], [106.77564360000008, -6.227043499999979], [106.77575930000006, -6.227039399999967], [106.77582640000008, -6.227036599999963], [106.77614030000007, -6.227024], [106.77615710000003, -6.226984399999935], [106.77624880000008, -6.226983099999927], [106.77626920000006, -6.227067699999964], [106.77651910000009, -6.227066899999954], [106.77653290000006, -6.227065899999957], [106.77696470000006, -6.227035099999966], [106.77696940000004, -6.22694649999994], [106.77707470000007, -6.226944199999934], [106.77720160000007, -6.226941599999975], [106.77722090000009, -6.226941199999942], [106.77735880000006, -6.226938899999936], [106.77742970000008, -6.226937699999951], [106.77748340000005, -6.226968599999964], [106.77770850000007, -6.226967799999954], [106.77783620000008, -6.226967399999978], [106.77795430000003, -6.226916099999926], [106.77831270000007, -6.226914699999952], [106.77841620000004, -6.226909], [106.77840930000008, -6.226681499999927], [106.77840540000005, -6.226554], [106.77841150000006, -6.226339099999961], [106.77842970000006, -6.225703599999974], [106.77843660000008, -6.225463399999967], [106.77844430000005, -6.225194199999976], [106.77847060000005, -6.224945099999957], [106.77847220000007, -6.224848099999974], [106.77845030000009, -6.224836], [106.77845780000007, -6.224387199999967], [106.77845780000007, -6.223322], [106.77845780000007, -6.223219899999947], [106.77845780000007, -6.222476499999971], [106.77846550000004, -6.222268099999951], [106.77846550000004, -6.222150399999975], [106.77847310000004, -6.221823699999959], [106.77848070000005, -6.221136599999966], [106.77848070000005, -6.220868199999927], [106.77848070000005, -6.220693099999949], [106.77848070000005, -6.22038989999993], [106.77848060000008, -6.220386599999927], [106.77847310000004, -6.220124699999928], [106.77847310000004, -6.219824799999969], [106.77847310000004, -6.21976849999993], [106.77848840000007, -6.218966499999965], [106.77848110000008, -6.218789899999933], [106.77848070000005, -6.218781], [106.77847310000004, -6.218320399999925], [106.778435, -6.217901299999937], [106.77838150000008, -6.217668099999969], [106.778351, -6.217588499999977], [106.77832810000007, -6.217556499999944], [106.77821370000004, -6.217447299999947], [106.77794670000009, -6.217327199999943], [106.77783220000003, -6.217289499999936], [106.77744310000008, -6.217097299999978], [106.77723710000004, -6.216973799999948], [106.777138, -6.21686509999995], [106.77707690000005, -6.216578499999969], [106.77709980000009, -6.216219399999943], [106.77711440000007, -6.21614], [106.77711510000006, -6.216136499999948], [106.77736680000004, -6.215720199999964], [106.77750420000007, -6.215484199999935], [106.77754990000005, -6.215386899999942], [106.77757860000008, -6.21524409999995], [106.77760750000004, -6.215047699999957], [106.77763330000005, -6.214716899999928], [106.77762620000004, -6.214249699999925], [106.77762620000004, -6.214109], [106.77762620000004, -6.214077499999973], [106.77766440000005, -6.213722299999972], [106.77767960000006, -6.213680299999965], [106.77774830000004, -6.213585899999941], [106.77783990000006, -6.213533899999959], [106.77809160000004, -6.213503399999979], [106.778763, -6.213471899999945], [106.77938860000006, -6.21344229999994], [106.77998660000009, -6.213416799999948], [106.78018210000005, -6.213408499999957], [106.78058750000008, -6.213373], [106.780703, -6.213364599999977], [106.78100120000005, -6.213358199999959], [106.78104690000004, -6.213360699999953], [106.78167740000004, -6.213333199999965], [106.78231830000004, -6.213301699999931], [106.78252430000003, -6.213286399999959], [106.78278370000004, -6.21321869999997], [106.78294390000008, -6.213102399999968], [106.78305840000007, -6.213005099999975], [106.78310140000008, -6.212984199999937], [106.78314990000007, -6.212960799999962], [106.78317280000005, -6.212946899999963], [106.78334830000006, -6.21269609999996], [106.78348560000006, -6.212414299999978], [106.78355430000005, -6.212162499999977], [106.783539, -6.211348099999952], [106.78351610000004, -6.211015699999962], [106.78351480000003, -6.211011099999951], [106.78350850000004, -6.21099], [106.78350090000004, -6.210836899999947], [106.783478, -6.210433499999965], [106.78337880000004, -6.209632399999975], [106.78337880000004, -6.209606199999939], [106.78334070000005, -6.209325799999931], [106.78326440000006, -6.208589599999925], [106.78323380000006, -6.208266299999934], [106.78321090000009, -6.207900099999961], [106.78317280000005, -6.207532899999933], [106.78316520000004, -6.207460899999944], [106.78314230000007, -6.207109], [106.78314230000007, -6.206719899999939], [106.78315, -6.206720099999927], [106.78315, -6.20672], [106.78314, -6.20654], [106.78313, -6.2063], [106.78309, -6.20609], [106.78309, -6.20601], [106.78307, -6.20572], [106.78303, -6.2053], [106.78296, -6.20475], [106.78291, -6.20426], [106.78272, -6.20269], [106.7827, -6.20262], [106.78266, -6.20215], [106.78265, -6.202], [106.78264, -6.20193], [106.78261, -6.20157], [106.78259, -6.20142], [106.78252, -6.20097], [106.78243, -6.20007], [106.78239, -6.19975], [106.78235, -6.19938], [106.78229, -6.19884], [106.78228, -6.19855], [106.78226, -6.1981], [106.78223, -6.19786], [106.78222, -6.19755], [106.7822, -6.19719], [106.7822, -6.19709], [106.78218, -6.19658], [106.78218, -6.19652], [106.78211, -6.1956], [106.78207, -6.19517], [106.78207, -6.19487], [106.78209, -6.19417], [106.78212, -6.19367], [106.78216, -6.19343], [106.78219, -6.1933], [106.78221, -6.19323], [106.78223, -6.19267], [106.78223, -6.1921], [106.78227, -6.19166], [106.78228, -6.19148], [106.78235, -6.19098], [106.78239, -6.19074], [106.78244, -6.19051], [106.78253, -6.19026], [106.783, -6.18922], [106.78313, -6.18898], [106.78323, -6.18848], [106.78331, -6.18812], [106.78344, -6.1875], [106.78349, -6.18685], [106.78345, -6.18653], [106.78342, -6.18639], [106.78345, -6.18626], [106.78341, -6.18582], [106.78335, -6.18547], [106.78332, -6.18529], [106.7832, -6.18532], [106.78301, -6.18536], [106.78285, -6.18539], [106.78263, -6.18543], [106.78254, -6.18522], [106.78251, -6.18515], [106.78245, -6.18507], [106.78242, -6.18501], [106.78237, -6.18495], [106.78232, -6.18487], [106.78227, -6.18479], [106.78222, -6.18472], [106.78216, -6.18464], [106.78213, -6.18457], [106.78208, -6.18451], [106.78205, -6.18443], [106.782, -6.18435], [106.78196, -6.18428], [106.78191, -6.1842], [106.78187, -6.18413], [106.78183, -6.18405], [106.7818, -6.18398], [106.78175, -6.1839], [106.78172, -6.18383], [106.78168, -6.18376], [106.78164, -6.18369], [106.7816, -6.18362], [106.78156, -6.18355], [106.78152, -6.18348], [106.78148, -6.18341], [106.78145, -6.18336], [106.78139, -6.18326], [106.78134, -6.18318], [106.7813, -6.1831], [106.78125, -6.18303], [106.78122, -6.18297], [106.78117, -6.18289], [106.78113, -6.18282], [106.78109, -6.18273], [106.78104, -6.18265], [106.78099, -6.18255], [106.78095, -6.18245], [106.78091, -6.18238], [106.78087, -6.1823], [106.78082, -6.18222], [106.78078, -6.18214], [106.78073, -6.18205], [106.78068, -6.18197], [106.78064, -6.18191], [106.78061, -6.18183], [106.78056, -6.18176], [106.78053, -6.18169], [106.78049, -6.18162], [106.78045, -6.18154], [106.78041, -6.18147], [106.78037, -6.18138], [106.78034, -6.18133], [106.78031, -6.18127], [106.78028, -6.18121], [106.78024, -6.18114], [106.78021, -6.18108], [106.78017, -6.181], [106.78014, -6.18094], [106.7801, -6.18088], [106.78007, -6.18081], [106.78004, -6.18074], [106.78, -6.18067], [106.77997, -6.1806], [106.77994, -6.18054], [106.77992, -6.18048], [106.77989, -6.18042], [106.77986, -6.18036], [106.77981, -6.18026], [106.77978, -6.18017], [106.77977, -6.18007], [106.77976, -6.17998], [106.77976, -6.17992], [106.77976, -6.17982], [106.77976, -6.17973], [106.77976, -6.17966], [106.77976, -6.1796], [106.77976, -6.17953], [106.77976, -6.17946], [106.77976, -6.17939], [106.77976, -6.17932], [106.77976, -6.17925], [106.77975, -6.17918], [106.77975, -6.17911], [106.77975, -6.17904], [106.77975, -6.17896], [106.77975, -6.17889], [106.77975, -6.1788], [106.77975, -6.17872], [106.77975, -6.17862], [106.77975, -6.17854], [106.77975, -6.17843], [106.77974, -6.17833], [106.77974, -6.17823], [106.77974, -6.17813], [106.77974, -6.17804], [106.77974, -6.17794], [106.77974, -6.17784], [106.77974, -6.17775], [106.77974, -6.17765], [106.77974, -6.17756], [106.77973, -6.17746], [106.77973, -6.17736], [106.77973, -6.17728], [106.77973, -6.17719], [106.77973, -6.1771], [106.77973, -6.17701], [106.77973, -6.17692], [106.77972, -6.17683], [106.77972, -6.17674], [106.77972, -6.17665], [106.77972, -6.17655], [106.77972, -6.17646], [106.77972, -6.17637], [106.77971, -6.17627], [106.77971, -6.17617], [106.77971, -6.17608], [106.77971, -6.17598], [106.77971, -6.17587], [106.77971, -6.17576], [106.7797, -6.17566], [106.7797, -6.17556], [106.7797, -6.17545], [106.7797, -6.17534], [106.7797, -6.17523], [106.7797, -6.17513], [106.7797, -6.17502], [106.7797, -6.17492], [106.7797, -6.17483], [106.7797, -6.17474], [106.77968, -6.17465], [106.77968, -6.17458], [106.77968, -6.17448], [106.77968, -6.17438], [106.77968, -6.1743], [106.77968, -6.17424], [106.77968, -6.17416], [106.77968, -6.1741], [106.77968, -6.17404], [106.77968, -6.17397], [106.77968, -6.1739], [106.77968, -6.17381], [106.77968, -6.1737], [106.77968, -6.17363], [106.77968, -6.17356], [106.77968, -6.17349], [106.77968, -6.17341], [106.77968, -6.17332], [106.77968, -6.17322], [106.77968, -6.17316], [106.77967, -6.17309], [106.77967, -6.17302], [106.77967, -6.17295], [106.77967, -6.17287], [106.77967, -6.17278], [106.77967, -6.1727], [106.77966, -6.17261], [106.77966, -6.17252], [106.77966, -6.17241], [106.77966, -6.17232], [106.77965, -6.17223], [106.77965, -6.17212], [106.77965, -6.17204], [106.77965, -6.17195], [106.77965, -6.17186], [106.77964, -6.17177], [106.77964, -6.1717], [106.77964, -6.17161], [106.77964, -6.17153], [106.77964, -6.17146], [106.77964, -6.17138], [106.77963, -6.1713], [106.77963, -6.17122], [106.77963, -6.17115], [106.77963, -6.17107], [106.77963, -6.17099], [106.77963, -6.17091], [106.77963, -6.17084], [106.77963, -6.17076], [106.77962, -6.17069], [106.77962, -6.17062], [106.77962, -6.17052], [106.77962, -6.17041], [106.77962, -6.17031], [106.77962, -6.17022], [106.77962, -6.17015], [106.77962, -6.17008], [106.77962, -6.17001], [106.77962, -6.16995], [106.77962, -6.16986], [106.77962, -6.16977], [106.77961, -6.16966], [106.77961, -6.16959], [106.77961, -6.1695], [106.77961, -6.16942], [106.77961, -6.16933], [106.77961, -6.16924], [106.7796, -6.16914], [106.7796, -6.16904], [106.7796, -6.16894], [106.7796, -6.16883], [106.77959, -6.16872], [106.77959, -6.16862], [106.77959, -6.16851], [106.77959, -6.16841], [106.77958, -6.1683], [106.77958, -6.16819], [106.77958, -6.1681], [106.77957, -6.168], [106.77957, -6.1679], [106.77957, -6.16782], [106.77956, -6.16773], [106.77956, -6.16764], [106.77956, -6.16755], [106.77954, -6.16746], [106.77954, -6.16739], [106.77954, -6.16731], [106.77954, -6.16724], [106.77954, -6.16716], [106.77954, -6.1671], [106.77954, -6.16704], [106.77954, -6.16697], [106.77953, -6.16688], [106.77952, -6.16678], [106.77952, -6.1667], [106.77951, -6.16662], [106.77953, -6.16652], [106.7796, -6.16642], [106.77967, -6.16637], [106.77976, -6.16631], [106.77985, -6.16625], [106.77993, -6.16621], [106.77999, -6.16618], [106.78005, -6.16615], [106.78012, -6.16613], [106.78021, -6.16611], [106.78028, -6.16608], [106.78028, -6.16602], [106.78029, -6.16592], [106.78026, -6.16557], [106.78017, -6.1651], [106.78014, -6.16497], [106.77989, -6.16498], [106.77951, -6.165], [106.77941, -6.16502], [106.77923, -6.16496], [106.77894, -6.16488], [106.7788, -6.16486], [106.77821, -6.16461], [106.77776, -6.16442], [106.77767, -6.16439], [106.77756, -6.16436], [106.77725, -6.16425], [106.77719, -6.16422], [106.77706, -6.16413], [106.77682, -6.16404], [106.77614, -6.16379], [106.77587, -6.16367], [106.77564, -6.16357], [106.77511, -6.16337], [106.77402, -6.16296], [106.77381, -6.16288], [106.77323, -6.16264]]] 
      }
    },
    {
      "type": "Feature",
      "properties": {
        "district_id": "3174030",
        "province": "DKI Jakarta",
        "regency": "Jakarta Barat",
        "district": "Palmerah",
        "pria": 0,
        "wanita": 0,
        "total_penduduk": 0
      },
      "geometry": {
        "type": "Polygon",
        "coordinates": [[[106.79611990000006, -6.179422899999963], [106.79608, -6.17944], [106.79605230000004, -6.179453899999942], [106.79602090000009, -6.179469599999948], [106.79596, -6.1795], [106.79569970000006, -6.179609599999935], [106.79563730000007, -6.179635899999937], [106.79558, -6.17966], [106.79544, -6.17975], [106.79532, -6.17982], [106.79518, -6.17989], [106.79512, -6.17994], [106.79484, -6.18017], [106.79459, -6.18041], [106.79452790000005, -6.180496599999969], [106.79426, -6.18087], [106.79417, -6.181], [106.79402, -6.18121], [106.79349, -6.18201], [106.79334, -6.18224], [106.79331, -6.18231], [106.79325, -6.18234], [106.7932, -6.18239], [106.79314, -6.18244], [106.793, -6.18259], [106.79291, -6.18271], [106.79279, -6.18286], [106.79223, -6.18353], [106.79209, -6.18369], [106.79191, -6.18377], [106.79135, -6.18406], [106.79103, -6.18422], [106.79078, -6.18433], [106.7901, -6.18459], [106.78909, -6.18492], [106.78862, -6.18503], [106.7881, -6.18508], [106.78738, -6.18511], [106.78558, -6.18515], [106.78509, -6.18515], [106.78446, -6.18517], [106.78341, -6.18528], [106.78332, -6.18529], [106.78335, -6.18547], [106.78341, -6.18582], [106.78345, -6.18626], [106.78342, -6.18639], [106.78345, -6.18653], [106.78349, -6.18685], [106.78344, -6.1875], [106.78331, -6.18812], [106.78323, -6.18848], [106.78313, -6.18898], [106.783, -6.18922], [106.78253, -6.19026], [106.78244, -6.19051], [106.78239, -6.19074], [106.78235, -6.19098], [106.78228, -6.19148], [106.78227, -6.19166], [106.78223, -6.1921], [106.78223, -6.19267], [106.78221, -6.19323], [106.78219, -6.1933], [106.78216, -6.19343], [106.78212, -6.19367], [106.78209, -6.19417], [106.78207, -6.19487], [106.78207, -6.19517], [106.78211, -6.1956], [106.78218, -6.19652], [106.78218, -6.19658], [106.7822, -6.19709], [106.7822, -6.19719], [106.78222, -6.19755], [106.78223, -6.19786], [106.78226, -6.1981], [106.78228, -6.19855], [106.78229, -6.19884], [106.78235, -6.19938], [106.78239, -6.19975], [106.78243, -6.20007], [106.78252, -6.20097], [106.78259, -6.20142], [106.78261, -6.20157], [106.78264, -6.20193], [106.78265, -6.202], [106.78266, -6.20215], [106.7827, -6.20262], [106.78272, -6.20269], [106.78291, -6.20426], [106.78296, -6.20475], [106.78303, -6.2053], [106.78307, -6.20572], [106.78309, -6.20601], [106.78309, -6.20609], [106.78313, -6.2063], [106.78314, -6.20654], [106.78315, -6.20672], [106.78315, -6.206720099999927], [106.78397390000003, -6.206739499999969], [106.78452320000008, -6.20676519999995], [106.78487420000005, -6.206775199999981], [106.78520980000008, -6.206800499999929], [106.78599570000006, -6.206867699999975], [106.78632370000008, -6.20689729999998], [106.78656030000008, -6.20690639999998], [106.78692650000005, -6.206937799999935], [106.78732320000006, -6.207048499999928], [106.78756730000003, -6.207196799999963], [106.78773520000004, -6.207358899999974], [106.78782670000004, -6.207514299999957], [106.78784960000007, -6.207542], [106.78788010000005, -6.207598699999949], [106.78801750000008, -6.207742199999927], [106.78830740000006, -6.208046499999966], [106.78839130000006, -6.208157599999936], [106.788521, -6.208245799999929], [106.788994, -6.20849329999993], [106.78911610000006, -6.208500399999934], [106.789139, -6.208496899999943], [106.78918480000004, -6.208489899999961], [106.78938310000007, -6.208417399999973], [106.78952050000004, -6.208294899999942], [106.78958560000007, -6.208228599999927], [106.78993240000005, -6.207875299999955], [106.79045120000006, -6.207443799999965], [106.790848, -6.207501899999954], [106.79156510000007, -6.207625399999927], [106.79195420000008, -6.207694599999968], [106.79222130000005, -6.207747], [106.79238910000004, -6.207788], [106.79254170000007, -6.207828099999972], [106.79290790000005, -6.207795699999963], [106.79301470000007, -6.207775199999958], [106.79322070000006, -6.207762299999956], [106.79399890000008, -6.207702199999972], [106.79470080000004, -6.207666], [106.795006, -6.207643099999927], [106.79563160000004, -6.207614499999977], [106.796005, -6.207585299999948], [106.79605880000008, -6.20758109999997], [106.79619620000005, -6.206811], [106.79633350000006, -6.206266], [106.79646320000006, -6.205908799999975], [106.79658530000006, -6.205566899999951], [106.79659290000006, -6.205499199999963], [106.79685230000007, -6.204691399999945], [106.79689050000007, -6.20456889999997], [106.79714220000005, -6.204031], [106.79719560000007, -6.203915599999959], [106.79727960000008, -6.203800199999932], [106.79733290000007, -6.203727299999969], [106.79736350000007, -6.203672], [106.79756180000004, -6.203363], [106.79763050000008, -6.203266699999972], [106.79765340000006, -6.20324329999994], [106.79771440000007, -6.203137], [106.79784410000008, -6.202976699999965], [106.79803490000006, -6.202800299999979], [106.798134, -6.202681599999949], [106.79847740000008, -6.202384499999937], [106.79851550000006, -6.202352099999928], [106.79888170000004, -6.202107499999954], [106.798958, -6.202052099999946], [106.79906480000005, -6.20199539999993], [106.79937, -6.201698799999974], [106.799408, -6.201655599999981], [106.79940810000005, -6.201655399999936], [106.799431, -6.20150469999993], [106.79955310000008, -6.201114699999948], [106.799576, -6.201041699999962], [106.79961420000006, -6.201004099999977], [106.79982010000003, -6.200705599999935], [106.80008720000006, -6.200390399999947], [106.80029320000006, -6.200211099999933], [106.80056020000006, -6.200059], [106.80059830000005, -6.200037], [106.80075090000008, -6.199975499999937], [106.80142230000007, -6.199698], [106.80148330000009, -6.199669399999948], [106.80163590000006, -6.199593599999957], [106.801819, -6.199489599999936], [106.80262010000007, -6.199109599999929], [106.80266590000008, -6.19908339999995], [106.80287190000007, -6.198941699999978], [106.80300920000008, -6.198828299999946], [106.80313890000008, -6.198632299999929], [106.80344410000004, -6.198062399999969], [106.80356620000003, -6.197881299999949], [106.80361960000005, -6.197827399999937], [106.80368820000007, -6.197792099999958], [106.80411550000008, -6.197518899999977], [106.80428330000007, -6.197340499999939], [106.80429420000007, -6.197320099999956], [106.80432150000007, -6.19726849999995], [106.80440540000006, -6.197133099999974], [106.80451990000006, -6.196936599999958], [106.80463430000003, -6.19671539999996], [106.80479450000007, -6.196416399999976], [106.80480730000005, -6.196389599999975], [106.80480970000008, -6.196384499999965], [106.80508440000006, -6.195627299999956], [106.80509210000008, -6.19555239999994], [106.80527520000004, -6.19443659999996], [106.80527810000007, -6.194415699999979], [106.80535910000003, -6.193849099999966], [106.80542010000005, -6.193303599999979], [106.80547350000006, -6.192839599999957], [106.805504, -6.192757699999959], [106.805876, -6.191840099999979], [106.805916, -6.191741499999978], [106.80594660000008, -6.191695699999968], [106.80605340000005, -6.191471599999943], [106.80628220000006, -6.190882299999942], [106.80644250000006, -6.190351499999963], [106.806473, -6.190206599999954], [106.80651870000008, -6.189999099999966], [106.80672440000006, -6.189137199999948], [106.80672470000007, -6.189136099999928], [106.80674760000005, -6.189106], [106.80686210000005, -6.188994899999955], [106.80704520000006, -6.188932499999964], [106.80714440000008, -6.188900499999932], [106.80740370000007, -6.188871], [106.80796830000008, -6.18882039999994], [106.80808340000004, -6.188813399999958], [106.808304, -6.188799899999935], [106.80881520000008, -6.188734599999975], [106.80941030000008, -6.188698299999942], [106.80953240000008, -6.188697899999966], [106.81030290000007, -6.188678799999934], [106.81054710000006, -6.18870979999997], [106.81064920000006, -6.188722499999926], [106.81065390000003, -6.188723099999947], [106.81065670000004, -6.188697599999955], [106.81067680000007, -6.188517599999955], [106.81067680000007, -6.18834929999997], [106.81066150000004, -6.187994499999945], [106.81057760000004, -6.187417099999948], [106.81050130000006, -6.186839099999929], [106.81047080000008, -6.186313699999971], [106.81042480000008, -6.185812], [106.81040210000003, -6.185565], [106.81032640000006, -6.184964499999978], [106.81032580000004, -6.184959399999968], [106.81031060000004, -6.184790199999952], [106.81024190000005, -6.184120699999937], [106.81018090000003, -6.183512299999961], [106.81017640000005, -6.183420099999978], [106.81017350000008, -6.18335959999996], [106.81016690000007, -6.183221099999969], [106.81016560000006, -6.183194199999946], [106.81015870000004, -6.183115799999939], [106.81014230000005, -6.182929099999967], [106.81012670000007, -6.182750899999974], [106.81011980000005, -6.182673], [106.81005880000004, -6.182195699999966], [106.810013, -6.181501], [106.81001140000006, -6.181482], [106.80999820000005, -6.181330099999968], [106.80999770000005, -6.181325], [106.80998910000005, -6.181217], [106.80993670000004, -6.180560199999945], [106.80986040000005, -6.180111899999929], [106.809807, -6.179793399999937], [106.80978750000008, -6.17973429999995], [106.80973070000005, -6.179562099999941], [106.80963150000008, -6.179301799999962], [106.80947130000004, -6.179071], [106.80926530000005, -6.178825399999937], [106.80908990000006, -6.17859459999994], [106.80888390000007, -6.17832], [106.80862450000006, -6.177959], [106.80823540000006, -6.177410599999973], [106.80794540000005, -6.177008199999932], [106.80792840000004, -6.176985099999968], [106.80754870000004, -6.176470799999947], [106.80675520000005, -6.175383099999976], [106.80655690000003, -6.175094599999966], [106.80648060000004, -6.174923899999953], [106.80634330000004, -6.174740799999938], [106.80617540000009, -6.174478599999929], [106.80602850000008, -6.174252199999955], [106.80595420000009, -6.174137599999938], [106.80563370000004, -6.17371849999995], [106.80547350000006, -6.173492899999928], [106.805471, -6.173489299999972], [106.80547, -6.17349], [106.80536, -6.17357], [106.80526, -6.17366], [106.80518, -6.1737], [106.80466, -6.17406], [106.80399, -6.17451], [106.80338, -6.17485], [106.8031, -6.17496], [106.80254, -6.17527], [106.8024, -6.17536], [106.8023, -6.17545], [106.80216, -6.17557], [106.80193, -6.17573], [106.80144, -6.1761], [106.80102, -6.17643], [106.80081, -6.17657], [106.80039, -6.17683], [106.79987, -6.17719], [106.79892, -6.17789], [106.7984, -6.17823], [106.79792, -6.17852], [106.79759750000005, -6.178674499999943], [106.79744, -6.17875], [106.79738860000003, -6.178778], [106.79723610000008, -6.178861199999972], [106.79711, -6.17893], [106.79696390000004, -6.179003099999932], [106.79693, -6.17902], [106.79672, -6.17915], [106.79643, -6.17929], [106.79615340000004, -6.179408499999965], [106.79611990000006, -6.179422899999963]]] 
      }
    },
    {
      "type": "Feature",
      "properties": {
        "district_id": "3174040",
        "province": "DKI Jakarta",
        "regency": "Jakarta Barat",
        "district": "Grogol Petamburan",
        "pria": 0,
        "wanita": 0,
        "total_penduduk": 0
      },
      "geometry": {
        "type": "Polygon",
        "coordinates": [[[106.79429, -6.15208], [106.79426, -6.15202], [106.79413, -6.15172], [106.79375, -6.15111], [106.79324, -6.15025], [106.79289, -6.14959], [106.79266, -6.14918], [106.79216, -6.14821], [106.79165, -6.14722], [106.79132, -6.14656], [106.79078, -6.14553], [106.79011, -6.14431], [106.78963, -6.14332], [106.78941, -6.14288], [106.78917030000008, -6.142500499999926], [106.78896350000008, -6.142589599999951], [106.78854450000006, -6.142831699999931], [106.78852860000006, -6.142840899999953], [106.78815480000009, -6.143029299999966], [106.78805850000003, -6.143102399999975], [106.78800980000005, -6.143139399999939], [106.78785730000004, -6.143217599999957], [106.78754790000005, -6.143228099999931], [106.78733850000003, -6.143235299999958], [106.78623220000009, -6.143332499999929], [106.78549980000008, -6.143381599999941], [106.78466050000009, -6.143478399999935], [106.78393570000009, -6.143543299999976], [106.78381290000004, -6.143549], [106.78321860000005, -6.143576699999926], [106.78244040000004, -6.143642], [106.78190630000006, -6.143706399999928], [106.78159350000004, -6.143722599999933], [106.78112810000005, -6.143771199999946], [106.78062010000008, -6.143812899999944], [106.780617, -6.143813199999954], [106.780533, -6.14381979999996], [106.78031530000004, -6.143836], [106.779648, -6.143885699999942], [106.77924370000005, -6.143933799999957], [106.77867230000004, -6.143960799999945], [106.778557, -6.143966199999966], [106.77807640000009, -6.143967699999962], [106.77793220000007, -6.143987099999947], [106.77765680000005, -6.144024399999978], [106.77710740000003, -6.14410879999997], [106.77688620000004, -6.14417839999993], [106.77645130000008, -6.144455499999935], [106.776047, -6.144691], [106.77565020000009, -6.144940399999939], [106.77525350000008, -6.145217499999944], [106.77524530000005, -6.145218099999965], [106.77508780000005, -6.145231599999931], [106.77502, -6.14528], [106.77497, -6.14533], [106.7749, -6.14539], [106.77484, -6.14545], [106.77478, -6.14552], [106.77475, -6.14559], [106.7747, -6.14564], [106.77466, -6.14569], [106.77462, -6.14575], [106.77458, -6.14581], [106.77453, -6.14587], [106.77449, -6.14594], [106.77444, -6.14601], [106.77439, -6.14608], [106.77434, -6.14616], [106.77429, -6.14624], [106.77424, -6.14632], [106.77418, -6.1464], [106.77413, -6.14649], [106.77407, -6.14657], [106.77402, -6.14666], [106.77397, -6.14675], [106.77392, -6.14685], [106.77386, -6.14693], [106.77382, -6.14704], [106.77377, -6.14714], [106.77371, -6.14724], [106.77366, -6.14734], [106.77361, -6.14745], [106.77355, -6.14757], [106.77349, -6.14769], [106.77344, -6.14782], [106.77337, -6.14794], [106.7733, -6.14807], [106.77323, -6.1482], [106.77316, -6.14834], [106.77309, -6.14848], [106.77301, -6.14862], [106.77293, -6.14876], [106.77284, -6.1489], [106.77277, -6.14904], [106.77269, -6.14918], [106.77261, -6.14932], [106.77253, -6.14946], [106.77245, -6.1496], [106.77237, -6.14973], [106.7723, -6.14987], [106.77222, -6.14999], [106.77215, -6.15012], [106.77208, -6.15025], [106.772, -6.15039], [106.77194, -6.1505], [106.77186, -6.15063], [106.77179, -6.15076], [106.77172, -6.15089], [106.77164, -6.15102], [106.77157, -6.15115], [106.77149, -6.15128], [106.77142, -6.15141], [106.77135, -6.15154], [106.77128, -6.15166], [106.77122, -6.15178], [106.77115, -6.15188], [106.77111, -6.15199], [106.77104, -6.15208], [106.77099, -6.15217], [106.77093, -6.15227], [106.77088, -6.15235], [106.77083, -6.15244], [106.77078, -6.15253], [106.77073, -6.15261], [106.77068, -6.15271], [106.77063, -6.1528], [106.77058, -6.1529], [106.77053, -6.15299], [106.77048, -6.15309], [106.77043, -6.15319], [106.77038, -6.15329], [106.77031, -6.15339], [106.77025, -6.1535], [106.77019, -6.1536], [106.77013, -6.1537], [106.77007, -6.15381], [106.77001, -6.15391], [106.76995, -6.15402], [106.76988, -6.15412], [106.76982, -6.15421], [106.76976, -6.15432], [106.76969, -6.15442], [106.76963, -6.1545], [106.76957, -6.1546], [106.76952, -6.15469], [106.76947, -6.15477], [106.76942, -6.15484], [106.76938, -6.15491], [106.76934, -6.15497], [106.7693, -6.15503], [106.76925, -6.15511], [106.7692, -6.15518], [106.76916, -6.15526], [106.76909, -6.15536], [106.76905, -6.15545], [106.76901, -6.15552], [106.76897, -6.15559], [106.76893, -6.15566], [106.76889, -6.15574], [106.76884, -6.15583], [106.76879, -6.15592], [106.76874, -6.15602], [106.76868, -6.15612], [106.76862, -6.15622], [106.76857, -6.15632], [106.76852, -6.15642], [106.76847, -6.15651], [106.76842, -6.1566], [106.76838, -6.15668], [106.76834, -6.15675], [106.76831, -6.15681], [106.76827, -6.15687], [106.76824, -6.15692], [106.7682, -6.15701], [106.76815, -6.15708], [106.7681, -6.15716], [106.76803, -6.15725], [106.76799, -6.15732], [106.76796, -6.15737], [106.76792, -6.15744], [106.76787, -6.15751], [106.76783, -6.15758], [106.7678, -6.15763], [106.76776, -6.15772], [106.76769, -6.15783], [106.76765, -6.15789], [106.76774, -6.15798], [106.76783, -6.15805], [106.76797, -6.15813], [106.76831, -6.15835], [106.76871, -6.15875], [106.7688, -6.15895], [106.76898, -6.15933], [106.76907, -6.15962], [106.76913, -6.15983], [106.76957, -6.16091], [106.76966, -6.16107], [106.7698, -6.16118], [106.76989, -6.16126], [106.77063, -6.16165], [106.77144, -6.16193], [106.77229, -6.16225], [106.77236, -6.16227], [106.77323, -6.16264], [106.77381, -6.16288], [106.77402, -6.16296], [106.77511, -6.16337], [106.77564, -6.16357], [106.77587, -6.16367], [106.77614, -6.16379], [106.77682, -6.16404], [106.77706, -6.16413], [106.77719, -6.16422], [106.77725, -6.16425], [106.77756, -6.16436], [106.77767, -6.16439], [106.77776, -6.16442], [106.77821, -6.16461], [106.7788, -6.16486], [106.77894, -6.16488], [106.77923, -6.16496], [106.77941, -6.16502], [106.77951, -6.165], [106.77989, -6.16498], [106.78014, -6.16497], [106.78017, -6.1651], [106.78026, -6.16557], [106.78029, -6.16592], [106.78028, -6.16602], [106.78028, -6.16608], [106.78021, -6.16611], [106.78012, -6.16613], [106.78005, -6.16615], [106.77999, -6.16618], [106.77993, -6.16621], [106.77985, -6.16625], [106.77976, -6.16631], [106.77967, -6.16637], [106.7796, -6.16642], [106.77953, -6.16652], [106.77951, -6.16662], [106.77952, -6.1667], [106.77952, -6.16678], [106.77953, -6.16688], [106.77954, -6.16697], [106.77954, -6.16704], [106.77954, -6.1671], [106.77954, -6.16716], [106.77954, -6.16724], [106.77954, -6.16731], [106.77954, -6.16739], [106.77954, -6.16746], [106.77956, -6.16755], [106.77956, -6.16764], [106.77956, -6.16773], [106.77957, -6.16782], [106.77957, -6.1679], [106.77957, -6.168], [106.77958, -6.1681], [106.77958, -6.16819], [106.77958, -6.1683], [106.77959, -6.16841], [106.77959, -6.16851], [106.77959, -6.16862], [106.77959, -6.16872], [106.7796, -6.16883], [106.7796, -6.16894], [106.7796, -6.16904], [106.7796, -6.16914], [106.77961, -6.16924], [106.77961, -6.16933], [106.77961, -6.16942], [106.77961, -6.1695], [106.77961, -6.16959], [106.77961, -6.16966], [106.77962, -6.16977], [106.77962, -6.16986], [106.77962, -6.16995], [106.77962, -6.17001], [106.77962, -6.17008], [106.77962, -6.17015], [106.77962, -6.17022], [106.77962, -6.17031], [106.77962, -6.17041], [106.77962, -6.17052], [106.77962, -6.17062], [106.77962, -6.17069], [106.77963, -6.17076], [106.77963, -6.17084], [106.77963, -6.17091], [106.77963, -6.17099], [106.77963, -6.17107], [106.77963, -6.17115], [106.77963, -6.17122], [106.77963, -6.1713], [106.77964, -6.17138], [106.77964, -6.17146], [106.77964, -6.17153], [106.77964, -6.17161], [106.77964, -6.1717], [106.77964, -6.17177], [106.77965, -6.17186], [106.77965, -6.17195], [106.77965, -6.17204], [106.77965, -6.17212], [106.77965, -6.17223], [106.77966, -6.17232], [106.77966, -6.17241], [106.77966, -6.17252], [106.77966, -6.17261], [106.77967, -6.1727], [106.77967, -6.17278], [106.77967, -6.17287], [106.77967, -6.17295], [106.77967, -6.17302], [106.77967, -6.17309], [106.77968, -6.17316], [106.77968, -6.17322], [106.77968, -6.17332], [106.77968, -6.17341], [106.77968, -6.17349], [106.77968, -6.17356], [106.77968, -6.17363], [106.77968, -6.1737], [106.77968, -6.17381], [106.77968, -6.1739], [106.77968, -6.17397], [106.77968, -6.17404], [106.77968, -6.1741], [106.77968, -6.17416], [106.77968, -6.17424], [106.77968, -6.1743], [106.77968, -6.17438], [106.77968, -6.17448], [106.77968, -6.17458], [106.77968, -6.17465], [106.7797, -6.17474], [106.7797, -6.17483], [106.7797, -6.17492], [106.7797, -6.17502], [106.7797, -6.17513], [106.7797, -6.17523], [106.7797, -6.17534], [106.7797, -6.17545], [106.7797, -6.17556], [106.7797, -6.17566], [106.77971, -6.17576], [106.77971, -6.17587], [106.77971, -6.17598], [106.77971, -6.17608], [106.77971, -6.17617], [106.77971, -6.17627], [106.77972, -6.17637], [106.77972, -6.17646], [106.77972, -6.17655], [106.77972, -6.17665], [106.77972, -6.17674], [106.77972, -6.17683], [106.77973, -6.17692], [106.77973, -6.17701], [106.77973, -6.1771], [106.77973, -6.17719], [106.77973, -6.17728], [106.77973, -6.17736], [106.77973, -6.17746], [106.77974, -6.17756], [106.77974, -6.17765], [106.77974, -6.17775], [106.77974, -6.17784], [106.77974, -6.17794], [106.77974, -6.17804], [106.77974, -6.17813], [106.77974, -6.17823], [106.77974, -6.17833], [106.77975, -6.17843], [106.77975, -6.17854], [106.77975, -6.17862], [106.77975, -6.17872], [106.77975, -6.1788], [106.77975, -6.17889], [106.77975, -6.17896], [106.77975, -6.17904], [106.77975, -6.17911], [106.77975, -6.17918], [106.77976, -6.17925], [106.77976, -6.17932], [106.77976, -6.17939], [106.77976, -6.17946], [106.77976, -6.17953], [106.77976, -6.1796], [106.77976, -6.17966], [106.77976, -6.17973], [106.77976, -6.17982], [106.77976, -6.17992], [106.77976, -6.17998], [106.77977, -6.18007], [106.77978, -6.18017], [106.77981, -6.18026], [106.77986, -6.18036], [106.77989, -6.18042], [106.77992, -6.18048], [106.77994, -6.18054], [106.77997, -6.1806], [106.78, -6.18067], [106.78004, -6.18074], [106.78007, -6.18081], [106.7801, -6.18088], [106.78014, -6.18094], [106.78017, -6.181], [106.78021, -6.18108], [106.78024, -6.18114], [106.78028, -6.18121], [106.78031, -6.18127], [106.78034, -6.18133], [106.78037, -6.18138], [106.78041, -6.18147], [106.78045, -6.18154], [106.78049, -6.18162], [106.78053, -6.18169], [106.78056, -6.18176], [106.78061, -6.18183], [106.78064, -6.18191], [106.78068, -6.18197], [106.78073, -6.18205], [106.78078, -6.18214], [106.78082, -6.18222], [106.78087, -6.1823], [106.78091, -6.18238], [106.78095, -6.18245], [106.78099, -6.18255], [106.78104, -6.18265], [106.78109, -6.18273], [106.78113, -6.18282], [106.78117, -6.18289], [106.78122, -6.18297], [106.78125, -6.18303], [106.7813, -6.1831], [106.78134, -6.18318], [106.78139, -6.18326], [106.78145, -6.18336], [106.78148, -6.18341], [106.78152, -6.18348], [106.78156, -6.18355], [106.7816, -6.18362], [106.78164, -6.18369], [106.78168, -6.18376], [106.78172, -6.18383], [106.78175, -6.1839], [106.7818, -6.18398], [106.78183, -6.18405], [106.78187, -6.18413], [106.78191, -6.1842], [106.78196, -6.18428], [106.782, -6.18435], [106.78205, -6.18443], [106.78208, -6.18451], [106.78213, -6.18457], [106.78216, -6.18464], [106.78222, -6.18472], [106.78227, -6.18479], [106.78232, -6.18487], [106.78237, -6.18495], [106.78242, -6.18501], [106.78245, -6.18507], [106.78251, -6.18515], [106.78254, -6.18522], [106.78263, -6.18543], [106.78285, -6.18539], [106.78301, -6.18536], [106.7832, -6.18532], [106.78332, -6.18529], [106.78341, -6.18528], [106.78446, -6.18517], [106.78509, -6.18515], [106.78558, -6.18515], [106.78738, -6.18511], [106.7881, -6.18508], [106.78862, -6.18503], [106.78909, -6.18492], [106.7901, -6.18459], [106.79078, -6.18433], [106.79103, -6.18422], [106.79135, -6.18406], [106.79191, -6.18377], [106.79209, -6.18369], [106.79223, -6.18353], [106.79279, -6.18286], [106.79291, -6.18271], [106.793, -6.18259], [106.79314, -6.18244], [106.7932, -6.18239], [106.79325, -6.18234], [106.79331, -6.18231], [106.79334, -6.18224], [106.79349, -6.18201], [106.79402, -6.18121], [106.79417, -6.181], [106.79426, -6.18087], [106.79452790000005, -6.180496599999969], [106.79459, -6.18041], [106.79484, -6.18017], [106.79512, -6.17994], [106.79518, -6.17989], [106.79532, -6.17982], [106.79544, -6.17975], [106.79558, -6.17966], [106.79563730000007, -6.179635899999937], [106.79569970000006, -6.179609599999935], [106.79596, -6.1795], [106.79602090000009, -6.179469599999948], [106.79605230000004, -6.179453899999942], [106.79608, -6.17944], [106.79611990000006, -6.179422899999963], [106.79615340000004, -6.179408499999965], [106.79643, -6.17929], [106.79672, -6.17915], [106.79693, -6.17902], [106.79696390000004, -6.179003099999932], [106.79711, -6.17893], [106.79723610000008, -6.178861199999972], [106.79738860000003, -6.178778], [106.79744, -6.17875], [106.79759750000005, -6.178674499999943], [106.79792, -6.17852], [106.7984, -6.17823], [106.79892, -6.17789], [106.79987, -6.17719], [106.80039, -6.17683], [106.80081, -6.17657], [106.80102, -6.17643], [106.80144, -6.1761], [106.80193, -6.17573], [106.80216, -6.17557], [106.8023, -6.17545], [106.8024, -6.17536], [106.80254, -6.17527], [106.8031, -6.17496], [106.80338, -6.17485], [106.80399, -6.17451], [106.80466, -6.17406], [106.80518, -6.1737], [106.80526, -6.17366], [106.80536, -6.17357], [106.80547, -6.17349], [106.805471, -6.173489299999972], [106.80516840000007, -6.17305], [106.80485550000009, -6.172565], [106.80455040000004, -6.172106299999939], [106.80422230000005, -6.171660499999973], [106.80399340000008, -6.171311399999979], [106.80378740000003, -6.171032899999943], [106.80332970000006, -6.170346299999949], [106.80303210000005, -6.16990809999993], [106.80258960000003, -6.169301099999927], [106.80209370000006, -6.168584899999928], [106.80152910000004, -6.167769], [106.80118580000004, -6.167291199999966], [106.80094930000007, -6.166949799999941], [106.80078140000006, -6.166732799999977], [106.80053730000009, -6.166325099999938], [106.80030880000004, -6.16599], [106.80030840000006, -6.165989499999966], [106.80027030000008, -6.165930299999957], [106.800049, -6.165573199999926], [106.79972860000004, -6.165063399999951], [106.799538, -6.164719199999979], [106.79944630000006, -6.164553699999942], [106.79925560000004, -6.164158399999963], [106.79904960000005, -6.163724499999944], [106.79881310000007, -6.163112199999944], [106.79878910000008, -6.163036499999976], [106.79859940000006, -6.162437499999953], [106.79841630000004, -6.161994499999935], [106.79814930000003, -6.161384599999963], [106.79815130000009, -6.161383799999953], [106.79815, -6.16138], [106.79794, -6.16078], [106.79766, -6.16014], [106.79752, -6.15979], [106.79735, -6.15944], [106.79705, -6.1588], [106.79695, -6.15857], [106.79672, -6.15799], [106.79641, -6.15717], [106.79611, -6.15649], [106.79591, -6.15603], [106.79559, -6.15526], [106.79553, -6.15513], [106.79517, -6.15429], [106.79489, -6.15361], [106.79451, -6.15266], [106.79429, -6.15208]]] 
      }
    },
    {
      "type": "Feature",
      "properties": {
        "district_id": "3174050",
        "province": "DKI Jakarta",
        "regency": "Jakarta Barat",
        "district": "Tambora",
        "pria": 0,
        "wanita": 0,
        "total_penduduk": 0
      },
      "geometry": {
        "type": "Polygon",
        "coordinates": [[[106.79289, -6.14959], [106.79324, -6.15025], [106.79375, -6.15111], [106.79413, -6.15172], [106.79426, -6.15202], [106.79429, -6.15208], [106.79451, -6.15266], [106.79489, -6.15361], [106.79517, -6.15429], [106.79553, -6.15513], [106.79559, -6.15526], [106.79591, -6.15603], [106.79611, -6.15649], [106.79641, -6.15717], [106.79672, -6.15799], [106.79695, -6.15857], [106.79705, -6.1588], [106.79735, -6.15944], [106.79752, -6.15979], [106.79766, -6.16014], [106.79794, -6.16078], [106.79815, -6.16138], [106.79815130000009, -6.161383799999953], [106.79828660000004, -6.16132639999995], [106.79834770000008, -6.16129879999994], [106.79851550000006, -6.161240099999929], [106.79861470000009, -6.16118629999994], [106.80023980000004, -6.160474399999941], [106.80042040000006, -6.160357499999975], [106.80061360000008, -6.160232599999972], [106.80088060000008, -6.159955099999934], [106.80098740000005, -6.159786299999951], [106.80119340000005, -6.15938239999997], [106.80131550000004, -6.159009], [106.80137650000006, -6.158525499999939], [106.80138420000009, -6.15837769999996], [106.80139940000004, -6.158269], [106.80141470000007, -6.158127799999932], [106.80142990000007, -6.158043], [106.80143, -6.158043599999928], [106.80146050000008, -6.158316699999943], [106.80159020000008, -6.160112399999946], [106.80168940000004, -6.160141], [106.80177330000004, -6.160140099999978], [106.80181670000007, -6.160139799999968], [106.80184960000008, -6.16013959999998], [106.80197160000006, -6.160199199999965], [106.80204790000005, -6.160307399999965], [106.80218530000008, -6.160557299999937], [106.80238360000004, -6.160845299999949], [106.80259720000004, -6.161082799999974], [106.80274220000007, -6.161198199999944], [106.80309320000003, -6.161464199999955], [106.803261, -6.161539599999969], [106.80359670000007, -6.161657399999967], [106.80400870000005, -6.161744599999963], [106.80457180000008, -6.161797199999967], [106.80458090000008, -6.161798], [106.80470290000005, -6.161790899999971], [106.80542010000005, -6.161703099999954], [106.80545820000003, -6.161694599999976], [106.80580920000006, -6.161604], [106.80616780000008, -6.161570599999948], [106.80625760000004, -6.161566299999947], [106.80629750000008, -6.161564399999975], [106.80651870000008, -6.16153909999997], [106.80690780000003, -6.161502899999959], [106.80738090000006, -6.161454299999946], [106.80760980000008, -6.161421399999938], [106.80799890000009, -6.16138129999996], [106.80799990000008, -6.161381099999971], [106.80804350000005, -6.161371699999961], [106.80815910000007, -6.161347], [106.80846420000006, -6.161299799999938], [106.80869310000008, -6.161265399999934], [106.80922720000007, -6.161187699999971], [106.80957050000006, -6.161155699999938], [106.80970020000007, -6.16113809999996], [106.809731, -6.161127699999952], [106.80973840000007, -6.161125199999958], [106.81010460000005, -6.161022699999933], [106.81031060000004, -6.160922099999937], [106.81053940000004, -6.160847699999977], [106.81065390000003, -6.160836299999971], [106.81070020000004, -6.160828399999957], [106.81074, -6.16044], [106.81074, -6.16016], [106.81079, -6.15968], [106.8108, -6.15929], [106.81084, -6.15869], [106.81086, -6.15848], [106.81084, -6.15817], [106.81086, -6.15773], [106.81088, -6.1574], [106.81093, -6.15714], [106.81092, -6.15674], [106.81096, -6.15638], [106.81099, -6.15593], [106.81102, -6.15551], [106.81104, -6.15522], [106.81104, -6.15493], [106.81102, -6.15466], [106.81099, -6.15454], [106.81098, -6.15433], [106.81097, -6.15426], [106.81101, -6.15416], [106.8111, -6.15397], [106.81126, -6.15365], [106.81135, -6.15341], [106.81148, -6.15306], [106.81156, -6.15286], [106.81172, -6.15257], [106.81194, -6.15216], [106.81197, -6.15206], [106.81199, -6.15187], [106.81199, -6.15157], [106.81199, -6.15139], [106.81201, -6.15114], [106.81201, -6.15078], [106.81204, -6.15054], [106.81208, -6.15019], [106.81206, -6.1499], [106.81203, -6.14961], [106.81196, -6.14913], [106.81192, -6.14881], [106.81182, -6.14844], [106.81172, -6.14811], [106.81164, -6.14782], [106.8115, -6.14745], [106.81141, -6.14721], [106.81135, -6.14702], [106.81123, -6.14671], [106.81115, -6.14645], [106.81102, -6.1462], [106.8109, -6.14596], [106.8107, -6.14558], [106.81064, -6.14541], [106.81063, -6.14521], [106.81065, -6.14501], [106.81066, -6.14481], [106.81069, -6.14464], [106.81069, -6.1445], [106.81062, -6.1442], [106.81058, -6.14391], [106.81055, -6.14362], [106.81051, -6.14336], [106.8105, -6.14304], [106.81049, -6.14277], [106.81049, -6.14263], [106.81054, -6.14249], [106.81061, -6.14232], [106.81074, -6.14214], [106.81092, -6.14193], [106.81104, -6.14183], [106.81115, -6.14175], [106.81146, -6.14156], [106.81184, -6.14131], [106.81203, -6.14119], [106.81213, -6.14112], [106.81219, -6.14104], [106.8122, -6.14098], [106.81218, -6.14087], [106.81209, -6.14079], [106.81193, -6.14067], [106.8117, -6.14049], [106.81144, -6.14023], [106.81135, -6.1401], [106.81134, -6.14001], [106.81135, -6.13965], [106.81136, -6.1394], [106.81136, -6.13927], [106.8114, -6.13917], [106.81145, -6.13908], [106.8116, -6.13885], [106.81178, -6.13851], [106.81191, -6.13827], [106.81198, -6.13798], [106.81201, -6.13781], [106.81204, -6.13757], [106.81208, -6.13731], [106.81208, -6.13713], [106.81205, -6.137], [106.812, -6.1368], [106.81194, -6.13658], [106.81185, -6.13618], [106.81177, -6.13583], [106.81165, -6.13541], [106.81152, -6.13494], [106.8114, -6.13449], [106.81121, -6.13374], [106.81113, -6.13347], [106.81102, -6.13312], [106.81089, -6.13263], [106.81075, -6.13207], [106.81057, -6.13141], [106.81048, -6.13099], [106.81044110000005, -6.130844], [106.81044030000004, -6.130844199999956], [106.81037920000006, -6.130861299999935], [106.81031820000004, -6.130876599999965], [106.80991380000006, -6.130961899999932], [106.809601, -6.131054], [106.80954, -6.131069699999955], [106.80947890000004, -6.131084499999929], [106.809273, -6.131130299999938], [106.80899830000004, -6.13120269999996], [106.80818190000008, -6.13141829999995], [106.80782340000007, -6.131522699999948], [106.80706040000007, -6.131708699999933], [106.80702990000009, -6.131718199999966], [106.80698410000008, -6.131732499999941], [106.80668660000003, -6.131826], [106.80641190000006, -6.131888899999979], [106.80637380000007, -6.131898899999953], [106.80630510000009, -6.131916599999954], [106.80629950000008, -6.131917899999962], [106.80629490000007, -6.13191889999996], [106.80622120000004, -6.131936099999962], [106.80597710000006, -6.131985699999973], [106.80590080000007, -6.132011], [106.80577870000008, -6.132046799999955], [106.805649, -6.132083499999965], [106.805237, -6.132189799999935], [106.80432150000007, -6.132415799999933], [106.803116, -6.132729599999948], [106.80265060000005, -6.13284729999998], [106.80195640000005, -6.133082399999978], [106.80195090000007, -6.133086799999944], [106.801903, -6.133124899999927], [106.80114, -6.133650799999941], [106.80084250000004, -6.133993199999964], [106.80068220000004, -6.134215899999958], [106.80036180000008, -6.134900099999925], [106.80024740000005, -6.135266799999954], [106.80021690000007, -6.135601599999973], [106.80022450000007, -6.136482799999953], [106.80022450000007, -6.136511399999961], [106.80022450000007, -6.136590599999977], [106.80022450000007, -6.136601499999927], [106.80022450000007, -6.136681599999974], [106.800255, -6.137055], [106.80031610000009, -6.138061099999959], [106.80036180000008, -6.138977599999976], [106.80039240000008, -6.13965989999997], [106.8004, -6.139858799999956], [106.80049920000005, -6.141622599999948], [106.80050680000005, -6.141678899999931], [106.80051440000005, -6.141788499999961], [106.80051440000005, -6.141821899999968], [106.80052210000008, -6.141887199999928], [106.80037710000005, -6.141869099999951], [106.80036080000008, -6.141874199999961], [106.80020160000004, -6.141924399999937], [106.79997270000007, -6.141935899999964], [106.79977440000005, -6.141958299999942], [106.79927840000005, -6.14199739999998], [106.79899620000003, -6.142036499999961], [106.79865280000007, -6.142097], [106.798134, -6.142222899999979], [106.79785170000008, -6.142272499999933], [106.79744740000007, -6.142327799999975], [106.79733260000006, -6.142342599999949], [106.79710410000007, -6.142372199999954], [106.79688280000005, -6.142394599999932], [106.79664630000008, -6.142417], [106.79611990000006, -6.142461799999978], [106.79561640000009, -6.142504699999961], [106.79489920000009, -6.142563899999971], [106.79431940000006, -6.142617799999925], [106.79388450000005, -6.142650199999935], [106.79347250000006, -6.142687899999942], [106.793386, -6.142696099999966], [106.79308340000006, -6.142725], [106.79290790000005, -6.142736], [106.79240440000007, -6.142785099999969], [106.79217550000004, -6.142806599999972], [106.79201530000006, -6.142791799999941], [106.79160330000008, -6.142700699999978], [106.79113030000008, -6.142558599999973], [106.790703, -6.142411299999935], [106.79042490000006, -6.142358099999967], [106.79040950000007, -6.14235519999994], [106.79001070000004, -6.142329899999936], [106.78962550000006, -6.142397699999947], [106.78956140000008, -6.142412], [106.78917710000007, -6.142497599999956], [106.78917490000003, -6.142498499999931], [106.78917030000008, -6.142500499999926], [106.78941, -6.14288], [106.78963, -6.14332], [106.79011, -6.14431], [106.79078, -6.14553], [106.79132, -6.14656], [106.79165, -6.14722], [106.79216, -6.14821], [106.79266, -6.14918], [106.79289, -6.14959]]] 
      }
    },
    {
      "type": "Feature",
      "properties": {
        "district_id": "3174060",
        "province": "DKI Jakarta",
        "regency": "Jakarta Barat",
        "district": "Taman Sari",
        "pria": 0,
        "wanita": 0,
        "total_penduduk": 0
      },
      "geometry": {
        "type": "Polygon",
        "coordinates": [[[106.81172, -6.14811], [106.81182, -6.14844], [106.81192, -6.14881], [106.81196, -6.14913], [106.81203, -6.14961], [106.81206, -6.1499], [106.81208, -6.15019], [106.81204, -6.15054], [106.81201, -6.15078], [106.81201, -6.15114], [106.81199, -6.15139], [106.81199, -6.15157], [106.81199, -6.15187], [106.81197, -6.15206], [106.81194, -6.15216], [106.81172, -6.15257], [106.81156, -6.15286], [106.81148, -6.15306], [106.81135, -6.15341], [106.81126, -6.15365], [106.8111, -6.15397], [106.81101, -6.15416], [106.81097, -6.15426], [106.81098, -6.15433], [106.81099, -6.15454], [106.81102, -6.15466], [106.81104, -6.15493], [106.81104, -6.15522], [106.81102, -6.15551], [106.81099, -6.15593], [106.81096, -6.15638], [106.81092, -6.15674], [106.81093, -6.15714], [106.81088, -6.1574], [106.81086, -6.15773], [106.81084, -6.15817], [106.81086, -6.15848], [106.81084, -6.15869], [106.8108, -6.15929], [106.81079, -6.15968], [106.81074, -6.16016], [106.81074, -6.16044], [106.81070020000004, -6.160828399999957], [106.81070730000005, -6.160827199999972], [106.81075310000006, -6.160820099999967], [106.81085220000006, -6.160803899999962], [106.81108880000005, -6.160770499999956], [106.81149310000006, -6.16070179999997], [106.81185930000004, -6.160691299999939], [106.81192990000005, -6.160698399999944], [106.81195850000006, -6.160701299999971], [106.81237050000004, -6.160699399999942], [106.81256120000006, -6.16069989999994], [106.81268330000006, -6.160686], [106.81278250000008, -6.160677499999963], [106.81280720000007, -6.160675799999979], [106.81285880000007, -6.160672199999965], [106.81288930000005, -6.160669799999937], [106.81327080000005, -6.160641699999928], [106.81341570000006, -6.160626899999954], [106.81375140000006, -6.160574], [106.81514, -6.160432399999934], [106.81590290000008, -6.160253099999977], [106.81625390000005, -6.160195899999962], [106.81661240000005, -6.160125299999947], [106.81745930000005, -6.160008499999947], [106.81759660000006, -6.159977], [106.818123, -6.159891199999947], [106.818825, -6.159787699999981], [106.81901570000008, -6.159757199999945], [106.81901910000005, -6.159756699999946], [106.81918350000007, -6.159731399999941], [106.81928270000009, -6.159698499999934], [106.81967940000004, -6.15961029999994], [106.82028220000007, -6.159548299999926], [106.82034320000008, -6.159551199999953], [106.82063310000007, -6.159600799999964], [106.82091540000005, -6.159688499999959], [106.82148, -6.159863499999972], [106.82167070000008, -6.159957499999962], [106.821953, -6.160059499999932], [106.82200640000008, -6.160073299999965], [106.82234210000007, -6.160190599999964], [106.82289140000006, -6.160397599999953], [106.82330340000004, -6.160571599999969], [106.82348650000006, -6.160624499999926], [106.82364670000004, -6.160664099999963], [106.824013, -6.160785199999964], [106.82449360000004, -6.160967899999946], [106.82462330000004, -6.161022699999933], [106.82495140000009, -6.161120499999981], [106.82499710000008, -6.161132399999929], [106.82539390000005, -6.161280699999963], [106.82574480000005, -6.161405099999968], [106.82617210000006, -6.161579599999925], [106.82618760000008, -6.161584499999947], [106.82626360000006, -6.161608299999955], [106.82644670000008, -6.161656899999969], [106.82662980000003, -6.161723699999925], [106.82672990000003, -6.161756899999943], [106.82679770000004, -6.161779399999944], [106.82730120000008, -6.161973499999931], [106.82785050000007, -6.162134199999969], [106.82792680000006, -6.162141399999939], [106.82800310000005, -6.162163299999975], [106.82830830000006, -6.162252899999942], [106.82829120000008, -6.162224199999969], [106.82803370000005, -6.161790899999971], [106.82794210000009, -6.16162879999996], [106.827759, -6.161175799999967], [106.827614, -6.160705199999938], [106.82746910000009, -6.15994459999996], [106.82746140000006, -6.15980959999996], [106.82743090000008, -6.159036199999946], [106.827427, -6.158268699999951], [106.82742330000008, -6.157550399999934], [106.82742330000008, -6.157547], [106.82741570000007, -6.15723], [106.82740190000004, -6.156585899999925], [106.82737960000009, -6.155547099999978], [106.82737750000007, -6.155449499999975], [106.82734850000008, -6.154062099999976], [106.82733940000008, -6.153626499999973], [106.82729360000008, -6.152321399999948], [106.82724780000007, -6.151924199999939], [106.82723190000007, -6.151763599999981], [106.82712980000008, -6.150731199999939], [106.82711050000006, -6.150536099999954], [106.82694260000005, -6.149750799999936], [106.82689690000007, -6.149448899999925], [106.82682820000008, -6.148985899999957], [106.82679770000004, -6.148867199999927], [106.82677480000007, -6.148703599999976], [106.82672140000005, -6.148518099999933], [106.82671970000007, -6.148512399999959], [106.82664510000006, -6.14826249999993], [106.82655350000005, -6.14788539999995], [106.82633230000005, -6.147045699999978], [106.82619480000005, -6.146740399999942], [106.82598130000008, -6.146266499999967], [106.82547780000004, -6.145334799999944], [106.82517260000009, -6.14482309999994], [106.82498950000007, -6.144518399999981], [106.82484450000004, -6.144292399999927], [106.82480660000004, -6.144229499999938], [106.824074, -6.143015399999967], [106.82388320000007, -6.142705499999977], [106.82385270000009, -6.142658799999936], [106.82381280000004, -6.142610099999956], [106.82380690000008, -6.142603], [106.82377480000008, -6.142554099999927], [106.82376120000004, -6.142533399999934], [106.82320420000008, -6.141586299999972], [106.82263970000008, -6.14046529999996], [106.82260920000004, -6.140399499999944], [106.82256340000004, -6.140286], [106.82255350000008, -6.140262099999973], [106.82251760000008, -6.140174899999977], [106.82239550000008, -6.13978579999997], [106.822304, -6.139499199999932], [106.82219720000006, -6.139121599999953], [106.82212090000007, -6.138859799999977], [106.82202930000005, -6.138563199999965], [106.82183860000004, -6.137728699999968], [106.82179280000008, -6.137578499999961], [106.82164780000005, -6.137312899999927], [106.82138840000005, -6.136990599999933], [106.821274, -6.136870899999963], [106.82125110000004, -6.136878499999966], [106.82124430000005, -6.136880099999928], [106.82101850000004, -6.136694199999965], [106.820802, -6.136537699999963], [106.82046780000007, -6.136420899999962], [106.82005520000007, -6.136353499999927], [106.81985540000005, -6.136354199999971], [106.81982930000004, -6.136354299999937], [106.819584, -6.136394399999972], [106.81921110000008, -6.136464499999931], [106.81868130000004, -6.136584199999959], [106.81855080000008, -6.136615399999926], [106.818181, -6.136703799999964], [106.81762170000007, -6.136823699999979], [106.81719, -6.136913599999957], [106.81674550000008, -6.137063599999976], [106.81671920000008, -6.136811799999975], [106.81671550000004, -6.136750499999948], [106.81669640000007, -6.136432199999945], [106.81662770000008, -6.136135199999956], [106.81642930000004, -6.135310199999935], [106.81628, -6.134826099999941], [106.81624620000008, -6.134716599999933], [106.81603260000009, -6.133958399999926], [106.81579610000006, -6.133166799999969], [106.81573630000008, -6.132963], [106.81554430000006, -6.132309], [106.815346, -6.13151739999995], [106.815056, -6.130377799999962], [106.81503310000005, -6.13024189999993], [106.81497840000009, -6.130229899999961], [106.81494160000005, -6.130221899999981], [106.81481950000006, -6.130195699999945], [106.81472040000006, -6.130182299999944], [106.81428550000004, -6.130102199999953], [106.81376670000009, -6.130078399999945], [106.81354540000007, -6.130080799999973], [106.81318690000006, -6.130124199999955], [106.81256890000009, -6.130270499999938], [106.81197380000003, -6.130431699999974], [106.81189750000004, -6.130449299999952], [106.81184410000009, -6.130462199999954], [106.81054710000006, -6.130818899999952], [106.81051660000008, -6.130825099999981], [106.81044110000005, -6.130844], [106.81048, -6.13099], [106.81057, -6.13141], [106.81075, -6.13207], [106.81089, -6.13263], [106.81102, -6.13312], [106.81113, -6.13347], [106.81121, -6.13374], [106.8114, -6.13449], [106.81152, -6.13494], [106.81165, -6.13541], [106.81177, -6.13583], [106.81185, -6.13618], [106.81194, -6.13658], [106.812, -6.1368], [106.81205, -6.137], [106.81208, -6.13713], [106.81208, -6.13731], [106.81204, -6.13757], [106.81201, -6.13781], [106.81198, -6.13798], [106.81191, -6.13827], [106.81178, -6.13851], [106.8116, -6.13885], [106.81145, -6.13908], [106.8114, -6.13917], [106.81136, -6.13927], [106.81136, -6.1394], [106.81135, -6.13965], [106.81134, -6.14001], [106.81135, -6.1401], [106.81144, -6.14023], [106.8117, -6.14049], [106.81193, -6.14067], [106.81209, -6.14079], [106.81218, -6.14087], [106.8122, -6.14098], [106.81219, -6.14104], [106.81213, -6.14112], [106.81203, -6.14119], [106.81184, -6.14131], [106.81146, -6.14156], [106.81115, -6.14175], [106.81104, -6.14183], [106.81092, -6.14193], [106.81074, -6.14214], [106.81061, -6.14232], [106.81054, -6.14249], [106.81049, -6.14263], [106.81049, -6.14277], [106.8105, -6.14304], [106.81051, -6.14336], [106.81055, -6.14362], [106.81058, -6.14391], [106.81062, -6.1442], [106.81069, -6.1445], [106.81069, -6.14464], [106.81066, -6.14481], [106.81065, -6.14501], [106.81063, -6.14521], [106.81064, -6.14541], [106.8107, -6.14558], [106.8109, -6.14596], [106.81102, -6.1462], [106.81115, -6.14645], [106.81123, -6.14671], [106.81135, -6.14702], [106.81141, -6.14721], [106.8115, -6.14745], [106.81164, -6.14782], [106.81172, -6.14811]]] 
      }
    },
    {
      "type": "Feature",
      "properties": {
        "district_id": "3174070",
        "province": "DKI Jakarta",
        "regency": "Jakarta Barat",
        "district": "Cengkareng",
        "pria": 0,
        "wanita": 0,
        "total_penduduk": 0
      },
      "geometry": {
        "type": "Polygon",
        "coordinates": [[[106.71886, -6.15351], [106.71831, -6.15363], [106.71796, -6.15379], [106.71758, -6.15399], [106.71727, -6.15415], [106.71699, -6.15435], [106.71663, -6.15459], [106.7163, -6.15483], [106.71598, -6.15508], [106.71572, -6.15523], [106.71570070000007, -6.155246199999965], [106.71582, -6.15544], [106.71585, -6.1555], [106.71588, -6.15562], [106.71596, -6.15583], [106.71597910000008, -6.155976799999962], [106.71598870000008, -6.156050599999958], [106.71601150000004, -6.156396899999947], [106.71599670000006, -6.156757899999945], [106.71599640000005, -6.156765099999973], [106.71597540000005, -6.15696], [106.71596620000008, -6.157452599999942], [106.71596440000008, -6.157491399999969], [106.71594130000005, -6.157997599999931], [106.71594110000007, -6.158000399999935], [106.71581520000007, -6.157996899999944], [106.71528590000008, -6.15798209999997], [106.715268, -6.157981599999971], [106.71526530000006, -6.158175699999958], [106.71526090000003, -6.15849309999993], [106.71525770000005, -6.158721799999967], [106.71524620000008, -6.159551799999974], [106.71523940000009, -6.160046399999942], [106.71522920000007, -6.16077759999996], [106.715782, -6.160798799999952], [106.71637540000006, -6.160821699999929], [106.71637450000009, -6.160897], [106.71637, -6.16126], [106.71628, -6.16207], [106.71623920000008, -6.162574699999936], [106.7162, -6.16306], [106.71620470000005, -6.163096199999927], [106.71627, -6.1636], [106.71632410000007, -6.163824799999929], [106.71633140000006, -6.163855199999944], [106.71638370000005, -6.16407259999994], [106.71642820000005, -6.164283], [106.71648180000005, -6.164581099999964], [106.71653550000008, -6.164931799999977], [106.71657860000005, -6.165243499999974], [106.71659520000009, -6.165335699999957], [106.71661540000008, -6.165447899999947], [106.71660580000008, -6.165469599999938], [106.71659880000004, -6.165485599999954], [106.71650520000009, -6.165697199999954], [106.71648030000006, -6.165729099999965], [106.716407, -6.16586209999997], [106.71624970000005, -6.166002899999967], [106.71606620000006, -6.166187699999966], [106.71578640000007, -6.166372899999942], [106.71572080000004, -6.16640179999996], [106.71549050000004, -6.166536399999927], [106.71548820000004, -6.166537699999935], [106.71548190000004, -6.166541399999971], [106.71532550000006, -6.166631499999937], [106.71527020000008, -6.166672799999958], [106.715104, -6.166761], [106.71492160000008, -6.166853], [106.71490870000008, -6.166860099999951], [106.71478980000006, -6.166925499999934], [106.71471940000004, -6.16697419999997], [106.71468, -6.16699], [106.71463830000005, -6.167030199999942], [106.71457910000004, -6.167087299999935], [106.71450410000006, -6.167125099999964], [106.71448930000008, -6.167132599999945], [106.71438220000005, -6.16720179999993], [106.71434650000003, -6.167224899999951], [106.71424010000004, -6.167300799999964], [106.71408040000006, -6.167372399999977], [106.71391190000008, -6.167457499999955], [106.71376580000003, -6.167613599999925], [106.71366870000008, -6.167746299999976], [106.71363180000009, -6.167781699999978], [106.71362780000004, -6.167785599999945], [106.71361610000008, -6.167796899999928], [106.71359130000008, -6.167820699999936], [106.71352230000008, -6.167872199999977], [106.71348750000004, -6.168116899999973], [106.71342580000004, -6.168268299999966], [106.71343670000005, -6.168420799999978], [106.71341850000005, -6.168538399999932], [106.71340820000006, -6.168605399999933], [106.71340090000007, -6.168652499999951], [106.71336780000007, -6.168814299999951], [106.71335770000007, -6.168863199999976], [106.71327120000007, -6.169196799999952], [106.71323280000007, -6.169278199999951], [106.71312180000007, -6.169514199999981], [106.71309770000005, -6.169570399999941], [106.71303060000008, -6.169753899999932], [106.71286350000008, -6.170235399999967], [106.71279640000006, -6.170428899999933], [106.71279620000007, -6.170428799999968], [106.71258450000005, -6.171006099999943], [106.71250510000004, -6.171171799999968], [106.71245390000007, -6.171278499999971], [106.71243260000006, -6.171314], [106.71228990000009, -6.171473299999946], [106.71220010000008, -6.171567499999981], [106.71218360000006, -6.171584799999948], [106.71217920000004, -6.171586], [106.71204920000008, -6.171621], [106.71185040000006, -6.171666399999935], [106.71170380000007, -6.171709699999951], [106.71160650000007, -6.171728899999948], [106.71152610000007, -6.171843499999966], [106.71145160000003, -6.171949499999926], [106.71132790000007, -6.172125599999958], [106.71122840000004, -6.172291799999925], [106.71104680000008, -6.172528599999964], [106.71096080000007, -6.172662299999956], [106.71089520000004, -6.172764199999961], [106.71083750000008, -6.17285389999995], [106.71073290000004, -6.173047199999928], [106.71065750000008, -6.173242], [106.71065470000008, -6.17324919999993], [106.71061350000008, -6.173604], [106.71062590000008, -6.173691399999939], [106.71065610000005, -6.173904099999959], [106.71066270000006, -6.17395], [106.710561, -6.174031099999979], [106.71009810000004, -6.174204699999962], [106.71001940000008, -6.174231299999974], [106.70985160000004, -6.174287799999945], [106.7091, -6.17449], [106.70909420000004, -6.174489599999959], [106.70874970000006, -6.174582699999974], [106.70861460000003, -6.174607099999946], [106.708528, -6.174602599999957], [106.70847470000007, -6.174599899999976], [106.70847060000006, -6.174599299999954], [106.70815690000006, -6.174553], [106.70776690000008, -6.174464199999932], [106.70747290000008, -6.174387199999956], [106.707455, -6.174429199999963], [106.70728360000004, -6.174394799999959], [106.70718370000009, -6.17437469999993], [106.70716110000006, -6.174370199999942], [106.70706950000005, -6.174364599999933], [106.70687930000008, -6.174353099999962], [106.70668610000007, -6.174308799999949], [106.70668160000008, -6.174019499999929], [106.70664960000005, -6.174014799999952], [106.70655, -6.174], [106.70637980000004, -6.173857799999951], [106.70612770000008, -6.174004], [106.70599570000007, -6.174023299999931], [106.70590050000004, -6.174100099999976], [106.70575570000005, -6.174216699999931], [106.70566040000006, -6.174260799999956], [106.70555040000005, -6.174287299999946], [106.70543540000006, -6.17442989999995], [106.70529370000008, -6.174572699999942], [106.70521590000004, -6.174672799999939], [106.70521170000006, -6.174676399999953], [106.70505410000004, -6.174759299999948], [106.70498150000009, -6.174782], [106.70482340000007, -6.174778699999933], [106.70473440000006, -6.174752299999966], [106.70470460000007, -6.17478049999994], [106.70466360000006, -6.174819199999945], [106.70459930000004, -6.17482769999998], [106.70452590000008, -6.174837499999967], [106.70434820000008, -6.174842499999954], [106.70417450000008, -6.17470069999996], [106.70404920000004, -6.174774399999933], [106.70381390000006, -6.174868199999935], [106.70374840000005, -6.174840399999937], [106.703711, -6.174824499999943], [106.70353970000008, -6.174876199999972], [106.70348010000004, -6.174853599999949], [106.70338850000007, -6.174818899999934], [106.70327290000006, -6.174801399999978], [106.70318310000005, -6.174649099999954], [106.70291860000003, -6.174838699999952], [106.70283290000003, -6.174901399999953], [106.70278480000007, -6.174936499999944], [106.70277160000006, -6.174946199999965], [106.70265920000008, -6.175028399999974], [106.70250650000008, -6.17511049999996], [106.70227120000004, -6.175315], [106.70224720000004, -6.175335899999936], [106.70198780000004, -6.175535699999955], [106.70188710000008, -6.175611199999935], [106.70178940000005, -6.175684399999966], [106.70151470000008, -6.17589449999997], [106.70146460000007, -6.175933099999952], [106.70134180000008, -6.176027699999963], [106.70103670000009, -6.176299099999937], [106.70068570000007, -6.176540099999954], [106.700481, -6.176718699999981], [106.70021310000004, -6.17706979999997], [106.70024890000008, -6.177080199999978], [106.70042010000009, -6.177169], [106.70042440000009, -6.177171199999975], [106.70096610000007, -6.177458799999954], [106.70135520000008, -6.177548399999978], [106.70252250000004, -6.177996599999972], [106.70343040000006, -6.178420099999926], [106.70488760000006, -6.179064299999936], [106.70515460000007, -6.179230699999948], [106.70560470000004, -6.179436199999941], [106.70601670000008, -6.179685599999971], [106.70636770000004, -6.179903499999966], [106.70653080000005, -6.18001739999994], [106.70654190000005, -6.180025099999966], [106.70655080000006, -6.180031299999939], [106.70682550000004, -6.180213], [106.70724510000008, -6.180376099999933], [106.70755790000004, -6.180539599999975], [106.70803090000004, -6.180812399999979], [106.70854970000005, -6.181121399999938], [106.70888540000004, -6.181275399999947], [106.70916580000005, -6.181387099999938], [106.70917030000004, -6.181389], [106.71009090000007, -6.181756], [106.71086910000008, -6.182339699999943], [106.71145650000005, -6.182837499999948], [106.71212030000004, -6.183382], [106.71274590000007, -6.18385029999996], [106.71331040000007, -6.184294199999954], [106.71418780000005, -6.184969], [106.71495840000006, -6.185517799999957], [106.71706410000007, -6.186707], [106.717087, -6.187035099999946], [106.71715570000003, -6.187099], [106.71724720000009, -6.187182499999949], [106.71726250000006, -6.187397], [106.71730060000004, -6.187665], [106.71733880000005, -6.187977799999942], [106.71732190000006, -6.188088499999935], [106.71730820000005, -6.188178599999958], [106.71723960000008, -6.188386499999979], [106.717148, -6.188445099999967], [106.71703360000004, -6.188551399999938], [106.71696630000008, -6.188687499999958], [106.71696490000005, -6.18869019999994], [106.71696490000005, -6.188848], [106.71693440000007, -6.189027299999964], [106.71687470000006, -6.189082699999972], [106.71684290000007, -6.189112199999954], [106.71683580000007, -6.189114599999925], [106.71674260000009, -6.189146799999946], [106.71665210000003, -6.189178], [106.716675, -6.189446], [106.71648430000005, -6.189827899999955], [106.71648370000008, -6.189828899999952], [106.71668, -6.18977], [106.71668880000004, -6.189763199999959], [106.71681, -6.18967], [106.7169, -6.1895], [106.71697, -6.18942], [106.71711, -6.18923], [106.71722, -6.18909], [106.71734, -6.1888], [106.7174, -6.18853], [106.71745, -6.18832], [106.71751, -6.18824], [106.71777, -6.18803], [106.7179, -6.18784], [106.71801, -6.18778], [106.71813, -6.18777], [106.7187, -6.18779], [106.71888, -6.18776], [106.71902, -6.18773], [106.71916, -6.18765], [106.71942, -6.18749], [106.71975, -6.18734], [106.72011, -6.18719], [106.72044, -6.18709], [106.7209, -6.18684], [106.72104, -6.18688], [106.72118, -6.187], [106.72131, -6.18707], [106.72139, -6.18704], [106.72153, -6.1869], [106.72158, -6.18681], [106.72165, -6.18677], [106.72185, -6.18668], [106.72219, -6.18656], [106.72227, -6.18646], [106.72233, -6.18629], [106.72241, -6.18599], [106.72244, -6.18587], [106.72254, -6.18574], [106.7227, -6.18561], [106.7228, -6.18559], [106.72315, -6.18563], [106.72329, -6.18565], [106.72355, -6.1857], [106.72377, -6.18571], [106.72389, -6.1858], [106.72403, -6.18586], [106.7241, -6.18582], [106.72423, -6.18564], [106.72437, -6.18535], [106.72439, -6.18518], [106.72435, -6.18508], [106.72423, -6.18496], [106.72409, -6.1849], [106.72387, -6.18487], [106.72376, -6.18485], [106.72346, -6.18481], [106.72315, -6.18472], [106.72306, -6.18464], [106.72298, -6.18452], [106.72298, -6.18439], [106.72303, -6.18422], [106.72316, -6.184], [106.72323, -6.18382], [106.72333, -6.18364], [106.7234, -6.18364], [106.72355, -6.1837], [106.72396, -6.18388], [106.72406, -6.18387], [106.72415, -6.18386], [106.72425, -6.1838], [106.72432, -6.18369], [106.72437, -6.18352], [106.72432, -6.18331], [106.72427, -6.1832], [106.72409, -6.18295], [106.72406, -6.18264], [106.72415, -6.18256], [106.72427, -6.18252], [106.7244, -6.18245], [106.72463, -6.18235], [106.72487, -6.18222], [106.72488, -6.18213], [106.72484, -6.18198], [106.72472, -6.1818], [106.72446, -6.18144], [106.72441, -6.18125], [106.72445, -6.1811], [106.72455, -6.18096], [106.72466, -6.18087], [106.72478, -6.18082], [106.72488, -6.18087], [106.725067, -6.180994099999964], [106.72510530000005, -6.181019499999934], [106.72513330000004, -6.18100069999997], [106.72519, -6.18103], [106.72526, -6.18099], [106.72536, -6.18083], [106.72555510000007, -6.180580299999974], [106.72561, -6.18051], [106.72581, -6.18024], [106.72581, -6.18009], [106.72578, -6.18], [106.72573810000006, -6.179902799999979], [106.725678, -6.179783599999951], [106.72557850000004, -6.179764], [106.72550420000005, -6.179781], [106.72541960000007, -6.179800399999976], [106.72531220000008, -6.179816699999947], [106.72525950000005, -6.179807799999935], [106.72527, -6.17975], [106.72537, -6.17957], [106.72545, -6.1794], [106.72572, -6.17874], [106.72588, -6.17854], [106.72595, -6.17851], [106.72602, -6.17855], [106.72616640000007, -6.178696399999978], [106.72621, -6.17874], [106.72635, -6.17882], [106.7266, -6.17891], [106.72679, -6.17891], [106.72694, -6.17885], [106.72699, -6.17876], [106.727, -6.17863], [106.72696, -6.17844], [106.72688, -6.1783], [106.72680810000008, -6.178239099999928], [106.72677060000007, -6.178191799999979], [106.72670920000007, -6.178123], [106.72664290000006, -6.178048899999965], [106.72656, -6.17793], [106.7266, -6.1777], [106.72673, -6.17743], [106.72685, -6.17736], [106.72693530000004, -6.17736], [106.72695, -6.17736], [106.7271, -6.17743], [106.72717630000005, -6.177480799999955], [106.72723, -6.177569299999959], [106.72729850000007, -6.177608199999952], [106.72731370000008, -6.177616799999953], [106.72739730000006, -6.177628499999969], [106.72740060000007, -6.177626199999963], [106.72747, -6.17767], [106.72757, -6.17763], [106.72762, -6.17754], [106.72769, -6.17734], [106.7277, -6.17715], [106.7277, -6.17674], [106.72778, -6.17662], [106.72792020000009, -6.17651879999994], [106.72796, -6.17649], [106.72814, -6.17636], [106.72839, -6.17619], [106.72848870000007, -6.176116], [106.72851, -6.1761], [106.72859, -6.17604], [106.72871, -6.17596], [106.72897, -6.17576], [106.72907, -6.1758], [106.72933, -6.17592], [106.72943, -6.17588], [106.72955, -6.1758], [106.72959, -6.17571], [106.72957, -6.17559], [106.7295, -6.17551], [106.72938, -6.17545], [106.72909, -6.17529], [106.7291, -6.17523], [106.72916, -6.17516], [106.72926, -6.17512], [106.72942, -6.17511], [106.72964, -6.17515], [106.72981, -6.17524], [106.7299, -6.17535], [106.73003, -6.1756], [106.73011, -6.17569], [106.73024, -6.17574], [106.73047, -6.17586], [106.73058, -6.17598], [106.73069, -6.17607], [106.73083, -6.17609], [106.73093, -6.17604], [106.73101, -6.17595], [106.73101, -6.17585], [106.73096, -6.1756], [106.73087, -6.17538], [106.73076, -6.17511], [106.73079, -6.17503], [106.73092, -6.17494], [106.73112, -6.17486], [106.73148, -6.17469], [106.73185, -6.17444], [106.73192, -6.1743], [106.73192, -6.17416], [106.73186, -6.17414], [106.73148, -6.17404], [106.73146, -6.17394], [106.73148, -6.17385], [106.73156, -6.17383], [106.7317, -6.17378], [106.73176, -6.17369], [106.73182, -6.17343], [106.73183, -6.17335], [106.73191, -6.17291], [106.73207, -6.17273], [106.73217, -6.17269], [106.73227, -6.17272], [106.73239, -6.17273], [106.73246, -6.17275], [106.73255, -6.17269], [106.7326, -6.17259], [106.73268, -6.17244], [106.73277, -6.17225], [106.73286, -6.17221], [106.73306, -6.17211], [106.73321, -6.17196], [106.73328, -6.17178], [106.73335, -6.17162], [106.73342, -6.17153], [106.73349, -6.17152], [106.73363, -6.17154], [106.73405, -6.17172], [106.73425, -6.17177], [106.73434, -6.17174], [106.73439, -6.17166], [106.73439, -6.17157], [106.73435, -6.17133], [106.73443, -6.17126], [106.73453, -6.17121], [106.73472, -6.17112], [106.73507, -6.17091], [106.73511, -6.17097], [106.73511, -6.17105], [106.73512, -6.17118], [106.73518, -6.17123], [106.73527, -6.17122], [106.73544, -6.17114], [106.73569, -6.17097], [106.73571, -6.17089], [106.73566, -6.17077], [106.73556, -6.17068], [106.73544, -6.17054], [106.7354, -6.17041], [106.73541, -6.1703], [106.73548, -6.17015], [106.7356, -6.16998], [106.73571, -6.16992], [106.7358, -6.16996], [106.73594, -6.17012], [106.73607, -6.17026], [106.73622, -6.17033], [106.73641, -6.17034], [106.73654, -6.17029], [106.73679, -6.17017], [106.73718, -6.17002], [106.7375, -6.16989], [106.73762, -6.16991], [106.73777, -6.16999], [106.73781, -6.17007], [106.73779, -6.17022], [106.73779, -6.17045], [106.73785, -6.17054], [106.738, -6.17065], [106.73809, -6.17066], [106.7382, -6.17063], [106.73825, -6.17055], [106.73833, -6.17032], [106.73833, -6.17019], [106.73829, -6.17003], [106.7382, -6.1699], [106.73808, -6.16983], [106.73775, -6.16967], [106.73773, -6.16958], [106.73773, -6.16934], [106.73781, -6.16899], [106.73791, -6.16876], [106.738, -6.1687], [106.73812, -6.1687], [106.73828, -6.16875], [106.73845, -6.16888], [106.73857, -6.16904], [106.73857, -6.16914], [106.73853, -6.16975], [106.7386, -6.16979], [106.73871, -6.16979], [106.7388, -6.16976], [106.73893, -6.16964], [106.73897, -6.16952], [106.739, -6.16925], [106.73904, -6.1688], [106.73912, -6.16874], [106.73924, -6.16874], [106.73937, -6.1687], [106.7394, -6.16864], [106.73935, -6.16843], [106.73927, -6.16819], [106.73934, -6.16803], [106.73942, -6.16795], [106.73951, -6.16792], [106.73957, -6.16796], [106.7396, -6.16802], [106.73959, -6.16813], [106.7396, -6.16822], [106.73966, -6.16825], [106.73972, -6.16821], [106.73997, -6.16802], [106.74002, -6.16808], [106.74003, -6.16816], [106.74004, -6.1685], [106.74013, -6.16858], [106.74027, -6.16864], [106.74035, -6.16862], [106.74041, -6.16857], [106.74046, -6.16841], [106.74048, -6.16819], [106.74043, -6.16815], [106.74034, -6.16796], [106.74031, -6.16784], [106.74035, -6.16771], [106.74044, -6.16757], [106.74053, -6.16754], [106.74061, -6.16757], [106.74084, -6.16768], [106.74113, -6.16775], [106.74119, -6.16782], [106.74119, -6.16793], [106.74121, -6.16806], [106.74129, -6.1681], [106.74139, -6.16812], [106.74159, -6.16809], [106.74168, -6.168], [106.74175, -6.16789], [106.74175, -6.16769], [106.74172, -6.16755], [106.74167, -6.16739], [106.74173, -6.1673], [106.7425, -6.16656], [106.74259, -6.16649], [106.74274, -6.16646], [106.74288, -6.16649], [106.7431, -6.16655], [106.74333, -6.16654], [106.74377, -6.16649], [106.74379, -6.16636], [106.74385, -6.16602], [106.74395, -6.16595], [106.74405, -6.16597], [106.74409, -6.16604], [106.74408, -6.16615], [106.74408, -6.16636], [106.74415, -6.16653], [106.74436, -6.16669], [106.74453, -6.1667], [106.74462, -6.16664], [106.74492, -6.16639], [106.74502, -6.16643], [106.74524, -6.16651], [106.7454, -6.1665], [106.74552, -6.16644], [106.74566, -6.16631], [106.74568, -6.16622], [106.74565, -6.16609], [106.74561, -6.1659], [106.74565, -6.16578], [106.74573, -6.16568], [106.7458, -6.16567], [106.74589, -6.16573], [106.74607, -6.16593], [106.74622, -6.16609], [106.74637, -6.16603], [106.74654, -6.16596], [106.74669, -6.16588], [106.74672, -6.16582], [106.7467, -6.16573], [106.74658, -6.16559], [106.74648, -6.16549], [106.74645, -6.1654], [106.74644, -6.16534], [106.74645, -6.16525], [106.74646, -6.16519], [106.74651, -6.16511], [106.7466, -6.16504], [106.74668, -6.16502], [106.74675, -6.16502], [106.74682, -6.16506], [106.74688, -6.16519], [106.74694, -6.16533], [106.747, -6.16538], [106.74707, -6.16539], [106.74726, -6.16534], [106.7474, -6.16529], [106.74748, -6.1653], [106.74754, -6.16534], [106.74782, -6.16553], [106.74815, -6.16571], [106.74836, -6.16575], [106.74857, -6.16577], [106.74875, -6.1657], [106.74877, -6.16557], [106.74873, -6.16524], [106.74867, -6.16494], [106.74856, -6.16458], [106.74847, -6.1642], [106.74836, -6.16374], [106.7481, -6.16272], [106.74803, -6.16246], [106.74796, -6.16214], [106.74783, -6.1616], [106.74776, -6.16125], [106.74764, -6.16083], [106.74759, -6.16058], [106.74757, -6.1603], [106.74754, -6.16006], [106.74753, -6.15989], [106.74756, -6.15967], [106.74757, -6.1594], [106.74761, -6.1591], [106.74767, -6.15865], [106.7477, -6.15822], [106.74773, -6.15804], [106.74785, -6.15797], [106.75, -6.15792], [106.75141, -6.15801], [106.75296, -6.15796], [106.75341, -6.15801], [106.7542, -6.15813], [106.7544, -6.15817], [106.7548, -6.15826], [106.75561, -6.15842], [106.75576, -6.15845], [106.7559, -6.15848], [106.75615, -6.15853], [106.75653, -6.15861], [106.75708, -6.15872], [106.75752, -6.15882], [106.75795, -6.1589], [106.75919, -6.15916], [106.75926620000007, -6.159172699999942], [106.75928110000007, -6.159148899999934], [106.75932370000004, -6.159081], [106.75934230000007, -6.159051399999953], [106.75940730000008, -6.158955899999967], [106.75948050000005, -6.158848299999931], [106.75948880000004, -6.158836], [106.75955680000004, -6.158802699999967], [106.75966, -6.158752099999958], [106.75975330000006, -6.158706399999971], [106.75980490000006, -6.158704], [106.76004080000007, -6.158693299999925], [106.76015310000008, -6.158688199999972], [106.76024310000008, -6.158669199999963], [106.76028160000004, -6.158661], [106.76039140000006, -6.158637799999951], [106.76047970000008, -6.158619099999953], [106.76055520000006, -6.158603199999959], [106.76057790000004, -6.158598299999937], [106.76063390000007, -6.158591899999976], [106.76066160000005, -6.158588599999973], [106.76068430000004, -6.158586], [106.76068310000005, -6.158554799999933], [106.76068310000005, -6.158554699999968], [106.76065940000007, -6.158545], [106.76068220000008, -6.158531799999935], [106.76068070000008, -6.158492799999976], [106.76072750000009, -6.158378599999935], [106.76073790000004, -6.158351699999969], [106.76105850000005, -6.158444699999961], [106.76126740000007, -6.158626399999946], [106.76133420000008, -6.158684599999958], [106.76140320000007, -6.158705099999963], [106.76211460000007, -6.158781], [106.76243030000006, -6.158814599999971], [106.76263660000006, -6.158812599999976], [106.76294950000005, -6.158784099999934], [106.76305080000009, -6.158774899999969], [106.763129, -6.158767799999964], [106.76366030000008, -6.158857299999966], [106.76368220000006, -6.158861099999967], [106.76411190000005, -6.15902159999996], [106.76420990000008, -6.159058199999947], [106.76437990000005, -6.159146899999939], [106.76472050000007, -6.159324599999934], [106.76502350000004, -6.159522399999958], [106.76523990000004, -6.159616799999981], [106.765273, -6.159630899999968], [106.76554070000009, -6.159744699999976], [106.76562240000004, -6.159766699999977], [106.76583990000006, -6.159825299999966], [106.76601520000008, -6.159857399999964], [106.76610280000006, -6.159873399999981], [106.76622970000005, -6.159896599999968], [106.76661460000008, -6.159923599999956], [106.76685, -6.15981], [106.76689, -6.15974], [106.76693, -6.15968], [106.76698, -6.1596], [106.76701, -6.15953], [106.76705, -6.15948], [106.76709, -6.15939], [106.76713, -6.15932], [106.76716, -6.15923], [106.7672, -6.15914], [106.76722, -6.15907], [106.76725, -6.15899], [106.76728, -6.15887], [106.76732, -6.15879], [106.76733, -6.15871], [106.76737, -6.15861], [106.76739, -6.15853], [106.76742, -6.15847], [106.76745, -6.15838], [106.76748, -6.15828], [106.7675, -6.15822], [106.76753, -6.15813], [106.76757, -6.15805], [106.76762, -6.15796], [106.76765, -6.15789], [106.76769, -6.15783], [106.76776, -6.15772], [106.7678, -6.15763], [106.76783, -6.15758], [106.76787, -6.15751], [106.76792, -6.15744], [106.76796, -6.15737], [106.76799, -6.15732], [106.76803, -6.15725], [106.7681, -6.15716], [106.76815, -6.15708], [106.7682, -6.15701], [106.76824, -6.15692], [106.76827, -6.15687], [106.76831, -6.15681], [106.76834, -6.15675], [106.76838, -6.15668], [106.76842, -6.1566], [106.76847, -6.15651], [106.76852, -6.15642], [106.76857, -6.15632], [106.76862, -6.15622], [106.76868, -6.15612], [106.76874, -6.15602], [106.76879, -6.15592], [106.76884, -6.15583], [106.76889, -6.15574], [106.76893, -6.15566], [106.76897, -6.15559], [106.76901, -6.15552], [106.76905, -6.15545], [106.76909, -6.15536], [106.76916, -6.15526], [106.7692, -6.15518], [106.76925, -6.15511], [106.7693, -6.15503], [106.76934, -6.15497], [106.76938, -6.15491], [106.76942, -6.15484], [106.76947, -6.15477], [106.76952, -6.15469], [106.76957, -6.1546], [106.76963, -6.1545], [106.76969, -6.15442], [106.76976, -6.15432], [106.76982, -6.15421], [106.76988, -6.15412], [106.76995, -6.15402], [106.77001, -6.15391], [106.77007, -6.15381], [106.77013, -6.1537], [106.77019, -6.1536], [106.77025, -6.1535], [106.77031, -6.15339], [106.77038, -6.15329], [106.77043, -6.15319], [106.77048, -6.15309], [106.77053, -6.15299], [106.77058, -6.1529], [106.77063, -6.1528], [106.77068, -6.15271], [106.77073, -6.15261], [106.77078, -6.15253], [106.77083, -6.15244], [106.77088, -6.15235], [106.77093, -6.15227], [106.77099, -6.15217], [106.77104, -6.15208], [106.77111, -6.15199], [106.77115, -6.15188], [106.77122, -6.15178], [106.77128, -6.15166], [106.77135, -6.15154], [106.77142, -6.15141], [106.77149, -6.15128], [106.77157, -6.15115], [106.77164, -6.15102], [106.77172, -6.15089], [106.77179, -6.15076], [106.77186, -6.15063], [106.77194, -6.1505], [106.772, -6.15039], [106.77208, -6.15025], [106.77215, -6.15012], [106.77222, -6.14999], [106.7723, -6.14987], [106.77237, -6.14973], [106.77245, -6.1496], [106.77253, -6.14946], [106.77261, -6.14932], [106.77269, -6.14918], [106.77277, -6.14904], [106.77284, -6.1489], [106.77293, -6.14876], [106.77301, -6.14862], [106.77309, -6.14848], [106.77316, -6.14834], [106.77323, -6.1482], [106.7733, -6.14807], [106.77337, -6.14794], [106.77344, -6.14782], [106.77349, -6.14769], [106.77355, -6.14757], [106.77361, -6.14745], [106.77366, -6.14734], [106.77371, -6.14724], [106.77377, -6.14714], [106.77382, -6.14704], [106.77386, -6.14693], [106.77392, -6.14685], [106.77397, -6.14675], [106.77402, -6.14666], [106.77407, -6.14657], [106.77413, -6.14649], [106.77418, -6.1464], [106.77424, -6.14632], [106.77429, -6.14624], [106.77434, -6.14616], [106.77439, -6.14608], [106.77444, -6.14601], [106.77449, -6.14594], [106.77453, -6.14587], [106.77458, -6.14581], [106.77462, -6.14575], [106.77466, -6.14569], [106.7747, -6.14564], [106.77475, -6.14559], [106.77478, -6.14552], [106.77484, -6.14545], [106.7749, -6.14539], [106.77497, -6.14533], [106.77502, -6.14528], [106.77508780000005, -6.145231599999931], [106.77508560000007, -6.145231699999954], [106.77506620000008, -6.144934], [106.77514490000004, -6.144614399999966], [106.77524080000006, -6.144355799999971], [106.77526340000009, -6.144294699999932], [106.77531550000003, -6.143975299999966], [106.77533910000005, -6.143714099999954], [106.77534370000006, -6.143566799999974], [106.77534820000005, -6.143419799999947], [106.77532530000008, -6.142911], [106.77531730000004, -6.142648299999962], [106.77531040000008, -6.142418799999973], [106.77535910000006, -6.142107799999962], [106.77536250000009, -6.142086], [106.77550440000005, -6.141901099999927], [106.77552810000009, -6.141840499999944], [106.77545950000007, -6.141716499999973], [106.77521430000007, -6.141597599999955], [106.77504750000008, -6.141516699999954], [106.77488730000005, -6.14141369999993], [106.77475, -6.141342699999939], [106.77468120000009, -6.141347399999972], [106.77394260000005, -6.141398299999935], [106.77385730000009, -6.141404199999954], [106.77310960000005, -6.141472799999974], [106.77279680000004, -6.141485199999977], [106.77274340000008, -6.141485699999976], [106.77265190000008, -6.141469], [106.77249170000005, -6.141431399999931], [106.77218650000003, -6.141383699999949], [106.77212540000005, -6.141376499999978], [106.77172110000004, -6.141302099999962], [106.77124040000007, -6.141210099999967], [106.77104970000005, -6.141177699999957], [106.77095810000009, -6.141177199999959], [106.77079030000004, -6.14114], [106.77074450000003, -6.141128599999945], [106.77069110000008, -6.141110899999944], [106.77030960000008, -6.141050899999925], [106.770241, -6.141043199999956], [106.76989770000006, -6.140994099999944], [106.76916520000009, -6.140878699999973], [106.76906610000009, -6.140872], [106.768738, -6.140798099999927], [106.76837940000007, -6.140710399999932], [106.76822680000004, -6.140689899999927], [106.76821260000008, -6.14068409999993], [106.76801320000004, -6.140603599999963], [106.76699850000006, -6.140265], [106.76667810000004, -6.140163], [106.76615160000006, -6.13997459999996], [106.76612110000008, -6.139965099999927], [106.76570910000004, -6.139815399999975], [106.76545730000004, -6.139735299999927], [106.76483170000006, -6.139498699999933], [106.76404590000004, -6.139219299999979], [106.763756, -6.13913249999996], [106.76373310000008, -6.139125399999955], [106.76330590000003, -6.138971399999946], [106.763077, -6.138882699999954], [106.76265740000008, -6.138759199999981], [106.76196310000006, -6.138523099999929], [106.76181050000008, -6.138471599999946], [106.76107050000007, -6.138212199999941], [106.76072710000005, -6.138096399999938], [106.76020070000004, -6.13791139999995], [106.76002520000009, -6.137868399999945], [106.75917840000005, -6.13757709999993], [106.75864430000007, -6.137401099999977], [106.75843070000008, -6.137324399999954], [106.75790430000006, -6.137140799999941], [106.756943, -6.136803699999973], [106.75654620000006, -6.136663], [106.75614950000005, -6.136526599999968], [106.75589770000005, -6.136469399999953], [106.75451680000003, -6.135906699999964], [106.75446340000008, -6.135883799999931], [106.75389880000006, -6.13564109999993], [106.75378440000009, -6.135590599999944], [106.753052, -6.135282099999927], [106.75289170000008, -6.135187199999962], [106.75283830000006, -6.135155199999929], [106.75268570000009, -6.135067499999934], [106.75268210000007, -6.135065399999974], [106.75255240000007, -6.134992899999929], [106.75254080000008, -6.134986399999946], [106.75247980000006, -6.134947299999965], [106.75240580000008, -6.134905899999978], [106.75233430000009, -6.134872499999972], [106.75232010000008, -6.134865899999966], [106.752241, -6.13482659999994], [106.751877, -6.134721299999967], [106.75142690000007, -6.134583499999962], [106.75139740000009, -6.134578499999975], [106.75123620000005, -6.134551099999953], [106.75085470000005, -6.134427099999925], [106.75069010000004, -6.134334], [106.75067550000006, -6.134329499999978], [106.75026760000009, -6.134111399999938], [106.75018090000003, -6.134065], [106.74980970000007, -6.133828599999958], [106.74979810000008, -6.133819099999926], [106.749486, -6.13356349999998], [106.74931010000006, -6.133388599999932], [106.74917160000007, -6.13325089999995], [106.74896260000008, -6.132960799999978], [106.74887870000003, -6.132899799999961], [106.74856590000007, -6.132729599999948], [106.74845170000003, -6.132646699999952], [106.74836750000009, -6.13258559999997], [106.74832920000006, -6.132551199999966], [106.74811480000005, -6.132398899999941], [106.74810220000006, -6.132387699999981], [106.74767670000006, -6.132010699999967], [106.74721020000004, -6.131660499999953], [106.74703240000008, -6.131552199999931], [106.74691790000008, -6.131503099999975], [106.74671190000004, -6.131407299999978], [106.74649830000004, -6.131265199999973], [106.74575060000006, -6.130718199999933], [106.74565140000004, -6.13064479999997], [106.74515550000007, -6.130283399999939], [106.74486560000008, -6.130092599999955], [106.74475880000006, -6.130022099999962], [106.74419420000004, -6.12964489999996], [106.74413320000008, -6.129606199999955], [106.74385090000004, -6.129463699999974], [106.74306510000008, -6.129120799999953], [106.74221890000007, -6.128715399999976], [106.74171470000005, -6.128473799999938], [106.74160390000009, -6.12842749999993], [106.74149250000005, -6.128381], [106.74148740000004, -6.128378299999952], [106.74144, -6.128358399999968], [106.74140950000009, -6.128347899999937], [106.741379, -6.128334499999937], [106.74110430000007, -6.128195299999959], [106.74077630000005, -6.12804559999995], [106.74003620000008, -6.127696499999956], [106.73989620000003, -6.127617499999928], [106.73911420000007, -6.127176099999929], [106.73862110000005, -6.126897699999972], [106.73861720000008, -6.126895499999932], [106.73847220000005, -6.126796299999967], [106.73828830000008, -6.12666889999997], [106.737772, -6.126311399999963], [106.73766110000008, -6.126234499999953], [106.737568, -6.126170099999968], [106.73752610000008, -6.126141099999927], [106.73740470000007, -6.126052499999957], [106.73717520000008, -6.125885], [106.73696920000003, -6.125725299999942], [106.73661820000007, -6.125457799999936], [106.73632830000008, -6.125252299999943], [106.73628250000007, -6.125215499999968], [106.73604990000007, -6.125034], [106.73585960000008, -6.124911099999963], [106.73562090000007, -6.124729099999968], [106.735574, -6.124693399999956], [106.73508850000007, -6.124314699999957], [106.73457440000004, -6.123917199999937], [106.73445260000005, -6.123828], [106.73439360000003, -6.123784699999931], [106.73401270000005, -6.123472299999946], [106.73379390000008, -6.123349499999961], [106.73355630000003, -6.123293199999978], [106.733252, -6.123161099999948], [106.733033, -6.122971699999937], [106.73288030000003, -6.122744099999977], [106.73268980000006, -6.122564099999977], [106.73245160000005, -6.122317799999962], [106.73222310000006, -6.122109399999943], [106.73209920000005, -6.121986199999981], [106.731949, -6.121855299999936], [106.73188040000008, -6.121795199999951], [106.73159050000004, -6.121553899999981], [106.73158840000008, -6.121552099999974], [106.73132, -6.12191], [106.73114, -6.12224], [106.73087, -6.12278], [106.73053, -6.12348], [106.7305, -6.12357], [106.7303, -6.1241], [106.73028680000004, -6.124152899999956], [106.72989240000004, -6.123910399999943], [106.72895330000006, -6.123188], [106.72890520000004, -6.12322729999994], [106.72853230000004, -6.123531899999932], [106.72844680000009, -6.123756599999979], [106.72768790000003, -6.12372449999998], [106.72726550000004, -6.123857599999951], [106.72712130000008, -6.123941799999955], [106.72699470000003, -6.124015699999973], [106.72672760000006, -6.124171599999954], [106.72669850000005, -6.124188599999968], [106.72666880000008, -6.124206], [106.72626880000007, -6.124426899999946], [106.72588960000007, -6.124636299999963], [106.72516540000004, -6.125036399999942], [106.72483910000005, -6.125216599999931], [106.72459010000006, -6.125354099999981], [106.72450260000005, -6.12544459999998], [106.72424280000007, -6.125713099999928], [106.72423550000008, -6.125703099999953], [106.72413990000007, -6.125819399999955], [106.72399670000004, -6.125967399999979], [106.72386770000008, -6.126100799999961], [106.72372930000006, -6.12606169999998], [106.72345250000006, -6.125983499999961], [106.72337230000005, -6.125939199999948], [106.72333990000004, -6.125932899999952], [106.72317850000007, -6.125901099999965], [106.723161, -6.125895799999967], [106.72315670000006, -6.125896299999965], [106.72311770000005, -6.125900799999954], [106.72310210000006, -6.125902699999926], [106.72292180000005, -6.125953899999956], [106.72283310000006, -6.125972299999944], [106.72249820000008, -6.126041899999962], [106.72235210000008, -6.126088899999957], [106.72227670000007, -6.126113199999963], [106.72224630000005, -6.126123], [106.722211, -6.126134399999955], [106.72221050000007, -6.126134799999932], [106.72204810000005, -6.126266499999929], [106.72179180000006, -6.126513699999975], [106.72167320000005, -6.126628], [106.721506, -6.126737], [106.72150470000008, -6.126739199999975], [106.72149980000006, -6.126741599999946], [106.72144280000003, -6.126786299999935], [106.72138410000008, -6.126823299999955], [106.72134520000009, -6.12684779999995], [106.72130340000007, -6.126874199999975], [106.72127510000007, -6.126892], [106.72114660000005, -6.126918099999955], [106.72112910000004, -6.126921699999968], [106.72111770000004, -6.126924], [106.72104040000005, -6.126917899999967], [106.72094, -6.12691], [106.72085250000003, -6.126836399999945], [106.720639, -6.126656699999955], [106.72063380000009, -6.126652299999932], [106.72061090000005, -6.126653699999963], [106.72059460000008, -6.12665469999996], [106.720534, -6.126627], [106.72048750000005, -6.126603799999941], [106.72042460000006, -6.126634299999978], [106.72035130000006, -6.126669799999945], [106.72030120000005, -6.126694099999952], [106.72028940000007, -6.126699799999926], [106.72021590000008, -6.126735399999973], [106.72018650000007, -6.126764299999934], [106.720056, -6.126892], [106.72002310000005, -6.126924299999928], [106.71989230000008, -6.127052299999946], [106.71987440000004, -6.127069799999958], [106.71984750000007, -6.127108], [106.719824, -6.127141499999937], [106.71971390000004, -6.127298099999962], [106.71960350000006, -6.127455199999929], [106.71958070000005, -6.127488599999936], [106.71955090000006, -6.127535299999977], [106.71949740000008, -6.127611099999967], [106.71947470000003, -6.127643299999932], [106.71938250000005, -6.127779799999928], [106.719339, -6.127843799999937], [106.71921240000006, -6.128011899999933], [106.71914330000004, -6.128103599999974], [106.71909, -6.128174399999978], [106.719068, -6.128203599999949], [106.71900690000007, -6.128291], [106.71884240000009, -6.128526099999931], [106.718842, -6.128526699999952], [106.718707, -6.128705099999934], [106.71856670000005, -6.128796899999941], [106.71852, -6.128869], [106.7184, -6.129054599999961], [106.71832560000007, -6.129007599999966], [106.71820340000005, -6.12887939999996], [106.71799330000005, -6.129039499999976], [106.71812980000004, -6.129227499999956], [106.71821720000008, -6.129337], [106.718261, -6.129391899999973], [106.71797310000005, -6.129537699999958], [106.71774390000007, -6.129672599999935], [106.71753280000007, -6.129854], [106.71707430000004, -6.130343299999936], [106.71672180000007, -6.13060969999998], [106.71643620000003, -6.13090219999998], [106.71664520000007, -6.131173], [106.71678140000006, -6.131327599999963], [106.71706780000005, -6.131652699999961], [106.71717840000008, -6.131778199999928], [106.717172, -6.131784399999958], [106.71752380000004, -6.13220739999997], [106.71765550000003, -6.132365799999945], [106.71768670000006, -6.132403299999964], [106.71767540000008, -6.132409799999948], [106.71832240000003, -6.133097], [106.71850810000007, -6.133294399999954], [106.71851920000006, -6.133327699999938], [106.718327, -6.133509699999934], [106.71812040000003, -6.133705299999974], [106.71810350000004, -6.133721299999934], [106.71834880000006, -6.133959199999936], [106.71847280000009, -6.134101799999939], [106.71815830000008, -6.134415399999966], [106.71806320000007, -6.134510299999931], [106.71757840000004, -6.134511799999927], [106.717565, -6.135324399999945], [106.71755420000005, -6.135717499999942], [106.71726180000007, -6.135812199999975], [106.71718380000004, -6.135832], [106.71675490000007, -6.135940699999935], [106.71664530000004, -6.136021699999958], [106.71648070000003, -6.136136099999931], [106.71648130000005, -6.136149899999964], [106.71650160000007, -6.136622299999942], [106.71650060000007, -6.136622299999942], [106.71649550000006, -6.136793699999942], [106.71649350000007, -6.136860499999955], [106.71650590000007, -6.137045099999966], [106.71646010000006, -6.137197399999934], [106.71646690000006, -6.137462], [106.71654180000007, -6.137496], [106.71654240000004, -6.137501199999974], [106.716467, -6.13746649999996], [106.71647990000008, -6.137970699999926], [106.71648080000006, -6.137978799999928], [106.71648530000004, -6.138019899999961], [106.71653340000006, -6.138457899999935], [106.71656880000006, -6.138579], [106.71667960000008, -6.138958099999968], [106.71668740000007, -6.138985], [106.71677510000006, -6.139507699999967], [106.71684660000005, -6.13993389999996], [106.71685530000008, -6.139985899999942], [106.71685560000009, -6.139988599999981], [106.71692060000004, -6.140536699999927], [106.71699620000004, -6.141175], [106.71708290000004, -6.141907099999969], [106.71708760000007, -6.141906699999936], [106.71715050000006, -6.14247469999998], [106.717164, -6.142596599999933], [106.71716420000007, -6.14259809999993], [106.71714880000007, -6.142597199999955], [106.71717370000005, -6.142861699999969], [106.71717470000004, -6.142867099999933], [106.717175, -6.142868399999941], [106.71717540000009, -6.142871], [106.71719990000008, -6.143000399999949], [106.71724320000004, -6.14331089999996], [106.717244, -6.143318399999941], [106.71726050000007, -6.143319499999961], [106.71738150000004, -6.143327], [106.71759030000004, -6.143339899999944], [106.71780110000009, -6.14333929999998], [106.71802710000009, -6.143406299999981], [106.71818540000004, -6.143473599999936], [106.71813280000003, -6.14362], [106.71803910000006, -6.143966], [106.71798170000005, -6.144194699999957], [106.71785460000007, -6.14470069999993], [106.71785760000006, -6.14470149999994], [106.71793410000004, -6.144718099999977], [106.7179, -6.14484], [106.71781750000008, -6.145392499999957], [106.7178, -6.14551], [106.71778, -6.14565], [106.71777, -6.14644], [106.71789, -6.14722], [106.71791, -6.14736], [106.71797, -6.14792], [106.71799, -6.14801], [106.71806, -6.14849], [106.71823, -6.15012], [106.71825, -6.15028], [106.71835, -6.15114], [106.71845, -6.15199], [106.71855, -6.15265], [106.71863, -6.15283], [106.71867, -6.15295], [106.71876, -6.15323], [106.71886, -6.15351]]] 
      }
    },
    {
      "type": "Feature",
      "properties": {
        "district_id": "3174080",
        "province": "DKI Jakarta",
        "regency": "Jakarta Barat",
        "district": "Kali Deres",
        "pria": 0,
        "wanita": 0,
        "total_penduduk": 0
      },
      "geometry": {
        "type": "Polygon",
        "coordinates": [[[106.71797, -6.14792], [106.71791, -6.14736], [106.71789, -6.14722], [106.71777, -6.14644], [106.71778, -6.14565], [106.7178, -6.14551], [106.71781750000008, -6.145392499999957], [106.7179, -6.14484], [106.71793410000004, -6.144718099999977], [106.71785760000006, -6.14470149999994], [106.71785460000007, -6.14470069999993], [106.71798170000005, -6.144194699999957], [106.71803910000006, -6.143966], [106.71813280000003, -6.14362], [106.71818540000004, -6.143473599999936], [106.71802710000009, -6.143406299999981], [106.71780110000009, -6.14333929999998], [106.71759030000004, -6.143339899999944], [106.71738150000004, -6.143327], [106.71726050000007, -6.143319499999961], [106.717244, -6.143318399999941], [106.71724320000004, -6.14331089999996], [106.71719990000008, -6.143000399999949], [106.71717540000009, -6.142871], [106.717175, -6.142868399999941], [106.71717470000004, -6.142867099999933], [106.71717370000005, -6.142861699999969], [106.71714880000007, -6.142597199999955], [106.71716420000007, -6.14259809999993], [106.717164, -6.142596599999933], [106.71715050000006, -6.14247469999998], [106.71708760000007, -6.141906699999936], [106.71708290000004, -6.141907099999969], [106.71699620000004, -6.141175], [106.71692060000004, -6.140536699999927], [106.71685560000009, -6.139988599999981], [106.71685530000008, -6.139985899999942], [106.71684660000005, -6.13993389999996], [106.71677510000006, -6.139507699999967], [106.71668740000007, -6.138985], [106.71667960000008, -6.138958099999968], [106.71656880000006, -6.138579], [106.71653340000006, -6.138457899999935], [106.71648530000004, -6.138019899999961], [106.71648080000006, -6.137978799999928], [106.71647990000008, -6.137970699999926], [106.716467, -6.13746649999996], [106.71654240000004, -6.137501199999974], [106.71654180000007, -6.137496], [106.71646690000006, -6.137462], [106.71646010000006, -6.137197399999934], [106.71650590000007, -6.137045099999966], [106.71649350000007, -6.136860499999955], [106.71649550000006, -6.136793699999942], [106.71650060000007, -6.136622299999942], [106.71650160000007, -6.136622299999942], [106.71648130000005, -6.136149899999964], [106.71648070000003, -6.136136099999931], [106.71664530000004, -6.136021699999958], [106.71675490000007, -6.135940699999935], [106.71718380000004, -6.135832], [106.71726180000007, -6.135812199999975], [106.71755420000005, -6.135717499999942], [106.717565, -6.135324399999945], [106.71757840000004, -6.134511799999927], [106.71806320000007, -6.134510299999931], [106.71815830000008, -6.134415399999966], [106.71847280000009, -6.134101799999939], [106.71834880000006, -6.133959199999936], [106.71810350000004, -6.133721299999934], [106.71812040000003, -6.133705299999974], [106.718327, -6.133509699999934], [106.71851920000006, -6.133327699999938], [106.71850810000007, -6.133294399999954], [106.71832240000003, -6.133097], [106.71767540000008, -6.132409799999948], [106.71768670000006, -6.132403299999964], [106.71765550000003, -6.132365799999945], [106.71752380000004, -6.13220739999997], [106.717172, -6.131784399999958], [106.71717840000008, -6.131778199999928], [106.71706780000005, -6.131652699999961], [106.71678140000006, -6.131327599999963], [106.71664520000007, -6.131173], [106.71643620000003, -6.13090219999998], [106.71672180000007, -6.13060969999998], [106.71707430000004, -6.130343299999936], [106.71753280000007, -6.129854], [106.71774390000007, -6.129672599999935], [106.71797310000005, -6.129537699999958], [106.718261, -6.129391899999973], [106.71821720000008, -6.129337], [106.71812980000004, -6.129227499999956], [106.71799330000005, -6.129039499999976], [106.71820340000005, -6.12887939999996], [106.71832560000007, -6.129007599999966], [106.7184, -6.129054599999961], [106.71852, -6.128869], [106.71856670000005, -6.128796899999941], [106.718707, -6.128705099999934], [106.718842, -6.128526699999952], [106.71884240000009, -6.128526099999931], [106.71900690000007, -6.128291], [106.719068, -6.128203599999949], [106.71909, -6.128174399999978], [106.71914330000004, -6.128103599999974], [106.71921240000006, -6.128011899999933], [106.719339, -6.127843799999937], [106.71938250000005, -6.127779799999928], [106.71947470000003, -6.127643299999932], [106.71949740000008, -6.127611099999967], [106.71955090000006, -6.127535299999977], [106.71958070000005, -6.127488599999936], [106.71960350000006, -6.127455199999929], [106.71971390000004, -6.127298099999962], [106.719824, -6.127141499999937], [106.71984750000007, -6.127108], [106.71987440000004, -6.127069799999958], [106.71989230000008, -6.127052299999946], [106.72002310000005, -6.126924299999928], [106.720056, -6.126892], [106.72018650000007, -6.126764299999934], [106.72021590000008, -6.126735399999973], [106.72028940000007, -6.126699799999926], [106.72030120000005, -6.126694099999952], [106.72035130000006, -6.126669799999945], [106.72042460000006, -6.126634299999978], [106.72048750000005, -6.126603799999941], [106.720534, -6.126627], [106.72059460000008, -6.12665469999996], [106.72061090000005, -6.126653699999963], [106.72063380000009, -6.126652299999932], [106.720639, -6.126656699999955], [106.72085250000003, -6.126836399999945], [106.72094, -6.12691], [106.72104040000005, -6.126917899999967], [106.72111770000004, -6.126924], [106.72112910000004, -6.126921699999968], [106.72114660000005, -6.126918099999955], [106.72127510000007, -6.126892], [106.72130340000007, -6.126874199999975], [106.72134520000009, -6.12684779999995], [106.72138410000008, -6.126823299999955], [106.72144280000003, -6.126786299999935], [106.72149980000006, -6.126741599999946], [106.72150470000008, -6.126739199999975], [106.721506, -6.126737], [106.72167320000005, -6.126628], [106.72179180000006, -6.126513699999975], [106.72204810000005, -6.126266499999929], [106.72221050000007, -6.126134799999932], [106.722211, -6.126134399999955], [106.72224630000005, -6.126123], [106.72227670000007, -6.126113199999963], [106.72235210000008, -6.126088899999957], [106.72249820000008, -6.126041899999962], [106.72283310000006, -6.125972299999944], [106.72292180000005, -6.125953899999956], [106.72310210000006, -6.125902699999926], [106.72311770000005, -6.125900799999954], [106.72315670000006, -6.125896299999965], [106.723161, -6.125895799999967], [106.72317850000007, -6.125901099999965], [106.72333990000004, -6.125932899999952], [106.72337230000005, -6.125939199999948], [106.72345250000006, -6.125983499999961], [106.72372930000006, -6.12606169999998], [106.72386770000008, -6.126100799999961], [106.72399670000004, -6.125967399999979], [106.72413990000007, -6.125819399999955], [106.72423550000008, -6.125703099999953], [106.72424280000007, -6.125713099999928], [106.72450260000005, -6.12544459999998], [106.72459010000006, -6.125354099999981], [106.72483910000005, -6.125216599999931], [106.72516540000004, -6.125036399999942], [106.72588960000007, -6.124636299999963], [106.72626880000007, -6.124426899999946], [106.72666880000008, -6.124206], [106.72669850000005, -6.124188599999968], [106.72672760000006, -6.124171599999954], [106.72699470000003, -6.124015699999973], [106.72712130000008, -6.123941799999955], [106.72726550000004, -6.123857599999951], [106.72768790000003, -6.12372449999998], [106.72844680000009, -6.123756599999979], [106.72853230000004, -6.123531899999932], [106.72890520000004, -6.12322729999994], [106.72895330000006, -6.123188], [106.72989240000004, -6.123910399999943], [106.73028680000004, -6.124152899999956], [106.7303, -6.1241], [106.7305, -6.12357], [106.73053, -6.12348], [106.73087, -6.12278], [106.73114, -6.12224], [106.73132, -6.12191], [106.73158840000008, -6.121552099999974], [106.73130820000006, -6.121314499999926], [106.73121660000004, -6.12118769999995], [106.73114040000007, -6.121118599999932], [106.73091370000009, -6.120904799999948], [106.73056050000008, -6.120571599999948], [106.73027820000004, -6.120305599999938], [106.73001880000004, -6.120021799999961], [106.73000360000009, -6.120006099999955], [106.72983570000008, -6.119832499999973], [106.72978230000007, -6.11977909999996], [106.72941610000004, -6.119494499999973], [106.72925590000006, -6.119331799999941], [106.72900410000005, -6.11907059999993], [106.72880570000007, -6.118898399999978], [106.72854640000008, -6.118677599999955], [106.72741720000005, -6.11758089999995], [106.72695180000005, -6.116987299999948], [106.72678480000008, -6.116775699999948], [106.72657030000005, -6.116504199999952], [106.72652450000004, -6.116437899999937], [106.72629570000004, -6.116089299999942], [106.72606680000007, -6.115789899999925], [106.72547930000007, -6.115042699999947], [106.72545640000004, -6.115007399999968], [106.725342, -6.11482529999995], [106.72512070000005, -6.114578699999981], [106.72508260000006, -6.114539199999967], [106.72463250000004, -6.114071899999942], [106.72443410000005, -6.113847299999975], [106.72412890000004, -6.113483499999973], [106.72332780000005, -6.112401], [106.72305320000004, -6.112073], [106.72276330000005, -6.111728699999958], [106.72267970000007, -6.111620099999925], [106.72251150000005, -6.111401599999965], [106.72246570000004, -6.111347199999955], [106.721802, -6.110508], [106.72164170000008, -6.110334399999942], [106.721451, -6.110077399999966], [106.72040580000004, -6.108625899999936], [106.72036, -6.108564399999977], [106.71994040000004, -6.108087099999977], [106.71975730000008, -6.107834799999978], [106.719681, -6.107726099999979], [106.71949030000007, -6.107380899999953], [106.719475, -6.107354599999951], [106.71946070000007, -6.107333], [106.71917740000004, -6.106905899999958], [106.71895620000004, -6.106657499999926], [106.71874260000004, -6.106379499999946], [106.71840690000005, -6.105940799999928], [106.71810930000004, -6.105551799999944], [106.71804070000007, -6.105488299999934], [106.71789570000004, -6.105344799999955], [106.717766, -6.105269], [106.71756770000007, -6.105076299999951], [106.71741510000004, -6.104897499999936], [106.71730060000004, -6.104754899999932], [106.71717090000004, -6.104602799999952], [106.71695160000007, -6.104213899999934], [106.71652240000009, -6.103452699999934], [106.71630120000003, -6.103019199999949], [106.71600360000008, -6.102463299999954], [106.71584340000004, -6.102161899999942], [106.71568320000006, -6.101828099999977], [106.71543140000006, -6.10134979999998], [106.71514150000007, -6.100809099999935], [106.71508810000006, -6.10070369999994], [106.71494310000008, -6.100420499999927], [106.71491260000005, -6.100433899999928], [106.71488210000007, -6.100390399999981], [106.71454640000007, -6.099557], [106.71452350000004, -6.099493], [106.71448540000006, -6.099284199999943], [106.71445490000008, -6.099116799999933], [106.71424280000008, -6.098867299999938], [106.71424120000006, -6.098865499999931], [106.71413440000003, -6.098791099999971], [106.71407340000007, -6.098742499999958], [106.71383690000005, -6.098534599999937], [106.71364610000006, -6.098324299999945], [106.71332570000004, -6.097951], [106.71309680000007, -6.097601], [106.71293660000003, -6.097409699999957], [106.71271860000007, -6.097124599999972], [106.71271540000004, -6.097120299999972], [106.71264670000005, -6.097047799999928], [106.71234910000004, -6.096744499999943], [106.71205790000005, -6.096508699999958], [106.71186850000004, -6.096355499999959], [106.71174150000007, -6.096250299999951], [106.71163550000006, -6.096162399999969], [106.71137910000004, -6.09595], [106.71133470000007, -6.095913199999927], [106.71104650000007, -6.09567439999995], [106.710974, -6.095615699999939], [106.71096860000006, -6.095611399999939], [106.71049460000006, -6.095258399999977], [106.71034250000008, -6.095454599999925], [106.71012980000006, -6.095353599999953], [106.70994560000008, -6.095266199999969], [106.70961480000005, -6.095859599999926], [106.70916080000006, -6.095770699999946], [106.70899520000006, -6.095894499999929], [106.70888960000008, -6.095856899999944], [106.70858290000007, -6.095683399999928], [106.70821170000005, -6.095598199999927], [106.70792720000009, -6.095572799999957], [106.70751150000007, -6.095774699999936], [106.70742160000009, -6.095977099999971], [106.70741980000008, -6.09598109999996], [106.70741360000005, -6.095995099999925], [106.70740790000008, -6.095979799999952], [106.70697550000006, -6.095933899999977], [106.70679490000003, -6.095911499999943], [106.706644, -6.095921399999952], [106.70640920000005, -6.095950399999936], [106.70608140000007, -6.095947099999933], [106.70595760000003, -6.095918], [106.70584650000006, -6.095835699999952], [106.70583370000008, -6.095819199999937], [106.70568380000009, -6.095842699999935], [106.70544060000009, -6.095880799999975], [106.70532730000008, -6.095672], [106.70525710000004, -6.095691], [106.70503370000006, -6.095595599999967], [106.70488750000004, -6.095437699999934], [106.70486370000003, -6.095192599999962], [106.70476610000009, -6.095179899999948], [106.70410180000005, -6.095236799999952], [106.70414760000006, -6.095348899999976], [106.70420090000005, -6.095606299999929], [106.70423150000005, -6.095739799999933], [106.70427720000004, -6.095937299999946], [106.70420860000007, -6.095958199999927], [106.70330070000006, -6.09626529999997], [106.70291660000004, -6.096468099999981], [106.702553, -6.096660099999951], [106.70214860000004, -6.09676079999997], [106.70184350000005, -6.096583899999928], [106.70163690000004, -6.096431299999949], [106.70147720000006, -6.096313499999951], [106.701339, -6.096252099999958], [106.70124570000007, -6.096255399999961], [106.70124550000008, -6.096258299999931], [106.70115220000008, -6.096292799999958], [106.70065760000006, -6.096408799999949], [106.70036480000005, -6.096483599999942], [106.70028720000005, -6.09650339999996], [106.69996030000004, -6.096567899999968], [106.69991990000005, -6.09642359999998], [106.69988930000005, -6.09631319999994], [106.69983850000006, -6.096129599999927], [106.69982020000003, -6.095853399999953], [106.69982660000005, -6.095993699999951], [106.69920350000007, -6.096213499999976], [106.69895720000005, -6.096294599999965], [106.69860050000005, -6.096364599999959], [106.69852970000005, -6.096375099999932], [106.69852490000005, -6.09640829999995], [106.69843970000005, -6.096429199999932], [106.69833210000007, -6.096462], [106.69821710000008, -6.096523], [106.69802810000004, -6.096547], [106.69796910000008, -6.096519099999966], [106.69740370000005, -6.096581899999933], [106.69741210000007, -6.096386399999972], [106.697495, -6.096286199999952], [106.697495, -6.096286099999929], [106.69712690000006, -6.096271399999978], [106.69714270000009, -6.096139199999925], [106.69692790000005, -6.096060699999953], [106.69685140000007, -6.096223799999962], [106.69662360000007, -6.096256099999948], [106.69655160000008, -6.095994699999949], [106.69642610000005, -6.095950099999925], [106.69620530000009, -6.095879799999977], [106.695765, -6.095740099999944], [106.69566440000006, -6.095992499999966], [106.69511030000007, -6.095814799999971], [106.69472710000008, -6.095717599999944], [106.69422990000004, -6.09558119999997], [106.69418380000008, -6.09576329999993], [106.69359930000007, -6.095677], [106.69294430000008, -6.095642199999929], [106.69196760000005, -6.095673899999952], [106.69177960000007, -6.095744199999956], [106.69135180000006, -6.095774499999948], [106.69121210000009, -6.096132799999964], [106.69121, -6.096139499999936], [106.69115640000007, -6.096309899999937], [106.69115470000008, -6.09631539999998], [106.69115360000006, -6.096314699999937], [106.69112110000003, -6.09636839999996], [106.69066290000006, -6.09653179999998], [106.69040710000007, -6.09661239999997], [106.69038920000008, -6.096494299999961], [106.68896920000009, -6.096771899999965], [106.68840640000008, -6.096871799999974], [106.68799590000003, -6.096879299999955], [106.687258, -6.097111499999926], [106.68723460000007, -6.097131], [106.68723570000009, -6.097140699999954], [106.68727890000008, -6.097505099999978], [106.68759940000007, -6.098361], [106.68775970000007, -6.098813699999937], [106.68789690000006, -6.099201199999925], [106.68801140000005, -6.099656599999946], [106.68805710000004, -6.100196899999958], [106.68799610000008, -6.100707599999964], [106.68800610000005, -6.100728199999935], [106.68814110000005, -6.101006499999926], [106.68811060000007, -6.101603499999953], [106.68807240000007, -6.102489499999933], [106.688019, -6.103350599999942], [106.68804950000003, -6.103526099999954], [106.68807060000006, -6.10369449999996], [106.68808720000004, -6.103827899999942], [106.68809430000005, -6.103884699999981], [106.68814520000006, -6.103901599999972], [106.68837940000009, -6.104001299999936], [106.68871380000007, -6.104300699999953], [106.68888110000006, -6.1046], [106.68864690000004, -6.105231899999978], [106.68847970000007, -6.105597799999941], [106.68847760000006, -6.105608], [106.688492, -6.105648], [106.688526, -6.10573119999998], [106.68856070000004, -6.105816399999981], [106.68882010000004, -6.10616349999998], [106.68895740000005, -6.106362299999944], [106.68909480000008, -6.10648539999994], [106.68915470000007, -6.10649989999996], [106.68928130000006, -6.10653039999994], [106.68994730000009, -6.106691299999966], [106.69089530000008, -6.106920199999934], [106.69203970000007, -6.106938799999966], [106.69266530000004, -6.106928799999935], [106.69304680000005, -6.106998], [106.69340250000005, -6.107069699999954], [106.69342060000008, -6.107073299999968], [106.69368330000009, -6.10719249999994], [106.69368760000003, -6.107194399999969], [106.69406910000004, -6.107483399999978], [106.69486260000008, -6.10807269999998], [106.69495490000008, -6.10814819999996], [106.69502770000008, -6.10820769999998], [106.69545, -6.10855289999995], [106.69592310000007, -6.108985], [106.69667840000005, -6.109801299999958], [106.69728870000006, -6.110356299999978], [106.697632, -6.110645799999929], [106.69788, -6.11089], [106.69788380000006, -6.110893699999963], [106.69746420000007, -6.11163659999994], [106.69694540000006, -6.112516899999946], [106.69678520000008, -6.112646599999948], [106.69640370000008, -6.112876899999947], [106.69616720000005, -6.112948899999935], [106.69593830000008, -6.11296939999994], [106.69555680000008, -6.112940299999934], [106.69513720000003, -6.112886899999978], [106.69429040000006, -6.112913099999957], [106.69428070000004, -6.112915499999929], [106.69355790000009, -6.113092399999971], [106.69354020000009, -6.113097699999969], [106.69328330000008, -6.113173499999959], [106.69206290000005, -6.113453399999969], [106.69162010000008, -6.113555], [106.69106310000006, -6.113699], [106.68973560000006, -6.114029399999936], [106.68901850000009, -6.114240699999925], [106.68907190000004, -6.11447759999993], [106.68909480000008, -6.114866699999936], [106.68911760000009, -6.115555799999981], [106.68914820000003, -6.116111699999976], [106.68921680000005, -6.117902299999969], [106.68918630000007, -6.118118299999935], [106.68913290000006, -6.118281399999944], [106.68951440000006, -6.118768699999976], [106.68964410000007, -6.119131099999947], [106.689723, -6.119649799999934], [106.689728, -6.119682299999965], [106.68974330000009, -6.119907799999964], [106.68973690000007, -6.120190699999966], [106.68972040000006, -6.120932099999948], [106.68971390000007, -6.120999499999925], [106.68970140000005, -6.121129899999971], [106.68969750000008, -6.121171], [106.68961640000003, -6.121453], [106.68961350000006, -6.121462799999961], [106.68949910000003, -6.121582], [106.68938310000004, -6.12173439999998], [106.68936940000003, -6.121752199999946], [106.68933130000005, -6.121821399999931], [106.68917110000007, -6.122121799999945], [106.68892780000004, -6.122552799999937], [106.68885060000008, -6.122689699999967], [106.68870210000006, -6.123008199999958], [106.688698, -6.123016799999959], [106.68862940000008, -6.12315609999996], [106.68826520000005, -6.123888], [106.68823260000005, -6.123953399999948], [106.68806480000006, -6.124286699999971], [106.68801050000008, -6.124500299999966], [106.68797320000004, -6.124647099999947], [106.68797250000006, -6.124649699999964], [106.68787410000004, -6.125], [106.68786640000008, -6.125048599999957], [106.68747730000007, -6.126788199999964], [106.68727130000008, -6.127723199999934], [106.68708820000006, -6.128545299999928], [106.68708060000006, -6.128622099999973], [106.68724080000004, -6.128701199999966], [106.68723320000004, -6.128770799999927], [106.68724080000004, -6.12884], [106.68724840000004, -6.128922], [106.68725610000007, -6.129219499999977], [106.68730950000008, -6.129597199999978], [106.68742390000006, -6.129814599999975], [106.68757650000003, -6.129978199999925], [106.68801140000005, -6.130209899999954], [106.68820210000007, -6.130314399999975], [106.68844630000007, -6.130638599999941], [106.68858360000007, -6.130881799999941], [106.68880480000007, -6.131427299999928], [106.68920920000005, -6.132228399999974], [106.68926260000006, -6.132311799999968], [106.68928550000004, -6.132355699999948], [106.689377, -6.13250869999996], [106.68949910000003, -6.132628899999929], [106.69002550000005, -6.132844899999952], [106.69038410000007, -6.133098099999927], [106.69055960000009, -6.133208299999978], [106.69089530000008, -6.133296499999972], [106.69136070000008, -6.133431399999949], [106.69139880000006, -6.133455799999979], [106.69137590000008, -6.133857699999965], [106.69134540000005, -6.13412139999997], [106.69126910000006, -6.134676], [106.69126910000006, -6.134728899999971], [106.69125390000005, -6.134892899999954], [106.69145220000007, -6.135390799999925], [106.69156670000007, -6.135690199999942], [106.69165820000006, -6.136000199999955], [106.691704, -6.136499899999933], [106.69167350000004, -6.136760699999968], [106.691559, -6.137053], [106.69133780000004, -6.137353899999937], [106.69126910000006, -6.137454499999933], [106.69123860000008, -6.13757709999993], [106.69126770000008, -6.137657899999965], [106.69126910000006, -6.137661899999955], [106.69126150000005, -6.137696299999959], [106.69096390000004, -6.13810159999997], [106.69062060000005, -6.138571299999967], [106.68956780000008, -6.140026599999942], [106.68891930000007, -6.140861], [106.68836230000005, -6.14164489999996], [106.68729420000005, -6.142696399999977], [106.68621080000008, -6.14306449999998], [106.68621110000004, -6.14307279999997], [106.68621160000004, -6.143086399999959], [106.686216, -6.143222299999934], [106.68623370000006, -6.143760199999974], [106.68628710000007, -6.144160699999929], [106.68629940000005, -6.144246099999975], [106.68630260000003, -6.144268799999963], [106.68630550000006, -6.144268799999963], [106.68633060000008, -6.144318699999928], [106.68641420000006, -6.144518199999936], [106.686456, -6.144726099999957], [106.68652290000006, -6.145067], [106.68664, -6.145582499999932], [106.68675710000008, -6.146339099999977], [106.68688250000008, -6.147062399999925], [106.68702470000005, -6.147453199999973], [106.68740930000007, -6.14756959999994], [106.68741480000006, -6.14757179999998], [106.68741770000008, -6.147577899999931], [106.68746790000006, -6.147636099999943], [106.68747740000003, -6.147658199999967], [106.68744990000005, -6.147676899999965], [106.68745440000004, -6.147678399999961], [106.68746210000006, -6.147720799999945], [106.68746970000007, -6.14789339999993], [106.68748850000009, -6.148293199999955], [106.687518, -6.148367699999937], [106.68758490000005, -6.149174199999948], [106.68763510000008, -6.149989], [106.68765180000008, -6.150180199999966], [106.68758230000009, -6.150226299999929], [106.68759180000006, -6.150406399999952], [106.687607, -6.150728699999945], [106.68761460000007, -6.150865099999976], [106.68767570000006, -6.152526399999942], [106.68770620000004, -6.152917399999978], [106.68770620000004, -6.153254], [106.68753830000009, -6.15382429999994], [106.687437, -6.154089099999965], [106.68743490000008, -6.154094599999951], [106.68745110000003, -6.15411279999995], [106.68757660000006, -6.154171], [106.68792780000007, -6.154345599999942], [106.68791970000007, -6.154487], [106.68791110000006, -6.154636599999947], [106.68792780000007, -6.154852799999958], [106.68785580000008, -6.154848699999945], [106.68787760000004, -6.154852799999958], [106.687978, -6.155842099999973], [106.688003, -6.156848099999934], [106.68803650000007, -6.157804299999952], [106.68804490000008, -6.158286499999974], [106.68807830000009, -6.158760399999949], [106.68801660000008, -6.158755299999939], [106.68807830000009, -6.158893399999954], [106.68808670000004, -6.15941719999995], [106.68811180000006, -6.15984949999995], [106.68810340000005, -6.159974199999965], [106.68810270000006, -6.159980499999961], [106.688222, -6.159971199999973], [106.68830130000003, -6.159965], [106.68852260000006, -6.159948399999962], [106.68865230000006, -6.159953099999939], [106.68875910000008, -6.159947399999965], [106.68894220000004, -6.159936], [106.68908710000005, -6.159946399999967], [106.68936940000003, -6.159977399999946], [106.68962120000003, -6.16000889999998], [106.68968390000003, -6.160018499999978], [106.68975850000004, -6.160029899999927], [106.68990350000007, -6.160040399999957], [106.68997210000003, -6.16003319999993], [106.68997210000003, -6.160063199999968], [106.68997210000003, -6.160064], [106.68997210000003, -6.16009669999994], [106.68995690000008, -6.160272099999929], [106.68995690000008, -6.16031739999994], [106.68974330000009, -6.160963099999947], [106.68959060000009, -6.161262], [106.68946090000009, -6.161430399999972], [106.68934650000006, -6.161588199999926], [106.68924730000003, -6.161735499999963], [106.68905660000007, -6.163116], [106.68901850000009, -6.163363499999946], [106.68901850000009, -6.163652399999933], [106.68908710000005, -6.164047699999969], [106.68915580000004, -6.164316699999972], [106.68917870000007, -6.164542199999971], [106.68917870000007, -6.164590799999928], [106.68914260000008, -6.164646399999981], [106.68900320000006, -6.164860699999963], [106.68897270000008, -6.164912199999947], [106.68897270000008, -6.165237899999966], [106.68909480000008, -6.165782899999954], [106.68914760000007, -6.165898699999957], [106.68917060000007, -6.165949199999943], [106.689377, -6.166401899999926], [106.68944570000008, -6.166637399999956], [106.68942280000005, -6.167057], [106.68930080000007, -6.167533399999968], [106.68907950000005, -6.168129399999941], [106.688965, -6.168548099999953], [106.68879720000007, -6.169086], [106.68876670000009, -6.169720199999972], [106.68874380000005, -6.170447399999944], [106.68873620000005, -6.171248], [106.68882770000005, -6.172126799999944], [106.68931890000005, -6.172928799999966], [106.68932310000008, -6.172935499999937], [106.68944570000008, -6.173135799999955], [106.68965930000007, -6.17319109999994], [106.69020860000006, -6.173311699999942], [106.69042780000007, -6.173346599999945], [106.69047260000008, -6.173353799999973], [106.69052910000005, -6.17336279999995], [106.69084950000007, -6.173426599999971], [106.69089530000008, -6.173430499999938], [106.69091050000009, -6.173467199999948], [106.69098680000008, -6.173499099999958], [106.69113180000005, -6.17350289999996], [106.69131490000007, -6.173514399999931], [106.69155140000004, -6.173600199999953], [106.691765, -6.173685599999942], [106.69194810000005, -6.17375519999996], [106.69212360000006, -6.173732299999926], [106.69216940000007, -6.173734699999955], [106.69224570000006, -6.173738], [106.69268060000007, -6.173770399999967], [106.69271110000005, -6.173749899999962], [106.692795, -6.173686499999974], [106.69287890000004, -6.173653599999966], [106.69315980000005, -6.173674499999947], [106.69316120000008, -6.17367459999997], [106.69351220000004, -6.173670299999969], [106.69366480000008, -6.173729399999957], [106.69389360000008, -6.173816699999975], [106.69421410000007, -6.17393919999995], [106.69431330000003, -6.173985], [106.694359, -6.174085599999955], [106.69438950000006, -6.174164799999971], [106.69455740000006, -6.174446599999953], [106.69464130000006, -6.17453809999995], [106.69470240000004, -6.174607699999967], [106.69475950000009, -6.174675199999967], [106.69476340000006, -6.174679699999956], [106.69481680000007, -6.174745099999939], [106.69484730000005, -6.174754599999972], [106.69490460000009, -6.174765099999945], [106.69493890000007, -6.174771299999975], [106.69509150000005, -6.174798], [106.69515250000006, -6.174811399999953], [106.69519110000005, -6.174813499999971], [106.69545770000008, -6.174828099999957], [106.69548520000006, -6.174836199999959], [106.69572470000008, -6.17490719999995], [106.69599630000005, -6.175001], [106.69636560000004, -6.175128499999971], [106.69637980000005, -6.175133399999936], [106.69661730000007, -6.175215699999967], [106.69671650000004, -6.175195699999961], [106.69687670000008, -6.175205199999937], [106.69692370000007, -6.175212599999952], [106.69699880000007, -6.175224299999968], [106.69710560000004, -6.175252], [106.69729640000008, -6.175300099999959], [106.69729080000008, -6.175312799999972], [106.69712850000008, -6.175681099999963], [106.69702170000005, -6.17593], [106.69693010000009, -6.176149399999929], [106.69701410000005, -6.176219499999945], [106.69750230000005, -6.176332], [106.69785330000008, -6.176446899999974], [106.69868490000005, -6.176607099999956], [106.69924190000006, -6.176788299999942], [106.70021310000004, -6.17706979999997], [106.700481, -6.176718699999981], [106.70068570000007, -6.176540099999954], [106.70103670000009, -6.176299099999937], [106.70134180000008, -6.176027699999963], [106.70146460000007, -6.175933099999952], [106.70151470000008, -6.17589449999997], [106.70178940000005, -6.175684399999966], [106.70188710000008, -6.175611199999935], [106.70198780000004, -6.175535699999955], [106.70224720000004, -6.175335899999936], [106.70227120000004, -6.175315], [106.70250650000008, -6.17511049999996], [106.70265920000008, -6.175028399999974], [106.70277160000006, -6.174946199999965], [106.70278480000007, -6.174936499999944], [106.70283290000003, -6.174901399999953], [106.70291860000003, -6.174838699999952], [106.70318310000005, -6.174649099999954], [106.70327290000006, -6.174801399999978], [106.70338850000007, -6.174818899999934], [106.70348010000004, -6.174853599999949], [106.70353970000008, -6.174876199999972], [106.703711, -6.174824499999943], [106.70374840000005, -6.174840399999937], [106.70381390000006, -6.174868199999935], [106.70404920000004, -6.174774399999933], [106.70417450000008, -6.17470069999996], [106.70434820000008, -6.174842499999954], [106.70452590000008, -6.174837499999967], [106.70459930000004, -6.17482769999998], [106.70466360000006, -6.174819199999945], [106.70470460000007, -6.17478049999994], [106.70473440000006, -6.174752299999966], [106.70482340000007, -6.174778699999933], [106.70498150000009, -6.174782], [106.70505410000004, -6.174759299999948], [106.70521170000006, -6.174676399999953], [106.70521590000004, -6.174672799999939], [106.70529370000008, -6.174572699999942], [106.70543540000006, -6.17442989999995], [106.70555040000005, -6.174287299999946], [106.70566040000006, -6.174260799999956], [106.70575570000005, -6.174216699999931], [106.70590050000004, -6.174100099999976], [106.70599570000007, -6.174023299999931], [106.70612770000008, -6.174004], [106.70637980000004, -6.173857799999951], [106.70655, -6.174], [106.70664960000005, -6.174014799999952], [106.70668160000008, -6.174019499999929], [106.70668610000007, -6.174308799999949], [106.70687930000008, -6.174353099999962], [106.70706950000005, -6.174364599999933], [106.70716110000006, -6.174370199999942], [106.70718370000009, -6.17437469999993], [106.70728360000004, -6.174394799999959], [106.707455, -6.174429199999963], [106.70747290000008, -6.174387199999956], [106.70776690000008, -6.174464199999932], [106.70815690000006, -6.174553], [106.70847060000006, -6.174599299999954], [106.70847470000007, -6.174599899999976], [106.708528, -6.174602599999957], [106.70861460000003, -6.174607099999946], [106.70874970000006, -6.174582699999974], [106.70909420000004, -6.174489599999959], [106.7091, -6.17449], [106.70985160000004, -6.174287799999945], [106.71001940000008, -6.174231299999974], [106.71009810000004, -6.174204699999962], [106.710561, -6.174031099999979], [106.71066270000006, -6.17395], [106.71065610000005, -6.173904099999959], [106.71062590000008, -6.173691399999939], [106.71061350000008, -6.173604], [106.71065470000008, -6.17324919999993], [106.71065750000008, -6.173242], [106.71073290000004, -6.173047199999928], [106.71083750000008, -6.17285389999995], [106.71089520000004, -6.172764199999961], [106.71096080000007, -6.172662299999956], [106.71104680000008, -6.172528599999964], [106.71122840000004, -6.172291799999925], [106.71132790000007, -6.172125599999958], [106.71145160000003, -6.171949499999926], [106.71152610000007, -6.171843499999966], [106.71160650000007, -6.171728899999948], [106.71170380000007, -6.171709699999951], [106.71185040000006, -6.171666399999935], [106.71204920000008, -6.171621], [106.71217920000004, -6.171586], [106.71218360000006, -6.171584799999948], [106.71220010000008, -6.171567499999981], [106.71228990000009, -6.171473299999946], [106.71243260000006, -6.171314], [106.71245390000007, -6.171278499999971], [106.71250510000004, -6.171171799999968], [106.71258450000005, -6.171006099999943], [106.71279620000007, -6.170428799999968], [106.71279640000006, -6.170428899999933], [106.71286350000008, -6.170235399999967], [106.71303060000008, -6.169753899999932], [106.71309770000005, -6.169570399999941], [106.71312180000007, -6.169514199999981], [106.71323280000007, -6.169278199999951], [106.71327120000007, -6.169196799999952], [106.71335770000007, -6.168863199999976], [106.71336780000007, -6.168814299999951], [106.71340090000007, -6.168652499999951], [106.71340820000006, -6.168605399999933], [106.71341850000005, -6.168538399999932], [106.71343670000005, -6.168420799999978], [106.71342580000004, -6.168268299999966], [106.71348750000004, -6.168116899999973], [106.71352230000008, -6.167872199999977], [106.71359130000008, -6.167820699999936], [106.71361610000008, -6.167796899999928], [106.71362780000004, -6.167785599999945], [106.71363180000009, -6.167781699999978], [106.71366870000008, -6.167746299999976], [106.71376580000003, -6.167613599999925], [106.71391190000008, -6.167457499999955], [106.71408040000006, -6.167372399999977], [106.71424010000004, -6.167300799999964], [106.71434650000003, -6.167224899999951], [106.71438220000005, -6.16720179999993], [106.71448930000008, -6.167132599999945], [106.71450410000006, -6.167125099999964], [106.71457910000004, -6.167087299999935], [106.71463830000005, -6.167030199999942], [106.71468, -6.16699], [106.71471940000004, -6.16697419999997], [106.71478980000006, -6.166925499999934], [106.71490870000008, -6.166860099999951], [106.71492160000008, -6.166853], [106.715104, -6.166761], [106.71527020000008, -6.166672799999958], [106.71532550000006, -6.166631499999937], [106.71548190000004, -6.166541399999971], [106.71548820000004, -6.166537699999935], [106.71549050000004, -6.166536399999927], [106.71572080000004, -6.16640179999996], [106.71578640000007, -6.166372899999942], [106.71606620000006, -6.166187699999966], [106.71624970000005, -6.166002899999967], [106.716407, -6.16586209999997], [106.71648030000006, -6.165729099999965], [106.71650520000009, -6.165697199999954], [106.71659880000004, -6.165485599999954], [106.71660580000008, -6.165469599999938], [106.71661540000008, -6.165447899999947], [106.71659520000009, -6.165335699999957], [106.71657860000005, -6.165243499999974], [106.71653550000008, -6.164931799999977], [106.71648180000005, -6.164581099999964], [106.71642820000005, -6.164283], [106.71638370000005, -6.16407259999994], [106.71633140000006, -6.163855199999944], [106.71632410000007, -6.163824799999929], [106.71627, -6.1636], [106.71620470000005, -6.163096199999927], [106.7162, -6.16306], [106.71623920000008, -6.162574699999936], [106.71628, -6.16207], [106.71637, -6.16126], [106.71637450000009, -6.160897], [106.71637540000006, -6.160821699999929], [106.715782, -6.160798799999952], [106.71522920000007, -6.16077759999996], [106.71523940000009, -6.160046399999942], [106.71524620000008, -6.159551799999974], [106.71525770000005, -6.158721799999967], [106.71526090000003, -6.15849309999993], [106.71526530000006, -6.158175699999958], [106.715268, -6.157981599999971], [106.71528590000008, -6.15798209999997], [106.71581520000007, -6.157996899999944], [106.71594110000007, -6.158000399999935], [106.71594130000005, -6.157997599999931], [106.71596440000008, -6.157491399999969], [106.71596620000008, -6.157452599999942], [106.71597540000005, -6.15696], [106.71599640000005, -6.156765099999973], [106.71599670000006, -6.156757899999945], [106.71601150000004, -6.156396899999947], [106.71598870000008, -6.156050599999958], [106.71597910000008, -6.155976799999962], [106.71596, -6.15583], [106.71588, -6.15562], [106.71585, -6.1555], [106.71582, -6.15544], [106.71570070000007, -6.155246199999965], [106.71572, -6.15523], [106.71598, -6.15508], [106.7163, -6.15483], [106.71663, -6.15459], [106.71699, -6.15435], [106.71727, -6.15415], [106.71758, -6.15399], [106.71796, -6.15379], [106.71831, -6.15363], [106.71886, -6.15351], [106.71876, -6.15323], [106.71867, -6.15295], [106.71863, -6.15283], [106.71855, -6.15265], [106.71845, -6.15199], [106.71835, -6.15114], [106.71825, -6.15028], [106.71823, -6.15012], [106.71806, -6.14849], [106.71799, -6.14801], [106.71797, -6.14792]]] 
      }
    },
    {
      "type": "Feature",
      "properties": {
        "district_id": "3174",
        "province": "DKI Jakarta",
        "regency": "Jakarta Barat",
        "district": "Kota Jakarta Barat",
        "pria": 0,
        "wanita": 0,
        "total_penduduk": 0
      },
      "geometry": {
        "type": "Polygon",
        "coordinates": [[[106.78917030000008, -6.142500499999926], [106.78896350000008, -6.142589599999951], [106.78854450000006, -6.142831699999931], [106.78852860000006, -6.142840899999953], [106.78815480000009, -6.143029299999966], [106.78805850000003, -6.143102399999975], [106.78800980000005, -6.143139399999939], [106.78785730000004, -6.143217599999957], [106.78754790000005, -6.143228099999931], [106.78733850000003, -6.143235299999958], [106.78623220000009, -6.143332499999929], [106.78549980000008, -6.143381599999941], [106.78466050000009, -6.143478399999935], [106.78393570000009, -6.143543299999976], [106.78381290000004, -6.143549], [106.78321860000005, -6.143576699999926], [106.78244040000004, -6.143642], [106.78190630000006, -6.143706399999928], [106.78159350000004, -6.143722599999933], [106.78112810000005, -6.143771199999946], [106.78062010000008, -6.143812899999944], [106.780617, -6.143813199999954], [106.780533, -6.14381979999996], [106.78031530000004, -6.143836], [106.779648, -6.143885699999942], [106.77924370000005, -6.143933799999957], [106.77867230000004, -6.143960799999945], [106.778557, -6.143966199999966], [106.77807640000009, -6.143967699999962], [106.77793220000007, -6.143987099999947], [106.77765680000005, -6.144024399999978], [106.77710740000003, -6.14410879999997], [106.77688620000004, -6.14417839999993], [106.77645130000008, -6.144455499999935], [106.776047, -6.144691], [106.77565020000009, -6.144940399999939], [106.77525350000008, -6.145217499999944], [106.77524530000005, -6.145218099999965], [106.77508780000005, -6.145231599999931], [106.77508560000007, -6.145231699999954], [106.77506620000008, -6.144934], [106.77514490000004, -6.144614399999966], [106.77524080000006, -6.144355799999971], [106.77526340000009, -6.144294699999932], [106.77531550000003, -6.143975299999966], [106.77533910000005, -6.143714099999954], [106.77534370000006, -6.143566799999974], [106.77534820000005, -6.143419799999947], [106.77532530000008, -6.142911], [106.77531730000004, -6.142648299999962], [106.77531040000008, -6.142418799999973], [106.77535910000006, -6.142107799999962], [106.77536250000009, -6.142086], [106.77550440000005, -6.141901099999927], [106.77552810000009, -6.141840499999944], [106.77545950000007, -6.141716499999973], [106.77521430000007, -6.141597599999955], [106.77504750000008, -6.141516699999954], [106.77488730000005, -6.14141369999993], [106.77475, -6.141342699999939], [106.77468120000009, -6.141347399999972], [106.77394260000005, -6.141398299999935], [106.77385730000009, -6.141404199999954], [106.77310960000005, -6.141472799999974], [106.77279680000004, -6.141485199999977], [106.77274340000008, -6.141485699999976], [106.77265190000008, -6.141469], [106.77249170000005, -6.141431399999931], [106.77218650000003, -6.141383699999949], [106.77212540000005, -6.141376499999978], [106.77172110000004, -6.141302099999962], [106.77124040000007, -6.141210099999967], [106.77104970000005, -6.141177699999957], [106.77095810000009, -6.141177199999959], [106.77079030000004, -6.14114], [106.77074450000003, -6.141128599999945], [106.77069110000008, -6.141110899999944], [106.77030960000008, -6.141050899999925], [106.770241, -6.141043199999956], [106.76989770000006, -6.140994099999944], [106.76916520000009, -6.140878699999973], [106.76906610000009, -6.140872], [106.768738, -6.140798099999927], [106.76837940000007, -6.140710399999932], [106.76822680000004, -6.140689899999927], [106.76821260000008, -6.14068409999993], [106.76801320000004, -6.140603599999963], [106.76699850000006, -6.140265], [106.76667810000004, -6.140163], [106.76615160000006, -6.13997459999996], [106.76612110000008, -6.139965099999927], [106.76570910000004, -6.139815399999975], [106.76545730000004, -6.139735299999927], [106.76483170000006, -6.139498699999933], [106.76404590000004, -6.139219299999979], [106.763756, -6.13913249999996], [106.76373310000008, -6.139125399999955], [106.76330590000003, -6.138971399999946], [106.763077, -6.138882699999954], [106.76265740000008, -6.138759199999981], [106.76196310000006, -6.138523099999929], [106.76181050000008, -6.138471599999946], [106.76107050000007, -6.138212199999941], [106.76072710000005, -6.138096399999938], [106.76020070000004, -6.13791139999995], [106.76002520000009, -6.137868399999945], [106.75917840000005, -6.13757709999993], [106.75864430000007, -6.137401099999977], [106.75843070000008, -6.137324399999954], [106.75790430000006, -6.137140799999941], [106.756943, -6.136803699999973], [106.75654620000006, -6.136663], [106.75614950000005, -6.136526599999968], [106.75589770000005, -6.136469399999953], [106.75451680000003, -6.135906699999964], [106.75446340000008, -6.135883799999931], [106.75389880000006, -6.13564109999993], [106.75378440000009, -6.135590599999944], [106.753052, -6.135282099999927], [106.75289170000008, -6.135187199999962], [106.75283830000006, -6.135155199999929], [106.75268570000009, -6.135067499999934], [106.75268210000007, -6.135065399999974], [106.75255240000007, -6.134992899999929], [106.75254080000008, -6.134986399999946], [106.75247980000006, -6.134947299999965], [106.75240580000008, -6.134905899999978], [106.75233430000009, -6.134872499999972], [106.75232010000008, -6.134865899999966], [106.752241, -6.13482659999994], [106.751877, -6.134721299999967], [106.75142690000007, -6.134583499999962], [106.75139740000009, -6.134578499999975], [106.75123620000005, -6.134551099999953], [106.75085470000005, -6.134427099999925], [106.75069010000004, -6.134334], [106.75067550000006, -6.134329499999978], [106.75026760000009, -6.134111399999938], [106.75018090000003, -6.134065], [106.74980970000007, -6.133828599999958], [106.74979810000008, -6.133819099999926], [106.749486, -6.13356349999998], [106.74931010000006, -6.133388599999932], [106.74917160000007, -6.13325089999995], [106.74896260000008, -6.132960799999978], [106.74887870000003, -6.132899799999961], [106.74856590000007, -6.132729599999948], [106.74845170000003, -6.132646699999952], [106.74836750000009, -6.13258559999997], [106.74832920000006, -6.132551199999966], [106.74811480000005, -6.132398899999941], [106.74810220000006, -6.132387699999981], [106.74767670000006, -6.132010699999967], [106.74721020000004, -6.131660499999953], [106.74703240000008, -6.131552199999931], [106.74691790000008, -6.131503099999975], [106.74671190000004, -6.131407299999978], [106.74649830000004, -6.131265199999973], [106.74575060000006, -6.130718199999933], [106.74565140000004, -6.13064479999997], [106.74515550000007, -6.130283399999939], [106.74486560000008, -6.130092599999955], [106.74475880000006, -6.130022099999962], [106.74419420000004, -6.12964489999996], [106.74413320000008, -6.129606199999955], [106.74385090000004, -6.129463699999974], [106.74306510000008, -6.129120799999953], [106.74221890000007, -6.128715399999976], [106.74171470000005, -6.128473799999938], [106.74160390000009, -6.12842749999993], [106.74149250000005, -6.128381], [106.74148740000004, -6.128378299999952], [106.74144, -6.128358399999968], [106.74140950000009, -6.128347899999937], [106.741379, -6.128334499999937], [106.74110430000007, -6.128195299999959], [106.74077630000005, -6.12804559999995], [106.74003620000008, -6.127696499999956], [106.73989620000003, -6.127617499999928], [106.73911420000007, -6.127176099999929], [106.73862110000005, -6.126897699999972], [106.73861720000008, -6.126895499999932], [106.73847220000005, -6.126796299999967], [106.73828830000008, -6.12666889999997], [106.737772, -6.126311399999963], [106.73766110000008, -6.126234499999953], [106.737568, -6.126170099999968], [106.73752610000008, -6.126141099999927], [106.73740470000007, -6.126052499999957], [106.73717520000008, -6.125885], [106.73696920000003, -6.125725299999942], [106.73661820000007, -6.125457799999936], [106.73632830000008, -6.125252299999943], [106.73628250000007, -6.125215499999968], [106.73604990000007, -6.125034], [106.73585960000008, -6.124911099999963], [106.73562090000007, -6.124729099999968], [106.735574, -6.124693399999956], [106.73508850000007, -6.124314699999957], [106.73457440000004, -6.123917199999937], [106.73445260000005, -6.123828], [106.73439360000003, -6.123784699999931], [106.73401270000005, -6.123472299999946], [106.73379390000008, -6.123349499999961], [106.73355630000003, -6.123293199999978], [106.733252, -6.123161099999948], [106.733033, -6.122971699999937], [106.73288030000003, -6.122744099999977], [106.73268980000006, -6.122564099999977], [106.73245160000005, -6.122317799999962], [106.73222310000006, -6.122109399999943], [106.73209920000005, -6.121986199999981], [106.731949, -6.121855299999936], [106.73188040000008, -6.121795199999951], [106.73159050000004, -6.121553899999981], [106.73158840000008, -6.121552099999974], [106.73130820000006, -6.121314499999926], [106.73121660000004, -6.12118769999995], [106.73114040000007, -6.121118599999932], [106.73091370000009, -6.120904799999948], [106.73056050000008, -6.120571599999948], [106.73027820000004, -6.120305599999938], [106.73001880000004, -6.120021799999961], [106.73000360000009, -6.120006099999955], [106.72983570000008, -6.119832499999973], [106.72978230000007, -6.11977909999996], [106.72941610000004, -6.119494499999973], [106.72925590000006, -6.119331799999941], [106.72900410000005, -6.11907059999993], [106.72880570000007, -6.118898399999978], [106.72854640000008, -6.118677599999955], [106.72741720000005, -6.11758089999995], [106.72695180000005, -6.116987299999948], [106.72678480000008, -6.116775699999948], [106.72657030000005, -6.116504199999952], [106.72652450000004, -6.116437899999937], [106.72629570000004, -6.116089299999942], [106.72606680000007, -6.115789899999925], [106.72547930000007, -6.115042699999947], [106.72545640000004, -6.115007399999968], [106.725342, -6.11482529999995], [106.72512070000005, -6.114578699999981], [106.72508260000006, -6.114539199999967], [106.72463250000004, -6.114071899999942], [106.72443410000005, -6.113847299999975], [106.72412890000004, -6.113483499999973], [106.72332780000005, -6.112401], [106.72305320000004, -6.112073], [106.72276330000005, -6.111728699999958], [106.72267970000007, -6.111620099999925], [106.72251150000005, -6.111401599999965], [106.72246570000004, -6.111347199999955], [106.721802, -6.110508], [106.72164170000008, -6.110334399999942], [106.721451, -6.110077399999966], [106.72040580000004, -6.108625899999936], [106.72036, -6.108564399999977], [106.71994040000004, -6.108087099999977], [106.71975730000008, -6.107834799999978], [106.719681, -6.107726099999979], [106.71949030000007, -6.107380899999953], [106.719475, -6.107354599999951], [106.71946070000007, -6.107333], [106.71917740000004, -6.106905899999958], [106.71895620000004, -6.106657499999926], [106.71874260000004, -6.106379499999946], [106.71840690000005, -6.105940799999928], [106.71810930000004, -6.105551799999944], [106.71804070000007, -6.105488299999934], [106.71789570000004, -6.105344799999955], [106.717766, -6.105269], [106.71756770000007, -6.105076299999951], [106.71741510000004, -6.104897499999936], [106.71730060000004, -6.104754899999932], [106.71717090000004, -6.104602799999952], [106.71695160000007, -6.104213899999934], [106.71652240000009, -6.103452699999934], [106.71630120000003, -6.103019199999949], [106.71600360000008, -6.102463299999954], [106.71584340000004, -6.102161899999942], [106.71568320000006, -6.101828099999977], [106.71543140000006, -6.10134979999998], [106.71514150000007, -6.100809099999935], [106.71508810000006, -6.10070369999994], [106.71494310000008, -6.100420499999927], [106.71491260000005, -6.100433899999928], [106.71488210000007, -6.100390399999981], [106.71454640000007, -6.099557], [106.71452350000004, -6.099493], [106.71448540000006, -6.099284199999943], [106.71445490000008, -6.099116799999933], [106.71424280000008, -6.098867299999938], [106.71424120000006, -6.098865499999931], [106.71413440000003, -6.098791099999971], [106.71407340000007, -6.098742499999958], [106.71383690000005, -6.098534599999937], [106.71364610000006, -6.098324299999945], [106.71332570000004, -6.097951], [106.71309680000007, -6.097601], [106.71293660000003, -6.097409699999957], [106.71271860000007, -6.097124599999972], [106.71271540000004, -6.097120299999972], [106.71264670000005, -6.097047799999928], [106.71234910000004, -6.096744499999943], [106.71205790000005, -6.096508699999958], [106.71186850000004, -6.096355499999959], [106.71174150000007, -6.096250299999951], [106.71163550000006, -6.096162399999969], [106.71137910000004, -6.09595], [106.71133470000007, -6.095913199999927], [106.71104650000007, -6.09567439999995], [106.710974, -6.095615699999939], [106.71096860000006, -6.095611399999939], [106.71049460000006, -6.095258399999977], [106.71034250000008, -6.095454599999925], [106.71012980000006, -6.095353599999953], [106.70994560000008, -6.095266199999969], [106.70961480000005, -6.095859599999926], [106.70916080000006, -6.095770699999946], [106.70899520000006, -6.095894499999929], [106.70888960000008, -6.095856899999944], [106.70858290000007, -6.095683399999928], [106.70821170000005, -6.095598199999927], [106.70792720000009, -6.095572799999957], [106.70751150000007, -6.095774699999936], [106.70742160000009, -6.095977099999971], [106.70741980000008, -6.09598109999996], [106.70741360000005, -6.095995099999925], [106.70740790000008, -6.095979799999952], [106.70697550000006, -6.095933899999977], [106.70679490000003, -6.095911499999943], [106.706644, -6.095921399999952], [106.70640920000005, -6.095950399999936], [106.70608140000007, -6.095947099999933], [106.70595760000003, -6.095918], [106.70584650000006, -6.095835699999952], [106.70583370000008, -6.095819199999937], [106.70568380000009, -6.095842699999935], [106.70544060000009, -6.095880799999975], [106.70532730000008, -6.095672], [106.70525710000004, -6.095691], [106.70503370000006, -6.095595599999967], [106.70488750000004, -6.095437699999934], [106.70486370000003, -6.095192599999962], [106.70476610000009, -6.095179899999948], [106.70410180000005, -6.095236799999952], [106.70414760000006, -6.095348899999976], [106.70420090000005, -6.095606299999929], [106.70423150000005, -6.095739799999933], [106.70427720000004, -6.095937299999946], [106.70420860000007, -6.095958199999927], [106.70330070000006, -6.09626529999997], [106.70291660000004, -6.096468099999981], [106.702553, -6.096660099999951], [106.70214860000004, -6.09676079999997], [106.70184350000005, -6.096583899999928], [106.70163690000004, -6.096431299999949], [106.70147720000006, -6.096313499999951], [106.701339, -6.096252099999958], [106.70124570000007, -6.096255399999961], [106.70124550000008, -6.096258299999931], [106.70115220000008, -6.096292799999958], [106.70065760000006, -6.096408799999949], [106.70036480000005, -6.096483599999942], [106.70028720000005, -6.09650339999996], [106.69996030000004, -6.096567899999968], [106.69991990000005, -6.09642359999998], [106.69988930000005, -6.09631319999994], [106.69983850000006, -6.096129599999927], [106.69982020000003, -6.095853399999953], [106.69982660000005, -6.095993699999951], [106.69920350000007, -6.096213499999976], [106.69895720000005, -6.096294599999965], [106.69860050000005, -6.096364599999959], [106.69852970000005, -6.096375099999932], [106.69852490000005, -6.09640829999995], [106.69843970000005, -6.096429199999932], [106.69833210000007, -6.096462], [106.69821710000008, -6.096523], [106.69802810000004, -6.096547], [106.69796910000008, -6.096519099999966], [106.69740370000005, -6.096581899999933], [106.69741210000007, -6.096386399999972], [106.697495, -6.096286199999952], [106.697495, -6.096286099999929], [106.69712690000006, -6.096271399999978], [106.69714270000009, -6.096139199999925], [106.69692790000005, -6.096060699999953], [106.69685140000007, -6.096223799999962], [106.69662360000007, -6.096256099999948], [106.69655160000008, -6.095994699999949], [106.69642610000005, -6.095950099999925], [106.69620530000009, -6.095879799999977], [106.695765, -6.095740099999944], [106.69566440000006, -6.095992499999966], [106.69511030000007, -6.095814799999971], [106.69472710000008, -6.095717599999944], [106.69422990000004, -6.09558119999997], [106.69418380000008, -6.09576329999993], [106.69359930000007, -6.095677], [106.69294430000008, -6.095642199999929], [106.69196760000005, -6.095673899999952], [106.69177960000007, -6.095744199999956], [106.69135180000006, -6.095774499999948], [106.69121210000009, -6.096132799999964], [106.69121, -6.096139499999936], [106.69115640000007, -6.096309899999937], [106.69115470000008, -6.09631539999998], [106.69115360000006, -6.096314699999937], [106.69112110000003, -6.09636839999996], [106.69066290000006, -6.09653179999998], [106.69040710000007, -6.09661239999997], [106.69038920000008, -6.096494299999961], [106.68896920000009, -6.096771899999965], [106.68840640000008, -6.096871799999974], [106.68799590000003, -6.096879299999955], [106.687258, -6.097111499999926], [106.68723460000007, -6.097131], [106.68723570000009, -6.097140699999954], [106.68727890000008, -6.097505099999978], [106.68759940000007, -6.098361], [106.68775970000007, -6.098813699999937], [106.68789690000006, -6.099201199999925], [106.68801140000005, -6.099656599999946], [106.68805710000004, -6.100196899999958], [106.68799610000008, -6.100707599999964], [106.68800610000005, -6.100728199999935], [106.68814110000005, -6.101006499999926], [106.68811060000007, -6.101603499999953], [106.68807240000007, -6.102489499999933], [106.688019, -6.103350599999942], [106.68804950000003, -6.103526099999954], [106.68807060000006, -6.10369449999996], [106.68808720000004, -6.103827899999942], [106.68809430000005, -6.103884699999981], [106.68814520000006, -6.103901599999972], [106.68837940000009, -6.104001299999936], [106.68871380000007, -6.104300699999953], [106.68888110000006, -6.1046], [106.68864690000004, -6.105231899999978], [106.68847970000007, -6.105597799999941], [106.68847760000006, -6.105608], [106.688492, -6.105648], [106.688526, -6.10573119999998], [106.68856070000004, -6.105816399999981], [106.68882010000004, -6.10616349999998], [106.68895740000005, -6.106362299999944], [106.68909480000008, -6.10648539999994], [106.68915470000007, -6.10649989999996], [106.68928130000006, -6.10653039999994], [106.68994730000009, -6.106691299999966], [106.69089530000008, -6.106920199999934], [106.69203970000007, -6.106938799999966], [106.69266530000004, -6.106928799999935], [106.69304680000005, -6.106998], [106.69340250000005, -6.107069699999954], [106.69342060000008, -6.107073299999968], [106.69368330000009, -6.10719249999994], [106.69368760000003, -6.107194399999969], [106.69406910000004, -6.107483399999978], [106.69486260000008, -6.10807269999998], [106.69495490000008, -6.10814819999996], [106.69502770000008, -6.10820769999998], [106.69545, -6.10855289999995], [106.69592310000007, -6.108985], [106.69667840000005, -6.109801299999958], [106.69728870000006, -6.110356299999978], [106.697632, -6.110645799999929], [106.69788, -6.11089], [106.69788380000006, -6.110893699999963], [106.69746420000007, -6.11163659999994], [106.69694540000006, -6.112516899999946], [106.69678520000008, -6.112646599999948], [106.69640370000008, -6.112876899999947], [106.69616720000005, -6.112948899999935], [106.69593830000008, -6.11296939999994], [106.69555680000008, -6.112940299999934], [106.69513720000003, -6.112886899999978], [106.69429040000006, -6.112913099999957], [106.69428070000004, -6.112915499999929], [106.69355790000009, -6.113092399999971], [106.69354020000009, -6.113097699999969], [106.69328330000008, -6.113173499999959], [106.69206290000005, -6.113453399999969], [106.69162010000008, -6.113555], [106.69106310000006, -6.113699], [106.68973560000006, -6.114029399999936], [106.68901850000009, -6.114240699999925], [106.68907190000004, -6.11447759999993], [106.68909480000008, -6.114866699999936], [106.68911760000009, -6.115555799999981], [106.68914820000003, -6.116111699999976], [106.68921680000005, -6.117902299999969], [106.68918630000007, -6.118118299999935], [106.68913290000006, -6.118281399999944], [106.68951440000006, -6.118768699999976], [106.68964410000007, -6.119131099999947], [106.689723, -6.119649799999934], [106.689728, -6.119682299999965], [106.68974330000009, -6.119907799999964], [106.68973690000007, -6.120190699999966], [106.68972040000006, -6.120932099999948], [106.68971390000007, -6.120999499999925], [106.68970140000005, -6.121129899999971], [106.68969750000008, -6.121171], [106.68961640000003, -6.121453], [106.68961350000006, -6.121462799999961], [106.68949910000003, -6.121582], [106.68938310000004, -6.12173439999998], [106.68936940000003, -6.121752199999946], [106.68933130000005, -6.121821399999931], [106.68917110000007, -6.122121799999945], [106.68892780000004, -6.122552799999937], [106.68885060000008, -6.122689699999967], [106.68870210000006, -6.123008199999958], [106.688698, -6.123016799999959], [106.68862940000008, -6.12315609999996], [106.68826520000005, -6.123888], [106.68823260000005, -6.123953399999948], [106.68806480000006, -6.124286699999971], [106.68801050000008, -6.124500299999966], [106.68797320000004, -6.124647099999947], [106.68797250000006, -6.124649699999964], [106.68787410000004, -6.125], [106.68786640000008, -6.125048599999957], [106.68747730000007, -6.126788199999964], [106.68727130000008, -6.127723199999934], [106.68708820000006, -6.128545299999928], [106.68708060000006, -6.128622099999973], [106.68724080000004, -6.128701199999966], [106.68723320000004, -6.128770799999927], [106.68724080000004, -6.12884], [106.68724840000004, -6.128922], [106.68725610000007, -6.129219499999977], [106.68730950000008, -6.129597199999978], [106.68742390000006, -6.129814599999975], [106.68757650000003, -6.129978199999925], [106.68801140000005, -6.130209899999954], [106.68820210000007, -6.130314399999975], [106.68844630000007, -6.130638599999941], [106.68858360000007, -6.130881799999941], [106.68880480000007, -6.131427299999928], [106.68920920000005, -6.132228399999974], [106.68926260000006, -6.132311799999968], [106.68928550000004, -6.132355699999948], [106.689377, -6.13250869999996], [106.68949910000003, -6.132628899999929], [106.69002550000005, -6.132844899999952], [106.69038410000007, -6.133098099999927], [106.69055960000009, -6.133208299999978], [106.69089530000008, -6.133296499999972], [106.69136070000008, -6.133431399999949], [106.69139880000006, -6.133455799999979], [106.69137590000008, -6.133857699999965], [106.69134540000005, -6.13412139999997], [106.69126910000006, -6.134676], [106.69126910000006, -6.134728899999971], [106.69125390000005, -6.134892899999954], [106.69145220000007, -6.135390799999925], [106.69156670000007, -6.135690199999942], [106.69165820000006, -6.136000199999955], [106.691704, -6.136499899999933], [106.69167350000004, -6.136760699999968], [106.691559, -6.137053], [106.69133780000004, -6.137353899999937], [106.69126910000006, -6.137454499999933], [106.69123860000008, -6.13757709999993], [106.69126770000008, -6.137657899999965], [106.69126910000006, -6.137661899999955], [106.69126150000005, -6.137696299999959], [106.69096390000004, -6.13810159999997], [106.69062060000005, -6.138571299999967], [106.68956780000008, -6.140026599999942], [106.68891930000007, -6.140861], [106.68836230000005, -6.14164489999996], [106.68729420000005, -6.142696399999977], [106.68621080000008, -6.14306449999998], [106.68621110000004, -6.14307279999997], [106.68621160000004, -6.143086399999959], [106.686216, -6.143222299999934], [106.68623370000006, -6.143760199999974], [106.68628710000007, -6.144160699999929], [106.68629940000005, -6.144246099999975], [106.68630260000003, -6.144268799999963], [106.68630550000006, -6.144268799999963], [106.68633060000008, -6.144318699999928], [106.68641420000006, -6.144518199999936], [106.686456, -6.144726099999957], [106.68652290000006, -6.145067], [106.68664, -6.145582499999932], [106.68675710000008, -6.146339099999977], [106.68688250000008, -6.147062399999925], [106.68702470000005, -6.147453199999973], [106.68740930000007, -6.14756959999994], [106.68741480000006, -6.14757179999998], [106.68741770000008, -6.147577899999931], [106.68746790000006, -6.147636099999943], [106.68747740000003, -6.147658199999967], [106.68744990000005, -6.147676899999965], [106.68745440000004, -6.147678399999961], [106.68746210000006, -6.147720799999945], [106.68746970000007, -6.14789339999993], [106.68748850000009, -6.148293199999955], [106.687518, -6.148367699999937], [106.68758490000005, -6.149174199999948], [106.68763510000008, -6.149989], [106.68765180000008, -6.150180199999966], [106.68758230000009, -6.150226299999929], [106.68759180000006, -6.150406399999952], [106.687607, -6.150728699999945], [106.68761460000007, -6.150865099999976], [106.68767570000006, -6.152526399999942], [106.68770620000004, -6.152917399999978], [106.68770620000004, -6.153254], [106.68753830000009, -6.15382429999994], [106.687437, -6.154089099999965], [106.68743490000008, -6.154094599999951], [106.68745110000003, -6.15411279999995], [106.68757660000006, -6.154171], [106.68792780000007, -6.154345599999942], [106.68791970000007, -6.154487], [106.68791110000006, -6.154636599999947], [106.68792780000007, -6.154852799999958], [106.68785580000008, -6.154848699999945], [106.68787760000004, -6.154852799999958], [106.687978, -6.155842099999973], [106.688003, -6.156848099999934], [106.68803650000007, -6.157804299999952], [106.68804490000008, -6.158286499999974], [106.68807830000009, -6.158760399999949], [106.68801660000008, -6.158755299999939], [106.68807830000009, -6.158893399999954], [106.68808670000004, -6.15941719999995], [106.68811180000006, -6.15984949999995], [106.68810340000005, -6.159974199999965], [106.68810270000006, -6.159980499999961], [106.688222, -6.159971199999973], [106.68830130000003, -6.159965], [106.68852260000006, -6.159948399999962], [106.68865230000006, -6.159953099999939], [106.68875910000008, -6.159947399999965], [106.68894220000004, -6.159936], [106.68908710000005, -6.159946399999967], [106.68936940000003, -6.159977399999946], [106.68962120000003, -6.16000889999998], [106.68968390000003, -6.160018499999978], [106.68975850000004, -6.160029899999927], [106.68990350000007, -6.160040399999957], [106.68997210000003, -6.16003319999993], [106.68997210000003, -6.160063199999968], [106.68997210000003, -6.160064], [106.68997210000003, -6.16009669999994], [106.68995690000008, -6.160272099999929], [106.68995690000008, -6.16031739999994], [106.68974330000009, -6.160963099999947], [106.68959060000009, -6.161262], [106.68946090000009, -6.161430399999972], [106.68934650000006, -6.161588199999926], [106.68924730000003, -6.161735499999963], [106.68905660000007, -6.163116], [106.68901850000009, -6.163363499999946], [106.68901850000009, -6.163652399999933], [106.68908710000005, -6.164047699999969], [106.68915580000004, -6.164316699999972], [106.68917870000007, -6.164542199999971], [106.68917870000007, -6.164590799999928], [106.68914260000008, -6.164646399999981], [106.68900320000006, -6.164860699999963], [106.68897270000008, -6.164912199999947], [106.68897270000008, -6.165237899999966], [106.68909480000008, -6.165782899999954], [106.68914760000007, -6.165898699999957], [106.68917060000007, -6.165949199999943], [106.689377, -6.166401899999926], [106.68944570000008, -6.166637399999956], [106.68942280000005, -6.167057], [106.68930080000007, -6.167533399999968], [106.68907950000005, -6.168129399999941], [106.688965, -6.168548099999953], [106.68879720000007, -6.169086], [106.68876670000009, -6.169720199999972], [106.68874380000005, -6.170447399999944], [106.68873620000005, -6.171248], [106.68882770000005, -6.172126799999944], [106.68931890000005, -6.172928799999966], [106.68932310000008, -6.172935499999937], [106.68944570000008, -6.173135799999955], [106.68965930000007, -6.17319109999994], [106.69020860000006, -6.173311699999942], [106.69042780000007, -6.173346599999945], [106.69047260000008, -6.173353799999973], [106.69052910000005, -6.17336279999995], [106.69084950000007, -6.173426599999971], [106.69089530000008, -6.173430499999938], [106.69091050000009, -6.173467199999948], [106.69098680000008, -6.173499099999958], [106.69113180000005, -6.17350289999996], [106.69131490000007, -6.173514399999931], [106.69155140000004, -6.173600199999953], [106.691765, -6.173685599999942], [106.69194810000005, -6.17375519999996], [106.69212360000006, -6.173732299999926], [106.69216940000007, -6.173734699999955], [106.69224570000006, -6.173738], [106.69268060000007, -6.173770399999967], [106.69271110000005, -6.173749899999962], [106.692795, -6.173686499999974], [106.69287890000004, -6.173653599999966], [106.69315980000005, -6.173674499999947], [106.69316120000008, -6.17367459999997], [106.69351220000004, -6.173670299999969], [106.69366480000008, -6.173729399999957], [106.69389360000008, -6.173816699999975], [106.69421410000007, -6.17393919999995], [106.69431330000003, -6.173985], [106.694359, -6.174085599999955], [106.69438950000006, -6.174164799999971], [106.69455740000006, -6.174446599999953], [106.69464130000006, -6.17453809999995], [106.69470240000004, -6.174607699999967], [106.69475950000009, -6.174675199999967], [106.69476340000006, -6.174679699999956], [106.69481680000007, -6.174745099999939], [106.69484730000005, -6.174754599999972], [106.69490460000009, -6.174765099999945], [106.69493890000007, -6.174771299999975], [106.69509150000005, -6.174798], [106.69515250000006, -6.174811399999953], [106.69519110000005, -6.174813499999971], [106.69545770000008, -6.174828099999957], [106.69548520000006, -6.174836199999959], [106.69572470000008, -6.17490719999995], [106.69599630000005, -6.175001], [106.69636560000004, -6.175128499999971], [106.69637980000005, -6.175133399999936], [106.69661730000007, -6.175215699999967], [106.69671650000004, -6.175195699999961], [106.69687670000008, -6.175205199999937], [106.69692370000007, -6.175212599999952], [106.69699880000007, -6.175224299999968], [106.69710560000004, -6.175252], [106.69729640000008, -6.175300099999959], [106.69729080000008, -6.175312799999972], [106.69712850000008, -6.175681099999963], [106.69702170000005, -6.17593], [106.69693010000009, -6.176149399999929], [106.69701410000005, -6.176219499999945], [106.69750230000005, -6.176332], [106.69785330000008, -6.176446899999974], [106.69868490000005, -6.176607099999956], [106.69924190000006, -6.176788299999942], [106.70021310000004, -6.17706979999997], [106.70024890000008, -6.177080199999978], [106.70042010000009, -6.177169], [106.70042440000009, -6.177171199999975], [106.70096610000007, -6.177458799999954], [106.70135520000008, -6.177548399999978], [106.70252250000004, -6.177996599999972], [106.70343040000006, -6.178420099999926], [106.70488760000006, -6.179064299999936], [106.70515460000007, -6.179230699999948], [106.70560470000004, -6.179436199999941], [106.70601670000008, -6.179685599999971], [106.70636770000004, -6.179903499999966], [106.70653080000005, -6.18001739999994], [106.70654190000005, -6.180025099999966], [106.70655080000006, -6.180031299999939], [106.70682550000004, -6.180213], [106.70724510000008, -6.180376099999933], [106.70755790000004, -6.180539599999975], [106.70803090000004, -6.180812399999979], [106.70854970000005, -6.181121399999938], [106.70888540000004, -6.181275399999947], [106.70916580000005, -6.181387099999938], [106.70917030000004, -6.181389], [106.71009090000007, -6.181756], [106.71086910000008, -6.182339699999943], [106.71145650000005, -6.182837499999948], [106.71212030000004, -6.183382], [106.71274590000007, -6.18385029999996], [106.71331040000007, -6.184294199999954], [106.71418780000005, -6.184969], [106.71495840000006, -6.185517799999957], [106.71706410000007, -6.186707], [106.717087, -6.187035099999946], [106.71715570000003, -6.187099], [106.71724720000009, -6.187182499999949], [106.71726250000006, -6.187397], [106.71730060000004, -6.187665], [106.71733880000005, -6.187977799999942], [106.71732190000006, -6.188088499999935], [106.71730820000005, -6.188178599999958], [106.71723960000008, -6.188386499999979], [106.717148, -6.188445099999967], [106.71703360000004, -6.188551399999938], [106.71696630000008, -6.188687499999958], [106.71696490000005, -6.18869019999994], [106.71696490000005, -6.188848], [106.71693440000007, -6.189027299999964], [106.71687470000006, -6.189082699999972], [106.71684290000007, -6.189112199999954], [106.71683580000007, -6.189114599999925], [106.71674260000009, -6.189146799999946], [106.71665210000003, -6.189178], [106.716675, -6.189446], [106.71648430000005, -6.189827899999955], [106.71648370000008, -6.189828899999952], [106.71641560000006, -6.18995289999998], [106.71637750000008, -6.190136], [106.71636980000005, -6.190574699999956], [106.716408, -6.191041499999926], [106.71644370000007, -6.191349699999932], [106.71650720000008, -6.191897399999959], [106.71655370000008, -6.192020399999933], [106.71656360000009, -6.192046599999969], [106.716593, -6.192124199999967], [106.71670550000005, -6.192421499999966], [106.71682730000003, -6.192835799999955], [106.71688330000006, -6.193026199999963], [106.71690290000004, -6.193093199999964], [106.71691150000004, -6.193122399999936], [106.71729760000005, -6.193077799999969], [106.71756160000007, -6.192929399999969], [106.71764760000008, -6.193028399999946], [106.71791410000009, -6.192908799999941], [106.71791880000006, -6.19288], [106.71793480000008, -6.192871099999934], [106.71920380000006, -6.192166199999974], [106.71962870000004, -6.191990199999964], [106.72071810000006, -6.191544499999964], [106.72074840000005, -6.191631699999959], [106.72111910000007, -6.191570499999955], [106.72145160000008, -6.19145919999994], [106.72148140000007, -6.191449199999965], [106.72178660000009, -6.191344499999957], [106.72211930000009, -6.191343399999937], [106.72234870000005, -6.191440899999975], [106.72278, -6.191559599999948], [106.72279030000004, -6.191693399999963], [106.72283960000004, -6.191709499999945], [106.72290060000006, -6.191729099999975], [106.72309160000003, -6.191807099999949], [106.72311880000007, -6.191755], [106.72324960000009, -6.191732799999954], [106.72339690000007, -6.191721399999949], [106.72339650000004, -6.191623099999958], [106.72405090000007, -6.191571899999929], [106.72405390000006, -6.191583699999967], [106.72417190000004, -6.192049499999939], [106.724192, -6.192129], [106.724319, -6.192668199999957], [106.72445140000008, -6.193137299999933], [106.72459860000004, -6.193939199999932], [106.72442650000005, -6.194704], [106.72427, -6.195206699999972], [106.72408150000007, -6.195567799999935], [106.72384170000004, -6.196026899999936], [106.72394260000004, -6.196159099999932], [106.72393050000005, -6.196175599999947], [106.723946, -6.196187599999973], [106.72394420000006, -6.196197099999949], [106.72377690000008, -6.196413299999961], [106.72364320000008, -6.196629399999949], [106.72342570000006, -6.196962], [106.72332540000008, -6.197128199999952], [106.72327520000005, -6.197194699999955], [106.723409, -6.197327799999925], [106.72357630000005, -6.197427499999947], [106.72377690000008, -6.197527299999933], [106.72371, -6.197627], [106.72370190000004, -6.197629099999972], [106.72375460000006, -6.19765069999994], [106.72370170000005, -6.197740099999976], [106.72353380000004, -6.197946099999967], [106.72351090000006, -6.197972799999945], [106.72353380000004, -6.197995699999979], [106.723821, -6.198200899999961], [106.72395340000008, -6.198295599999938], [106.72391530000004, -6.198352799999952], [106.72365590000004, -6.198726699999952], [106.723572, -6.198842499999955], [106.72338120000006, -6.199129099999936], [106.72340410000004, -6.199477699999932], [106.72344230000004, -6.199775199999976], [106.72344990000005, -6.199849599999936], [106.72342830000008, -6.199991299999965], [106.72341940000007, -6.200049899999954], [106.72344990000005, -6.200074699999959], [106.72349780000008, -6.200139599999943], [106.72352620000004, -6.200178199999925], [106.72358720000005, -6.200321699999961], [106.723633, -6.201427499999966], [106.72382370000008, -6.202402099999972], [106.72396870000006, -6.20316459999998], [106.72402930000004, -6.203440099999966], [106.72402970000007, -6.203442099999961], [106.72415940000008, -6.204025299999955], [106.72418080000006, -6.204129799999976], [106.72419550000006, -6.20420189999993], [106.72420040000009, -6.204225899999926], [106.72422070000005, -6.204325599999947], [106.724172, -6.204611099999966], [106.72437070000007, -6.20469339999994], [106.72448770000005, -6.204751599999952], [106.72446270000006, -6.205607899999961], [106.72445430000005, -6.206464099999948], [106.72441250000008, -6.206663699999979], [106.72443760000004, -6.207037799999966], [106.72442080000008, -6.20738689999996], [106.72439580000008, -6.207603099999972], [106.72422010000008, -6.207619699999952], [106.72398190000007, -6.207596], [106.72396930000008, -6.207594699999959], [106.72381880000006, -6.207603099999972], [106.72376020000007, -6.207844099999932], [106.72373510000006, -6.208018699999968], [106.72374, -6.208052799999962], [106.72367880000007, -6.208097], [106.72333550000008, -6.208270099999936], [106.72309430000007, -6.208369299999958], [106.72288190000006, -6.208456699999942], [106.72251150000005, -6.208609099999933], [106.72196980000007, -6.208849899999962], [106.72122970000004, -6.20911689999997], [106.72064230000007, -6.209387299999946], [106.72016930000007, -6.209604299999967], [106.72009360000004, -6.210127799999952], [106.72008530000005, -6.210185099999933], [106.72008710000006, -6.21019], [106.72010820000008, -6.210248], [106.720093, -6.21046739999997], [106.72003960000006, -6.210610899999949], [106.71996330000007, -6.210708199999942], [106.72000140000006, -6.210795899999937], [106.72006240000007, -6.210963299999946], [106.72005480000007, -6.211297], [106.720009, -6.211682799999949], [106.719934, -6.212066199999981], [106.71991750000007, -6.212150099999974], [106.71983360000007, -6.212504899999942], [106.71987170000006, -6.212614599999938], [106.719948, -6.212850599999967], [106.71990220000004, -6.213027], [106.71970390000007, -6.213403699999958], [106.71964290000005, -6.213682199999937], [106.71961230000005, -6.214007399999957], [106.719681, -6.214040299999965], [106.719803, -6.214119499999981], [106.71983360000007, -6.214195299999972], [106.71979540000007, -6.214235299999928], [106.71970390000007, -6.214221499999951], [106.71958940000007, -6.214232], [106.71939870000006, -6.214319299999943], [106.71926140000005, -6.214423199999942], [106.71917740000004, -6.214567199999976], [106.71916220000008, -6.214716399999929], [106.71913170000005, -6.214854699999933], [106.71907060000007, -6.215046399999949], [106.71898670000007, -6.215590499999962], [106.71896570000007, -6.21563059999994], [106.71892570000006, -6.215706799999964], [106.71892140000006, -6.215711], [106.71888750000005, -6.215743499999974], [106.71861290000004, -6.215967699999965], [106.71858240000006, -6.216084499999965], [106.71856710000009, -6.216402599999981], [106.71853660000005, -6.216634799999952], [106.71842980000008, -6.217032899999936], [106.71827560000008, -6.217419899999925], [106.71816270000005, -6.217703299999926], [106.71814310000008, -6.217743899999959], [106.71822440000005, -6.217786699999976], [106.71850870000009, -6.217903099999944], [106.71837490000007, -6.218667899999957], [106.71807390000004, -6.219632199999978], [106.71797350000008, -6.220031199999937], [106.71797350000008, -6.22004789999994], [106.718007, -6.220230799999968], [106.71797350000008, -6.220579899999962], [106.71794010000008, -6.220945699999959], [106.71799020000009, -6.221278199999972], [106.71805710000007, -6.221710499999972], [106.71825780000006, -6.22182689999994], [106.71829130000003, -6.222176], [106.71824120000008, -6.222807], [106.71825780000006, -6.222807799999941], [106.71825780000006, -6.223123699999974], [106.71826620000007, -6.223639099999957], [106.71823270000004, -6.223988199999951], [106.71824110000006, -6.224129599999969], [106.71823040000004, -6.224172299999964], [106.71825040000004, -6.224172099999976], [106.718445, -6.224170199999946], [106.71862050000004, -6.224168799999973], [106.71866630000005, -6.224169699999948], [106.71941390000006, -6.224186399999951], [106.71965810000006, -6.224192099999925], [106.72016930000007, -6.224208799999928], [106.72063470000006, -6.224223599999959], [106.72065910000003, -6.224223599999959], [106.72066970000009, -6.224223599999959], [106.72071860000005, -6.224223599999959], [106.721245, -6.224220299999956], [106.72174090000004, -6.224238899999932], [106.72236660000004, -6.224252199999967], [106.72247340000007, -6.224254599999938], [106.72270990000004, -6.224259899999936], [106.723572, -6.224266099999966], [106.72380850000008, -6.224270299999944], [106.72390770000004, -6.22427609999994], [106.72522750000007, -6.224327099999925], [106.72576160000006, -6.224337099999957], [106.72695930000003, -6.224359199999981], [106.72705010000004, -6.224360899999965], [106.727051, -6.224360899999965], [106.727051, -6.224331899999925], [106.72759270000006, -6.224311899999975], [106.72835560000004, -6.224283699999944], [106.72892780000006, -6.22423219999996], [106.72895830000004, -6.224229799999932], [106.72949240000008, -6.224184], [106.72966020000007, -6.224178299999949], [106.73016380000007, -6.224161099999947], [106.73037740000007, -6.224175499999944], [106.73058340000006, -6.224153499999943], [106.730797, -6.224142099999938], [106.73098770000007, -6.224092], [106.73130050000009, -6.224048599999946], [106.73151420000005, -6.224012899999934], [106.73211690000005, -6.223915099999942], [106.73217790000007, -6.223908], [106.73251360000006, -6.223965699999951], [106.732651, -6.223969499999953], [106.73283410000005, -6.223975199999927], [106.73304770000004, -6.223982299999932], [106.73316210000007, -6.223981399999957], [106.73346730000009, -6.223979], [106.73361230000006, -6.223977599999955], [106.73378010000005, -6.223974699999928], [106.73384120000009, -6.22397849999993], [106.73392980000006, -6.223984099999939], [106.73393410000006, -6.223984299999927], [106.734009, -6.223989], [106.73478720000008, -6.223960899999952], [106.73505420000004, -6.223958], [106.73532890000007, -6.223951399999976], [106.73553490000006, -6.22395419999998], [106.73579430000007, -6.223927], [106.73599260000009, -6.223906499999941], [106.73643510000005, -6.223883199999932], [106.73686240000006, -6.223778699999968], [106.73693870000005, -6.223686199999975], [106.73696920000003, -6.223683799999947], [106.73731550000008, -6.223623099999941], [106.73737220000004, -6.223613199999932], [106.73741030000008, -6.22360649999996], [106.73741330000007, -6.223606], [106.73752130000008, -6.223686499999928], [106.73780050000005, -6.223663099999953], [106.73868660000005, -6.223588599999971], [106.74034380000006, -6.223449399999936], [106.74062820000006, -6.223425499999962], [106.74185050000006, -6.223322799999949], [106.74252320000005, -6.223266199999955], [106.743708, -6.223123499999929], [106.74397010000007, -6.223080099999947], [106.74440540000006, -6.223007899999971], [106.74481350000008, -6.223222399999941], [106.74497030000003, -6.223304799999937], [106.74505220000009, -6.22329469999994], [106.74570870000008, -6.223213299999941], [106.74668290000005, -6.223092599999973], [106.74722580000008, -6.223025299999961], [106.74731240000006, -6.223014599999942], [106.74739190000008, -6.223026], [106.74739270000003, -6.22302609999997], [106.74739270000003, -6.223003399999925], [106.74740790000004, -6.223003399999925], [106.74825480000004, -6.223148299999934], [106.74902920000005, -6.223070099999973], [106.74905070000005, -6.223068399999931], [106.749052, -6.223068199999943], [106.749052, -6.222805], [106.74949460000005, -6.22274589999995], [106.74969290000007, -6.222719199999972], [106.75024310000003, -6.22266419999994], [106.75024350000007, -6.222660799999971], [106.750244, -6.222656099999938], [106.750461, -6.222650699999974], [106.75046110000005, -6.222650699999974], [106.75070110000007, -6.222659199999953], [106.75070080000006, -6.222849499999938], [106.75070080000006, -6.222902199999965], [106.75073430000003, -6.222898499999928], [106.75074580000006, -6.222898499999928], [106.75122640000006, -6.22291759999996], [106.751482, -6.222929], [106.75196270000004, -6.222932799999967], [106.752039, -6.222932799999967], [106.75279650000004, -6.222941099999957], [106.75308140000004, -6.222944199999972], [106.75308420000005, -6.222944299999938], [106.75353430000007, -6.22294809999994], [106.75392850000009, -6.222951599999931], [106.75418280000008, -6.222932799999967], [106.75420570000006, -6.222953799999971], [106.75467330000004, -6.222957599999972], [106.75467490000005, -6.222957599999972], [106.75483890000004, -6.222959499999945], [106.75506780000006, -6.222961399999974], [106.75519750000007, -6.222963299999947], [106.75539210000005, -6.222965199999976], [106.75553320000006, -6.222967099999948], [106.75586890000005, -6.222969099999943], [106.75614190000005, -6.222972199999958], [106.75672640000005, -6.222978699999942], [106.75672710000003, -6.222978599999976], [106.75672720000006, -6.222978599999976], [106.75688030000003, -6.222967599999947], [106.75700520000004, -6.22295859999997], [106.75713660000008, -6.22294729999993], [106.75720020000006, -6.222942399999965], [106.75729180000008, -6.222934699999939], [106.757295, -6.222934499999951], [106.75736090000004, -6.222932899999932], [106.757361, -6.222932899999932], [106.75738540000003, -6.222931099999926], [106.75738790000008, -6.222930899999938], [106.75748230000005, -6.222934199999941], [106.75755120000008, -6.222936599999969], [106.75766160000006, -6.222975099999928], [106.75785260000004, -6.223041499999965], [106.75791390000006, -6.22304239999994], [106.75810660000008, -6.223045299999967], [106.75810810000007, -6.223045299999967], [106.758207, -6.223046799999963], [106.75832690000004, -6.22313719999994], [106.75832940000004, -6.223139099999969], [106.75833720000008, -6.223145], [106.75833830000005, -6.223145899999963], [106.758507, -6.223122299999943], [106.75855860000007, -6.223115099999973], [106.75858120000004, -6.22311209999998], [106.75866510000009, -6.223100699999975], [106.75881370000008, -6.223079699999971], [106.75881390000006, -6.223079699999971], [106.75886730000008, -6.223081599999944], [106.75892250000004, -6.22308529999998], [106.75892450000003, -6.223085399999945], [106.75898690000008, -6.223088599999926], [106.75898730000006, -6.223089799999968], [106.75928960000005, -6.223115399999926], [106.75952170000005, -6.223135], [106.76014430000004, -6.223143099999959], [106.76014080000004, -6.223146399999962], [106.76014140000007, -6.223146399999962], [106.76021, -6.223138799999958], [106.76021050000008, -6.223138899999981], [106.76026340000004, -6.223144499999933], [106.76028630000008, -6.223144499999933], [106.76032830000008, -6.223144499999933], [106.76036260000006, -6.223144499999933], [106.76037790000004, -6.223144499999933], [106.76083, -6.223155899999938], [106.76083180000006, -6.223156], [106.76094080000007, -6.223158399999932], [106.76130590000008, -6.223139199999935], [106.76130660000007, -6.223139199999935], [106.76151290000007, -6.22312839999995], [106.76158930000008, -6.223124399999961], [106.76159780000006, -6.223123899999962], [106.76160390000007, -6.223123599999951], [106.76160450000003, -6.223123599999951], [106.76160660000005, -6.223123699999974], [106.76161450000006, -6.22312409999995], [106.76177190000004, -6.223132], [106.76189230000006, -6.223138099999971], [106.76190290000005, -6.223138699999936], [106.76190470000006, -6.223138799999958], [106.76208510000004, -6.223147899999958], [106.76249710000008, -6.22313639999993], [106.76250380000005, -6.223136], [106.76250760000005, -6.223135799999966], [106.76327530000003, -6.223085], [106.76425190000003, -6.223140299999955], [106.76427990000008, -6.223136699999941], [106.76494720000005, -6.223052299999949], [106.76550050000009, -6.222982399999978], [106.76555, -6.222980799999959], [106.76563280000005, -6.223330099999941], [106.76580070000006, -6.223673799999972], [106.76612870000008, -6.22403769999994], [106.76624320000008, -6.224180699999977], [106.76632710000007, -6.224338499999931], [106.76644150000004, -6.22454879999998], [106.76657120000004, -6.224749599999939], [106.76673150000005, -6.224900299999945], [106.76698910000005, -6.225177799999926], [106.76699, -6.22518], [106.76704, -6.2253], [106.76703, -6.22541], [106.76694, -6.22558], [106.76677, -6.22579], [106.76662, -6.22588], [106.76632, -6.22596], [106.76617, -6.22601], [106.76614, -6.22607], [106.76613, -6.22626], [106.76614930000005, -6.226667299999974], [106.76608990000005, -6.226795599999946], [106.76614990000007, -6.226872299999968], [106.76615890000005, -6.226991899999973], [106.76608010000007, -6.227068599999939], [106.76592250000004, -6.227139299999976], [106.765756, -6.227148599999964], [106.76571540000003, -6.22712839999997], [106.76564160000004, -6.227091799999926], [106.76563310000006, -6.227087599999948], [106.76562040000005, -6.227084099999956], [106.76541370000007, -6.227026899999942], [106.76526420000005, -6.226895799999966], [106.76524850000004, -6.226870599999927], [106.76521150000008, -6.226841199999967], [106.76521140000006, -6.22684339999995], [106.76509730000004, -6.226791099999957], [106.76496560000004, -6.226730099999941], [106.76488690000008, -6.226730399999951], [106.76481, -6.22674], [106.76474780000007, -6.226759099999981], [106.764659, -6.226801299999977], [106.76461220000004, -6.226827899999932], [106.76451, -6.2269], [106.76442, -6.22705], [106.76430820000007, -6.227256], [106.76433090000006, -6.227255399999933], [106.76433740000004, -6.227255899999932], [106.76438530000007, -6.227259699999934], [106.76556540000007, -6.227354399999967], [106.76578990000007, -6.227372399999979], [106.76597510000005, -6.227387199999953], [106.766232, -6.22740779999998], [106.76628140000008, -6.22741179999997], [106.76629870000005, -6.227412399999935], [106.76638160000005, -6.227395699999931], [106.76651360000005, -6.227430399999946], [106.76673660000006, -6.227448199999969], [106.76690160000004, -6.22740959999993], [106.76713080000007, -6.227356], [106.76725240000007, -6.227327599999967], [106.76739320000007, -6.227301099999977], [106.76751850000005, -6.227277499999957], [106.76764290000006, -6.227277099999981], [106.76769040000005, -6.227276899999936], [106.76778860000007, -6.227276599999925], [106.76784040000007, -6.227274299999976], [106.76801790000007, -6.227249299999926], [106.76835240000008, -6.227264899999966], [106.76865550000008, -6.227248399999951], [106.76884510000008, -6.227238], [106.76896060000007, -6.227231699999948], [106.76911010000003, -6.227231199999949], [106.76980190000006, -6.227213399999926], [106.76985680000007, -6.227215799999954], [106.76994010000004, -6.227219499999933], [106.77017740000008, -6.227196499999934], [106.77109290000004, -6.227166599999975], [106.77178730000008, -6.227140199999951], [106.77182530000005, -6.227140399999939], [106.77191450000004, -6.227141], [106.772731, -6.22712439999998], [106.77279490000006, -6.227123099999972], [106.77325070000006, -6.227113799999927], [106.77341050000007, -6.227110499999981], [106.773761, -6.227103399999976], [106.77380490000007, -6.227102499999944], [106.77395120000006, -6.227099499999952], [106.77445690000008, -6.227089199999966], [106.77450510000006, -6.227006599999925], [106.77456090000004, -6.227034299999957], [106.77483240000004, -6.227019399999961], [106.77483590000008, -6.227019899999959], [106.77484350000009, -6.22706409999995], [106.77490170000004, -6.227061699999979], [106.77512720000004, -6.227052799999967], [106.77516090000006, -6.227058199999931], [106.77529950000007, -6.227080399999977], [106.775322, -6.227054899999928], [106.77564360000008, -6.227043499999979], [106.77575930000006, -6.227039399999967], [106.77582640000008, -6.227036599999963], [106.77614030000007, -6.227024], [106.77615710000003, -6.226984399999935], [106.77624880000008, -6.226983099999927], [106.77626920000006, -6.227067699999964], [106.77651910000009, -6.227066899999954], [106.77653290000006, -6.227065899999957], [106.77696470000006, -6.227035099999966], [106.77696940000004, -6.22694649999994], [106.77707470000007, -6.226944199999934], [106.77720160000007, -6.226941599999975], [106.77722090000009, -6.226941199999942], [106.77735880000006, -6.226938899999936], [106.77742970000008, -6.226937699999951], [106.77748340000005, -6.226968599999964], [106.77770850000007, -6.226967799999954], [106.77783620000008, -6.226967399999978], [106.77795430000003, -6.226916099999926], [106.77831270000007, -6.226914699999952], [106.77841620000004, -6.226909], [106.77840930000008, -6.226681499999927], [106.77840540000005, -6.226554], [106.77841150000006, -6.226339099999961], [106.77842970000006, -6.225703599999974], [106.77843660000008, -6.225463399999967], [106.77844430000005, -6.225194199999976], [106.77847060000005, -6.224945099999957], [106.77847220000007, -6.224848099999974], [106.77845030000009, -6.224836], [106.77845780000007, -6.224387199999967], [106.77845780000007, -6.223322], [106.77845780000007, -6.223219899999947], [106.77845780000007, -6.222476499999971], [106.77846550000004, -6.222268099999951], [106.77846550000004, -6.222150399999975], [106.77847310000004, -6.221823699999959], [106.77848070000005, -6.221136599999966], [106.77848070000005, -6.220868199999927], [106.77848070000005, -6.220693099999949], [106.77848070000005, -6.22038989999993], [106.77848060000008, -6.220386599999927], [106.77847310000004, -6.220124699999928], [106.77847310000004, -6.219824799999969], [106.77847310000004, -6.21976849999993], [106.77848840000007, -6.218966499999965], [106.77848110000008, -6.218789899999933], [106.77848070000005, -6.218781], [106.77847310000004, -6.218320399999925], [106.778435, -6.217901299999937], [106.77838150000008, -6.217668099999969], [106.778351, -6.217588499999977], [106.77832810000007, -6.217556499999944], [106.77821370000004, -6.217447299999947], [106.77794670000009, -6.217327199999943], [106.77783220000003, -6.217289499999936], [106.77744310000008, -6.217097299999978], [106.77723710000004, -6.216973799999948], [106.777138, -6.21686509999995], [106.77707690000005, -6.216578499999969], [106.77709980000009, -6.216219399999943], [106.77711440000007, -6.21614], [106.77711510000006, -6.216136499999948], [106.77736680000004, -6.215720199999964], [106.77750420000007, -6.215484199999935], [106.77754990000005, -6.215386899999942], [106.77757860000008, -6.21524409999995], [106.77760750000004, -6.215047699999957], [106.77763330000005, -6.214716899999928], [106.77762620000004, -6.214249699999925], [106.77762620000004, -6.214109], [106.77762620000004, -6.214077499999973], [106.77766440000005, -6.213722299999972], [106.77767960000006, -6.213680299999965], [106.77774830000004, -6.213585899999941], [106.77783990000006, -6.213533899999959], [106.77809160000004, -6.213503399999979], [106.778763, -6.213471899999945], [106.77938860000006, -6.21344229999994], [106.77998660000009, -6.213416799999948], [106.78018210000005, -6.213408499999957], [106.78058750000008, -6.213373], [106.780703, -6.213364599999977], [106.78100120000005, -6.213358199999959], [106.78104690000004, -6.213360699999953], [106.78167740000004, -6.213333199999965], [106.78231830000004, -6.213301699999931], [106.78252430000003, -6.213286399999959], [106.78278370000004, -6.21321869999997], [106.78294390000008, -6.213102399999968], [106.78305840000007, -6.213005099999975], [106.78310140000008, -6.212984199999937], [106.78314990000007, -6.212960799999962], [106.78317280000005, -6.212946899999963], [106.78334830000006, -6.21269609999996], [106.78348560000006, -6.212414299999978], [106.78355430000005, -6.212162499999977], [106.783539, -6.211348099999952], [106.78351610000004, -6.211015699999962], [106.78351480000003, -6.211011099999951], [106.78350850000004, -6.21099], [106.78350090000004, -6.210836899999947], [106.783478, -6.210433499999965], [106.78337880000004, -6.209632399999975], [106.78337880000004, -6.209606199999939], [106.78334070000005, -6.209325799999931], [106.78326440000006, -6.208589599999925], [106.78323380000006, -6.208266299999934], [106.78321090000009, -6.207900099999961], [106.78317280000005, -6.207532899999933], [106.78316520000004, -6.207460899999944], [106.78314230000007, -6.207109], [106.78314230000007, -6.206719899999939], [106.78315, -6.206720099999927], [106.78397390000003, -6.206739499999969], [106.78452320000008, -6.20676519999995], [106.78487420000005, -6.206775199999981], [106.78520980000008, -6.206800499999929], [106.78599570000006, -6.206867699999975], [106.78632370000008, -6.20689729999998], [106.78656030000008, -6.20690639999998], [106.78692650000005, -6.206937799999935], [106.78732320000006, -6.207048499999928], [106.78756730000003, -6.207196799999963], [106.78773520000004, -6.207358899999974], [106.78782670000004, -6.207514299999957], [106.78784960000007, -6.207542], [106.78788010000005, -6.207598699999949], [106.78801750000008, -6.207742199999927], [106.78830740000006, -6.208046499999966], [106.78839130000006, -6.208157599999936], [106.788521, -6.208245799999929], [106.788994, -6.20849329999993], [106.78911610000006, -6.208500399999934], [106.789139, -6.208496899999943], [106.78918480000004, -6.208489899999961], [106.78938310000007, -6.208417399999973], [106.78952050000004, -6.208294899999942], [106.78958560000007, -6.208228599999927], [106.78993240000005, -6.207875299999955], [106.79045120000006, -6.207443799999965], [106.790848, -6.207501899999954], [106.79156510000007, -6.207625399999927], [106.79195420000008, -6.207694599999968], [106.79222130000005, -6.207747], [106.79238910000004, -6.207788], [106.79254170000007, -6.207828099999972], [106.79290790000005, -6.207795699999963], [106.79301470000007, -6.207775199999958], [106.79322070000006, -6.207762299999956], [106.79399890000008, -6.207702199999972], [106.79470080000004, -6.207666], [106.795006, -6.207643099999927], [106.79563160000004, -6.207614499999977], [106.796005, -6.207585299999948], [106.79605880000008, -6.20758109999997], [106.79619620000005, -6.206811], [106.79633350000006, -6.206266], [106.79646320000006, -6.205908799999975], [106.79658530000006, -6.205566899999951], [106.79659290000006, -6.205499199999963], [106.79685230000007, -6.204691399999945], [106.79689050000007, -6.20456889999997], [106.79714220000005, -6.204031], [106.79719560000007, -6.203915599999959], [106.79727960000008, -6.203800199999932], [106.79733290000007, -6.203727299999969], [106.79736350000007, -6.203672], [106.79756180000004, -6.203363], [106.79763050000008, -6.203266699999972], [106.79765340000006, -6.20324329999994], [106.79771440000007, -6.203137], [106.79784410000008, -6.202976699999965], [106.79803490000006, -6.202800299999979], [106.798134, -6.202681599999949], [106.79847740000008, -6.202384499999937], [106.79851550000006, -6.202352099999928], [106.79888170000004, -6.202107499999954], [106.798958, -6.202052099999946], [106.79906480000005, -6.20199539999993], [106.79937, -6.201698799999974], [106.799408, -6.201655599999981], [106.79940810000005, -6.201655399999936], [106.799431, -6.20150469999993], [106.79955310000008, -6.201114699999948], [106.799576, -6.201041699999962], [106.79961420000006, -6.201004099999977], [106.79982010000003, -6.200705599999935], [106.80008720000006, -6.200390399999947], [106.80029320000006, -6.200211099999933], [106.80056020000006, -6.200059], [106.80059830000005, -6.200037], [106.80075090000008, -6.199975499999937], [106.80142230000007, -6.199698], [106.80148330000009, -6.199669399999948], [106.80163590000006, -6.199593599999957], [106.801819, -6.199489599999936], [106.80262010000007, -6.199109599999929], [106.80266590000008, -6.19908339999995], [106.80287190000007, -6.198941699999978], [106.80300920000008, -6.198828299999946], [106.80313890000008, -6.198632299999929], [106.80344410000004, -6.198062399999969], [106.80356620000003, -6.197881299999949], [106.80361960000005, -6.197827399999937], [106.80368820000007, -6.197792099999958], [106.80411550000008, -6.197518899999977], [106.80428330000007, -6.197340499999939], [106.80429420000007, -6.197320099999956], [106.80432150000007, -6.19726849999995], [106.80440540000006, -6.197133099999974], [106.80451990000006, -6.196936599999958], [106.80463430000003, -6.19671539999996], [106.80479450000007, -6.196416399999976], [106.80480730000005, -6.196389599999975], [106.80480970000008, -6.196384499999965], [106.80508440000006, -6.195627299999956], [106.80509210000008, -6.19555239999994], [106.80527520000004, -6.19443659999996], [106.80527810000007, -6.194415699999979], [106.80535910000003, -6.193849099999966], [106.80542010000005, -6.193303599999979], [106.80547350000006, -6.192839599999957], [106.805504, -6.192757699999959], [106.805876, -6.191840099999979], [106.805916, -6.191741499999978], [106.80594660000008, -6.191695699999968], [106.80605340000005, -6.191471599999943], [106.80628220000006, -6.190882299999942], [106.80644250000006, -6.190351499999963], [106.806473, -6.190206599999954], [106.80651870000008, -6.189999099999966], [106.80672440000006, -6.189137199999948], [106.80672470000007, -6.189136099999928], [106.80674760000005, -6.189106], [106.80686210000005, -6.188994899999955], [106.80704520000006, -6.188932499999964], [106.80714440000008, -6.188900499999932], [106.80740370000007, -6.188871], [106.80796830000008, -6.18882039999994], [106.80808340000004, -6.188813399999958], [106.808304, -6.188799899999935], [106.80881520000008, -6.188734599999975], [106.80941030000008, -6.188698299999942], [106.80953240000008, -6.188697899999966], [106.81030290000007, -6.188678799999934], [106.81054710000006, -6.18870979999997], [106.81064920000006, -6.188722499999926], [106.81065390000003, -6.188723099999947], [106.81065670000004, -6.188697599999955], [106.81067680000007, -6.188517599999955], [106.81067680000007, -6.18834929999997], [106.81066150000004, -6.187994499999945], [106.81057760000004, -6.187417099999948], [106.81050130000006, -6.186839099999929], [106.81047080000008, -6.186313699999971], [106.81042480000008, -6.185812], [106.81040210000003, -6.185565], [106.81032640000006, -6.184964499999978], [106.81032580000004, -6.184959399999968], [106.81031060000004, -6.184790199999952], [106.81024190000005, -6.184120699999937], [106.81018090000003, -6.183512299999961], [106.81017640000005, -6.183420099999978], [106.81017350000008, -6.18335959999996], [106.81016690000007, -6.183221099999969], [106.81016560000006, -6.183194199999946], [106.81015870000004, -6.183115799999939], [106.81014230000005, -6.182929099999967], [106.81012670000007, -6.182750899999974], [106.81011980000005, -6.182673], [106.81005880000004, -6.182195699999966], [106.810013, -6.181501], [106.81001140000006, -6.181482], [106.80999820000005, -6.181330099999968], [106.80999770000005, -6.181325], [106.80998910000005, -6.181217], [106.80993670000004, -6.180560199999945], [106.80986040000005, -6.180111899999929], [106.809807, -6.179793399999937], [106.80978750000008, -6.17973429999995], [106.80973070000005, -6.179562099999941], [106.80963150000008, -6.179301799999962], [106.80947130000004, -6.179071], [106.80926530000005, -6.178825399999937], [106.80908990000006, -6.17859459999994], [106.80888390000007, -6.17832], [106.80862450000006, -6.177959], [106.80823540000006, -6.177410599999973], [106.80794540000005, -6.177008199999932], [106.80792840000004, -6.176985099999968], [106.80754870000004, -6.176470799999947], [106.80675520000005, -6.175383099999976], [106.80655690000003, -6.175094599999966], [106.80648060000004, -6.174923899999953], [106.80634330000004, -6.174740799999938], [106.80617540000009, -6.174478599999929], [106.80602850000008, -6.174252199999955], [106.80595420000009, -6.174137599999938], [106.80563370000004, -6.17371849999995], [106.80547350000006, -6.173492899999928], [106.805471, -6.173489299999972], [106.80516840000007, -6.17305], [106.80485550000009, -6.172565], [106.80455040000004, -6.172106299999939], [106.80422230000005, -6.171660499999973], [106.80399340000008, -6.171311399999979], [106.80378740000003, -6.171032899999943], [106.80332970000006, -6.170346299999949], [106.80303210000005, -6.16990809999993], [106.80258960000003, -6.169301099999927], [106.80209370000006, -6.168584899999928], [106.80152910000004, -6.167769], [106.80118580000004, -6.167291199999966], [106.80094930000007, -6.166949799999941], [106.80078140000006, -6.166732799999977], [106.80053730000009, -6.166325099999938], [106.80030880000004, -6.16599], [106.80030840000006, -6.165989499999966], [106.80027030000008, -6.165930299999957], [106.800049, -6.165573199999926], [106.79972860000004, -6.165063399999951], [106.799538, -6.164719199999979], [106.79944630000006, -6.164553699999942], [106.79925560000004, -6.164158399999963], [106.79904960000005, -6.163724499999944], [106.79881310000007, -6.163112199999944], [106.79878910000008, -6.163036499999976], [106.79859940000006, -6.162437499999953], [106.79841630000004, -6.161994499999935], [106.79814930000003, -6.161384599999963], [106.79815130000009, -6.161383799999953], [106.79828660000004, -6.16132639999995], [106.79834770000008, -6.16129879999994], [106.79851550000006, -6.161240099999929], [106.79861470000009, -6.16118629999994], [106.80023980000004, -6.160474399999941], [106.80042040000006, -6.160357499999975], [106.80061360000008, -6.160232599999972], [106.80088060000008, -6.159955099999934], [106.80098740000005, -6.159786299999951], [106.80119340000005, -6.15938239999997], [106.80131550000004, -6.159009], [106.80137650000006, -6.158525499999939], [106.80138420000009, -6.15837769999996], [106.80139940000004, -6.158269], [106.80141470000007, -6.158127799999932], [106.80142990000007, -6.158043], [106.80143, -6.158043599999928], [106.80146050000008, -6.158316699999943], [106.80159020000008, -6.160112399999946], [106.80168940000004, -6.160141], [106.80177330000004, -6.160140099999978], [106.80181670000007, -6.160139799999968], [106.80184960000008, -6.16013959999998], [106.80197160000006, -6.160199199999965], [106.80204790000005, -6.160307399999965], [106.80218530000008, -6.160557299999937], [106.80238360000004, -6.160845299999949], [106.80259720000004, -6.161082799999974], [106.80274220000007, -6.161198199999944], [106.80309320000003, -6.161464199999955], [106.803261, -6.161539599999969], [106.80359670000007, -6.161657399999967], [106.80400870000005, -6.161744599999963], [106.80457180000008, -6.161797199999967], [106.80458090000008, -6.161798], [106.80470290000005, -6.161790899999971], [106.80542010000005, -6.161703099999954], [106.80545820000003, -6.161694599999976], [106.80580920000006, -6.161604], [106.80616780000008, -6.161570599999948], [106.80625760000004, -6.161566299999947], [106.80629750000008, -6.161564399999975], [106.80651870000008, -6.16153909999997], [106.80690780000003, -6.161502899999959], [106.80738090000006, -6.161454299999946], [106.80760980000008, -6.161421399999938], [106.80799890000009, -6.16138129999996], [106.80799990000008, -6.161381099999971], [106.80804350000005, -6.161371699999961], [106.80815910000007, -6.161347], [106.80846420000006, -6.161299799999938], [106.80869310000008, -6.161265399999934], [106.80922720000007, -6.161187699999971], [106.80957050000006, -6.161155699999938], [106.80970020000007, -6.16113809999996], [106.809731, -6.161127699999952], [106.80973840000007, -6.161125199999958], [106.81010460000005, -6.161022699999933], [106.81031060000004, -6.160922099999937], [106.81053940000004, -6.160847699999977], [106.81065390000003, -6.160836299999971], [106.81070020000004, -6.160828399999957], [106.81070730000005, -6.160827199999972], [106.81075310000006, -6.160820099999967], [106.81085220000006, -6.160803899999962], [106.81108880000005, -6.160770499999956], [106.81149310000006, -6.16070179999997], [106.81185930000004, -6.160691299999939], [106.81192990000005, -6.160698399999944], [106.81195850000006, -6.160701299999971], [106.81237050000004, -6.160699399999942], [106.81256120000006, -6.16069989999994], [106.81268330000006, -6.160686], [106.81278250000008, -6.160677499999963], [106.81280720000007, -6.160675799999979], [106.81285880000007, -6.160672199999965], [106.81288930000005, -6.160669799999937], [106.81327080000005, -6.160641699999928], [106.81341570000006, -6.160626899999954], [106.81375140000006, -6.160574], [106.81514, -6.160432399999934], [106.81590290000008, -6.160253099999977], [106.81625390000005, -6.160195899999962], [106.81661240000005, -6.160125299999947], [106.81745930000005, -6.160008499999947], [106.81759660000006, -6.159977], [106.818123, -6.159891199999947], [106.818825, -6.159787699999981], [106.81901570000008, -6.159757199999945], [106.81901910000005, -6.159756699999946], [106.81918350000007, -6.159731399999941], [106.81928270000009, -6.159698499999934], [106.81967940000004, -6.15961029999994], [106.82028220000007, -6.159548299999926], [106.82034320000008, -6.159551199999953], [106.82063310000007, -6.159600799999964], [106.82091540000005, -6.159688499999959], [106.82148, -6.159863499999972], [106.82167070000008, -6.159957499999962], [106.821953, -6.160059499999932], [106.82200640000008, -6.160073299999965], [106.82234210000007, -6.160190599999964], [106.82289140000006, -6.160397599999953], [106.82330340000004, -6.160571599999969], [106.82348650000006, -6.160624499999926], [106.82364670000004, -6.160664099999963], [106.824013, -6.160785199999964], [106.82449360000004, -6.160967899999946], [106.82462330000004, -6.161022699999933], [106.82495140000009, -6.161120499999981], [106.82499710000008, -6.161132399999929], [106.82539390000005, -6.161280699999963], [106.82574480000005, -6.161405099999968], [106.82617210000006, -6.161579599999925], [106.82618760000008, -6.161584499999947], [106.82626360000006, -6.161608299999955], [106.82644670000008, -6.161656899999969], [106.82662980000003, -6.161723699999925], [106.82672990000003, -6.161756899999943], [106.82679770000004, -6.161779399999944], [106.82730120000008, -6.161973499999931], [106.82785050000007, -6.162134199999969], [106.82792680000006, -6.162141399999939], [106.82800310000005, -6.162163299999975], [106.82830830000006, -6.162252899999942], [106.82829120000008, -6.162224199999969], [106.82803370000005, -6.161790899999971], [106.82794210000009, -6.16162879999996], [106.827759, -6.161175799999967], [106.827614, -6.160705199999938], [106.82746910000009, -6.15994459999996], [106.82746140000006, -6.15980959999996], [106.82743090000008, -6.159036199999946], [106.827427, -6.158268699999951], [106.82742330000008, -6.157550399999934], [106.82742330000008, -6.157547], [106.82741570000007, -6.15723], [106.82740190000004, -6.156585899999925], [106.82737960000009, -6.155547099999978], [106.82737750000007, -6.155449499999975], [106.82734850000008, -6.154062099999976], [106.82733940000008, -6.153626499999973], [106.82729360000008, -6.152321399999948], [106.82724780000007, -6.151924199999939], [106.82723190000007, -6.151763599999981], [106.82712980000008, -6.150731199999939], [106.82711050000006, -6.150536099999954], [106.82694260000005, -6.149750799999936], [106.82689690000007, -6.149448899999925], [106.82682820000008, -6.148985899999957], [106.82679770000004, -6.148867199999927], [106.82677480000007, -6.148703599999976], [106.82672140000005, -6.148518099999933], [106.82671970000007, -6.148512399999959], [106.82664510000006, -6.14826249999993], [106.82655350000005, -6.14788539999995], [106.82633230000005, -6.147045699999978], [106.82619480000005, -6.146740399999942], [106.82598130000008, -6.146266499999967], [106.82547780000004, -6.145334799999944], [106.82517260000009, -6.14482309999994], [106.82498950000007, -6.144518399999981], [106.82484450000004, -6.144292399999927], [106.82480660000004, -6.144229499999938], [106.824074, -6.143015399999967], [106.82388320000007, -6.142705499999977], [106.82385270000009, -6.142658799999936], [106.82381280000004, -6.142610099999956], [106.82380690000008, -6.142603], [106.82377480000008, -6.142554099999927], [106.82376120000004, -6.142533399999934], [106.82320420000008, -6.141586299999972], [106.82263970000008, -6.14046529999996], [106.82260920000004, -6.140399499999944], [106.82256340000004, -6.140286], [106.82255350000008, -6.140262099999973], [106.82251760000008, -6.140174899999977], [106.82239550000008, -6.13978579999997], [106.822304, -6.139499199999932], [106.82219720000006, -6.139121599999953], [106.82212090000007, -6.138859799999977], [106.82202930000005, -6.138563199999965], [106.82183860000004, -6.137728699999968], [106.82179280000008, -6.137578499999961], [106.82164780000005, -6.137312899999927], [106.82138840000005, -6.136990599999933], [106.821274, -6.136870899999963], [106.82125110000004, -6.136878499999966], [106.82124430000005, -6.136880099999928], [106.82101850000004, -6.136694199999965], [106.820802, -6.136537699999963], [106.82046780000007, -6.136420899999962], [106.82005520000007, -6.136353499999927], [106.81985540000005, -6.136354199999971], [106.81982930000004, -6.136354299999937], [106.819584, -6.136394399999972], [106.81921110000008, -6.136464499999931], [106.81868130000004, -6.136584199999959], [106.81855080000008, -6.136615399999926], [106.818181, -6.136703799999964], [106.81762170000007, -6.136823699999979], [106.81719, -6.136913599999957], [106.81674550000008, -6.137063599999976], [106.81671920000008, -6.136811799999975], [106.81671550000004, -6.136750499999948], [106.81669640000007, -6.136432199999945], [106.81662770000008, -6.136135199999956], [106.81642930000004, -6.135310199999935], [106.81628, -6.134826099999941], [106.81624620000008, -6.134716599999933], [106.81603260000009, -6.133958399999926], [106.81579610000006, -6.133166799999969], [106.81573630000008, -6.132963], [106.81554430000006, -6.132309], [106.815346, -6.13151739999995], [106.815056, -6.130377799999962], [106.81503310000005, -6.13024189999993], [106.81497840000009, -6.130229899999961], [106.81494160000005, -6.130221899999981], [106.81481950000006, -6.130195699999945], [106.81472040000006, -6.130182299999944], [106.81428550000004, -6.130102199999953], [106.81376670000009, -6.130078399999945], [106.81354540000007, -6.130080799999973], [106.81318690000006, -6.130124199999955], [106.81256890000009, -6.130270499999938], [106.81197380000003, -6.130431699999974], [106.81189750000004, -6.130449299999952], [106.81184410000009, -6.130462199999954], [106.81054710000006, -6.130818899999952], [106.81051660000008, -6.130825099999981], [106.81044110000005, -6.130844], [106.81044030000004, -6.130844199999956], [106.81037920000006, -6.130861299999935], [106.81031820000004, -6.130876599999965], [106.80991380000006, -6.130961899999932], [106.809601, -6.131054], [106.80954, -6.131069699999955], [106.80947890000004, -6.131084499999929], [106.809273, -6.131130299999938], [106.80899830000004, -6.13120269999996], [106.80818190000008, -6.13141829999995], [106.80782340000007, -6.131522699999948], [106.80706040000007, -6.131708699999933], [106.80702990000009, -6.131718199999966], [106.80698410000008, -6.131732499999941], [106.80668660000003, -6.131826], [106.80641190000006, -6.131888899999979], [106.80637380000007, -6.131898899999953], [106.80630510000009, -6.131916599999954], [106.80629950000008, -6.131917899999962], [106.80629490000007, -6.13191889999996], [106.80622120000004, -6.131936099999962], [106.80597710000006, -6.131985699999973], [106.80590080000007, -6.132011], [106.80577870000008, -6.132046799999955], [106.805649, -6.132083499999965], [106.805237, -6.132189799999935], [106.80432150000007, -6.132415799999933], [106.803116, -6.132729599999948], [106.80265060000005, -6.13284729999998], [106.80195640000005, -6.133082399999978], [106.80195090000007, -6.133086799999944], [106.801903, -6.133124899999927], [106.80114, -6.133650799999941], [106.80084250000004, -6.133993199999964], [106.80068220000004, -6.134215899999958], [106.80036180000008, -6.134900099999925], [106.80024740000005, -6.135266799999954], [106.80021690000007, -6.135601599999973], [106.80022450000007, -6.136482799999953], [106.80022450000007, -6.136511399999961], [106.80022450000007, -6.136590599999977], [106.80022450000007, -6.136601499999927], [106.80022450000007, -6.136681599999974], [106.800255, -6.137055], [106.80031610000009, -6.138061099999959], [106.80036180000008, -6.138977599999976], [106.80039240000008, -6.13965989999997], [106.8004, -6.139858799999956], [106.80049920000005, -6.141622599999948], [106.80050680000005, -6.141678899999931], [106.80051440000005, -6.141788499999961], [106.80051440000005, -6.141821899999968], [106.80052210000008, -6.141887199999928], [106.80037710000005, -6.141869099999951], [106.80036080000008, -6.141874199999961], [106.80020160000004, -6.141924399999937], [106.79997270000007, -6.141935899999964], [106.79977440000005, -6.141958299999942], [106.79927840000005, -6.14199739999998], [106.79899620000003, -6.142036499999961], [106.79865280000007, -6.142097], [106.798134, -6.142222899999979], [106.79785170000008, -6.142272499999933], [106.79744740000007, -6.142327799999975], [106.79733260000006, -6.142342599999949], [106.79710410000007, -6.142372199999954], [106.79688280000005, -6.142394599999932], [106.79664630000008, -6.142417], [106.79611990000006, -6.142461799999978], [106.79561640000009, -6.142504699999961], [106.79489920000009, -6.142563899999971], [106.79431940000006, -6.142617799999925], [106.79388450000005, -6.142650199999935], [106.79347250000006, -6.142687899999942], [106.793386, -6.142696099999966], [106.79308340000006, -6.142725], [106.79290790000005, -6.142736], [106.79240440000007, -6.142785099999969], [106.79217550000004, -6.142806599999972], [106.79201530000006, -6.142791799999941], [106.79160330000008, -6.142700699999978], [106.79113030000008, -6.142558599999973], [106.790703, -6.142411299999935], [106.79042490000006, -6.142358099999967], [106.79040950000007, -6.14235519999994], [106.79001070000004, -6.142329899999936], [106.78962550000006, -6.142397699999947], [106.78956140000008, -6.142412], [106.78917710000007, -6.142497599999956], [106.78917490000003, -6.142498499999931], [106.78917030000008, -6.142500499999926]]] 
      }
    }
  ]
}