{
  "type": "FeatureCollection",
  "name": "map",
  "crs": {
    "type": "name",
    "properties": {
      "name": "urn:ogc:def:crs:OGC:1.3:CRS84"
    }
  },
  "features": [
    {
      "type": "Feature",
      "properties": {
        "district_id": "3173010",
        "province": "DKI Jakarta",
        "regency": "Jakarta Pusat",
        "district": "Tanah Abang",
        "pria": 0,
        "wanita": 0,
        "total_penduduk": 0
      },
      "geometry": {
        "type": "Polygon",
        "coordinates": [[[106.81673020000005, -6.215930199999946], [106.81687950000008, -6.215809399999955], [106.81688050000008, -6.215808799999934], [106.81807490000006, -6.214772], [106.81833630000006, -6.21459219999997], [106.81835030000008, -6.21458], [106.81851980000005, -6.214433199999974], [106.81859610000004, -6.214367899999957], [106.81878680000005, -6.214151899999933], [106.81900040000005, -6.213895799999932], [106.81912280000006, -6.213741599999935], [106.81913010000005, -6.213732299999947], [106.81920640000004, -6.213644599999952], [106.81924460000005, -6.213602599999945], [106.81947350000007, -6.213278799999955], [106.81978630000003, -6.212815299999932], [106.81979410000008, -6.212800499999958], [106.81985950000006, -6.212709599999926], [106.81999820000004, -6.212456499999973], [106.82006850000005, -6.212355199999934], [106.82021350000008, -6.21206959999995], [106.820225, -6.21204309999996], [106.82039010000005, -6.211736499999972], [106.82072840000006, -6.211124899999959], [106.82092210000008, -6.210772299999974], [106.82098230000008, -6.210662799999966], [106.82112840000008, -6.210225799999932], [106.82119770000008, -6.210076799999968], [106.82150290000004, -6.209450299999958], [106.82159330000007, -6.209231899999963], [106.82159440000004, -6.209229], [106.82159540000004, -6.209226199999932], [106.82175460000008, -6.208766499999967], [106.822014, -6.207753699999955], [106.82202170000005, -6.207713199999944], [106.82205980000003, -6.207375099999979], [106.82206750000006, -6.207089499999938], [106.82205980000003, -6.206918799999926], [106.82212850000008, -6.206228299999964], [106.82222770000004, -6.205423399999972], [106.82225050000005, -6.205352799999957], [106.82226510000004, -6.205211599999927], [106.82229630000006, -6.204909399999963], [106.82229630000006, -6.20488359999996], [106.82238020000005, -6.204239399999949], [106.82251, -6.203680599999927], [106.82255570000007, -6.203461199999936], [106.82257860000004, -6.203350099999966], [106.82267020000006, -6.202908099999945], [106.82267780000006, -6.202846099999931], [106.82269310000004, -6.202784599999973], [106.82270830000004, -6.202698699999928], [106.82274530000007, -6.202706399999954], [106.82271270000007, -6.202666699999952], [106.82271330000003, -6.202663599999937], [106.82274, -6.20253], [106.82289, -6.20187], [106.82311, -6.20031], [106.82313, -6.19971], [106.82312, -6.19917], [106.8231, -6.19864], [106.8231, -6.19797], [106.82303020000006, -6.19786739999995], [106.82278, -6.1975], [106.82276680000007, -6.197486799999979], [106.82251, -6.19723], [106.82229, -6.19699], [106.82178, -6.19651], [106.82133, -6.19603], [106.82121, -6.19591], [106.82108, -6.19579], [106.82097, -6.19561], [106.820839, -6.195389299999931], [106.82078, -6.19529], [106.82057, -6.1944], [106.82059, -6.19429], [106.82062, -6.19418], [106.82067, -6.19412], [106.8207, -6.19399], [106.82076, -6.19363], [106.82088, -6.19311], [106.82096, -6.19269], [106.82105, -6.19207], [106.82105080000008, -6.192061499999966], [106.82106550000009, -6.191906899999935], [106.82107, -6.19186], [106.82118, -6.19132], [106.82126, -6.19107], [106.82133, -6.1909], [106.82145, -6.1907], [106.82182, -6.19016], [106.82204, -6.18982], [106.82222, -6.18945], [106.82223960000005, -6.189395399999967], [106.82236, -6.18906], [106.82239, -6.18894], [106.8224, -6.18865], [106.82243, -6.18817], [106.82245, -6.18776], [106.82247, -6.18741], [106.82251, -6.187], [106.82245, -6.187], [106.82224, -6.18699], [106.82199, -6.18697], [106.82185360000005, -6.186964299999943], [106.82159660000008, -6.186047799999926], [106.82157870000009, -6.185351299999979], [106.82167120000008, -6.185242699999947], [106.82166820000003, -6.184391399999981], [106.82137420000004, -6.184346], [106.82137040000003, -6.183228099999951], [106.82089, -6.1831], [106.82005, -6.18286], [106.81996, -6.18284], [106.81994610000004, -6.182837199999938], [106.81986, -6.18282], [106.81891, -6.18256], [106.81874, -6.18251], [106.81826, -6.18236], [106.81777, -6.18222], [106.81753, -6.18215], [106.81751490000005, -6.182145599999956], [106.81708, -6.18202], [106.81691, -6.18196], [106.81680250000005, -6.18191969999998], [106.81675, -6.1819], [106.81639, -6.18175], [106.81616, -6.18168], [106.81559, -6.18155], [106.81513, -6.18153], [106.81485, -6.1816], [106.8146, -6.18167], [106.81452, -6.18177], [106.81447, -6.18182], [106.81442, -6.18186], [106.81416, -6.1821], [106.81404, -6.18216], [106.81393, -6.18216], [106.81381, -6.18223], [106.81358, -6.18231], [106.81353, -6.18235], [106.81328, -6.18262], [106.81308, -6.18278], [106.81291, -6.18291], [106.81282, -6.18298], [106.81277, -6.18303], [106.81228, -6.18348], [106.81196, -6.1838], [106.81192030000005, -6.183833099999958], [106.81178, -6.18395], [106.81146, -6.18422], [106.81121, -6.18449], [106.81033, -6.18496], [106.81032640000006, -6.184964499999978], [106.81040210000003, -6.185565], [106.81042480000008, -6.185812], [106.81047080000008, -6.186313699999971], [106.81050130000006, -6.186839099999929], [106.81057760000004, -6.187417099999948], [106.81066150000004, -6.187994499999945], [106.81067680000007, -6.18834929999997], [106.81067680000007, -6.188517599999955], [106.81065670000004, -6.188697599999955], [106.81065390000003, -6.188723099999947], [106.81064920000006, -6.188722499999926], [106.81054710000006, -6.18870979999997], [106.81030290000007, -6.188678799999934], [106.80953240000008, -6.188697899999966], [106.80941030000008, -6.188698299999942], [106.80881520000008, -6.188734599999975], [106.808304, -6.188799899999935], [106.80808340000004, -6.188813399999958], [106.80796830000008, -6.18882039999994], [106.80740370000007, -6.188871], [106.80714440000008, -6.188900499999932], [106.80704520000006, -6.188932499999964], [106.80686210000005, -6.188994899999955], [106.80674760000005, -6.189106], [106.80672470000007, -6.189136099999928], [106.80672440000006, -6.189137199999948], [106.80651870000008, -6.189999099999966], [106.806473, -6.190206599999954], [106.80644250000006, -6.190351499999963], [106.80628220000006, -6.190882299999942], [106.80605340000005, -6.191471599999943], [106.80594660000008, -6.191695699999968], [106.805916, -6.191741499999978], [106.805876, -6.191840099999979], [106.805504, -6.192757699999959], [106.80547350000006, -6.192839599999957], [106.80542010000005, -6.193303599999979], [106.80535910000003, -6.193849099999966], [106.80527810000007, -6.194415699999979], [106.80527520000004, -6.19443659999996], [106.80509210000008, -6.19555239999994], [106.80508440000006, -6.195627299999956], [106.80480970000008, -6.196384499999965], [106.80480730000005, -6.196389599999975], [106.80479450000007, -6.196416399999976], [106.80463430000003, -6.19671539999996], [106.80451990000006, -6.196936599999958], [106.80440540000006, -6.197133099999974], [106.80432150000007, -6.19726849999995], [106.80429420000007, -6.197320099999956], [106.80428330000007, -6.197340499999939], [106.80411550000008, -6.197518899999977], [106.80368820000007, -6.197792099999958], [106.80361960000005, -6.197827399999937], [106.80356620000003, -6.197881299999949], [106.80344410000004, -6.198062399999969], [106.80313890000008, -6.198632299999929], [106.80300920000008, -6.198828299999946], [106.80287190000007, -6.198941699999978], [106.80266590000008, -6.19908339999995], [106.80262010000007, -6.199109599999929], [106.801819, -6.199489599999936], [106.80163590000006, -6.199593599999957], [106.80148330000009, -6.199669399999948], [106.80142230000007, -6.199698], [106.80075090000008, -6.199975499999937], [106.80059830000005, -6.200037], [106.80056020000006, -6.200059], [106.80029320000006, -6.200211099999933], [106.80008720000006, -6.200390399999947], [106.79982010000003, -6.200705599999935], [106.79961420000006, -6.201004099999977], [106.799576, -6.201041699999962], [106.79955310000008, -6.201114699999948], [106.799431, -6.20150469999993], [106.79940810000005, -6.201655399999936], [106.799408, -6.201655599999981], [106.79937, -6.201698799999974], [106.79906480000005, -6.20199539999993], [106.798958, -6.202052099999946], [106.79888170000004, -6.202107499999954], [106.79851550000006, -6.202352099999928], [106.79847740000008, -6.202384499999937], [106.798134, -6.202681599999949], [106.79803490000006, -6.202800299999979], [106.79784410000008, -6.202976699999965], [106.79771440000007, -6.203137], [106.79765340000006, -6.20324329999994], [106.79763050000008, -6.203266699999972], [106.79756180000004, -6.203363], [106.79736350000007, -6.203672], [106.79733290000007, -6.203727299999969], [106.79727960000008, -6.203800199999932], [106.79719560000007, -6.203915599999959], [106.79714220000005, -6.204031], [106.79689050000007, -6.20456889999997], [106.79685230000007, -6.204691399999945], [106.79659290000006, -6.205499199999963], [106.79658530000006, -6.205566899999951], [106.79646320000006, -6.205908799999975], [106.79633350000006, -6.206266], [106.79619620000005, -6.206811], [106.79605880000008, -6.20758109999997], [106.796005, -6.207585299999948], [106.79563160000004, -6.207614499999977], [106.795006, -6.207643099999927], [106.79470080000004, -6.207666], [106.79399890000008, -6.207702199999972], [106.79322070000006, -6.207762299999956], [106.79301470000007, -6.207775199999958], [106.79290790000005, -6.207795699999963], [106.79254170000007, -6.207828099999972], [106.79238910000004, -6.207788], [106.79238150000003, -6.207810399999971], [106.79227470000006, -6.208015499999931], [106.79212510000008, -6.208176099999946], [106.79198050000008, -6.208329899999967], [106.79187650000006, -6.208561499999973], [106.79179920000007, -6.208758099999955], [106.79183450000005, -6.208852099999945], [106.79190750000004, -6.208986299999935], [106.79204750000008, -6.209077199999967], [106.79235650000004, -6.20916909999994], [106.79249590000006, -6.209257199999968], [106.79259510000009, -6.209391599999947], [106.792679, -6.209608599999967], [106.79271720000008, -6.209820799999932], [106.79270190000005, -6.21020939999994], [106.79277820000004, -6.210293299999933], [106.79281770000006, -6.210360099999946], [106.79295780000007, -6.21045369999996], [106.79307340000008, -6.210491], [106.793236, -6.210580399999969], [106.79360220000007, -6.21084929999995], [106.79368610000006, -6.210973299999978], [106.79371, -6.211198799999977], [106.79371660000004, -6.211427199999946], [106.79364030000005, -6.211490699999956], [106.79343190000009, -6.211605799999973], [106.79341070000004, -6.211673099999928], [106.79342310000004, -6.211711799999932], [106.79342970000005, -6.211732199999972], [106.79350230000006, -6.211745399999927], [106.79366070000003, -6.211699199999941], [106.79381380000007, -6.211687899999959], [106.79393030000006, -6.211711], [106.79399160000008, -6.211824399999955], [106.79401350000006, -6.21194], [106.79415910000006, -6.211982299999931], [106.794327, -6.211936499999979], [106.79443260000005, -6.211909], [106.79458640000007, -6.211844499999927], [106.79470130000004, -6.211910799999941], [106.79480870000003, -6.212002899999959], [106.79481990000005, -6.21201259999998], [106.794995, -6.212127599999974], [106.79512040000009, -6.212185399999953], [106.79515860000004, -6.212206899999956], [106.79539050000005, -6.212287599999968], [106.79557620000008, -6.212356899999975], [106.79561820000004, -6.212369699999954], [106.79576130000004, -6.212493], [106.79573840000006, -6.212610799999936], [106.79566210000007, -6.212708], [106.795454, -6.212768799999935], [106.795418, -6.212863499999969], [106.79541030000007, -6.212909699999955], [106.79539510000006, -6.212959799999965], [106.79535690000006, -6.213567299999966], [106.79538260000004, -6.21389309999995], [106.79546350000004, -6.213989699999956], [106.79554180000008, -6.214080199999955], [106.79556290000005, -6.21410469999995], [106.79563920000004, -6.214266299999963], [106.79566210000007, -6.214315899999974], [106.79582230000005, -6.214636399999961], [106.79607410000006, -6.215168], [106.79620250000005, -6.215573799999959], [106.79625170000008, -6.215815699999951], [106.79627350000004, -6.215912399999979], [106.79622560000007, -6.21604439999993], [106.79614540000006, -6.216163], [106.79607360000006, -6.216399899999942], [106.79613510000007, -6.216625199999953], [106.79628770000005, -6.216901299999961], [106.79645560000006, -6.217259899999931], [106.79662340000004, -6.217614199999957], [106.79679130000005, -6.218004299999961], [106.79684470000007, -6.218168299999945], [106.79686760000004, -6.21845959999996], [106.79685990000007, -6.218667099999948], [106.79685750000004, -6.218701899999928], [106.79685230000007, -6.218779099999949], [106.79681420000009, -6.219173], [106.79663870000007, -6.220069], [106.79652420000008, -6.220694099999946], [106.79629540000008, -6.221954399999959], [106.79609080000006, -6.223229899999978], [106.79608940000008, -6.223238499999979], [106.79604360000008, -6.223882199999935], [106.796303, -6.225144899999975], [106.796364, -6.226538699999935], [106.79629540000008, -6.226851], [106.796158, -6.227194299999951], [106.79588340000004, -6.22781329999998], [106.79561630000006, -6.22841509999995], [106.79566210000007, -6.228541399999926], [106.79581470000005, -6.228755499999977], [106.79577660000007, -6.228858499999944], [106.79572320000005, -6.229055899999935], [106.79575370000003, -6.229157499999928], [106.79579180000007, -6.229268599999955], [106.79602830000005, -6.229279099999928], [106.79633350000006, -6.229285299999958], [106.796364, -6.229285299999958], [106.79700490000005, -6.229274799999928], [106.79731770000006, -6.22929629999993], [106.79734820000004, -6.229300099999932], [106.79737870000008, -6.229300099999932], [106.79752370000006, -6.229304799999966], [106.79761530000007, -6.22926949999993], [106.79769150000004, -6.22924], [106.79773730000005, -6.229210399999943], [106.79824090000005, -6.228891899999951], [106.79833240000005, -6.228853299999969], [106.79846970000006, -6.228835099999969], [106.79866810000004, -6.228861399999971], [106.79914110000004, -6.228987299999972], [106.79923940000003, -6.229073199999959], [106.79924030000006, -6.229074], [106.79924250000005, -6.229071599999941], [106.79930130000008, -6.229005399999949], [106.79946920000003, -6.228975299999945], [106.79959130000009, -6.228997299999946], [106.79962180000007, -6.22895909999994], [106.79989640000008, -6.228692099999932], [106.80074330000008, -6.227996399999938], [106.800873, -6.227902], [106.80103320000006, -6.227798499999949], [106.80118580000004, -6.227683099999979], [106.80137650000006, -6.227535799999941], [106.80162830000006, -6.227352199999928], [106.80178090000004, -6.22724009999996], [106.80296050000004, -6.22634249999993], [106.802994, -6.226317], [106.80302450000005, -6.226292699999931], [106.80307030000006, -6.226250199999981], [106.803322, -6.22603179999993], [106.80381030000007, -6.22566269999993], [106.80426810000006, -6.225348], [106.80455040000004, -6.225142], [106.804764, -6.22493129999998], [106.80491660000007, -6.224839699999961], [106.80502580000007, -6.224769], [106.80520650000005, -6.224651899999969], [106.80535910000003, -6.224525], [106.80559560000006, -6.224336199999925], [106.80598470000007, -6.224097799999981], [106.80639670000005, -6.223799299999939], [106.806473, -6.223744899999929], [106.807007, -6.223427799999968], [106.80743430000007, -6.22318219999994], [106.80771660000005, -6.22300249999995], [106.80828110000004, -6.22260719999997], [106.80863210000007, -6.222314399999959], [106.80884570000006, -6.222159399999953], [106.80894490000009, -6.222089299999936], [106.809067, -6.221994499999937], [106.80925010000004, -6.221842799999934], [106.80942560000005, -6.221709299999929], [106.809601, -6.221597699999961], [106.80978410000006, -6.221473699999933], [106.80982990000007, -6.221447499999954], [106.80990620000006, -6.22139459999994], [106.809952, -6.221353599999929], [106.80998250000005, -6.221325399999955], [106.81008170000007, -6.22124679999996], [106.810158, -6.221179], [106.81095910000005, -6.220537199999967], [106.81153120000005, -6.22007659999997], [106.81166860000008, -6.219988399999977], [106.81169910000006, -6.219974099999945], [106.81174490000006, -6.219936899999936], [106.81183640000006, -6.21986389999995], [106.81187460000007, -6.219827699999939], [106.81191270000005, -6.219799099999932], [106.81196610000006, -6.219753799999978], [106.81199670000007, -6.219729399999949], [106.81204240000005, -6.219683699999962], [106.812195, -6.219540699999925], [106.81233850000007, -6.219407799999942], [106.81235520000007, -6.219392299999981], [106.81252310000008, -6.219261199999949], [106.812546, -6.219245899999976], [106.81259170000004, -6.219214], [106.81262230000004, -6.219197299999962], [106.81271380000004, -6.219137699999976], [106.81271440000006, -6.219137399999966], [106.81277530000006, -6.219089699999927], [106.81279010000009, -6.219075199999963], [106.81284350000004, -6.219032799999979], [106.81288170000005, -6.219003699999973], [106.81306620000004, -6.218862099999967], [106.81407330000008, -6.218074299999955], [106.81490860000008, -6.217420799999957], [106.81497970000004, -6.217359599999952], [106.81524680000007, -6.217119699999955], [106.81536890000007, -6.217020499999933], [106.81539940000005, -6.217002899999954], [106.81565110000008, -6.216828799999973], [106.81579610000006, -6.216713899999945], [106.81621230000007, -6.216388799999947], [106.81640420000008, -6.216222199999947], [106.816437, -6.216191399999957], [106.81672690000005, -6.215932899999927], [106.81673020000005, -6.215930199999946]]] 
      }
    },
    {
      "type": "Feature",
      "properties": {
        "district_id": "3173020",
        "province": "DKI Jakarta",
        "regency": "Jakarta Pusat",
        "district": "Menteng",
        "pria": 0,
        "wanita": 0,
        "total_penduduk": 0
      },
      "geometry": {
        "type": "Polygon",
        "coordinates": [[[106.84073, -6.18725], [106.84057, -6.18717], [106.84045, -6.18704], [106.84042, -6.18694], [106.84045, -6.18678], [106.84058, -6.18651], [106.84075, -6.18614], [106.8408, -6.18592], [106.84078, -6.18572], [106.84071, -6.18561], [106.84059, -6.18553], [106.84038, -6.18548], [106.84004, -6.18547], [106.8397, -6.18547], [106.83938, -6.18553], [106.83916140000008, -6.185594799999933], [106.83911, -6.18561], [106.83889880000004, -6.185695799999962], [106.83879, -6.18574], [106.83845, -6.18592], [106.83813, -6.18606], [106.83797, -6.18609], [106.83785, -6.18608], [106.83774, -6.18604], [106.83767, -6.18598], [106.83749, -6.1858], [106.83731, -6.18561], [106.83722260000008, -6.185530599999936], [106.8372, -6.18551], [106.83707, -6.1854], [106.83681, -6.18525], [106.83653, -6.18503], [106.83632, -6.18481], [106.83618, -6.1846], [106.83616, -6.18446], [106.83616, -6.18432], [106.83615, -6.18416], [106.83618, -6.18396], [106.83624, -6.18376], [106.83634, -6.18357], [106.83642110000005, -6.183399699999939], [106.83644, -6.18336], [106.83658, -6.18304], [106.83669, -6.18273], [106.83679, -6.18239], [106.83684, -6.18214], [106.83683, -6.18193], [106.83679, -6.18184], [106.83669, -6.18174], [106.83663, -6.18171], [106.83657, -6.18173], [106.83644, -6.18182], [106.83634, -6.18185], [106.83630580000005, -6.181863199999952], [106.83621, -6.1819], [106.83614, -6.18192], [106.83495, -6.18231], [106.83476, -6.1824], [106.83426, -6.18255], [106.83372, -6.18271], [106.8336, -6.18266], [106.8335, -6.18263], [106.83339, -6.18255], [106.83337890000007, -6.182566], [106.8333, -6.18268], [106.8322, -6.18275], [106.832173, -6.18275], [106.83213, -6.18275], [106.83187, -6.18278], [106.83159, -6.1828], [106.83086, -6.18285], [106.83061, -6.18285], [106.83059320000007, -6.182851099999937], [106.82998, -6.18289], [106.82988960000006, -6.182898199999954], [106.82976, -6.18291], [106.82863, -6.18297], [106.82856, -6.18297], [106.82841, -6.18298], [106.82826, -6.18299], [106.82819, -6.18299], [106.82754, -6.18303], [106.82732, -6.18304], [106.82694, -6.18308], [106.82638, -6.18311], [106.82574, -6.18314], [106.82525, -6.18315], [106.82508, -6.18316], [106.82503590000005, -6.18316429999993], [106.824827, -6.18318469999997], [106.82467, -6.1832], [106.82458, -6.1832], [106.82403, -6.18322], [106.82358, -6.18326], [106.82293, -6.18327], [106.82246, -6.18333], [106.82195, -6.18333], [106.82176, -6.18333], [106.82164, -6.1833], [106.82137040000003, -6.183228099999951], [106.82137420000004, -6.184346], [106.82166820000003, -6.184391399999981], [106.82167120000008, -6.185242699999947], [106.82157870000009, -6.185351299999979], [106.82159660000008, -6.186047799999926], [106.82185360000005, -6.186964299999943], [106.82199, -6.18697], [106.82224, -6.18699], [106.82245, -6.187], [106.82251, -6.187], [106.82247, -6.18741], [106.82245, -6.18776], [106.82243, -6.18817], [106.8224, -6.18865], [106.82239, -6.18894], [106.82236, -6.18906], [106.82223960000005, -6.189395399999967], [106.82222, -6.18945], [106.82204, -6.18982], [106.82182, -6.19016], [106.82145, -6.1907], [106.82133, -6.1909], [106.82126, -6.19107], [106.82118, -6.19132], [106.82107, -6.19186], [106.82106550000009, -6.191906899999935], [106.82105080000008, -6.192061499999966], [106.82105, -6.19207], [106.82096, -6.19269], [106.82088, -6.19311], [106.82076, -6.19363], [106.8207, -6.19399], [106.82067, -6.19412], [106.82062, -6.19418], [106.82059, -6.19429], [106.82057, -6.1944], [106.82078, -6.19529], [106.820839, -6.195389299999931], [106.82097, -6.19561], [106.82108, -6.19579], [106.82121, -6.19591], [106.82133, -6.19603], [106.82178, -6.19651], [106.82229, -6.19699], [106.82251, -6.19723], [106.82276680000007, -6.197486799999979], [106.82278, -6.1975], [106.82303020000006, -6.19786739999995], [106.8231, -6.19797], [106.8231, -6.19864], [106.82312, -6.19917], [106.82313, -6.19971], [106.82311, -6.20031], [106.82289, -6.20187], [106.82274, -6.20253], [106.82271330000003, -6.202663599999937], [106.82271270000007, -6.202666699999952], [106.82274530000007, -6.202706399999954], [106.82320420000008, -6.202801699999952], [106.82352050000009, -6.202848399999937], [106.82481890000008, -6.203145799999959], [106.82540150000005, -6.203294799999981], [106.82587240000004, -6.203386399999943], [106.826325, -6.203489499999932], [106.82654590000004, -6.203541299999927], [106.82692670000006, -6.203626499999928], [106.82722060000003, -6.203693499999929], [106.82747640000008, -6.203750299999967], [106.82747620000004, -6.20375219999994], [106.82772580000005, -6.203807899999958], [106.82817860000006, -6.203916599999957], [106.828789, -6.204056299999934], [106.82910030000005, -6.204114699999934], [106.82932440000008, -6.204164699999978], [106.82953070000008, -6.20421349999998], [106.82991780000003, -6.204282699999965], [106.83017750000005, -6.204345299999943], [106.830414, -6.204398699999956], [106.83071920000003, -6.204452599999968], [106.83119220000003, -6.204529799999932], [106.83192460000004, -6.204627599999981], [106.83242480000007, -6.204680699999926], [106.83399450000007, -6.204921899999931], [106.83399390000005, -6.204927299999952], [106.83399890000004, -6.204924299999959], [106.83461770000008, -6.205003499999975], [106.83467120000006, -6.20501239999993], [106.83500690000005, -6.205061499999942], [106.83541130000003, -6.205117299999927], [106.83549520000008, -6.205131499999936], [106.835808, -6.205184499999973], [106.83617420000007, -6.205230299999926], [106.836548, -6.205275599999936], [106.83690660000008, -6.20534], [106.837166, -6.205395299999964], [106.83744830000006, -6.205478699999958], [106.83773970000004, -6.205570099999932], [106.83794810000006, -6.205645899999979], [106.83836330000008, -6.205797899999936], [106.83856980000007, -6.205877799999939], [106.83862960000005, -6.205923199999972], [106.83863080000003, -6.205924099999947], [106.83882220000004, -6.205982199999937], [106.83884450000005, -6.205988899999966], [106.83920310000008, -6.206119099999967], [106.83939930000008, -6.206177099999934], [106.84050320000006, -6.20658119999996], [106.84078180000006, -6.206681899999978], [106.84156020000006, -6.206967599999928], [106.84196780000008, -6.207118899999955], [106.84196860000009, -6.207118699999967], [106.84231150000005, -6.207243399999925], [106.84252540000006, -6.207321199999967], [106.84285970000008, -6.207442899999933], [106.84306510000005, -6.20751869999998], [106.84321080000007, -6.207572499999969], [106.84332630000006, -6.207615199999964], [106.84332330000007, -6.20762579999996], [106.84333550000008, -6.207619899999941], [106.84395170000005, -6.207834599999956], [106.84482360000004, -6.208125699999925], [106.844823, -6.208127599999955], [106.84501980000005, -6.208193899999969], [106.84541930000006, -6.208328299999948], [106.84573380000006, -6.208434099999977], [106.845734, -6.208435], [106.84573440000008, -6.208436899999981], [106.84573750000004, -6.208435899999927], [106.84609010000008, -6.208558399999959], [106.84628410000005, -6.208567799999969], [106.84629080000008, -6.208569099999977], [106.84655780000008, -6.208618699999931], [106.84680190000006, -6.208627799999931], [106.84703080000008, -6.208606799999927], [106.84704050000005, -6.208604099999945], [106.84714960000008, -6.208609299999978], [106.84734470000006, -6.208519299999978], [106.847397, -6.208504699999935], [106.84765640000006, -6.208382699999959], [106.84767940000006, -6.208364899999935], [106.84767980000004, -6.208364699999947], [106.84771370000004, -6.20833829999998], [106.84793110000004, -6.20817], [106.84811420000005, -6.208048399999939], [106.84819050000004, -6.207970699999976], [106.84819, -6.20797], [106.84818880000006, -6.207968499999936], [106.84819620000007, -6.207962799999962], [106.84819350000004, -6.207958699999949], [106.84823340000008, -6.20793279999998], [106.84825150000006, -6.207916799999964], [106.84831270000006, -6.207881399999962], [106.84854380000007, -6.207731599999931], [106.84885990000004, -6.207569099999944], [106.84895470000004, -6.207520399999964], [106.84904730000005, -6.207551299999977], [106.84905260000005, -6.207543], [106.84909080000006, -6.207429], [106.84914420000007, -6.207101399999942], [106.84922810000006, -6.206722299999967], [106.84930440000005, -6.206369], [106.84935780000006, -6.206145299999946], [106.84943410000005, -6.206007099999965], [106.84954850000008, -6.20585159999996], [106.84974690000007, -6.205696199999977], [106.84993, -6.205592199999955], [106.85012070000005, -6.205548299999975], [106.85031150000003, -6.205522099999939], [106.85043350000007, -6.205547399999944], [106.85061330000008, -6.205632799999933], [106.85068530000007, -6.205667099999971], [106.85092940000004, -6.205795299999977], [106.85115070000006, -6.205872099999965], [106.85137960000009, -6.205931699999951], [106.85161610000006, -6.205956499999957], [106.85200520000006, -6.20592929999998], [106.85226460000007, -6.205902599999945], [106.85244770000008, -6.205893599999968], [106.852585, -6.205893099999969], [106.85269180000006, -6.205927], [106.85282150000006, -6.205995099999939], [106.85294360000006, -6.206089599999927], [106.85308860000004, -6.206218299999932], [106.85321070000003, -6.206338499999958], [106.85331750000006, -6.206415199999981], [106.85350820000008, -6.206509599999947], [106.85364550000008, -6.206569299999956], [106.85378280000003, -6.206577399999958], [106.85392780000006, -6.206576899999959], [106.85408040000004, -6.206533499999978], [106.85436270000008, -6.206334199999958], [106.85462970000003, -6.206143899999972], [106.854767, -6.206039899999951], [106.85508750000008, -6.205792499999973], [106.85528580000005, -6.205461499999956], [106.85553760000005, -6.205008599999928], [106.85568260000008, -6.204665699999964], [106.85569780000009, -6.20444539999994], [106.85571840000006, -6.204236799999933], [106.85574360000004, -6.203981], [106.85569020000008, -6.203601899999967], [106.855591, -6.203186599999981], [106.85549180000004, -6.202881399999967], [106.85542310000005, -6.202722599999959], [106.85528580000005, -6.202552399999945], [106.85511040000006, -6.202430299999946], [106.85498070000006, -6.202394499999969], [106.854706, -6.20237069999996], [106.85430930000007, -6.202335399999981], [106.85397360000007, -6.20227529999994], [106.85338610000008, -6.202094099999954], [106.85292070000008, -6.201936799999942], [106.85271470000004, -6.201901], [106.85260790000007, -6.201913399999967], [106.85247060000006, -6.201938699999971], [106.85212730000006, -6.202171899999939], [106.851845, -6.202344], [106.85159320000008, -6.202442699999949], [106.85145590000008, -6.202443199999948], [106.85138720000003, -6.202382599999964], [106.85138580000006, -6.202380199999936], [106.85124990000008, -6.202138499999933], [106.85106280000008, -6.201705799999957], [106.85103, -6.20163], [106.85078, -6.20114], [106.85069, -6.20091], [106.85059, -6.20074], [106.8505, -6.20057], [106.85033, -6.20036], [106.85003, -6.20009], [106.84974750000003, -6.199834], [106.84971, -6.1998], [106.84932, -6.19942], [106.84919, -6.19922], [106.84907, -6.19898], [106.84897, -6.19872], [106.84891, -6.19853], [106.84883, -6.19845], [106.84869, -6.19841], [106.84853, -6.19837], [106.8483, -6.19835], [106.8479, -6.19835], [106.84759, -6.19839], [106.84731, -6.19847], [106.84707, -6.19859], [106.84685, -6.19876], [106.84664, -6.19896], [106.84644, -6.19915], [106.84622, -6.1993], [106.84606, -6.19939], [106.84581, -6.19939], [106.84563, -6.19932], [106.84561060000004, -6.19930869999996], [106.84539, -6.19918], [106.84537840000007, -6.199171099999944], [106.84518, -6.19902], [106.84501, -6.19879], [106.84494, -6.19862], [106.84489, -6.1984], [106.84491, -6.1982], [106.84497, -6.19798], [106.84508, -6.1977], [106.84524, -6.19739], [106.84547, -6.19695], [106.8457, -6.19649], [106.84578, -6.19628], [106.84582, -6.19612], [106.84579, -6.19597], [106.84572, -6.19587], [106.84562, -6.1958], [106.84542, -6.1958], [106.84511, -6.19582], [106.8447, -6.19582], [106.84433, -6.19578], [106.84403, -6.19568], [106.84386950000004, -6.195580599999971], [106.84382, -6.19555], [106.8437, -6.19544], [106.84369, -6.19537], [106.84365, -6.19518], [106.84362, -6.19481], [106.84356, -6.19453], [106.84355, -6.19423], [106.84355080000006, -6.194212899999968], [106.84356, -6.19402], [106.84363, -6.19378], [106.84366, -6.19363], [106.84375, -6.19354], [106.84395, -6.19338], [106.84423, -6.19316], [106.84465, -6.19287], [106.84473040000006, -6.192805199999952], [106.84496, -6.19262], [106.84521, -6.19239], [106.84523060000004, -6.192328099999941], [106.84524, -6.1923], [106.84524, -6.19218], [106.84509, -6.19197], [106.84497, -6.19186], [106.84476, -6.19175], [106.84453, -6.19161], [106.84421, -6.19146], [106.84387, -6.19131], [106.84346, -6.19117], [106.84317, -6.19107], [106.843051, -6.191008099999976], [106.84292, -6.19094], [106.84262, -6.19079], [106.84247, -6.19068], [106.84241880000008, -6.190628799999956], [106.84227, -6.19048], [106.84194, -6.19017], [106.84157, -6.18984], [106.84119790000005, -6.189483699999926], [106.8411, -6.18939], [106.84102, -6.18925], [106.84101, -6.18913], [106.84102, -6.18901], [106.84107, -6.1889], [106.84118, -6.18877], [106.84134, -6.18861], [106.84162, -6.18835], [106.84173, -6.1882], [106.84176, -6.18808], [106.84177, -6.18791], [106.84173, -6.18774], [106.84163, -6.18762], [106.84154240000004, -6.187572199999977], [106.84141, -6.1875], [106.84118, -6.1874], [106.84073, -6.18725]]] 
      }
    },
    {
      "type": "Feature",
      "properties": {
        "district_id": "3173030",
        "province": "DKI Jakarta",
        "regency": "Jakarta Pusat",
        "district": "Senen",
        "pria": 0,
        "wanita": 0,
        "total_penduduk": 0
      },
      "geometry": {
        "type": "Polygon",
        "coordinates": [[[106.84308, -6.16864], [106.84302, -6.16859], [106.84268, -6.1686], [106.8427, -6.1687], [106.84273, -6.16899], [106.84273, -6.16917], [106.84273, -6.16972], [106.84275, -6.17002], [106.84276, -6.17024], [106.84283, -6.17086], [106.84286, -6.17131], [106.84288, -6.17163], [106.84188, -6.1717], [106.84156, -6.17173], [106.840675, -6.171865499999967], [106.84058, -6.17188], [106.84035, -6.17208], [106.8401, -6.17232], [106.83892, -6.17368], [106.83873, -6.17383], [106.83826, -6.17411], [106.83823890000008, -6.174134099999947], [106.83819, -6.17419], [106.83809, -6.17428], [106.83796, -6.17438], [106.83711330000006, -6.175130399999944], [106.83708, -6.17516], [106.83678, -6.17541], [106.83643, -6.17566], [106.83636, -6.17567], [106.83618, -6.17561], [106.83605, -6.17547], [106.83594, -6.17534], [106.8357, -6.17503], [106.83529, -6.1744], [106.83526, -6.17434], [106.83487, -6.17362], [106.8347, -6.1733], [106.83453, -6.17302], [106.83432, -6.17262], [106.83426, -6.17267], [106.83412, -6.17287], [106.83367, -6.17342], [106.83316, -6.17396], [106.83309, -6.17405], [106.83288, -6.17436], [106.83272, -6.17467], [106.83264, -6.17496], [106.83261, -6.17521], [106.83263, -6.17553], [106.83261, -6.17569], [106.83258, -6.17576], [106.83279, -6.1758], [106.83299, -6.17576], [106.83324, -6.17566], [106.83339, -6.17552], [106.83359, -6.1753], [106.83374, -6.17509], [106.83388, -6.17487], [106.83398, -6.17474], [106.83405, -6.17468], [106.83411, -6.17466], [106.83423, -6.1747], [106.83431, -6.17478], [106.83442, -6.17497], [106.83456, -6.17531], [106.83472, -6.17564], [106.83479, -6.17576], [106.83484, -6.17597], [106.83491, -6.17611], [106.83496, -6.17627], [106.83499, -6.17645], [106.835, -6.17662], [106.83495, -6.17681], [106.83481, -6.17714], [106.8347, -6.17738], [106.83462, -6.1776], [106.83457, -6.17778], [106.83457, -6.17793], [106.8346, -6.17806], [106.8347, -6.1782], [106.83481, -6.17829], [106.83498, -6.17835], [106.83522, -6.17838], [106.83547, -6.17836], [106.83572, -6.17831], [106.83592, -6.17818], [106.83613, -6.17803], [106.83634, -6.1779], [106.83649, -6.17782], [106.83663, -6.17778], [106.83673, -6.17778], [106.83681, -6.1778], [106.83685, -6.17792], [106.83687, -6.17809], [106.83679, -6.17841], [106.83668, -6.17871], [106.83657, -6.17899], [106.83645, -6.17917], [106.83621, -6.17938], [106.83592, -6.17956], [106.83578, -6.17967], [106.83557, -6.17987], [106.83536, -6.18009], [106.83525, -6.18021], [106.83512, -6.18041], [106.83505, -6.18055], [106.83504, -6.18068], [106.83508, -6.18087], [106.83519, -6.181], [106.83538, -6.18112], [106.83573, -6.18125], [106.83605, -6.18137], [106.8363, -6.1815], [106.83649, -6.1816], [106.83663, -6.18171], [106.83669, -6.18174], [106.83679, -6.18184], [106.83683, -6.18193], [106.83684, -6.18214], [106.83679, -6.18239], [106.83669, -6.18273], [106.83658, -6.18304], [106.83644, -6.18336], [106.83642110000005, -6.183399699999939], [106.83634, -6.18357], [106.83624, -6.18376], [106.83618, -6.18396], [106.83615, -6.18416], [106.83616, -6.18432], [106.83616, -6.18446], [106.83618, -6.1846], [106.83632, -6.18481], [106.83653, -6.18503], [106.83681, -6.18525], [106.83707, -6.1854], [106.8372, -6.18551], [106.83722260000008, -6.185530599999936], [106.83731, -6.18561], [106.83749, -6.1858], [106.83767, -6.18598], [106.83774, -6.18604], [106.83785, -6.18608], [106.83797, -6.18609], [106.83813, -6.18606], [106.83845, -6.18592], [106.83879, -6.18574], [106.83889880000004, -6.185695799999962], [106.83911, -6.18561], [106.83916140000008, -6.185594799999933], [106.83938, -6.18553], [106.8397, -6.18547], [106.84004, -6.18547], [106.84038, -6.18548], [106.84059, -6.18553], [106.84071, -6.18561], [106.84078, -6.18572], [106.8408, -6.18592], [106.84075, -6.18614], [106.84058, -6.18651], [106.84045, -6.18678], [106.84042, -6.18694], [106.84045, -6.18704], [106.84057, -6.18717], [106.84073, -6.18725], [106.84118, -6.1874], [106.84141, -6.1875], [106.84154240000004, -6.187572199999977], [106.84163, -6.18762], [106.84173, -6.18774], [106.84177, -6.18791], [106.84176, -6.18808], [106.84173, -6.1882], [106.84162, -6.18835], [106.84134, -6.18861], [106.84118, -6.18877], [106.84107, -6.1889], [106.84102, -6.18901], [106.84101, -6.18913], [106.84102, -6.18925], [106.8411, -6.18939], [106.84119790000005, -6.189483699999926], [106.84157, -6.18984], [106.84194, -6.19017], [106.84227, -6.19048], [106.84241880000008, -6.190628799999956], [106.84247, -6.19068], [106.84262, -6.19079], [106.84292, -6.19094], [106.843051, -6.191008099999976], [106.84317, -6.19107], [106.84346, -6.19117], [106.84387, -6.19131], [106.84421, -6.19146], [106.84453, -6.19161], [106.84476, -6.19175], [106.84497, -6.19186], [106.84509, -6.19197], [106.84524, -6.19218], [106.84524, -6.1923], [106.84523060000004, -6.192328099999941], [106.84521, -6.19239], [106.84496, -6.19262], [106.84473040000006, -6.192805199999952], [106.84465, -6.19287], [106.84423, -6.19316], [106.84395, -6.19338], [106.84375, -6.19354], [106.84366, -6.19363], [106.84363, -6.19378], [106.84356, -6.19402], [106.84355080000006, -6.194212899999968], [106.84355, -6.19423], [106.84356, -6.19453], [106.84362, -6.19481], [106.84365, -6.19518], [106.84369, -6.19537], [106.8437, -6.19544], [106.84382, -6.19555], [106.84386950000004, -6.195580599999971], [106.84403, -6.19568], [106.84433, -6.19578], [106.8447, -6.19582], [106.84511, -6.19582], [106.84542, -6.1958], [106.84562, -6.1958], [106.84572, -6.19587], [106.84579, -6.19597], [106.84582, -6.19612], [106.84578, -6.19628], [106.8457, -6.19649], [106.84547, -6.19695], [106.84524, -6.19739], [106.84508, -6.1977], [106.84497, -6.19798], [106.84491, -6.1982], [106.84489, -6.1984], [106.84494, -6.19862], [106.84501, -6.19879], [106.84518, -6.19902], [106.84537840000007, -6.199171099999944], [106.84539, -6.19918], [106.84561060000004, -6.19930869999996], [106.84563, -6.19932], [106.84581, -6.19939], [106.84606, -6.19939], [106.84622, -6.1993], [106.84644, -6.19915], [106.84664, -6.19896], [106.84685, -6.19876], [106.84707, -6.19859], [106.84731, -6.19847], [106.84759, -6.19839], [106.8479, -6.19835], [106.8483, -6.19835], [106.84853, -6.19837], [106.84869, -6.19841], [106.84883, -6.19845], [106.84891, -6.19853], [106.84897, -6.19872], [106.84907, -6.19898], [106.84919, -6.19922], [106.84932, -6.19942], [106.84971, -6.1998], [106.84974750000003, -6.199834], [106.85003, -6.20009], [106.85033, -6.20036], [106.8505, -6.20057], [106.85059, -6.20074], [106.85069, -6.20091], [106.85078, -6.20114], [106.85103, -6.20163], [106.85102860000006, -6.201626799999929], [106.85111260000008, -6.201583899999946], [106.85117360000004, -6.201550099999963], [106.851494, -6.201377899999954], [106.851555, -6.201336], [106.85168480000004, -6.201237699999979], [106.852051, -6.200889199999949], [106.85228750000005, -6.200694599999963], [106.85247060000006, -6.200546799999927], [106.85370420000004, -6.199562499999956], [106.85370650000004, -6.19956069999995], [106.85378280000003, -6.199512499999969], [106.85381340000004, -6.199482499999931], [106.85439320000006, -6.199079099999949], [106.85478230000007, -6.198740499999928], [106.85495010000005, -6.198626099999956], [106.85556050000008, -6.19814539999993], [106.85563680000007, -6.198109699999975], [106.85578170000008, -6.198022899999955], [106.85609450000004, -6.197808299999963], [106.85630050000009, -6.197646199999951], [106.85633870000004, -6.197603799999968], [106.85645310000007, -6.197456], [106.85649130000007, -6.197416799999928], [106.85663620000008, -6.197323899999958], [106.85677360000005, -6.19724709999997], [106.856827, -6.197221299999967], [106.85707870000005, -6.197053499999981], [106.85714740000009, -6.197009099999946], [106.85717790000007, -6.196988599999941], [106.85749830000009, -6.19671829999993], [106.85759830000006, -6.196647299999938], [106.85760510000006, -6.196642499999939], [106.85765090000007, -6.196608599999934], [106.85816210000007, -6.196270499999969], [106.85829860000007, -6.19615779999998], [106.85802, -6.19573], [106.85744, -6.19492], [106.85715, -6.19454], [106.85693, -6.19424], [106.85688, -6.19417], [106.85665, -6.19388], [106.85642, -6.19358], [106.85638590000008, -6.19351869999997], [106.85637, -6.19349], [106.85605, -6.19307], [106.85578, -6.19272], [106.85553, -6.1924], [106.85539, -6.19221], [106.85536280000008, -6.192166399999962], [106.85534, -6.19213], [106.85521, -6.19196], [106.85426, -6.19067], [106.85401, -6.19036], [106.85384610000006, -6.190141399999959], [106.85365, -6.18988], [106.85361, -6.18981], [106.85319510000005, -6.189291399999945], [106.85317, -6.18926], [106.85311, -6.1892], [106.85284, -6.18888], [106.85216, -6.18793], [106.85196, -6.18764], [106.85169, -6.18729], [106.85165, -6.18724], [106.8516, -6.18718], [106.85147, -6.18701], [106.85113, -6.1865], [106.85096, -6.18629], [106.85061, -6.18583], [106.85054, -6.18576], [106.85049, -6.18568], [106.84992, -6.1849], [106.84978, -6.1847], [106.84975, -6.18464], [106.84965060000007, -6.184512199999972], [106.84963370000008, -6.184490499999981], [106.84961, -6.18446], [106.84931, -6.18413], [106.84901, -6.1837], [106.84868, -6.18327], [106.8486, -6.18317], [106.84859460000007, -6.183163499999978], [106.84812, -6.18259], [106.84804290000005, -6.182491899999945], [106.8479, -6.18231], [106.84767580000005, -6.18201259999995], [106.84689, -6.18097], [106.84678260000004, -6.180795399999965], [106.84673, -6.18071], [106.84656, -6.18036], [106.84645, -6.18008], [106.84632, -6.17964], [106.84615, -6.17914], [106.846078, -6.178892099999928], [106.84579, -6.1779], [106.84567, -6.17741], [106.845537, -6.177022299999976], [106.84532, -6.17639], [106.84496, -6.17551], [106.84517, -6.17524], [106.84529, -6.17518], [106.84539560000007, -6.175137699999937], [106.84544, -6.17512], [106.84566, -6.17507], [106.84597, -6.17503], [106.84652, -6.17499], [106.84688, -6.17499], [106.84713, -6.17497], [106.84743, -6.17496], [106.8475, -6.17495], [106.84758520000008, -6.174941699999977], [106.84791, -6.17491], [106.84795470000006, -6.17491], [106.84807, -6.17491], [106.84812430000005, -6.174909], [106.84862, -6.1749], [106.84924, -6.17485], [106.84961740000006, -6.174814899999944], [106.84967, -6.17481], [106.84988, -6.17478], [106.85, -6.17476], [106.85048, -6.17473], [106.85113, -6.1747], [106.85168, -6.17466], [106.85183, -6.17465], [106.85198, -6.17465], [106.85199, -6.17441], [106.85199, -6.17434], [106.85201, -6.17421], [106.85202, -6.17406], [106.85204, -6.17362], [106.85207, -6.17283], [106.8521, -6.17218], [106.85211, -6.17188], [106.85211110000006, -6.171865399999945], [106.85211180000005, -6.171856199999979], [106.85214, -6.17148], [106.85216, -6.17102], [106.85216840000004, -6.170658499999945], [106.85217, -6.17059], [106.85221, -6.17016], [106.85222, -6.16973], [106.85222210000006, -6.169691299999954], [106.85224, -6.16937], [106.85222, -6.16906], [106.85211, -6.16904], [106.85184, -6.16901], [106.85113, -6.16899], [106.85077020000006, -6.168974], [106.85068, -6.16897], [106.85038, -6.16893], [106.84963, -6.16881], [106.84912, -6.16867], [106.84895, -6.16844], [106.84877, -6.16826], [106.84869, -6.16821], [106.84865510000009, -6.168183799999952], [106.84861, -6.16815], [106.84855, -6.16814], [106.84849, -6.16814], [106.8477, -6.16819], [106.84748610000008, -6.168213799999933], [106.84743, -6.16822], [106.84726, -6.16823], [106.84705, -6.16823], [106.84697, -6.16823], [106.84572, -6.16821], [106.84570140000005, -6.16821], [106.84562, -6.16821], [106.84544, -6.16829], [106.84532, -6.16836], [106.84509, -6.1685], [106.84406, -6.16852], [106.84399220000006, -6.16852], [106.84393, -6.16852], [106.84382, -6.16853], [106.84345, -6.16858], [106.84315, -6.168609], [106.84314, -6.16861], [106.84308, -6.16864]]] 
      }
    },
    {
      "type": "Feature",
      "properties": {
        "district_id": "3173040",
        "province": "DKI Jakarta",
        "regency": "Jakarta Pusat",
        "district": "Johar Baru",
        "pria": 0,
        "wanita": 0,
        "total_penduduk": 0
      },
      "geometry": {
        "type": "Polygon",
        "coordinates": [[[106.85198, -6.17465], [106.85183, -6.17465], [106.85168, -6.17466], [106.85113, -6.1747], [106.85048, -6.17473], [106.85, -6.17476], [106.84988, -6.17478], [106.84967, -6.17481], [106.84961740000006, -6.174814899999944], [106.84924, -6.17485], [106.84862, -6.1749], [106.84812430000005, -6.174909], [106.84807, -6.17491], [106.84795470000006, -6.17491], [106.84791, -6.17491], [106.84758520000008, -6.174941699999977], [106.8475, -6.17495], [106.84743, -6.17496], [106.84713, -6.17497], [106.84688, -6.17499], [106.84652, -6.17499], [106.84597, -6.17503], [106.84566, -6.17507], [106.84544, -6.17512], [106.84539560000007, -6.175137699999937], [106.84529, -6.17518], [106.84517, -6.17524], [106.84496, -6.17551], [106.84532, -6.17639], [106.845537, -6.177022299999976], [106.84567, -6.17741], [106.84579, -6.1779], [106.846078, -6.178892099999928], [106.84615, -6.17914], [106.84632, -6.17964], [106.84645, -6.18008], [106.84656, -6.18036], [106.84673, -6.18071], [106.84678260000004, -6.180795399999965], [106.84689, -6.18097], [106.84767580000005, -6.18201259999995], [106.8479, -6.18231], [106.84804290000005, -6.182491899999945], [106.84812, -6.18259], [106.84859460000007, -6.183163499999978], [106.8486, -6.18317], [106.84868, -6.18327], [106.84901, -6.1837], [106.84931, -6.18413], [106.84961, -6.18446], [106.84963370000008, -6.184490499999981], [106.84965060000007, -6.184512199999972], [106.84975, -6.18464], [106.84978, -6.1847], [106.84992, -6.1849], [106.85049, -6.18568], [106.85054, -6.18576], [106.85061, -6.18583], [106.85096, -6.18629], [106.85113, -6.1865], [106.85147, -6.18701], [106.8516, -6.18718], [106.85165, -6.18724], [106.85169, -6.18729], [106.85196, -6.18764], [106.85216, -6.18793], [106.85284, -6.18888], [106.85311, -6.1892], [106.85317, -6.18926], [106.85319510000005, -6.189291399999945], [106.85361, -6.18981], [106.85365, -6.18988], [106.85384610000006, -6.190141399999959], [106.85401, -6.19036], [106.85426, -6.19067], [106.85521, -6.19196], [106.85534, -6.19213], [106.85546, -6.19202], [106.85641, -6.19143], [106.85671, -6.19124], [106.85702, -6.19103], [106.85718, -6.19092], [106.85783, -6.19054], [106.85804, -6.19042], [106.85813090000005, -6.190357399999925], [106.85849, -6.19011], [106.8592, -6.18964], [106.85925, -6.18961], [106.8594, -6.18952], [106.85949, -6.18949], [106.85963790000005, -6.189406399999939], [106.85972, -6.18936], [106.85983, -6.18927], [106.8599, -6.18924], [106.86015, -6.18915], [106.8609, -6.18898], [106.86141, -6.18888], [106.86162, -6.18883], [106.86169530000006, -6.188812599999949], [106.86175, -6.1888], [106.8621, -6.18875], [106.86218, -6.18875], [106.86274, -6.18856], [106.86287, -6.18851], [106.86298230000006, -6.188450399999965], [106.86368, -6.18808], [106.86357, -6.18759], [106.86348, -6.18728], [106.86336, -6.18706], [106.86317, -6.18676], [106.86309, -6.18662], [106.86265, -6.18597], [106.86262, -6.1859], [106.862464, -6.185685499999977], [106.86246, -6.18568], [106.86238, -6.18551], [106.86234, -6.18503], [106.86233390000007, -6.184956599999964], [106.86229, -6.18443], [106.86218, -6.18393], [106.86217350000004, -6.183896199999936], [106.86207, -6.18336], [106.86199, -6.18298], [106.86192, -6.18268], [106.86185, -6.18231], [106.8617, -6.18182], [106.86168, -6.1817], [106.8616, -6.18147], [106.86153, -6.18133], [106.86139, -6.18121], [106.86135360000009, -6.181205299999931], [106.86093, -6.18115], [106.86083, -6.18115], [106.86039, -6.18119], [106.859949, -6.181217599999968], [106.85991, -6.18122], [106.85977, -6.1809], [106.85968, -6.18065], [106.85964, -6.18047], [106.85961720000006, -6.180393], [106.85956, -6.1802], [106.85941, -6.17985], [106.85935, -6.17964], [106.8593, -6.17947], [106.85923, -6.17927], [106.85914, -6.179], [106.859, -6.17854], [106.85891, -6.17825], [106.85888, -6.17818], [106.85881, -6.17796], [106.85875510000005, -6.177758499999925], [106.85875, -6.17774], [106.85859, -6.17727], [106.85848, -6.17694], [106.85833, -6.17649], [106.85815, -6.17594], [106.85806, -6.17565], [106.85798, -6.17541], [106.85784, -6.17491], [106.85758, -6.17397], [106.85753, -6.17402], [106.85723110000004, -6.174056499999949], [106.85712, -6.17407], [106.85675, -6.17411], [106.85645, -6.17413], [106.85611, -6.17419], [106.85588410000008, -6.174230199999954], [106.85521, -6.17435], [106.85513650000007, -6.174362099999939], [106.8546, -6.17445], [106.85443020000008, -6.174468199999978], [106.85438320000009, -6.174473199999966], [106.85432, -6.17448], [106.85331, -6.17461], [106.852974, -6.174621599999966], [106.85215, -6.17465], [106.85198, -6.17465]]] 
      }
    },
    {
      "type": "Feature",
      "properties": {
        "district_id": "3173050",
        "province": "DKI Jakarta",
        "regency": "Jakarta Pusat",
        "district": "Cempaka Putih",
        "pria": 0,
        "wanita": 0,
        "total_penduduk": 0
      },
      "geometry": {
        "type": "Polygon",
        "coordinates": [[[106.86368, -6.18808], [106.86298230000006, -6.188450399999965], [106.86287, -6.18851], [106.86274, -6.18856], [106.86218, -6.18875], [106.8621, -6.18875], [106.86175, -6.1888], [106.86169530000006, -6.188812599999949], [106.86162, -6.18883], [106.86141, -6.18888], [106.8609, -6.18898], [106.86015, -6.18915], [106.8599, -6.18924], [106.85983, -6.18927], [106.85972, -6.18936], [106.85963790000005, -6.189406399999939], [106.85949, -6.18949], [106.8594, -6.18952], [106.85925, -6.18961], [106.8592, -6.18964], [106.85849, -6.19011], [106.85813090000005, -6.190357399999925], [106.85804, -6.19042], [106.85783, -6.19054], [106.85718, -6.19092], [106.85702, -6.19103], [106.85671, -6.19124], [106.85641, -6.19143], [106.85546, -6.19202], [106.85534, -6.19213], [106.85536280000008, -6.192166399999962], [106.85539, -6.19221], [106.85553, -6.1924], [106.85578, -6.19272], [106.85605, -6.19307], [106.85637, -6.19349], [106.85638590000008, -6.19351869999997], [106.85642, -6.19358], [106.85665, -6.19388], [106.85688, -6.19417], [106.85693, -6.19424], [106.85715, -6.19454], [106.85744, -6.19492], [106.85802, -6.19573], [106.85829860000007, -6.19615779999998], [106.85829940000008, -6.196157], [106.858391, -6.196099799999956], [106.85914630000008, -6.195633], [106.85942860000006, -6.195444599999973], [106.86009230000008, -6.194986899999947], [106.86034410000008, -6.194801899999959], [106.86054250000007, -6.194696499999964], [106.86058060000005, -6.194686499999932], [106.86063980000006, -6.194649], [106.86064170000009, -6.194647799999927], [106.86100460000006, -6.194361599999979], [106.86120620000008, -6.19420249999996], [106.86123680000009, -6.194176199999958], [106.86127490000007, -6.19415719999995], [106.861725, -6.193864399999939], [106.86174290000008, -6.193855399999961], [106.86208360000006, -6.193683199999953], [106.86220570000006, -6.193626399999971], [106.86251090000007, -6.193479099999934], [106.863167, -6.193153], [106.86425350000007, -6.192795599999954], [106.86438770000007, -6.192751499999929], [106.86515060000005, -6.19259169999998], [106.86584490000007, -6.192487299999925], [106.86587540000005, -6.192486799999926], [106.86611960000005, -6.192455399999972], [106.86640950000009, -6.19243339999997], [106.86653160000009, -6.192437199999972], [106.86669940000007, -6.192413399999964], [106.86703510000007, -6.192375699999957], [106.86708810000005, -6.192372899999953], [106.86720290000005, -6.192366599999957], [106.86810320000006, -6.192271799999958], [106.86833440000004, -6.192246], [106.86842360000009, -6.192236], [106.86972830000008, -6.192129199999954], [106.87004110000004, -6.192087199999946], [106.87019370000007, -6.192047199999934], [106.87155930000006, -6.19200189999998], [106.87199420000007, -6.191989899999953], [106.87234510000008, -6.192001399999981], [106.872348, -6.192001599999969], [106.872864, -6.19204579999996], [106.87326830000006, -6.192081], [106.87345140000008, -6.192096799999945], [106.87361930000009, -6.19212159999995], [106.87385580000006, -6.192156899999929], [106.87427540000004, -6.192218799999978], [106.87484760000007, -6.192304699999966], [106.87489340000008, -6.192313299999967], [106.87499990000003, -6.192330899999945], [106.87502310000008, -6.192334699999947], [106.87506120000006, -6.192096799999945], [106.87509170000004, -6.191900299999929], [106.87524430000008, -6.190635799999939], [106.87526720000005, -6.190263799999968], [106.87533590000004, -6.189473699999951], [106.87534350000004, -6.189180399999941], [106.87533590000004, -6.188743199999976], [106.87535110000005, -6.188327899999933], [106.87536640000008, -6.188168], [106.87536640000008, -6.188167599999929], [106.87540450000006, -6.187933499999929], [106.87538930000005, -6.187889199999972], [106.87541220000008, -6.187404199999946], [106.87548850000007, -6.18561509999995], [106.87551140000005, -6.184851699999967], [106.87559530000004, -6.18306309999997], [106.87568270000008, -6.181769699999961], [106.87571730000008, -6.181256399999938], [106.87575550000008, -6.180003699999929], [106.87580130000003, -6.179309899999964], [106.87591570000006, -6.178035799999975], [106.87597670000008, -6.177263299999936], [106.87598340000005, -6.177063499999974], [106.87599960000006, -6.176573299999973], [106.87603010000004, -6.176338299999941], [106.87608360000007, -6.175885799999946], [106.87611410000005, -6.175679699999932], [106.876198, -6.175324499999931], [106.87659470000006, -6.173559299999965], [106.87705250000005, -6.171816399999955], [106.87754840000008, -6.170085499999971], [106.87773150000004, -6.169324], [106.87785360000004, -6.168862899999965], [106.87813590000007, -6.167920599999945], [106.87832660000004, -6.167458599999975], [106.878731, -6.166596], [106.87880730000006, -6.166463399999941], [106.87866990000003, -6.166451], [106.87867270000004, -6.166440199999954], [106.87867, -6.16644], [106.87813, -6.1664], [106.87746, -6.16638], [106.87713, -6.16639], [106.87666, -6.1664], [106.87607, -6.16652], [106.8757, -6.1666], [106.8756, -6.16664], [106.8751, -6.16682], [106.875, -6.16685], [106.8742, -6.16711], [106.87377, -6.16725], [106.87365, -6.16728], [106.87334, -6.16736], [106.87318, -6.16742], [106.87308550000006, -6.167457], [106.87295, -6.16751], [106.87205, -6.16786], [106.87118, -6.16822], [106.87109, -6.16827], [106.87040550000006, -6.168612199999927], [106.87039, -6.16862], [106.87005, -6.16879], [106.86929, -6.16914], [106.86891, -6.1693], [106.86854, -6.16946], [106.86844, -6.1695], [106.86734050000007, -6.170046099999979], [106.86695, -6.17024], [106.86658, -6.17039], [106.86645, -6.17046], [106.86626, -6.1705], [106.86619, -6.17054], [106.86605, -6.1706], [106.86546, -6.17091], [106.8653, -6.17099], [106.86521, -6.17106], [106.86494, -6.17116], [106.86468710000008, -6.171264599999972], [106.86465, -6.17128], [106.86419, -6.17152], [106.86343, -6.17185], [106.86256, -6.17226], [106.86217, -6.17245], [106.862, -6.17252], [106.86099, -6.17298], [106.86086, -6.17305], [106.86075820000008, -6.173091599999964], [106.86064, -6.17314], [106.86055, -6.17317], [106.8603, -6.17328], [106.86027280000008, -6.17329019999994], [106.86022, -6.17331], [106.85972, -6.17349], [106.85939, -6.17359], [106.85924510000007, -6.17362849999995], [106.85875, -6.17376], [106.85764, -6.17397], [106.85758, -6.17397], [106.85784, -6.17491], [106.85798, -6.17541], [106.85806, -6.17565], [106.85815, -6.17594], [106.85833, -6.17649], [106.85848, -6.17694], [106.85859, -6.17727], [106.85875, -6.17774], [106.85875510000005, -6.177758499999925], [106.85881, -6.17796], [106.85888, -6.17818], [106.85891, -6.17825], [106.859, -6.17854], [106.85914, -6.179], [106.85923, -6.17927], [106.8593, -6.17947], [106.85935, -6.17964], [106.85941, -6.17985], [106.85956, -6.1802], [106.85961720000006, -6.180393], [106.85964, -6.18047], [106.85968, -6.18065], [106.85977, -6.1809], [106.85991, -6.18122], [106.859949, -6.181217599999968], [106.86039, -6.18119], [106.86083, -6.18115], [106.86093, -6.18115], [106.86135360000009, -6.181205299999931], [106.86139, -6.18121], [106.86153, -6.18133], [106.8616, -6.18147], [106.86168, -6.1817], [106.8617, -6.18182], [106.86185, -6.18231], [106.86192, -6.18268], [106.86199, -6.18298], [106.86207, -6.18336], [106.86217350000004, -6.183896199999936], [106.86218, -6.18393], [106.86229, -6.18443], [106.86233390000007, -6.184956599999964], [106.86234, -6.18503], [106.86238, -6.18551], [106.86246, -6.18568], [106.862464, -6.185685499999977], [106.86262, -6.1859], [106.86265, -6.18597], [106.86309, -6.18662], [106.86317, -6.18676], [106.86336, -6.18706], [106.86348, -6.18728], [106.86357, -6.18759], [106.86368, -6.18808]]] 
      }
    },
    {
      "type": "Feature",
      "properties": {
        "district_id": "3173060",
        "province": "DKI Jakarta",
        "regency": "Jakarta Pusat",
        "district": "Kemayoran",
        "pria": 0,
        "wanita": 0,
        "total_penduduk": 0
      },
      "geometry": {
        "type": "Polygon",
        "coordinates": [[[106.87109, -6.16827], [106.87118, -6.16822], [106.87205, -6.16786], [106.87295, -6.16751], [106.87308550000006, -6.167457], [106.87318, -6.16742], [106.87334, -6.16736], [106.87365, -6.16728], [106.87377, -6.16725], [106.8742, -6.16711], [106.875, -6.16685], [106.8751, -6.16682], [106.8756, -6.16664], [106.8757, -6.1666], [106.87607, -6.16652], [106.87666, -6.1664], [106.87713, -6.16639], [106.87746, -6.16638], [106.87813, -6.1664], [106.87867, -6.16644], [106.87867270000004, -6.166440199999954], [106.87890040000008, -6.166270299999951], [106.87904130000004, -6.166149599999926], [106.87906550000008, -6.166128899999933], [106.87924310000005, -6.165914199999975], [106.87944610000005, -6.16558], [106.87956340000005, -6.165321399999925], [106.87972390000004, -6.165116499999954], [106.87990590000004, -6.164900699999976], [106.88057470000007, -6.16390569999993], [106.88085920000009, -6.163397699999962], [106.88104910000004, -6.163013399999954], [106.88111470000007, -6.162880599999937], [106.88118030000004, -6.162794599999927], [106.88128970000008, -6.162684299999967], [106.881432, -6.16247889999994], [106.88132750000005, -6.162500199999954], [106.88119950000004, -6.162548799999968], [106.88105370000005, -6.162598], [106.88090840000007, -6.162619499999948], [106.88087340000004, -6.162630599999943], [106.88073890000004, -6.162673199999972], [106.88058980000005, -6.162702499999966], [106.88051620000005, -6.162717], [106.88027530000005, -6.162774499999955], [106.880205, -6.162791399999946], [106.880169, -6.1628], [106.87998980000003, -6.162842799999964], [106.87986310000008, -6.162873099999956], [106.87946340000008, -6.162968699999965], [106.87888360000005, -6.163133799999969], [106.87851730000006, -6.163231899999971], [106.878258, -6.163305399999956], [106.87750260000007, -6.16347079999997], [106.87700670000004, -6.163537099999928], [106.876877, -6.163494199999946], [106.87638870000006, -6.163163699999927], [106.87602250000003, -6.162920099999951], [106.87569290000005, -6.162707], [106.87536150000005, -6.162492699999973], [106.87529010000009, -6.162446599999953], [106.87509170000004, -6.162289199999975], [106.87500020000004, -6.162233899999933], [106.87426780000004, -6.16178709999997], [106.87310040000006, -6.161084699999947], [106.87275710000006, -6.16087779999998], [106.87243670000004, -6.160677], [106.870888, -6.15979109999995], [106.87064380000004, -6.159660899999949], [106.87044540000005, -6.159559299999955], [106.87020890000008, -6.159425799999951], [106.87011770000004, -6.159370699999954], [106.869858, -6.159214099999929], [106.86953750000004, -6.159045299999946], [106.86920180000004, -6.158876499999963], [106.86887720000004, -6.158689799999934], [106.86885850000004, -6.158679099999972], [106.86832450000009, -6.158337199999949], [106.86806510000008, -6.158173599999941], [106.86782290000008, -6.158050299999957], [106.86780560000005, -6.158041599999933], [106.86686090000006, -6.157548199999951], [106.86685960000005, -6.157547499999964], [106.86653850000005, -6.157332799999949], [106.86637030000009, -6.157241499999941], [106.86602040000008, -6.157051599999932], [106.86579910000006, -6.156919099999925], [106.865349, -6.156682099999955], [106.86529560000008, -6.156654399999979], [106.86489890000007, -6.156449899999927], [106.86419480000006, -6.156067699999937], [106.86376210000009, -6.155832799999928], [106.863228, -6.155531], [106.86235060000007, -6.155041299999937], [106.86214460000008, -6.154965499999946], [106.86209890000003, -6.154949299999942], [106.86201060000008, -6.154898499999945], [106.86138410000007, -6.154538099999968], [106.86017630000003, -6.153843499999937], [106.86029830000007, -6.153754799999945], [106.86044330000004, -6.153577399999961], [106.86061880000005, -6.153267899999946], [106.86076370000006, -6.15294369999998], [106.86087820000006, -6.152649], [106.860985, -6.152331899999979], [106.86108420000005, -6.151967099999979], [106.86116050000004, -6.151586099999975], [106.86119860000008, -6.151221799999973], [106.86116050000004, -6.150890899999979], [106.86116030000005, -6.150890899999979], [106.86095020000005, -6.150934699999937], [106.86091810000005, -6.151795899999968], [106.860481, -6.152394], [106.859823, -6.152616099999932], [106.85921680000007, -6.152691399999981], [106.858521, -6.152804899999978], [106.85849570000005, -6.152809099999956], [106.85749790000006, -6.152267399999971], [106.85668120000008, -6.151824099999942], [106.85653710000008, -6.15185409999998], [106.85627, -6.151831199999947], [106.85525820000004, -6.15196149999997], [106.85510030000006, -6.15198179999993], [106.85488150000003, -6.15201], [106.85447710000005, -6.152095399999951], [106.85427110000006, -6.15216259999994], [106.85356920000004, -6.152241299999957], [106.85340140000005, -6.152259899999933], [106.85311150000007, -6.152310899999975], [106.85260030000006, -6.152377699999931], [106.852463, -6.152387199999964], [106.85179920000007, -6.152552199999946], [106.85176870000004, -6.152555099999972], [106.85104390000004, -6.152670899999976], [106.85082260000007, -6.152711], [106.85064720000008, -6.152732], [106.85038620000006, -6.152767199999971], [106.85036010000005, -6.152770699999962], [106.85035730000004, -6.152771099999939], [106.85011310000004, -6.152807299999949], [106.84988420000008, -6.15285549999993], [106.84971640000003, -6.152875], [106.84889240000007, -6.15301519999997], [106.84886190000009, -6.153017099999943], [106.84762590000008, -6.15319919999996], [106.84713770000008, -6.153265099999942], [106.847069, -6.153273199999944], [106.84661880000004, -6.153350899999964], [106.84605430000005, -6.153447699999958], [106.84569570000008, -6.153520599999979], [106.84504720000007, -6.153770499999951], [106.84487930000006, -6.153861599999971], [106.84465810000006, -6.154035599999929], [106.84356710000009, -6.153652699999952], [106.84356520000006, -6.153651], [106.8421, -6.15397], [106.84042, -6.15428], [106.83955610000004, -6.154475099999956], [106.83949, -6.15449], [106.83952, -6.15462], [106.83967, -6.15523], [106.83975, -6.15552], [106.84, -6.15667], [106.84007, -6.157], [106.84036, -6.15819], [106.84033620000008, -6.158197], [106.84019, -6.15824], [106.83985, -6.15835], [106.8388, -6.15866], [106.83813, -6.15887], [106.83772, -6.159], [106.83732, -6.15918], [106.83714, -6.15922], [106.83708590000003, -6.159243199999935], [106.83709010000007, -6.15926589999998], [106.83718760000005, -6.15979249999998], [106.83751250000006, -6.161092199999928], [106.83760660000007, -6.161458399999958], [106.83785540000008, -6.162427599999944], [106.838109, -6.16367409999998], [106.83815860000004, -6.163772499999936], [106.83815650000008, -6.163773099999958], [106.83818, -6.16382], [106.83821, -6.16391], [106.8384, -6.16442], [106.83886, -6.16615], [106.83894, -6.16648], [106.83932, -6.1679], [106.83941630000004, -6.168314299999963], [106.83942, -6.16833], [106.83961, -6.16903], [106.8397, -6.16944], [106.83974, -6.16961], [106.83976, -6.16971], [106.83978, -6.16983], [106.8401, -6.17101], [106.84017, -6.17131], [106.84027, -6.17174], [106.84033, -6.172], [106.84035, -6.17208], [106.84058, -6.17188], [106.840675, -6.171865499999967], [106.84156, -6.17173], [106.84188, -6.1717], [106.84288, -6.17163], [106.84286, -6.17131], [106.84283, -6.17086], [106.84276, -6.17024], [106.84275, -6.17002], [106.84273, -6.16972], [106.84273, -6.16917], [106.84273, -6.16899], [106.8427, -6.1687], [106.84268, -6.1686], [106.84302, -6.16859], [106.84308, -6.16864], [106.84314, -6.16861], [106.84315, -6.168609], [106.84345, -6.16858], [106.84382, -6.16853], [106.84393, -6.16852], [106.84399220000006, -6.16852], [106.84406, -6.16852], [106.84509, -6.1685], [106.84532, -6.16836], [106.84544, -6.16829], [106.84562, -6.16821], [106.84570140000005, -6.16821], [106.84572, -6.16821], [106.84697, -6.16823], [106.84705, -6.16823], [106.84726, -6.16823], [106.84743, -6.16822], [106.84748610000008, -6.168213799999933], [106.8477, -6.16819], [106.84849, -6.16814], [106.84855, -6.16814], [106.84861, -6.16815], [106.84865510000009, -6.168183799999952], [106.84869, -6.16821], [106.84877, -6.16826], [106.84895, -6.16844], [106.84912, -6.16867], [106.84963, -6.16881], [106.85038, -6.16893], [106.85068, -6.16897], [106.85077020000006, -6.168974], [106.85113, -6.16899], [106.85184, -6.16901], [106.85211, -6.16904], [106.85222, -6.16906], [106.85224, -6.16937], [106.85222210000006, -6.169691299999954], [106.85222, -6.16973], [106.85221, -6.17016], [106.85217, -6.17059], [106.85216840000004, -6.170658499999945], [106.85216, -6.17102], [106.85214, -6.17148], [106.85211180000005, -6.171856199999979], [106.85211110000006, -6.171865399999945], [106.85211, -6.17188], [106.8521, -6.17218], [106.85207, -6.17283], [106.85204, -6.17362], [106.85202, -6.17406], [106.85201, -6.17421], [106.85199, -6.17434], [106.85199, -6.17441], [106.85198, -6.17465], [106.85215, -6.17465], [106.852974, -6.174621599999966], [106.85331, -6.17461], [106.85432, -6.17448], [106.85438320000009, -6.174473199999966], [106.85443020000008, -6.174468199999978], [106.8546, -6.17445], [106.85513650000007, -6.174362099999939], [106.85521, -6.17435], [106.85588410000008, -6.174230199999954], [106.85611, -6.17419], [106.85645, -6.17413], [106.85675, -6.17411], [106.85712, -6.17407], [106.85723110000004, -6.174056499999949], [106.85753, -6.17402], [106.85758, -6.17397], [106.85764, -6.17397], [106.85875, -6.17376], [106.85924510000007, -6.17362849999995], [106.85939, -6.17359], [106.85972, -6.17349], [106.86022, -6.17331], [106.86027280000008, -6.17329019999994], [106.8603, -6.17328], [106.86055, -6.17317], [106.86064, -6.17314], [106.86075820000008, -6.173091599999964], [106.86086, -6.17305], [106.86099, -6.17298], [106.862, -6.17252], [106.86217, -6.17245], [106.86256, -6.17226], [106.86343, -6.17185], [106.86419, -6.17152], [106.86465, -6.17128], [106.86468710000008, -6.171264599999972], [106.86494, -6.17116], [106.86521, -6.17106], [106.8653, -6.17099], [106.86546, -6.17091], [106.86605, -6.1706], [106.86619, -6.17054], [106.86626, -6.1705], [106.86645, -6.17046], [106.86658, -6.17039], [106.86695, -6.17024], [106.86734050000007, -6.170046099999979], [106.86844, -6.1695], [106.86854, -6.16946], [106.86891, -6.1693], [106.86929, -6.16914], [106.87005, -6.16879], [106.87039, -6.16862], [106.87040550000006, -6.168612199999927], [106.87109, -6.16827]]] 
      }
    },
    {
      "type": "Feature",
      "properties": {
        "district_id": "3173070",
        "province": "DKI Jakarta",
        "regency": "Jakarta Pusat",
        "district": "Sawah Besar",
        "pria": 0,
        "wanita": 0,
        "total_penduduk": 0
      },
      "geometry": {
        "type": "Polygon",
        "coordinates": [[[106.83305070000006, -6.141574499999933], [106.83304620000007, -6.141573], [106.83290880000004, -6.141527699999926], [106.83287830000006, -6.141517199999953], [106.83281730000004, -6.141517699999952], [106.83246630000008, -6.141377], [106.83213060000008, -6.141234], [106.83167680000008, -6.140912199999946], [106.83167370000007, -6.14091], [106.83164440000007, -6.140889199999947], [106.83148980000004, -6.140779599999973], [106.83117690000006, -6.140411], [106.83080310000008, -6.13974], [106.83072680000004, -6.139566499999944], [106.83072680000004, -6.139540199999942], [106.83065050000005, -6.139001399999927], [106.83064290000004, -6.138098799999966], [106.83065050000005, -6.137748299999942], [106.83067340000008, -6.135967299999947], [106.83067340000008, -6.135427499999935], [106.83066970000004, -6.13537539999993], [106.83066580000008, -6.135321199999964], [106.83057420000006, -6.135343599999942], [106.83013170000004, -6.135449499999936], [106.83005540000005, -6.13547], [106.82947560000008, -6.135562499999935], [106.82922380000008, -6.135590599999944], [106.828972, -6.135617799999977], [106.82876610000005, -6.13565449999993], [106.82872790000005, -6.135668799999962], [106.82862870000008, -6.13569549999994], [106.82843040000006, -6.135748399999954], [106.82807180000003, -6.135840499999972], [106.828026, -6.135845699999948], [106.82726310000004, -6.135967299999947], [106.82721730000009, -6.135974899999951], [106.82671380000005, -6.136077899999975], [106.82626360000006, -6.136146599999961], [106.82616440000004, -6.136156099999937], [106.82598350000006, -6.136186499999951], [106.82579820000007, -6.136217599999952], [106.82560750000005, -6.136237199999925], [106.82559950000007, -6.136237899999969], [106.82553120000006, -6.136243899999954], [106.82514210000005, -6.136321099999975], [106.82491320000008, -6.136346899999978], [106.82336450000008, -6.136566199999947], [106.82308980000005, -6.136592399999927], [106.822838, -6.136621099999957], [106.82237260000005, -6.13669109999995], [106.82141130000008, -6.136842299999955], [106.821274, -6.136870899999963], [106.82138840000005, -6.136990599999933], [106.82164780000005, -6.137312899999927], [106.82179280000008, -6.137578499999961], [106.82183860000004, -6.137728699999968], [106.82202930000005, -6.138563199999965], [106.82212090000007, -6.138859799999977], [106.82219720000006, -6.139121599999953], [106.822304, -6.139499199999932], [106.82239550000008, -6.13978579999997], [106.82251760000008, -6.140174899999977], [106.82255350000008, -6.140262099999973], [106.82256340000004, -6.140286], [106.82260920000004, -6.140399499999944], [106.82263970000008, -6.14046529999996], [106.82320420000008, -6.141586299999972], [106.82376120000004, -6.142533399999934], [106.82377480000008, -6.142554099999927], [106.82380690000008, -6.142603], [106.82381280000004, -6.142610099999956], [106.82385270000009, -6.142658799999936], [106.82388320000007, -6.142705499999977], [106.824074, -6.143015399999967], [106.82480660000004, -6.144229499999938], [106.82484450000004, -6.144292399999927], [106.82498950000007, -6.144518399999981], [106.82517260000009, -6.14482309999994], [106.82547780000004, -6.145334799999944], [106.82598130000008, -6.146266499999967], [106.82619480000005, -6.146740399999942], [106.82633230000005, -6.147045699999978], [106.82655350000005, -6.14788539999995], [106.82664510000006, -6.14826249999993], [106.82671970000007, -6.148512399999959], [106.82672140000005, -6.148518099999933], [106.82677480000007, -6.148703599999976], [106.82679770000004, -6.148867199999927], [106.82682820000008, -6.148985899999957], [106.82689690000007, -6.149448899999925], [106.82694260000005, -6.149750799999936], [106.82711050000006, -6.150536099999954], [106.82712980000008, -6.150731199999939], [106.82723190000007, -6.151763599999981], [106.82724780000007, -6.151924199999939], [106.82729360000008, -6.152321399999948], [106.82733940000008, -6.153626499999973], [106.82734850000008, -6.154062099999976], [106.82737750000007, -6.155449499999975], [106.82737960000009, -6.155547099999978], [106.82740190000004, -6.156585899999925], [106.82741570000007, -6.15723], [106.82742330000008, -6.157547], [106.82742330000008, -6.157550399999934], [106.827427, -6.158268699999951], [106.82743090000008, -6.159036199999946], [106.82746140000006, -6.15980959999996], [106.82746910000009, -6.15994459999996], [106.827614, -6.160705199999938], [106.827759, -6.161175799999967], [106.82794210000009, -6.16162879999996], [106.82803370000005, -6.161790899999971], [106.82829120000008, -6.162224199999969], [106.82830830000006, -6.162252899999942], [106.8285, -6.16257], [106.82871, -6.16286], [106.82883, -6.16304], [106.82908, -6.16337], [106.82919, -6.16355], [106.82948, -6.16398], [106.82973, -6.16438], [106.82989, -6.16464], [106.82994780000007, -6.164781199999936], [106.82998, -6.16486], [106.83008, -6.16511], [106.83011, -6.16518], [106.83021, -6.16552], [106.8303, -6.16588], [106.83043, -6.16668], [106.83045, -6.16723], [106.83046, -6.16762], [106.83045020000009, -6.168000499999948], [106.83045, -6.16801], [106.83045, -6.16832], [106.83042, -6.16851], [106.83042, -6.16867], [106.83039, -6.16905], [106.83026, -6.16958], [106.8299, -6.17091], [106.82987, -6.17099], [106.82984, -6.17109], [106.83018, -6.17119], [106.83020090000008, -6.171199099999967], [106.83041, -6.17129], [106.83062, -6.17138], [106.83092, -6.17157], [106.8312, -6.17165], [106.83148, -6.17174], [106.83159, -6.17191], [106.83176, -6.17212], [106.83191, -6.17221], [106.83217, -6.17225], [106.83275, -6.1723], [106.83291, -6.17231], [106.83299, -6.17235], [106.83305, -6.17246], [106.83304, -6.17259], [106.83299, -6.17266], [106.83278, -6.17314], [106.83263, -6.17346], [106.83253, -6.17375], [106.83244, -6.174], [106.83237, -6.17426], [106.8323, -6.17466], [106.83222, -6.17497], [106.83213, -6.17528], [106.83212, -6.17546], [106.83216, -6.17557], [106.83228, -6.17569], [106.83238, -6.17575], [106.83258, -6.17576], [106.83261, -6.17569], [106.83263, -6.17553], [106.83261, -6.17521], [106.83264, -6.17496], [106.83272, -6.17467], [106.83288, -6.17436], [106.83309, -6.17405], [106.83316, -6.17396], [106.83367, -6.17342], [106.83412, -6.17287], [106.83426, -6.17267], [106.83432, -6.17262], [106.83453, -6.17302], [106.8347, -6.1733], [106.83487, -6.17362], [106.83526, -6.17434], [106.83529, -6.1744], [106.8357, -6.17503], [106.83594, -6.17534], [106.83605, -6.17547], [106.83618, -6.17561], [106.83636, -6.17567], [106.83643, -6.17566], [106.83678, -6.17541], [106.83708, -6.17516], [106.83711330000006, -6.175130399999944], [106.83796, -6.17438], [106.83809, -6.17428], [106.83819, -6.17419], [106.83823890000008, -6.174134099999947], [106.83826, -6.17411], [106.83873, -6.17383], [106.83892, -6.17368], [106.8401, -6.17232], [106.84035, -6.17208], [106.84033, -6.172], [106.84027, -6.17174], [106.84017, -6.17131], [106.8401, -6.17101], [106.83978, -6.16983], [106.83976, -6.16971], [106.83974, -6.16961], [106.8397, -6.16944], [106.83961, -6.16903], [106.83942, -6.16833], [106.83941630000004, -6.168314299999963], [106.83932, -6.1679], [106.83894, -6.16648], [106.83886, -6.16615], [106.8384, -6.16442], [106.83821, -6.16391], [106.83818, -6.16382], [106.83815650000008, -6.163773099999958], [106.83815860000004, -6.163772499999936], [106.838109, -6.16367409999998], [106.83785540000008, -6.162427599999944], [106.83760660000007, -6.161458399999958], [106.83751250000006, -6.161092199999928], [106.83718760000005, -6.15979249999998], [106.83709010000007, -6.15926589999998], [106.83708590000003, -6.159243199999935], [106.83714, -6.15922], [106.83732, -6.15918], [106.83772, -6.159], [106.83813, -6.15887], [106.8388, -6.15866], [106.83985, -6.15835], [106.84019, -6.15824], [106.84033620000008, -6.158197], [106.84036, -6.15819], [106.84007, -6.157], [106.84, -6.15667], [106.83975, -6.15552], [106.83967, -6.15523], [106.83952, -6.15462], [106.83949, -6.15449], [106.83955610000004, -6.154475099999956], [106.84042, -6.15428], [106.8421, -6.15397], [106.84356520000006, -6.153651], [106.84347550000007, -6.153571199999931], [106.84281180000005, -6.153092], [106.84259050000009, -6.152931299999977], [106.84206410000007, -6.152623199999937], [106.84133930000007, -6.152095399999951], [106.84130120000003, -6.151922799999966], [106.84124770000005, -6.151435], [106.84123150000005, -6.151323899999966], [106.84119440000006, -6.151069699999937], [106.84133170000007, -6.150685399999929], [106.84154530000006, -6.150338199999965], [106.84178940000004, -6.14991619999995], [106.84197250000005, -6.149468499999955], [106.84226540000009, -6.148673899999949], [106.84227010000006, -6.148661199999935], [106.84236170000008, -6.148447099999942], [106.84287280000007, -6.147896799999955], [106.84339160000007, -6.147287399999925], [106.84345260000003, -6.147187299999928], [106.84334580000007, -6.14697179999996], [106.84319320000009, -6.146779599999945], [106.84312460000007, -6.146686599999953], [106.84310930000004, -6.14652209999997], [106.84314750000004, -6.146342799999957], [106.84328480000005, -6.146060099999943], [106.84355180000006, -6.145694799999944], [106.84405530000004, -6.14498569999995], [106.84402280000006, -6.144964399999935], [106.84392570000006, -6.144900899999925], [106.84388750000005, -6.144876499999953], [106.843384, -6.144595199999969], [106.84312010000008, -6.144441599999936], [106.84309410000009, -6.144426399999929], [106.84211970000007, -6.143847899999969], [106.84206810000006, -6.143817299999967], [106.84205650000007, -6.143810299999927], [106.841942, -6.143744099999935], [106.84146330000004, -6.143485399999975], [106.84111180000008, -6.143295499999965], [106.84035510000007, -6.142886699999963], [106.83992780000005, -6.14264019999996], [106.83989010000005, -6.142621299999973], [106.83988210000007, -6.142617299999927], [106.83883110000005, -6.142042799999956], [106.83882920000008, -6.142041699999936], [106.83863210000004, -6.141933799999947], [106.838511, -6.141867499999933], [106.83850880000006, -6.141866299999947], [106.83839810000006, -6.141807099999937], [106.83839270000004, -6.141804199999967], [106.83835620000008, -6.14178469999996], [106.83834860000007, -6.141809499999965], [106.83831810000004, -6.141863399999977], [106.83828750000004, -6.141914899999961], [106.83818840000004, -6.142186199999969], [106.83805870000003, -6.142496599999959], [106.83770770000007, -6.143326299999956], [106.83742020000005, -6.144097699999975], [106.83727280000005, -6.144493199999943], [106.83711260000007, -6.145053899999937], [106.83708970000004, -6.14533], [106.83710770000005, -6.145941499999935], [106.83711160000007, -6.14607639999997], [106.83711260000007, -6.146111099999928], [106.837044, -6.145890299999962], [106.83691430000005, -6.145417799999962], [106.83676170000007, -6.144942299999968], [106.83634970000008, -6.144093099999964], [106.83590870000006, -6.143464899999969], [106.83590720000007, -6.14346269999993], [106.83567070000004, -6.143171799999948], [106.83520530000004, -6.142758399999934], [106.83482380000004, -6.142444699999942], [106.83426690000005, -6.142102299999976], [106.83396930000004, -6.141961599999945], [106.83348870000003, -6.141717], [106.83338180000004, -6.141671699999961], [106.83323690000009, -6.141636399999925], [106.83317590000007, -6.141615899999977], [106.83305070000006, -6.141574499999933]]] 
      }
    },
    {
      "type": "Feature",
      "properties": {
        "district_id": "3173080",
        "province": "DKI Jakarta",
        "regency": "Jakarta Pusat",
        "district": "Gambir",
        "pria": 0,
        "wanita": 0,
        "total_penduduk": 0
      },
      "geometry": {
        "type": "Polygon",
        "coordinates": [[[106.81447, -6.18182], [106.81452, -6.18177], [106.8146, -6.18167], [106.81485, -6.1816], [106.81513, -6.18153], [106.81559, -6.18155], [106.81616, -6.18168], [106.81639, -6.18175], [106.81675, -6.1819], [106.81680250000005, -6.18191969999998], [106.81691, -6.18196], [106.81708, -6.18202], [106.81751490000005, -6.182145599999956], [106.81753, -6.18215], [106.81777, -6.18222], [106.81826, -6.18236], [106.81874, -6.18251], [106.81891, -6.18256], [106.81986, -6.18282], [106.81994610000004, -6.182837199999938], [106.81996, -6.18284], [106.82005, -6.18286], [106.82089, -6.1831], [106.82137040000003, -6.183228099999951], [106.82164, -6.1833], [106.82176, -6.18333], [106.82195, -6.18333], [106.82246, -6.18333], [106.82293, -6.18327], [106.82358, -6.18326], [106.82403, -6.18322], [106.82458, -6.1832], [106.82467, -6.1832], [106.824827, -6.18318469999997], [106.82503590000005, -6.18316429999993], [106.82508, -6.18316], [106.82525, -6.18315], [106.82574, -6.18314], [106.82638, -6.18311], [106.82694, -6.18308], [106.82732, -6.18304], [106.82754, -6.18303], [106.82819, -6.18299], [106.82826, -6.18299], [106.82841, -6.18298], [106.82856, -6.18297], [106.82863, -6.18297], [106.82976, -6.18291], [106.82988960000006, -6.182898199999954], [106.82998, -6.18289], [106.83059320000007, -6.182851099999937], [106.83061, -6.18285], [106.83086, -6.18285], [106.83159, -6.1828], [106.83187, -6.18278], [106.83213, -6.18275], [106.832173, -6.18275], [106.8322, -6.18275], [106.8333, -6.18268], [106.83337890000007, -6.182566], [106.83339, -6.18255], [106.8335, -6.18263], [106.8336, -6.18266], [106.83372, -6.18271], [106.83426, -6.18255], [106.83476, -6.1824], [106.83495, -6.18231], [106.83614, -6.18192], [106.83621, -6.1819], [106.83630580000005, -6.181863199999952], [106.83634, -6.18185], [106.83644, -6.18182], [106.83657, -6.18173], [106.83663, -6.18171], [106.83649, -6.1816], [106.8363, -6.1815], [106.83605, -6.18137], [106.83573, -6.18125], [106.83538, -6.18112], [106.83519, -6.181], [106.83508, -6.18087], [106.83504, -6.18068], [106.83505, -6.18055], [106.83512, -6.18041], [106.83525, -6.18021], [106.83536, -6.18009], [106.83557, -6.17987], [106.83578, -6.17967], [106.83592, -6.17956], [106.83621, -6.17938], [106.83645, -6.17917], [106.83657, -6.17899], [106.83668, -6.17871], [106.83679, -6.17841], [106.83687, -6.17809], [106.83685, -6.17792], [106.83681, -6.1778], [106.83673, -6.17778], [106.83663, -6.17778], [106.83649, -6.17782], [106.83634, -6.1779], [106.83613, -6.17803], [106.83592, -6.17818], [106.83572, -6.17831], [106.83547, -6.17836], [106.83522, -6.17838], [106.83498, -6.17835], [106.83481, -6.17829], [106.8347, -6.1782], [106.8346, -6.17806], [106.83457, -6.17793], [106.83457, -6.17778], [106.83462, -6.1776], [106.8347, -6.17738], [106.83481, -6.17714], [106.83495, -6.17681], [106.835, -6.17662], [106.83499, -6.17645], [106.83496, -6.17627], [106.83491, -6.17611], [106.83484, -6.17597], [106.83479, -6.17576], [106.83472, -6.17564], [106.83456, -6.17531], [106.83442, -6.17497], [106.83431, -6.17478], [106.83423, -6.1747], [106.83411, -6.17466], [106.83405, -6.17468], [106.83398, -6.17474], [106.83388, -6.17487], [106.83374, -6.17509], [106.83359, -6.1753], [106.83339, -6.17552], [106.83324, -6.17566], [106.83299, -6.17576], [106.83279, -6.1758], [106.83258, -6.17576], [106.83238, -6.17575], [106.83228, -6.17569], [106.83216, -6.17557], [106.83212, -6.17546], [106.83213, -6.17528], [106.83222, -6.17497], [106.8323, -6.17466], [106.83237, -6.17426], [106.83244, -6.174], [106.83253, -6.17375], [106.83263, -6.17346], [106.83278, -6.17314], [106.83299, -6.17266], [106.83304, -6.17259], [106.83305, -6.17246], [106.83299, -6.17235], [106.83291, -6.17231], [106.83275, -6.1723], [106.83217, -6.17225], [106.83191, -6.17221], [106.83176, -6.17212], [106.83159, -6.17191], [106.83148, -6.17174], [106.8312, -6.17165], [106.83092, -6.17157], [106.83062, -6.17138], [106.83041, -6.17129], [106.83020090000008, -6.171199099999967], [106.83018, -6.17119], [106.82984, -6.17109], [106.82987, -6.17099], [106.8299, -6.17091], [106.83026, -6.16958], [106.83039, -6.16905], [106.83042, -6.16867], [106.83042, -6.16851], [106.83045, -6.16832], [106.83045, -6.16801], [106.83045020000009, -6.168000499999948], [106.83046, -6.16762], [106.83045, -6.16723], [106.83043, -6.16668], [106.8303, -6.16588], [106.83021, -6.16552], [106.83011, -6.16518], [106.83008, -6.16511], [106.82998, -6.16486], [106.82994780000007, -6.164781199999936], [106.82989, -6.16464], [106.82973, -6.16438], [106.82948, -6.16398], [106.82919, -6.16355], [106.82908, -6.16337], [106.82883, -6.16304], [106.82871, -6.16286], [106.8285, -6.16257], [106.82830830000006, -6.162252899999942], [106.82800310000005, -6.162163299999975], [106.82792680000006, -6.162141399999939], [106.82785050000007, -6.162134199999969], [106.82730120000008, -6.161973499999931], [106.82679770000004, -6.161779399999944], [106.82672990000003, -6.161756899999943], [106.82662980000003, -6.161723699999925], [106.82644670000008, -6.161656899999969], [106.82626360000006, -6.161608299999955], [106.82618760000008, -6.161584499999947], [106.82617210000006, -6.161579599999925], [106.82574480000005, -6.161405099999968], [106.82539390000005, -6.161280699999963], [106.82499710000008, -6.161132399999929], [106.82495140000009, -6.161120499999981], [106.82462330000004, -6.161022699999933], [106.82449360000004, -6.160967899999946], [106.824013, -6.160785199999964], [106.82364670000004, -6.160664099999963], [106.82348650000006, -6.160624499999926], [106.82330340000004, -6.160571599999969], [106.82289140000006, -6.160397599999953], [106.82234210000007, -6.160190599999964], [106.82200640000008, -6.160073299999965], [106.821953, -6.160059499999932], [106.82167070000008, -6.159957499999962], [106.82148, -6.159863499999972], [106.82091540000005, -6.159688499999959], [106.82063310000007, -6.159600799999964], [106.82034320000008, -6.159551199999953], [106.82028220000007, -6.159548299999926], [106.81967940000004, -6.15961029999994], [106.81928270000009, -6.159698499999934], [106.81918350000007, -6.159731399999941], [106.81901910000005, -6.159756699999946], [106.81901570000008, -6.159757199999945], [106.818825, -6.159787699999981], [106.818123, -6.159891199999947], [106.81759660000006, -6.159977], [106.81745930000005, -6.160008499999947], [106.81661240000005, -6.160125299999947], [106.81625390000005, -6.160195899999962], [106.81590290000008, -6.160253099999977], [106.81514, -6.160432399999934], [106.81375140000006, -6.160574], [106.81341570000006, -6.160626899999954], [106.81327080000005, -6.160641699999928], [106.81288930000005, -6.160669799999937], [106.81285880000007, -6.160672199999965], [106.81280720000007, -6.160675799999979], [106.81278250000008, -6.160677499999963], [106.81268330000006, -6.160686], [106.81256120000006, -6.16069989999994], [106.81237050000004, -6.160699399999942], [106.81195850000006, -6.160701299999971], [106.81192990000005, -6.160698399999944], [106.81185930000004, -6.160691299999939], [106.81149310000006, -6.16070179999997], [106.81108880000005, -6.160770499999956], [106.81085220000006, -6.160803899999962], [106.81075310000006, -6.160820099999967], [106.81070730000005, -6.160827199999972], [106.81070020000004, -6.160828399999957], [106.81065390000003, -6.160836299999971], [106.81053940000004, -6.160847699999977], [106.81031060000004, -6.160922099999937], [106.81010460000005, -6.161022699999933], [106.80973840000007, -6.161125199999958], [106.809731, -6.161127699999952], [106.80970020000007, -6.16113809999996], [106.80957050000006, -6.161155699999938], [106.80922720000007, -6.161187699999971], [106.80869310000008, -6.161265399999934], [106.80846420000006, -6.161299799999938], [106.80815910000007, -6.161347], [106.80804350000005, -6.161371699999961], [106.80799990000008, -6.161381099999971], [106.80799890000009, -6.16138129999996], [106.80760980000008, -6.161421399999938], [106.80738090000006, -6.161454299999946], [106.80690780000003, -6.161502899999959], [106.80651870000008, -6.16153909999997], [106.80629750000008, -6.161564399999975], [106.80625760000004, -6.161566299999947], [106.80616780000008, -6.161570599999948], [106.80580920000006, -6.161604], [106.80545820000003, -6.161694599999976], [106.80542010000005, -6.161703099999954], [106.80470290000005, -6.161790899999971], [106.80458090000008, -6.161798], [106.80457180000008, -6.161797199999967], [106.80400870000005, -6.161744599999963], [106.80359670000007, -6.161657399999967], [106.803261, -6.161539599999969], [106.80309320000003, -6.161464199999955], [106.80274220000007, -6.161198199999944], [106.80259720000004, -6.161082799999974], [106.80238360000004, -6.160845299999949], [106.80218530000008, -6.160557299999937], [106.80204790000005, -6.160307399999965], [106.80197160000006, -6.160199199999965], [106.80184960000008, -6.16013959999998], [106.80181670000007, -6.160139799999968], [106.80177330000004, -6.160140099999978], [106.80168940000004, -6.160141], [106.80159020000008, -6.160112399999946], [106.80146050000008, -6.158316699999943], [106.80143, -6.158043599999928], [106.80142990000007, -6.158043], [106.80141470000007, -6.158127799999932], [106.80139940000004, -6.158269], [106.80138420000009, -6.15837769999996], [106.80137650000006, -6.158525499999939], [106.80131550000004, -6.159009], [106.80119340000005, -6.15938239999997], [106.80098740000005, -6.159786299999951], [106.80088060000008, -6.159955099999934], [106.80061360000008, -6.160232599999972], [106.80042040000006, -6.160357499999975], [106.80023980000004, -6.160474399999941], [106.79861470000009, -6.16118629999994], [106.79851550000006, -6.161240099999929], [106.79834770000008, -6.16129879999994], [106.79828660000004, -6.16132639999995], [106.79815130000009, -6.161383799999953], [106.79814930000003, -6.161384599999963], [106.79841630000004, -6.161994499999935], [106.79859940000006, -6.162437499999953], [106.79878910000008, -6.163036499999976], [106.79881310000007, -6.163112199999944], [106.79904960000005, -6.163724499999944], [106.79925560000004, -6.164158399999963], [106.79944630000006, -6.164553699999942], [106.799538, -6.164719199999979], [106.79972860000004, -6.165063399999951], [106.800049, -6.165573199999926], [106.80027030000008, -6.165930299999957], [106.80030840000006, -6.165989499999966], [106.80030880000004, -6.16599], [106.80053730000009, -6.166325099999938], [106.80078140000006, -6.166732799999977], [106.80094930000007, -6.166949799999941], [106.80118580000004, -6.167291199999966], [106.80152910000004, -6.167769], [106.80209370000006, -6.168584899999928], [106.80258960000003, -6.169301099999927], [106.80303210000005, -6.16990809999993], [106.80332970000006, -6.170346299999949], [106.80378740000003, -6.171032899999943], [106.80399340000008, -6.171311399999979], [106.80422230000005, -6.171660499999973], [106.80455040000004, -6.172106299999939], [106.80485550000009, -6.172565], [106.80516840000007, -6.17305], [106.805471, -6.173489299999972], [106.80547350000006, -6.173492899999928], [106.80563370000004, -6.17371849999995], [106.80595420000009, -6.174137599999938], [106.80602850000008, -6.174252199999955], [106.80617540000009, -6.174478599999929], [106.80634330000004, -6.174740799999938], [106.80648060000004, -6.174923899999953], [106.80655690000003, -6.175094599999966], [106.80675520000005, -6.175383099999976], [106.80754870000004, -6.176470799999947], [106.80792840000004, -6.176985099999968], [106.80794540000005, -6.177008199999932], [106.80823540000006, -6.177410599999973], [106.80862450000006, -6.177959], [106.80888390000007, -6.17832], [106.80908990000006, -6.17859459999994], [106.80926530000005, -6.178825399999937], [106.80947130000004, -6.179071], [106.80963150000008, -6.179301799999962], [106.80973070000005, -6.179562099999941], [106.80978750000008, -6.17973429999995], [106.809807, -6.179793399999937], [106.80986040000005, -6.180111899999929], [106.80993670000004, -6.180560199999945], [106.80998910000005, -6.181217], [106.80999770000005, -6.181325], [106.80999820000005, -6.181330099999968], [106.81001140000006, -6.181482], [106.810013, -6.181501], [106.81005880000004, -6.182195699999966], [106.81011980000005, -6.182673], [106.81012670000007, -6.182750899999974], [106.81014230000005, -6.182929099999967], [106.81015870000004, -6.183115799999939], [106.81016560000006, -6.183194199999946], [106.81016690000007, -6.183221099999969], [106.81017350000008, -6.18335959999996], [106.81017640000005, -6.183420099999978], [106.81018090000003, -6.183512299999961], [106.81024190000005, -6.184120699999937], [106.81031060000004, -6.184790199999952], [106.81032580000004, -6.184959399999968], [106.81032640000006, -6.184964499999978], [106.81033, -6.18496], [106.81121, -6.18449], [106.81146, -6.18422], [106.81178, -6.18395], [106.81192030000005, -6.183833099999958], [106.81196, -6.1838], [106.81228, -6.18348], [106.81277, -6.18303], [106.81282, -6.18298], [106.81291, -6.18291], [106.81308, -6.18278], [106.81328, -6.18262], [106.81353, -6.18235], [106.81358, -6.18231], [106.81381, -6.18223], [106.81393, -6.18216], [106.81404, -6.18216], [106.81416, -6.1821], [106.81442, -6.18186], [106.81447, -6.18182]]] 
      }
    },
    {
      "type": "Feature",
      "properties": {
        "district_id": "3173",
        "province": "DKI Jakarta",
        "regency": "Jakarta Pusat",
        "district": "Kota Jakarta Pusat",
        "pria": 0,
        "wanita": 0,
        "total_penduduk": 0
      },
      "geometry": {
        "type": "Polygon",
        "coordinates": [[[106.81673020000005, -6.215930199999946], [106.81687950000008, -6.215809399999955], [106.81688050000008, -6.215808799999934], [106.81807490000006, -6.214772], [106.81833630000006, -6.21459219999997], [106.81835030000008, -6.21458], [106.81851980000005, -6.214433199999974], [106.81859610000004, -6.214367899999957], [106.81878680000005, -6.214151899999933], [106.81900040000005, -6.213895799999932], [106.81912280000006, -6.213741599999935], [106.81913010000005, -6.213732299999947], [106.81920640000004, -6.213644599999952], [106.81924460000005, -6.213602599999945], [106.81947350000007, -6.213278799999955], [106.81978630000003, -6.212815299999932], [106.81979410000008, -6.212800499999958], [106.81985950000006, -6.212709599999926], [106.81999820000004, -6.212456499999973], [106.82006850000005, -6.212355199999934], [106.82021350000008, -6.21206959999995], [106.820225, -6.21204309999996], [106.82039010000005, -6.211736499999972], [106.82072840000006, -6.211124899999959], [106.82092210000008, -6.210772299999974], [106.82098230000008, -6.210662799999966], [106.82112840000008, -6.210225799999932], [106.82119770000008, -6.210076799999968], [106.82150290000004, -6.209450299999958], [106.82159330000007, -6.209231899999963], [106.82159440000004, -6.209229], [106.82159540000004, -6.209226199999932], [106.82175460000008, -6.208766499999967], [106.822014, -6.207753699999955], [106.82202170000005, -6.207713199999944], [106.82205980000003, -6.207375099999979], [106.82206750000006, -6.207089499999938], [106.82205980000003, -6.206918799999926], [106.82212850000008, -6.206228299999964], [106.82222770000004, -6.205423399999972], [106.82225050000005, -6.205352799999957], [106.82226510000004, -6.205211599999927], [106.82229630000006, -6.204909399999963], [106.82229630000006, -6.20488359999996], [106.82238020000005, -6.204239399999949], [106.82251, -6.203680599999927], [106.82255570000007, -6.203461199999936], [106.82257860000004, -6.203350099999966], [106.82267020000006, -6.202908099999945], [106.82267780000006, -6.202846099999931], [106.82269310000004, -6.202784599999973], [106.82270830000004, -6.202698699999928], [106.82274530000007, -6.202706399999954], [106.82320420000008, -6.202801699999952], [106.82352050000009, -6.202848399999937], [106.82481890000008, -6.203145799999959], [106.82540150000005, -6.203294799999981], [106.82587240000004, -6.203386399999943], [106.826325, -6.203489499999932], [106.82654590000004, -6.203541299999927], [106.82692670000006, -6.203626499999928], [106.82722060000003, -6.203693499999929], [106.82747640000008, -6.203750299999967], [106.82747620000004, -6.20375219999994], [106.82772580000005, -6.203807899999958], [106.82817860000006, -6.203916599999957], [106.828789, -6.204056299999934], [106.82910030000005, -6.204114699999934], [106.82932440000008, -6.204164699999978], [106.82953070000008, -6.20421349999998], [106.82991780000003, -6.204282699999965], [106.83017750000005, -6.204345299999943], [106.830414, -6.204398699999956], [106.83071920000003, -6.204452599999968], [106.83119220000003, -6.204529799999932], [106.83192460000004, -6.204627599999981], [106.83242480000007, -6.204680699999926], [106.83399450000007, -6.204921899999931], [106.83399390000005, -6.204927299999952], [106.83399890000004, -6.204924299999959], [106.83461770000008, -6.205003499999975], [106.83467120000006, -6.20501239999993], [106.83500690000005, -6.205061499999942], [106.83541130000003, -6.205117299999927], [106.83549520000008, -6.205131499999936], [106.835808, -6.205184499999973], [106.83617420000007, -6.205230299999926], [106.836548, -6.205275599999936], [106.83690660000008, -6.20534], [106.837166, -6.205395299999964], [106.83744830000006, -6.205478699999958], [106.83773970000004, -6.205570099999932], [106.83794810000006, -6.205645899999979], [106.83836330000008, -6.205797899999936], [106.83856980000007, -6.205877799999939], [106.83862960000005, -6.205923199999972], [106.83863080000003, -6.205924099999947], [106.83882220000004, -6.205982199999937], [106.83884450000005, -6.205988899999966], [106.83920310000008, -6.206119099999967], [106.83939930000008, -6.206177099999934], [106.84050320000006, -6.20658119999996], [106.84078180000006, -6.206681899999978], [106.84156020000006, -6.206967599999928], [106.84196780000008, -6.207118899999955], [106.84196860000009, -6.207118699999967], [106.84231150000005, -6.207243399999925], [106.84252540000006, -6.207321199999967], [106.84285970000008, -6.207442899999933], [106.84306510000005, -6.20751869999998], [106.84321080000007, -6.207572499999969], [106.84332630000006, -6.207615199999964], [106.84332330000007, -6.20762579999996], [106.84333550000008, -6.207619899999941], [106.84395170000005, -6.207834599999956], [106.84482360000004, -6.208125699999925], [106.844823, -6.208127599999955], [106.84501980000005, -6.208193899999969], [106.84541930000006, -6.208328299999948], [106.84573380000006, -6.208434099999977], [106.845734, -6.208435], [106.84573440000008, -6.208436899999981], [106.84573750000004, -6.208435899999927], [106.84609010000008, -6.208558399999959], [106.84628410000005, -6.208567799999969], [106.84629080000008, -6.208569099999977], [106.84655780000008, -6.208618699999931], [106.84680190000006, -6.208627799999931], [106.84703080000008, -6.208606799999927], [106.84704050000005, -6.208604099999945], [106.84714960000008, -6.208609299999978], [106.84734470000006, -6.208519299999978], [106.847397, -6.208504699999935], [106.84765640000006, -6.208382699999959], [106.84767940000006, -6.208364899999935], [106.84767980000004, -6.208364699999947], [106.84771370000004, -6.20833829999998], [106.84793110000004, -6.20817], [106.84811420000005, -6.208048399999939], [106.84819050000004, -6.207970699999976], [106.84819, -6.20797], [106.84818880000006, -6.207968499999936], [106.84819620000007, -6.207962799999962], [106.84819350000004, -6.207958699999949], [106.84823340000008, -6.20793279999998], [106.84825150000006, -6.207916799999964], [106.84831270000006, -6.207881399999962], [106.84854380000007, -6.207731599999931], [106.84885990000004, -6.207569099999944], [106.84895470000004, -6.207520399999964], [106.84904730000005, -6.207551299999977], [106.84905260000005, -6.207543], [106.84909080000006, -6.207429], [106.84914420000007, -6.207101399999942], [106.84922810000006, -6.206722299999967], [106.84930440000005, -6.206369], [106.84935780000006, -6.206145299999946], [106.84943410000005, -6.206007099999965], [106.84954850000008, -6.20585159999996], [106.84974690000007, -6.205696199999977], [106.84993, -6.205592199999955], [106.85012070000005, -6.205548299999975], [106.85031150000003, -6.205522099999939], [106.85043350000007, -6.205547399999944], [106.85061330000008, -6.205632799999933], [106.85068530000007, -6.205667099999971], [106.85092940000004, -6.205795299999977], [106.85115070000006, -6.205872099999965], [106.85137960000009, -6.205931699999951], [106.85161610000006, -6.205956499999957], [106.85200520000006, -6.20592929999998], [106.85226460000007, -6.205902599999945], [106.85244770000008, -6.205893599999968], [106.852585, -6.205893099999969], [106.85269180000006, -6.205927], [106.85282150000006, -6.205995099999939], [106.85294360000006, -6.206089599999927], [106.85308860000004, -6.206218299999932], [106.85321070000003, -6.206338499999958], [106.85331750000006, -6.206415199999981], [106.85350820000008, -6.206509599999947], [106.85364550000008, -6.206569299999956], [106.85378280000003, -6.206577399999958], [106.85392780000006, -6.206576899999959], [106.85408040000004, -6.206533499999978], [106.85436270000008, -6.206334199999958], [106.85462970000003, -6.206143899999972], [106.854767, -6.206039899999951], [106.85508750000008, -6.205792499999973], [106.85528580000005, -6.205461499999956], [106.85553760000005, -6.205008599999928], [106.85568260000008, -6.204665699999964], [106.85569780000009, -6.20444539999994], [106.85571840000006, -6.204236799999933], [106.85574360000004, -6.203981], [106.85569020000008, -6.203601899999967], [106.855591, -6.203186599999981], [106.85549180000004, -6.202881399999967], [106.85542310000005, -6.202722599999959], [106.85528580000005, -6.202552399999945], [106.85511040000006, -6.202430299999946], [106.85498070000006, -6.202394499999969], [106.854706, -6.20237069999996], [106.85430930000007, -6.202335399999981], [106.85397360000007, -6.20227529999994], [106.85338610000008, -6.202094099999954], [106.85292070000008, -6.201936799999942], [106.85271470000004, -6.201901], [106.85260790000007, -6.201913399999967], [106.85247060000006, -6.201938699999971], [106.85212730000006, -6.202171899999939], [106.851845, -6.202344], [106.85159320000008, -6.202442699999949], [106.85145590000008, -6.202443199999948], [106.85138720000003, -6.202382599999964], [106.85138580000006, -6.202380199999936], [106.85124990000008, -6.202138499999933], [106.85106280000008, -6.201705799999957], [106.85103, -6.20163], [106.85102860000006, -6.201626799999929], [106.85111260000008, -6.201583899999946], [106.85117360000004, -6.201550099999963], [106.851494, -6.201377899999954], [106.851555, -6.201336], [106.85168480000004, -6.201237699999979], [106.852051, -6.200889199999949], [106.85228750000005, -6.200694599999963], [106.85247060000006, -6.200546799999927], [106.85370420000004, -6.199562499999956], [106.85370650000004, -6.19956069999995], [106.85378280000003, -6.199512499999969], [106.85381340000004, -6.199482499999931], [106.85439320000006, -6.199079099999949], [106.85478230000007, -6.198740499999928], [106.85495010000005, -6.198626099999956], [106.85556050000008, -6.19814539999993], [106.85563680000007, -6.198109699999975], [106.85578170000008, -6.198022899999955], [106.85609450000004, -6.197808299999963], [106.85630050000009, -6.197646199999951], [106.85633870000004, -6.197603799999968], [106.85645310000007, -6.197456], [106.85649130000007, -6.197416799999928], [106.85663620000008, -6.197323899999958], [106.85677360000005, -6.19724709999997], [106.856827, -6.197221299999967], [106.85707870000005, -6.197053499999981], [106.85714740000009, -6.197009099999946], [106.85717790000007, -6.196988599999941], [106.85749830000009, -6.19671829999993], [106.85759830000006, -6.196647299999938], [106.85760510000006, -6.196642499999939], [106.85765090000007, -6.196608599999934], [106.85816210000007, -6.196270499999969], [106.85829860000007, -6.19615779999998], [106.85829940000008, -6.196157], [106.858391, -6.196099799999956], [106.85914630000008, -6.195633], [106.85942860000006, -6.195444599999973], [106.86009230000008, -6.194986899999947], [106.86034410000008, -6.194801899999959], [106.86054250000007, -6.194696499999964], [106.86058060000005, -6.194686499999932], [106.86063980000006, -6.194649], [106.86064170000009, -6.194647799999927], [106.86100460000006, -6.194361599999979], [106.86120620000008, -6.19420249999996], [106.86123680000009, -6.194176199999958], [106.86127490000007, -6.19415719999995], [106.861725, -6.193864399999939], [106.86174290000008, -6.193855399999961], [106.86208360000006, -6.193683199999953], [106.86220570000006, -6.193626399999971], [106.86251090000007, -6.193479099999934], [106.863167, -6.193153], [106.86425350000007, -6.192795599999954], [106.86438770000007, -6.192751499999929], [106.86515060000005, -6.19259169999998], [106.86584490000007, -6.192487299999925], [106.86587540000005, -6.192486799999926], [106.86611960000005, -6.192455399999972], [106.86640950000009, -6.19243339999997], [106.86653160000009, -6.192437199999972], [106.86669940000007, -6.192413399999964], [106.86703510000007, -6.192375699999957], [106.86708810000005, -6.192372899999953], [106.86720290000005, -6.192366599999957], [106.86810320000006, -6.192271799999958], [106.86833440000004, -6.192246], [106.86842360000009, -6.192236], [106.86972830000008, -6.192129199999954], [106.87004110000004, -6.192087199999946], [106.87019370000007, -6.192047199999934], [106.87155930000006, -6.19200189999998], [106.87199420000007, -6.191989899999953], [106.87234510000008, -6.192001399999981], [106.872348, -6.192001599999969], [106.872864, -6.19204579999996], [106.87326830000006, -6.192081], [106.87345140000008, -6.192096799999945], [106.87361930000009, -6.19212159999995], [106.87385580000006, -6.192156899999929], [106.87427540000004, -6.192218799999978], [106.87484760000007, -6.192304699999966], [106.87489340000008, -6.192313299999967], [106.87499990000003, -6.192330899999945], [106.87502310000008, -6.192334699999947], [106.87506120000006, -6.192096799999945], [106.87509170000004, -6.191900299999929], [106.87524430000008, -6.190635799999939], [106.87526720000005, -6.190263799999968], [106.87533590000004, -6.189473699999951], [106.87534350000004, -6.189180399999941], [106.87533590000004, -6.188743199999976], [106.87535110000005, -6.188327899999933], [106.87536640000008, -6.188168], [106.87536640000008, -6.188167599999929], [106.87540450000006, -6.187933499999929], [106.87538930000005, -6.187889199999972], [106.87541220000008, -6.187404199999946], [106.87548850000007, -6.18561509999995], [106.87551140000005, -6.184851699999967], [106.87559530000004, -6.18306309999997], [106.87568270000008, -6.181769699999961], [106.87571730000008, -6.181256399999938], [106.87575550000008, -6.180003699999929], [106.87580130000003, -6.179309899999964], [106.87591570000006, -6.178035799999975], [106.87597670000008, -6.177263299999936], [106.87598340000005, -6.177063499999974], [106.87599960000006, -6.176573299999973], [106.87603010000004, -6.176338299999941], [106.87608360000007, -6.175885799999946], [106.87611410000005, -6.175679699999932], [106.876198, -6.175324499999931], [106.87659470000006, -6.173559299999965], [106.87705250000005, -6.171816399999955], [106.87754840000008, -6.170085499999971], [106.87773150000004, -6.169324], [106.87785360000004, -6.168862899999965], [106.87813590000007, -6.167920599999945], [106.87832660000004, -6.167458599999975], [106.878731, -6.166596], [106.87880730000006, -6.166463399999941], [106.87866990000003, -6.166451], [106.87867270000004, -6.166440199999954], [106.87890040000008, -6.166270299999951], [106.87904130000004, -6.166149599999926], [106.87906550000008, -6.166128899999933], [106.87924310000005, -6.165914199999975], [106.87944610000005, -6.16558], [106.87956340000005, -6.165321399999925], [106.87972390000004, -6.165116499999954], [106.87990590000004, -6.164900699999976], [106.88057470000007, -6.16390569999993], [106.88085920000009, -6.163397699999962], [106.88104910000004, -6.163013399999954], [106.88111470000007, -6.162880599999937], [106.88118030000004, -6.162794599999927], [106.88128970000008, -6.162684299999967], [106.881432, -6.16247889999994], [106.88132750000005, -6.162500199999954], [106.88119950000004, -6.162548799999968], [106.88105370000005, -6.162598], [106.88090840000007, -6.162619499999948], [106.88087340000004, -6.162630599999943], [106.88073890000004, -6.162673199999972], [106.88058980000005, -6.162702499999966], [106.88051620000005, -6.162717], [106.88027530000005, -6.162774499999955], [106.880205, -6.162791399999946], [106.880169, -6.1628], [106.87998980000003, -6.162842799999964], [106.87986310000008, -6.162873099999956], [106.87946340000008, -6.162968699999965], [106.87888360000005, -6.163133799999969], [106.87851730000006, -6.163231899999971], [106.878258, -6.163305399999956], [106.87750260000007, -6.16347079999997], [106.87700670000004, -6.163537099999928], [106.876877, -6.163494199999946], [106.87638870000006, -6.163163699999927], [106.87602250000003, -6.162920099999951], [106.87569290000005, -6.162707], [106.87536150000005, -6.162492699999973], [106.87529010000009, -6.162446599999953], [106.87509170000004, -6.162289199999975], [106.87500020000004, -6.162233899999933], [106.87426780000004, -6.16178709999997], [106.87310040000006, -6.161084699999947], [106.87275710000006, -6.16087779999998], [106.87243670000004, -6.160677], [106.870888, -6.15979109999995], [106.87064380000004, -6.159660899999949], [106.87044540000005, -6.159559299999955], [106.87020890000008, -6.159425799999951], [106.87011770000004, -6.159370699999954], [106.869858, -6.159214099999929], [106.86953750000004, -6.159045299999946], [106.86920180000004, -6.158876499999963], [106.86887720000004, -6.158689799999934], [106.86885850000004, -6.158679099999972], [106.86832450000009, -6.158337199999949], [106.86806510000008, -6.158173599999941], [106.86782290000008, -6.158050299999957], [106.86780560000005, -6.158041599999933], [106.86686090000006, -6.157548199999951], [106.86685960000005, -6.157547499999964], [106.86653850000005, -6.157332799999949], [106.86637030000009, -6.157241499999941], [106.86602040000008, -6.157051599999932], [106.86579910000006, -6.156919099999925], [106.865349, -6.156682099999955], [106.86529560000008, -6.156654399999979], [106.86489890000007, -6.156449899999927], [106.86419480000006, -6.156067699999937], [106.86376210000009, -6.155832799999928], [106.863228, -6.155531], [106.86235060000007, -6.155041299999937], [106.86214460000008, -6.154965499999946], [106.86209890000003, -6.154949299999942], [106.86201060000008, -6.154898499999945], [106.86138410000007, -6.154538099999968], [106.86017630000003, -6.153843499999937], [106.86029830000007, -6.153754799999945], [106.86044330000004, -6.153577399999961], [106.86061880000005, -6.153267899999946], [106.86076370000006, -6.15294369999998], [106.86087820000006, -6.152649], [106.860985, -6.152331899999979], [106.86108420000005, -6.151967099999979], [106.86116050000004, -6.151586099999975], [106.86119860000008, -6.151221799999973], [106.86116050000004, -6.150890899999979], [106.86116030000005, -6.150890899999979], [106.86095020000005, -6.150934699999937], [106.86091810000005, -6.151795899999968], [106.860481, -6.152394], [106.859823, -6.152616099999932], [106.85921680000007, -6.152691399999981], [106.858521, -6.152804899999978], [106.85849570000005, -6.152809099999956], [106.85749790000006, -6.152267399999971], [106.85668120000008, -6.151824099999942], [106.85653710000008, -6.15185409999998], [106.85627, -6.151831199999947], [106.85525820000004, -6.15196149999997], [106.85510030000006, -6.15198179999993], [106.85488150000003, -6.15201], [106.85447710000005, -6.152095399999951], [106.85427110000006, -6.15216259999994], [106.85356920000004, -6.152241299999957], [106.85340140000005, -6.152259899999933], [106.85311150000007, -6.152310899999975], [106.85260030000006, -6.152377699999931], [106.852463, -6.152387199999964], [106.85179920000007, -6.152552199999946], [106.85176870000004, -6.152555099999972], [106.85104390000004, -6.152670899999976], [106.85082260000007, -6.152711], [106.85064720000008, -6.152732], [106.85038620000006, -6.152767199999971], [106.85036010000005, -6.152770699999962], [106.85035730000004, -6.152771099999939], [106.85011310000004, -6.152807299999949], [106.84988420000008, -6.15285549999993], [106.84971640000003, -6.152875], [106.84889240000007, -6.15301519999997], [106.84886190000009, -6.153017099999943], [106.84762590000008, -6.15319919999996], [106.84713770000008, -6.153265099999942], [106.847069, -6.153273199999944], [106.84661880000004, -6.153350899999964], [106.84605430000005, -6.153447699999958], [106.84569570000008, -6.153520599999979], [106.84504720000007, -6.153770499999951], [106.84487930000006, -6.153861599999971], [106.84465810000006, -6.154035599999929], [106.84356710000009, -6.153652699999952], [106.84356520000006, -6.153651], [106.84347550000007, -6.153571199999931], [106.84281180000005, -6.153092], [106.84259050000009, -6.152931299999977], [106.84206410000007, -6.152623199999937], [106.84133930000007, -6.152095399999951], [106.84130120000003, -6.151922799999966], [106.84124770000005, -6.151435], [106.84123150000005, -6.151323899999966], [106.84119440000006, -6.151069699999937], [106.84133170000007, -6.150685399999929], [106.84154530000006, -6.150338199999965], [106.84178940000004, -6.14991619999995], [106.84197250000005, -6.149468499999955], [106.84226540000009, -6.148673899999949], [106.84227010000006, -6.148661199999935], [106.84236170000008, -6.148447099999942], [106.84287280000007, -6.147896799999955], [106.84339160000007, -6.147287399999925], [106.84345260000003, -6.147187299999928], [106.84334580000007, -6.14697179999996], [106.84319320000009, -6.146779599999945], [106.84312460000007, -6.146686599999953], [106.84310930000004, -6.14652209999997], [106.84314750000004, -6.146342799999957], [106.84328480000005, -6.146060099999943], [106.84355180000006, -6.145694799999944], [106.84405530000004, -6.14498569999995], [106.84402280000006, -6.144964399999935], [106.84392570000006, -6.144900899999925], [106.84388750000005, -6.144876499999953], [106.843384, -6.144595199999969], [106.84312010000008, -6.144441599999936], [106.84309410000009, -6.144426399999929], [106.84211970000007, -6.143847899999969], [106.84206810000006, -6.143817299999967], [106.84205650000007, -6.143810299999927], [106.841942, -6.143744099999935], [106.84146330000004, -6.143485399999975], [106.84111180000008, -6.143295499999965], [106.84035510000007, -6.142886699999963], [106.83992780000005, -6.14264019999996], [106.83989010000005, -6.142621299999973], [106.83988210000007, -6.142617299999927], [106.83883110000005, -6.142042799999956], [106.83882920000008, -6.142041699999936], [106.83863210000004, -6.141933799999947], [106.838511, -6.141867499999933], [106.83850880000006, -6.141866299999947], [106.83839810000006, -6.141807099999937], [106.83839270000004, -6.141804199999967], [106.83835620000008, -6.14178469999996], [106.83834860000007, -6.141809499999965], [106.83831810000004, -6.141863399999977], [106.83828750000004, -6.141914899999961], [106.83818840000004, -6.142186199999969], [106.83805870000003, -6.142496599999959], [106.83770770000007, -6.143326299999956], [106.83742020000005, -6.144097699999975], [106.83727280000005, -6.144493199999943], [106.83711260000007, -6.145053899999937], [106.83708970000004, -6.14533], [106.83710770000005, -6.145941499999935], [106.83711160000007, -6.14607639999997], [106.83711260000007, -6.146111099999928], [106.837044, -6.145890299999962], [106.83691430000005, -6.145417799999962], [106.83676170000007, -6.144942299999968], [106.83634970000008, -6.144093099999964], [106.83590870000006, -6.143464899999969], [106.83590720000007, -6.14346269999993], [106.83567070000004, -6.143171799999948], [106.83520530000004, -6.142758399999934], [106.83482380000004, -6.142444699999942], [106.83426690000005, -6.142102299999976], [106.83396930000004, -6.141961599999945], [106.83348870000003, -6.141717], [106.83338180000004, -6.141671699999961], [106.83323690000009, -6.141636399999925], [106.83317590000007, -6.141615899999977], [106.83305070000006, -6.141574499999933], [106.83304620000007, -6.141573], [106.83290880000004, -6.141527699999926], [106.83287830000006, -6.141517199999953], [106.83281730000004, -6.141517699999952], [106.83246630000008, -6.141377], [106.83213060000008, -6.141234], [106.83167680000008, -6.140912199999946], [106.83167370000007, -6.14091], [106.83164440000007, -6.140889199999947], [106.83148980000004, -6.140779599999973], [106.83117690000006, -6.140411], [106.83080310000008, -6.13974], [106.83072680000004, -6.139566499999944], [106.83072680000004, -6.139540199999942], [106.83065050000005, -6.139001399999927], [106.83064290000004, -6.138098799999966], [106.83065050000005, -6.137748299999942], [106.83067340000008, -6.135967299999947], [106.83067340000008, -6.135427499999935], [106.83066970000004, -6.13537539999993], [106.83066580000008, -6.135321199999964], [106.83057420000006, -6.135343599999942], [106.83013170000004, -6.135449499999936], [106.83005540000005, -6.13547], [106.82947560000008, -6.135562499999935], [106.82922380000008, -6.135590599999944], [106.828972, -6.135617799999977], [106.82876610000005, -6.13565449999993], [106.82872790000005, -6.135668799999962], [106.82862870000008, -6.13569549999994], [106.82843040000006, -6.135748399999954], [106.82807180000003, -6.135840499999972], [106.828026, -6.135845699999948], [106.82726310000004, -6.135967299999947], [106.82721730000009, -6.135974899999951], [106.82671380000005, -6.136077899999975], [106.82626360000006, -6.136146599999961], [106.82616440000004, -6.136156099999937], [106.82598350000006, -6.136186499999951], [106.82579820000007, -6.136217599999952], [106.82560750000005, -6.136237199999925], [106.82559950000007, -6.136237899999969], [106.82553120000006, -6.136243899999954], [106.82514210000005, -6.136321099999975], [106.82491320000008, -6.136346899999978], [106.82336450000008, -6.136566199999947], [106.82308980000005, -6.136592399999927], [106.822838, -6.136621099999957], [106.82237260000005, -6.13669109999995], [106.82141130000008, -6.136842299999955], [106.821274, -6.136870899999963], [106.82138840000005, -6.136990599999933], [106.82164780000005, -6.137312899999927], [106.82179280000008, -6.137578499999961], [106.82183860000004, -6.137728699999968], [106.82202930000005, -6.138563199999965], [106.82212090000007, -6.138859799999977], [106.82219720000006, -6.139121599999953], [106.822304, -6.139499199999932], [106.82239550000008, -6.13978579999997], [106.82251760000008, -6.140174899999977], [106.82255350000008, -6.140262099999973], [106.82256340000004, -6.140286], [106.82260920000004, -6.140399499999944], [106.82263970000008, -6.14046529999996], [106.82320420000008, -6.141586299999972], [106.82376120000004, -6.142533399999934], [106.82377480000008, -6.142554099999927], [106.82380690000008, -6.142603], [106.82381280000004, -6.142610099999956], [106.82385270000009, -6.142658799999936], [106.82388320000007, -6.142705499999977], [106.824074, -6.143015399999967], [106.82480660000004, -6.144229499999938], [106.82484450000004, -6.144292399999927], [106.82498950000007, -6.144518399999981], [106.82517260000009, -6.14482309999994], [106.82547780000004, -6.145334799999944], [106.82598130000008, -6.146266499999967], [106.82619480000005, -6.146740399999942], [106.82633230000005, -6.147045699999978], [106.82655350000005, -6.14788539999995], [106.82664510000006, -6.14826249999993], [106.82671970000007, -6.148512399999959], [106.82672140000005, -6.148518099999933], [106.82677480000007, -6.148703599999976], [106.82679770000004, -6.148867199999927], [106.82682820000008, -6.148985899999957], [106.82689690000007, -6.149448899999925], [106.82694260000005, -6.149750799999936], [106.82711050000006, -6.150536099999954], [106.82712980000008, -6.150731199999939], [106.82723190000007, -6.151763599999981], [106.82724780000007, -6.151924199999939], [106.82729360000008, -6.152321399999948], [106.82733940000008, -6.153626499999973], [106.82734850000008, -6.154062099999976], [106.82737750000007, -6.155449499999975], [106.82737960000009, -6.155547099999978], [106.82740190000004, -6.156585899999925], [106.82741570000007, -6.15723], [106.82742330000008, -6.157547], [106.82742330000008, -6.157550399999934], [106.827427, -6.158268699999951], [106.82743090000008, -6.159036199999946], [106.82746140000006, -6.15980959999996], [106.82746910000009, -6.15994459999996], [106.827614, -6.160705199999938], [106.827759, -6.161175799999967], [106.82794210000009, -6.16162879999996], [106.82803370000005, -6.161790899999971], [106.82829120000008, -6.162224199999969], [106.82830830000006, -6.162252899999942], [106.82800310000005, -6.162163299999975], [106.82792680000006, -6.162141399999939], [106.82785050000007, -6.162134199999969], [106.82730120000008, -6.161973499999931], [106.82679770000004, -6.161779399999944], [106.82672990000003, -6.161756899999943], [106.82662980000003, -6.161723699999925], [106.82644670000008, -6.161656899999969], [106.82626360000006, -6.161608299999955], [106.82618760000008, -6.161584499999947], [106.82617210000006, -6.161579599999925], [106.82574480000005, -6.161405099999968], [106.82539390000005, -6.161280699999963], [106.82499710000008, -6.161132399999929], [106.82495140000009, -6.161120499999981], [106.82462330000004, -6.161022699999933], [106.82449360000004, -6.160967899999946], [106.824013, -6.160785199999964], [106.82364670000004, -6.160664099999963], [106.82348650000006, -6.160624499999926], [106.82330340000004, -6.160571599999969], [106.82289140000006, -6.160397599999953], [106.82234210000007, -6.160190599999964], [106.82200640000008, -6.160073299999965], [106.821953, -6.160059499999932], [106.82167070000008, -6.159957499999962], [106.82148, -6.159863499999972], [106.82091540000005, -6.159688499999959], [106.82063310000007, -6.159600799999964], [106.82034320000008, -6.159551199999953], [106.82028220000007, -6.159548299999926], [106.81967940000004, -6.15961029999994], [106.81928270000009, -6.159698499999934], [106.81918350000007, -6.159731399999941], [106.81901910000005, -6.159756699999946], [106.81901570000008, -6.159757199999945], [106.818825, -6.159787699999981], [106.818123, -6.159891199999947], [106.81759660000006, -6.159977], [106.81745930000005, -6.160008499999947], [106.81661240000005, -6.160125299999947], [106.81625390000005, -6.160195899999962], [106.81590290000008, -6.160253099999977], [106.81514, -6.160432399999934], [106.81375140000006, -6.160574], [106.81341570000006, -6.160626899999954], [106.81327080000005, -6.160641699999928], [106.81288930000005, -6.160669799999937], [106.81285880000007, -6.160672199999965], [106.81280720000007, -6.160675799999979], [106.81278250000008, -6.160677499999963], [106.81268330000006, -6.160686], [106.81256120000006, -6.16069989999994], [106.81237050000004, -6.160699399999942], [106.81195850000006, -6.160701299999971], [106.81192990000005, -6.160698399999944], [106.81185930000004, -6.160691299999939], [106.81149310000006, -6.16070179999997], [106.81108880000005, -6.160770499999956], [106.81085220000006, -6.160803899999962], [106.81075310000006, -6.160820099999967], [106.81070730000005, -6.160827199999972], [106.81070020000004, -6.160828399999957], [106.81065390000003, -6.160836299999971], [106.81053940000004, -6.160847699999977], [106.81031060000004, -6.160922099999937], [106.81010460000005, -6.161022699999933], [106.80973840000007, -6.161125199999958], [106.809731, -6.161127699999952], [106.80970020000007, -6.16113809999996], [106.80957050000006, -6.161155699999938], [106.80922720000007, -6.161187699999971], [106.80869310000008, -6.161265399999934], [106.80846420000006, -6.161299799999938], [106.80815910000007, -6.161347], [106.80804350000005, -6.161371699999961], [106.80799990000008, -6.161381099999971], [106.80799890000009, -6.16138129999996], [106.80760980000008, -6.161421399999938], [106.80738090000006, -6.161454299999946], [106.80690780000003, -6.161502899999959], [106.80651870000008, -6.16153909999997], [106.80629750000008, -6.161564399999975], [106.80625760000004, -6.161566299999947], [106.80616780000008, -6.161570599999948], [106.80580920000006, -6.161604], [106.80545820000003, -6.161694599999976], [106.80542010000005, -6.161703099999954], [106.80470290000005, -6.161790899999971], [106.80458090000008, -6.161798], [106.80457180000008, -6.161797199999967], [106.80400870000005, -6.161744599999963], [106.80359670000007, -6.161657399999967], [106.803261, -6.161539599999969], [106.80309320000003, -6.161464199999955], [106.80274220000007, -6.161198199999944], [106.80259720000004, -6.161082799999974], [106.80238360000004, -6.160845299999949], [106.80218530000008, -6.160557299999937], [106.80204790000005, -6.160307399999965], [106.80197160000006, -6.160199199999965], [106.80184960000008, -6.16013959999998], [106.80181670000007, -6.160139799999968], [106.80177330000004, -6.160140099999978], [106.80168940000004, -6.160141], [106.80159020000008, -6.160112399999946], [106.80146050000008, -6.158316699999943], [106.80143, -6.158043599999928], [106.80142990000007, -6.158043], [106.80141470000007, -6.158127799999932], [106.80139940000004, -6.158269], [106.80138420000009, -6.15837769999996], [106.80137650000006, -6.158525499999939], [106.80131550000004, -6.159009], [106.80119340000005, -6.15938239999997], [106.80098740000005, -6.159786299999951], [106.80088060000008, -6.159955099999934], [106.80061360000008, -6.160232599999972], [106.80042040000006, -6.160357499999975], [106.80023980000004, -6.160474399999941], [106.79861470000009, -6.16118629999994], [106.79851550000006, -6.161240099999929], [106.79834770000008, -6.16129879999994], [106.79828660000004, -6.16132639999995], [106.79815130000009, -6.161383799999953], [106.79814930000003, -6.161384599999963], [106.79841630000004, -6.161994499999935], [106.79859940000006, -6.162437499999953], [106.79878910000008, -6.163036499999976], [106.79881310000007, -6.163112199999944], [106.79904960000005, -6.163724499999944], [106.79925560000004, -6.164158399999963], [106.79944630000006, -6.164553699999942], [106.799538, -6.164719199999979], [106.79972860000004, -6.165063399999951], [106.800049, -6.165573199999926], [106.80027030000008, -6.165930299999957], [106.80030840000006, -6.165989499999966], [106.80030880000004, -6.16599], [106.80053730000009, -6.166325099999938], [106.80078140000006, -6.166732799999977], [106.80094930000007, -6.166949799999941], [106.80118580000004, -6.167291199999966], [106.80152910000004, -6.167769], [106.80209370000006, -6.168584899999928], [106.80258960000003, -6.169301099999927], [106.80303210000005, -6.16990809999993], [106.80332970000006, -6.170346299999949], [106.80378740000003, -6.171032899999943], [106.80399340000008, -6.171311399999979], [106.80422230000005, -6.171660499999973], [106.80455040000004, -6.172106299999939], [106.80485550000009, -6.172565], [106.80516840000007, -6.17305], [106.805471, -6.173489299999972], [106.80547350000006, -6.173492899999928], [106.80563370000004, -6.17371849999995], [106.80595420000009, -6.174137599999938], [106.80602850000008, -6.174252199999955], [106.80617540000009, -6.174478599999929], [106.80634330000004, -6.174740799999938], [106.80648060000004, -6.174923899999953], [106.80655690000003, -6.175094599999966], [106.80675520000005, -6.175383099999976], [106.80754870000004, -6.176470799999947], [106.80792840000004, -6.176985099999968], [106.80794540000005, -6.177008199999932], [106.80823540000006, -6.177410599999973], [106.80862450000006, -6.177959], [106.80888390000007, -6.17832], [106.80908990000006, -6.17859459999994], [106.80926530000005, -6.178825399999937], [106.80947130000004, -6.179071], [106.80963150000008, -6.179301799999962], [106.80973070000005, -6.179562099999941], [106.80978750000008, -6.17973429999995], [106.809807, -6.179793399999937], [106.80986040000005, -6.180111899999929], [106.80993670000004, -6.180560199999945], [106.80998910000005, -6.181217], [106.80999770000005, -6.181325], [106.80999820000005, -6.181330099999968], [106.81001140000006, -6.181482], [106.810013, -6.181501], [106.81005880000004, -6.182195699999966], [106.81011980000005, -6.182673], [106.81012670000007, -6.182750899999974], [106.81014230000005, -6.182929099999967], [106.81015870000004, -6.183115799999939], [106.81016560000006, -6.183194199999946], [106.81016690000007, -6.183221099999969], [106.81017350000008, -6.18335959999996], [106.81017640000005, -6.183420099999978], [106.81018090000003, -6.183512299999961], [106.81024190000005, -6.184120699999937], [106.81031060000004, -6.184790199999952], [106.81032580000004, -6.184959399999968], [106.81032640000006, -6.184964499999978], [106.81040210000003, -6.185565], [106.81042480000008, -6.185812], [106.81047080000008, -6.186313699999971], [106.81050130000006, -6.186839099999929], [106.81057760000004, -6.187417099999948], [106.81066150000004, -6.187994499999945], [106.81067680000007, -6.18834929999997], [106.81067680000007, -6.188517599999955], [106.81065670000004, -6.188697599999955], [106.81065390000003, -6.188723099999947], [106.81064920000006, -6.188722499999926], [106.81054710000006, -6.18870979999997], [106.81030290000007, -6.188678799999934], [106.80953240000008, -6.188697899999966], [106.80941030000008, -6.188698299999942], [106.80881520000008, -6.188734599999975], [106.808304, -6.188799899999935], [106.80808340000004, -6.188813399999958], [106.80796830000008, -6.18882039999994], [106.80740370000007, -6.188871], [106.80714440000008, -6.188900499999932], [106.80704520000006, -6.188932499999964], [106.80686210000005, -6.188994899999955], [106.80674760000005, -6.189106], [106.80672470000007, -6.189136099999928], [106.80672440000006, -6.189137199999948], [106.80651870000008, -6.189999099999966], [106.806473, -6.190206599999954], [106.80644250000006, -6.190351499999963], [106.80628220000006, -6.190882299999942], [106.80605340000005, -6.191471599999943], [106.80594660000008, -6.191695699999968], [106.805916, -6.191741499999978], [106.805876, -6.191840099999979], [106.805504, -6.192757699999959], [106.80547350000006, -6.192839599999957], [106.80542010000005, -6.193303599999979], [106.80535910000003, -6.193849099999966], [106.80527810000007, -6.194415699999979], [106.80527520000004, -6.19443659999996], [106.80509210000008, -6.19555239999994], [106.80508440000006, -6.195627299999956], [106.80480970000008, -6.196384499999965], [106.80480730000005, -6.196389599999975], [106.80479450000007, -6.196416399999976], [106.80463430000003, -6.19671539999996], [106.80451990000006, -6.196936599999958], [106.80440540000006, -6.197133099999974], [106.80432150000007, -6.19726849999995], [106.80429420000007, -6.197320099999956], [106.80428330000007, -6.197340499999939], [106.80411550000008, -6.197518899999977], [106.80368820000007, -6.197792099999958], [106.80361960000005, -6.197827399999937], [106.80356620000003, -6.197881299999949], [106.80344410000004, -6.198062399999969], [106.80313890000008, -6.198632299999929], [106.80300920000008, -6.198828299999946], [106.80287190000007, -6.198941699999978], [106.80266590000008, -6.19908339999995], [106.80262010000007, -6.199109599999929], [106.801819, -6.199489599999936], [106.80163590000006, -6.199593599999957], [106.80148330000009, -6.199669399999948], [106.80142230000007, -6.199698], [106.80075090000008, -6.199975499999937], [106.80059830000005, -6.200037], [106.80056020000006, -6.200059], [106.80029320000006, -6.200211099999933], [106.80008720000006, -6.200390399999947], [106.79982010000003, -6.200705599999935], [106.79961420000006, -6.201004099999977], [106.799576, -6.201041699999962], [106.79955310000008, -6.201114699999948], [106.799431, -6.20150469999993], [106.79940810000005, -6.201655399999936], [106.799408, -6.201655599999981], [106.79937, -6.201698799999974], [106.79906480000005, -6.20199539999993], [106.798958, -6.202052099999946], [106.79888170000004, -6.202107499999954], [106.79851550000006, -6.202352099999928], [106.79847740000008, -6.202384499999937], [106.798134, -6.202681599999949], [106.79803490000006, -6.202800299999979], [106.79784410000008, -6.202976699999965], [106.79771440000007, -6.203137], [106.79765340000006, -6.20324329999994], [106.79763050000008, -6.203266699999972], [106.79756180000004, -6.203363], [106.79736350000007, -6.203672], [106.79733290000007, -6.203727299999969], [106.79727960000008, -6.203800199999932], [106.79719560000007, -6.203915599999959], [106.79714220000005, -6.204031], [106.79689050000007, -6.20456889999997], [106.79685230000007, -6.204691399999945], [106.79659290000006, -6.205499199999963], [106.79658530000006, -6.205566899999951], [106.79646320000006, -6.205908799999975], [106.79633350000006, -6.206266], [106.79619620000005, -6.206811], [106.79605880000008, -6.20758109999997], [106.796005, -6.207585299999948], [106.79563160000004, -6.207614499999977], [106.795006, -6.207643099999927], [106.79470080000004, -6.207666], [106.79399890000008, -6.207702199999972], [106.79322070000006, -6.207762299999956], [106.79301470000007, -6.207775199999958], [106.79290790000005, -6.207795699999963], [106.79254170000007, -6.207828099999972], [106.79238910000004, -6.207788], [106.79238150000003, -6.207810399999971], [106.79227470000006, -6.208015499999931], [106.79212510000008, -6.208176099999946], [106.79198050000008, -6.208329899999967], [106.79187650000006, -6.208561499999973], [106.79179920000007, -6.208758099999955], [106.79183450000005, -6.208852099999945], [106.79190750000004, -6.208986299999935], [106.79204750000008, -6.209077199999967], [106.79235650000004, -6.20916909999994], [106.79249590000006, -6.209257199999968], [106.79259510000009, -6.209391599999947], [106.792679, -6.209608599999967], [106.79271720000008, -6.209820799999932], [106.79270190000005, -6.21020939999994], [106.79277820000004, -6.210293299999933], [106.79281770000006, -6.210360099999946], [106.79295780000007, -6.21045369999996], [106.79307340000008, -6.210491], [106.793236, -6.210580399999969], [106.79360220000007, -6.21084929999995], [106.79368610000006, -6.210973299999978], [106.79371, -6.211198799999977], [106.79371660000004, -6.211427199999946], [106.79364030000005, -6.211490699999956], [106.79343190000009, -6.211605799999973], [106.79341070000004, -6.211673099999928], [106.79342310000004, -6.211711799999932], [106.79342970000005, -6.211732199999972], [106.79350230000006, -6.211745399999927], [106.79366070000003, -6.211699199999941], [106.79381380000007, -6.211687899999959], [106.79393030000006, -6.211711], [106.79399160000008, -6.211824399999955], [106.79401350000006, -6.21194], [106.79415910000006, -6.211982299999931], [106.794327, -6.211936499999979], [106.79443260000005, -6.211909], [106.79458640000007, -6.211844499999927], [106.79470130000004, -6.211910799999941], [106.79480870000003, -6.212002899999959], [106.79481990000005, -6.21201259999998], [106.794995, -6.212127599999974], [106.79512040000009, -6.212185399999953], [106.79515860000004, -6.212206899999956], [106.79539050000005, -6.212287599999968], [106.79557620000008, -6.212356899999975], [106.79561820000004, -6.212369699999954], [106.79576130000004, -6.212493], [106.79573840000006, -6.212610799999936], [106.79566210000007, -6.212708], [106.795454, -6.212768799999935], [106.795418, -6.212863499999969], [106.79541030000007, -6.212909699999955], [106.79539510000006, -6.212959799999965], [106.79535690000006, -6.213567299999966], [106.79538260000004, -6.21389309999995], [106.79546350000004, -6.213989699999956], [106.79554180000008, -6.214080199999955], [106.79556290000005, -6.21410469999995], [106.79563920000004, -6.214266299999963], [106.79566210000007, -6.214315899999974], [106.79582230000005, -6.214636399999961], [106.79607410000006, -6.215168], [106.79620250000005, -6.215573799999959], [106.79625170000008, -6.215815699999951], [106.79627350000004, -6.215912399999979], [106.79622560000007, -6.21604439999993], [106.79614540000006, -6.216163], [106.79607360000006, -6.216399899999942], [106.79613510000007, -6.216625199999953], [106.79628770000005, -6.216901299999961], [106.79645560000006, -6.217259899999931], [106.79662340000004, -6.217614199999957], [106.79679130000005, -6.218004299999961], [106.79684470000007, -6.218168299999945], [106.79686760000004, -6.21845959999996], [106.79685990000007, -6.218667099999948], [106.79685750000004, -6.218701899999928], [106.79685230000007, -6.218779099999949], [106.79681420000009, -6.219173], [106.79663870000007, -6.220069], [106.79652420000008, -6.220694099999946], [106.79629540000008, -6.221954399999959], [106.79609080000006, -6.223229899999978], [106.79608940000008, -6.223238499999979], [106.79604360000008, -6.223882199999935], [106.796303, -6.225144899999975], [106.796364, -6.226538699999935], [106.79629540000008, -6.226851], [106.796158, -6.227194299999951], [106.79588340000004, -6.22781329999998], [106.79561630000006, -6.22841509999995], [106.79566210000007, -6.228541399999926], [106.79581470000005, -6.228755499999977], [106.79577660000007, -6.228858499999944], [106.79572320000005, -6.229055899999935], [106.79575370000003, -6.229157499999928], [106.79579180000007, -6.229268599999955], [106.79602830000005, -6.229279099999928], [106.79633350000006, -6.229285299999958], [106.796364, -6.229285299999958], [106.79700490000005, -6.229274799999928], [106.79731770000006, -6.22929629999993], [106.79734820000004, -6.229300099999932], [106.79737870000008, -6.229300099999932], [106.79752370000006, -6.229304799999966], [106.79761530000007, -6.22926949999993], [106.79769150000004, -6.22924], [106.79773730000005, -6.229210399999943], [106.79824090000005, -6.228891899999951], [106.79833240000005, -6.228853299999969], [106.79846970000006, -6.228835099999969], [106.79866810000004, -6.228861399999971], [106.79914110000004, -6.228987299999972], [106.79923940000003, -6.229073199999959], [106.79924030000006, -6.229074], [106.79924250000005, -6.229071599999941], [106.79930130000008, -6.229005399999949], [106.79946920000003, -6.228975299999945], [106.79959130000009, -6.228997299999946], [106.79962180000007, -6.22895909999994], [106.79989640000008, -6.228692099999932], [106.80074330000008, -6.227996399999938], [106.800873, -6.227902], [106.80103320000006, -6.227798499999949], [106.80118580000004, -6.227683099999979], [106.80137650000006, -6.227535799999941], [106.80162830000006, -6.227352199999928], [106.80178090000004, -6.22724009999996], [106.80296050000004, -6.22634249999993], [106.802994, -6.226317], [106.80302450000005, -6.226292699999931], [106.80307030000006, -6.226250199999981], [106.803322, -6.22603179999993], [106.80381030000007, -6.22566269999993], [106.80426810000006, -6.225348], [106.80455040000004, -6.225142], [106.804764, -6.22493129999998], [106.80491660000007, -6.224839699999961], [106.80502580000007, -6.224769], [106.80520650000005, -6.224651899999969], [106.80535910000003, -6.224525], [106.80559560000006, -6.224336199999925], [106.80598470000007, -6.224097799999981], [106.80639670000005, -6.223799299999939], [106.806473, -6.223744899999929], [106.807007, -6.223427799999968], [106.80743430000007, -6.22318219999994], [106.80771660000005, -6.22300249999995], [106.80828110000004, -6.22260719999997], [106.80863210000007, -6.222314399999959], [106.80884570000006, -6.222159399999953], [106.80894490000009, -6.222089299999936], [106.809067, -6.221994499999937], [106.80925010000004, -6.221842799999934], [106.80942560000005, -6.221709299999929], [106.809601, -6.221597699999961], [106.80978410000006, -6.221473699999933], [106.80982990000007, -6.221447499999954], [106.80990620000006, -6.22139459999994], [106.809952, -6.221353599999929], [106.80998250000005, -6.221325399999955], [106.81008170000007, -6.22124679999996], [106.810158, -6.221179], [106.81095910000005, -6.220537199999967], [106.81153120000005, -6.22007659999997], [106.81166860000008, -6.219988399999977], [106.81169910000006, -6.219974099999945], [106.81174490000006, -6.219936899999936], [106.81183640000006, -6.21986389999995], [106.81187460000007, -6.219827699999939], [106.81191270000005, -6.219799099999932], [106.81196610000006, -6.219753799999978], [106.81199670000007, -6.219729399999949], [106.81204240000005, -6.219683699999962], [106.812195, -6.219540699999925], [106.81233850000007, -6.219407799999942], [106.81235520000007, -6.219392299999981], [106.81252310000008, -6.219261199999949], [106.812546, -6.219245899999976], [106.81259170000004, -6.219214], [106.81262230000004, -6.219197299999962], [106.81271380000004, -6.219137699999976], [106.81271440000006, -6.219137399999966], [106.81277530000006, -6.219089699999927], [106.81279010000009, -6.219075199999963], [106.81284350000004, -6.219032799999979], [106.81288170000005, -6.219003699999973], [106.81306620000004, -6.218862099999967], [106.81407330000008, -6.218074299999955], [106.81490860000008, -6.217420799999957], [106.81497970000004, -6.217359599999952], [106.81524680000007, -6.217119699999955], [106.81536890000007, -6.217020499999933], [106.81539940000005, -6.217002899999954], [106.81565110000008, -6.216828799999973], [106.81579610000006, -6.216713899999945], [106.81621230000007, -6.216388799999947], [106.81640420000008, -6.216222199999947], [106.816437, -6.216191399999957], [106.81672690000005, -6.215932899999927], [106.81673020000005, -6.215930199999946]]] 
      }
    }
  ]
}