{
  "type": "FeatureCollection",
  "name": "map",
  "crs": {
    "type": "name",
    "properties": {
      "name": "urn:ogc:def:crs:OGC:1.3:CRS84"
    }
  },
  "features": [
    {
      "type": "Feature",
      "properties": {
        "district_id": "7371010",
        "province": "Sulawesi Selatan",
        "regency": "Makassar",
        "district": "Mariso",
        "pria": 29316,
        "wanita": 29481,
        "total_penduduk": 58797
      },
      "geometry": {
        "type": "MultiPolygon",
        "coordinates": [[[[119.4065227000001, -5.167996], [119.40647310000008, -5.168108], [119.4061124000001, -5.168513], [119.40575170000011, -5.16891789999994], [119.40565640000011, -5.16899989999996], [119.4056551000001, -5.169001], [119.40565640000011, -5.169001799999933], [119.4056591000001, -5.169001399999956], [119.40588, -5.169128799999953], [119.4058801000001, -5.169128799999953], [119.40589100000011, -5.16913859999994], [119.40589110000008, -5.16913859999994], [119.40601110000011, -5.169013099999972], [119.40613510000003, -5.169083099999966], [119.40616200000011, -5.169107399999973], [119.4063407000001, -5.169270199999971], [119.40639030000011, -5.169339899999954], [119.40641730000004, -5.169378799999947], [119.40658560000008, -5.169442699999934], [119.40660140000011, -5.169448799999941], [119.40660430000003, -5.169448899999963], [119.40660510000009, -5.169454299999927], [119.40661740000007, -5.16954149999998], [119.40663760000007, -5.169685], [119.40663760000007, -5.169685099999981], [119.40676420000011, -5.170232499999941], [119.4067662000001, -5.170241399999952], [119.40678910000008, -5.170353399999954], [119.40685610000003, -5.170681], [119.40685680000001, -5.170677399999931], [119.40690310000002, -5.170907299999953], [119.40692190000004, -5.170962599999939], [119.40702150000004, -5.17099879999995], [119.40706990000001, -5.171016299999962], [119.40707540000005, -5.171030099999939], [119.40719520000005, -5.171058499999958], [119.40747710000005, -5.171125199999949], [119.4074773000001, -5.171124899999938], [119.4074786000001, -5.171125199999949], [119.407613, -5.170935], [119.40766470000005, -5.170862599999964], [119.40767090000008, -5.170854], [119.4076708, -5.170854], [119.40774810000005, -5.170744299999967], [119.40779960000009, -5.170671299999981], [119.40791020000006, -5.170462099999952], [119.40799790000005, -5.170296399999927], [119.40803960000005, -5.170217599999944], [119.40808950000007, -5.170079499999929], [119.40819150000004, -5.169797399999936], [119.4082151, -5.169731899999931], [119.40843970000003, -5.169407699999965], [119.40854210000009, -5.169191699999942], [119.40863390000004, -5.169000299999936], [119.40880850000008, -5.168599899999947], [119.40882350000004, -5.168565299999955], [119.40883780000001, -5.168080399999951], [119.40880340000001, -5.167514599999947], [119.40880340000001, -5.167514399999959], [119.40867810000009, -5.167033299999957], [119.40888890000008, -5.166642099999933], [119.40895240000009, -5.166524299999935], [119.40895240000009, -5.166524199999969], [119.40950020000002, -5.166730199999961], [119.40953190000005, -5.166742099999965], [119.40971450000006, -5.166810799999951], [119.40999460000012, -5.165933699999925], [119.41002580000008, -5.165835899999934], [119.41084070000011, -5.166148599999929], [119.41136480000011, -5.166342399999962], [119.411824, -5.166511799999967], [119.41182850000007, -5.166497399999969], [119.41188470000009, -5.166518499999938], [119.41188480000005, -5.166518399999973], [119.41188710000006, -5.166511399999933], [119.412253, -5.165399399999956], [119.4124081000001, -5.164701099999945], [119.41241230000003, -5.164681799999926], [119.41241240000011, -5.164681799999926], [119.41247120000003, -5.164695299999948], [119.41247110000006, -5.164695], [119.41247340000007, -5.164695499999937], [119.41247410000005, -5.164692699999932], [119.41248170000006, -5.164661399999943], [119.412685, -5.163826699999959], [119.41278680000005, -5.163409], [119.41282910000007, -5.16323529999994], [119.41283240000007, -5.163221799999974], [119.41287510000006, -5.163046399999928], [119.41287920000002, -5.163029299999948], [119.4128842, -5.163008799999943], [119.4128799, -5.163008099999956], [119.41287280000006, -5.163006899999971], [119.412864, -5.163043099999925], [119.41325660000007, -5.161403099999973], [119.41324210000005, -5.161289], [119.41324230000009, -5.161289099999976], [119.41324110000005, -5.161280399999953], [119.41326520000007, -5.161283699999956], [119.41327490000003, -5.161215199999958], [119.41327610000008, -5.161206799999945], [119.41325690000008, -5.16120559999996], [119.4132763, -5.161206599999957], [119.41327660000002, -5.161204], [119.41347220000011, -5.161227699999927], [119.41353640000011, -5.161245], [119.41386110000008, -5.16133229999997], [119.41481390000001, -5.161446599999977], [119.4158847000001, -5.161649599999976], [119.41628660000003, -5.161711299999979], [119.41710550000005, -5.161793399999965], [119.41723980000006, -5.16178919999993], [119.41739270000005, -5.161811499999942], [119.41752840000004, -5.161811199999931], [119.41754250000008, -5.161809199999936], [119.41748570000004, -5.161556099999927], [119.41736870000011, -5.161034], [119.41714600000012, -5.160040899999956], [119.41667040000004, -5.157952399999942], [119.41621770000006, -5.155934699999932], [119.41621110000006, -5.155864899999926], [119.416144, -5.15515419999997], [119.41605220000008, -5.153967199999954], [119.41605210000012, -5.153965699999958], [119.41605020000009, -5.153960099999949], [119.41602680000005, -5.153890699999977], [119.41595680000012, -5.153894299999934], [119.4159562000001, -5.153885199999934], [119.41591860000005, -5.153384099999926], [119.41577560000007, -5.152114599999948], [119.41577040000004, -5.152068799999938], [119.41576010000006, -5.151976799999943], [119.41575560000001, -5.151937199999963], [119.41551120000008, -5.149780199999952], [119.4153444000001, -5.148462299999949], [119.41535820000001, -5.148384299999975], [119.41294830000004, -5.148516], [119.41278860000011, -5.148526499999946], [119.40944650000006, -5.148746], [119.40908650000006, -5.148063499999978], [119.408793, -5.147507], [119.40865710000003, -5.147112599999957], [119.40865670000005, -5.147104699999943], [119.40860710000004, -5.146985099999938], [119.4085050000001, -5.146738899999946], [119.40841060000002, -5.146417299999939], [119.40813190000006, -5.145312199999978], [119.40800370000011, -5.144868599999938], [119.40771180000002, -5.145084899999972], [119.40765310000006, -5.14514429999997], [119.40765310000006, -5.145155399999965], [119.40765460000011, -5.145161199999961], [119.406674, -5.146648099999936], [119.40506270000003, -5.149182], [119.40416960000005, -5.150623399999972], [119.40320120000001, -5.15218619999996], [119.40209030000005, -5.153707099999963], [119.40137310000011, -5.154540399999973], [119.40101530000004, -5.155155599999944], [119.40108850000001, -5.155480399999931], [119.40103550000003, -5.155723699999953], [119.4010436000001, -5.155726199999947], [119.40106020000007, -5.155731299999957], [119.40044340000009, -5.156085499999961], [119.39989680000008, -5.156537299999968], [119.39989290000005, -5.156543899999974], [119.39964910000003, -5.156963], [119.39960090000011, -5.157388], [119.39970290000008, -5.158012299999939], [119.39976370000011, -5.158176499999968], [119.39997990000006, -5.158760899999947], [119.400456, -5.159458699999959], [119.4009324000001, -5.160206499999958], [119.40143400000011, -5.161054199999967], [119.40188490000003, -5.161652199999935], [119.40221030000009, -5.162025799999981], [119.40241860000003, -5.162422499999934], [119.40240830000005, -5.162435799999969], [119.4030686000001, -5.163512299999979], [119.40335840000012, -5.163800699999967], [119.40406830000006, -5.164087499999937], [119.40483130000007, -5.164558299999953], [119.40564780000011, -5.165318399999933], [119.40568830000007, -5.165377199999966], [119.40614240000002, -5.165788899999939], [119.40664920000006, -5.166775599999937], [119.40673260000005, -5.16752189999994], [119.4065227000001, -5.167996]]], [[[119.41129490000003, -5.179331299999944], [119.4112947000001, -5.179329299999949], [119.41172830000005, -5.17883519999998], [119.41156220000005, -5.178717099999972], [119.41156930000011, -5.178707699999961], [119.41165360000002, -5.178650699999935], [119.41165340000009, -5.17859459999994], [119.41199010000003, -5.178142399999956], [119.412219, -5.177795199999935], [119.41237500000011, -5.177559], [119.41168570000002, -5.176984599999969], [119.41189440000005, -5.177160199999946], [119.41189440000005, -5.177160299999969], [119.4117758000001, -5.177318199999945], [119.41135540000005, -5.177878499999963], [119.41130090000001, -5.177957499999934], [119.4109611, -5.17845159999996], [119.41089370000009, -5.178557399999931], [119.41067160000011, -5.178902599999958], [119.41051010000001, -5.179125], [119.41049930000008, -5.179139899999939], [119.41042450000009, -5.179316599999936], [119.41041240000004, -5.179345499999954], [119.41037440000002, -5.179387299999973], [119.4103745000001, -5.179387399999939], [119.41079260000004, -5.17975139999993], [119.41093550000005, -5.179875899999956], [119.4109357000001, -5.179876], [119.41129490000003, -5.179331299999944]]]] 
      }
    },
    {
      "type": "Feature",
      "properties": {
        "district_id": "7371020",
        "province": "Sulawesi Selatan",
        "regency": "Makassar",
        "district": "Mamajang",
        "pria": 28516,
        "wanita": 29559,
        "total_penduduk": 58075
      },
      "geometry": {
        "type": "Polygon",
        "coordinates": [[[119.41188470000009, -5.166518499999938], [119.41182850000007, -5.166497399999969], [119.411824, -5.166511799999967], [119.41136480000011, -5.166342399999962], [119.41084070000011, -5.166148599999929], [119.41002580000008, -5.165835899999934], [119.40999460000012, -5.165933699999925], [119.40971450000006, -5.166810799999951], [119.40953190000005, -5.166742099999965], [119.40950020000002, -5.166730199999961], [119.40895240000009, -5.166524199999969], [119.40895240000009, -5.166524299999935], [119.40888890000008, -5.166642099999933], [119.40867810000009, -5.167033299999957], [119.40880340000001, -5.167514399999959], [119.40880340000001, -5.167514599999947], [119.40883780000001, -5.168080399999951], [119.40882350000004, -5.168565299999955], [119.40880850000008, -5.168599899999947], [119.40863390000004, -5.169000299999936], [119.40854210000009, -5.169191699999942], [119.40843970000003, -5.169407699999965], [119.4082151, -5.169731899999931], [119.40819150000004, -5.169797399999936], [119.40808950000007, -5.170079499999929], [119.40803960000005, -5.170217599999944], [119.40799790000005, -5.170296399999927], [119.40791020000006, -5.170462099999952], [119.40779960000009, -5.170671299999981], [119.40774810000005, -5.170744299999967], [119.4076708, -5.170854], [119.40767090000008, -5.170854], [119.40766470000005, -5.170862599999964], [119.407613, -5.170935], [119.4074786000001, -5.171125199999949], [119.4074773000001, -5.171124899999938], [119.40747710000005, -5.171125199999949], [119.40719520000005, -5.171058499999958], [119.40707540000005, -5.171030099999939], [119.40706990000001, -5.171016299999962], [119.40702150000004, -5.17099879999995], [119.40692190000004, -5.170962599999939], [119.40690310000002, -5.170907299999953], [119.40685680000001, -5.170677399999931], [119.40685610000003, -5.170681], [119.40678910000008, -5.170353399999954], [119.4067662000001, -5.170241399999952], [119.40676420000011, -5.170232499999941], [119.40663760000007, -5.169685099999981], [119.40663760000007, -5.169685], [119.40661740000007, -5.16954149999998], [119.40660510000009, -5.169454299999927], [119.40660430000003, -5.169448899999963], [119.40660140000011, -5.169448799999941], [119.40658560000008, -5.169442699999934], [119.40641730000004, -5.169378799999947], [119.40639030000011, -5.169339899999954], [119.4063407000001, -5.169270199999971], [119.40616200000011, -5.169107399999973], [119.40613510000003, -5.169083099999966], [119.40601110000011, -5.169013099999972], [119.40589110000008, -5.16913859999994], [119.40589100000011, -5.16913859999994], [119.4058801000001, -5.169128799999953], [119.40588, -5.169128799999953], [119.4056591000001, -5.169001399999956], [119.40565640000011, -5.169001799999933], [119.4056551000001, -5.169001], [119.40521, -5.169384], [119.4047283000001, -5.169708699999944], [119.40446950000012, -5.169849599999964], [119.404302, -5.169940899999972], [119.4040678, -5.170068499999957], [119.403945, -5.170135399999936], [119.40338340000005, -5.170642], [119.40304340000012, -5.171228399999961], [119.4029461, -5.17209639999993], [119.40295980000008, -5.172152099999948], [119.40303560000007, -5.17245939999998], [119.40332760000001, -5.172850099999948], [119.40362180000011, -5.173045099999968], [119.40412440000011, -5.17342309999998], [119.40446740000004, -5.173605699999939], [119.40541, -5.173957499999972], [119.40645080000002, -5.174407], [119.40692850000005, -5.174650299999939], [119.4076275000001, -5.175223699999947], [119.408119, -5.175896], [119.40853830000003, -5.176850399999978], [119.408651, -5.177560799999981], [119.40864040000008, -5.177989799999978], [119.40844750000008, -5.178701399999966], [119.40819250000004, -5.179155899999955], [119.408089, -5.17929879999997], [119.40809480000007, -5.179340099999933], [119.40809520000005, -5.179340099999933], [119.40821570000003, -5.179348599999969], [119.40823300000011, -5.179349799999954], [119.40825940000002, -5.179351599999961], [119.40827120000006, -5.179352399999971], [119.40830840000001, -5.179301899999928], [119.40838140000005, -5.179201199999966], [119.40838230000008, -5.179201499999976], [119.40838250000002, -5.179201099999943], [119.40878910000004, -5.179322199999945], [119.40882680000004, -5.179331499999932], [119.40885670000011, -5.179338799999925], [119.4088584000001, -5.179339199999959], [119.40869830000008, -5.17971719999997], [119.40871190000007, -5.179719599999942], [119.40887340000006, -5.179748599999925], [119.4088736000001, -5.179748599999925], [119.40886610000007, -5.179770299999973], [119.40899500000012, -5.179746899999941], [119.40933170000005, -5.179760299999941], [119.40947820000008, -5.179818399999931], [119.40982270000006, -5.179829899999959], [119.4098729000001, -5.179831499999977], [119.4098907, -5.179831499999977], [119.41001910000011, -5.179830799999934], [119.41022350000003, -5.179668799999945], [119.41024770000001, -5.179544499999963], [119.4102521000001, -5.179522099999929], [119.41028840000001, -5.179482199999939], [119.41032490000009, -5.17944179999995], [119.410325, -5.17944179999995], [119.41037440000002, -5.179387299999973], [119.41041240000004, -5.179345499999954], [119.41042450000009, -5.179316599999936], [119.41049930000008, -5.179139899999939], [119.41051010000001, -5.179125], [119.41067160000011, -5.178902599999958], [119.41089370000009, -5.178557399999931], [119.4109611, -5.17845159999996], [119.41130090000001, -5.177957499999934], [119.41135540000005, -5.177878499999963], [119.4117758000001, -5.177318199999945], [119.41189440000005, -5.177160299999969], [119.41189440000005, -5.177160199999946], [119.41168570000002, -5.176984599999969], [119.4116676000001, -5.176969399999962], [119.41162880000002, -5.176944299999946], [119.41149070000006, -5.176855], [119.41172680000011, -5.176512799999955], [119.4118433000001, -5.175937699999963], [119.41184970000006, -5.175907], [119.41187380000008, -5.175812699999938], [119.41200460000005, -5.175303699999972], [119.41201200000012, -5.175278099999957], [119.4120630000001, -5.175100499999928], [119.41211510000005, -5.174918799999944], [119.41211520000002, -5.174918699999978], [119.4121464000001, -5.174939299999949], [119.41215210000007, -5.174928899999941], [119.41226050000012, -5.174558399999967], [119.41227, -5.174528], [119.41239960000007, -5.174112899999955], [119.41246160000003, -5.173941099999979], [119.41252080000004, -5.173777599999937], [119.41252330000009, -5.173770599999955], [119.41252630000008, -5.173758], [119.41253290000009, -5.173729799999933], [119.41254130000004, -5.173693799999967], [119.41256, -5.17361429999994], [119.41260880000004, -5.173419599999932], [119.41261930000007, -5.173377499999958], [119.41269120000004, -5.173282399999948], [119.41272470000001, -5.173239199999955], [119.41274820000001, -5.173208899999963], [119.4127492, -5.173207699999978], [119.4127582000001, -5.173033699999962], [119.41276410000012, -5.172921799999926], [119.41276840000012, -5.172837399999935], [119.4127717, -5.172773799999959], [119.4127449, -5.172791699999948], [119.41274690000012, -5.172787199999959], [119.41276520000008, -5.172746299999972], [119.4128591000001, -5.172639299999958], [119.4128591000001, -5.172636299999965], [119.41285970000001, -5.172130599999946], [119.41287020000004, -5.172088499999973], [119.41287360000001, -5.172032199999933], [119.41291660000002, -5.171328099999926], [119.41292470000008, -5.171118799999931], [119.41293420000011, -5.170867199999975], [119.41305410000007, -5.170541899999932], [119.41305690000002, -5.170506799999941], [119.41306290000011, -5.170425799999975], [119.4130881000001, -5.170377499999972], [119.4132426000001, -5.169587399999955], [119.41349990000003, -5.168217899999945], [119.41372830000012, -5.166138], [119.41393380000011, -5.165113699999949], [119.41393420000009, -5.165111699999954], [119.4139464000001, -5.165115399999934], [119.41412480000008, -5.165181299999972], [119.41429040000003, -5.165242299999932], [119.41429060000007, -5.165242399999954], [119.41434580000009, -5.165262799999937], [119.41441340000006, -5.165287699999965], [119.41447220000009, -5.165311199999962], [119.414732, -5.165415199999927], [119.41483180000012, -5.165462], [119.4149059, -5.165494199999955], [119.41520380000009, -5.165623499999981], [119.41540060000011, -5.165709], [119.41545970000004, -5.165730399999973], [119.41553870000007, -5.165759199999968], [119.4155621000001, -5.165767699999947], [119.41588990000002, -5.165887399999974], [119.41620390000003, -5.166000699999927], [119.41634280000005, -5.16605119999997], [119.41663270000004, -5.166158199999927], [119.41721810000001, -5.166375], [119.41722520000008, -5.166377599999976], [119.41728740000008, -5.166399599999977], [119.41733880000004, -5.166417699999954], [119.41817240000012, -5.166687799999977], [119.41834240000003, -5.166742899999974], [119.41838130000008, -5.166758699999946], [119.41842840000004, -5.166777499999966], [119.41844950000007, -5.166785899999979], [119.41866470000002, -5.166862099999946], [119.41886590000001, -5.166951199999971], [119.41904850000003, -5.167022899999949], [119.4190417000001, -5.167020899999955], [119.41943330000004, -5.167173899999966], [119.419469, -5.167187899999931], [119.41975140000011, -5.167281899999978], [119.41985350000004, -5.16731429999993], [119.41986050000003, -5.16731649999997], [119.41988450000008, -5.167265], [119.4199, -5.167231399999935], [119.41992060000007, -5.167166], [119.41990010000006, -5.167231399999935], [119.4199317, -5.167231399999935], [119.41998070000011, -5.167319499999962], [119.42001540000001, -5.16732559999997], [119.42051110000011, -5.167410399999937], [119.42131920000008, -5.167551499999945], [119.42193450000002, -5.167658899999935], [119.42197220000003, -5.167665499999941], [119.422018, -5.167672], [119.42214330000002, -5.167689799999948], [119.42220740000005, -5.167694], [119.42227520000006, -5.167552399999977], [119.42230990000007, -5.167484099999967], [119.42231040000001, -5.167484199999933], [119.42231260000005, -5.167484299999956], [119.42233660000011, -5.167485699999929], [119.42240690000006, -5.167211899999927], [119.4224173, -5.167171499999938], [119.42260320000003, -5.166447199999936], [119.42260320000003, -5.166441799999973], [119.42260320000003, -5.166334], [119.42260320000003, -5.166333599999973], [119.42260320000003, -5.166333299999962], [119.42260260000012, -5.166191], [119.42260180000005, -5.165921199999957], [119.42262620000008, -5.165646199999969], [119.42264650000004, -5.165421399999957], [119.42268330000002, -5.165013699999975], [119.42268230000002, -5.164585299999942], [119.42268210000009, -5.163867599999946], [119.422673, -5.163263299999926], [119.422673, -5.16326319999996], [119.4227661000001, -5.162891499999944], [119.42277940000008, -5.162837699999955], [119.422795, -5.162784399999964], [119.42293180000001, -5.162318299999981], [119.42294970000012, -5.16226], [119.4231774000001, -5.161542899999972], [119.42335440000011, -5.161025199999926], [119.423438, -5.160783], [119.42384940000011, -5.159845], [119.4239510000001, -5.15966149999997], [119.42401, -5.159555599999976], [119.42405460000009, -5.159576699999946], [119.42419590000009, -5.159380399999975], [119.42431440000007, -5.159216299999969], [119.42431640000007, -5.159213], [119.42459710000003, -5.15875269999998], [119.42464980000011, -5.158662599999957], [119.424838, -5.158331399999952], [119.42488460000004, -5.158196799999928], [119.42491240000004, -5.158116399999926], [119.42498320000004, -5.157911799999965], [119.42503670000008, -5.157659299999978], [119.42505860000006, -5.15765179999994], [119.42519940000011, -5.156965899999932], [119.42519420000008, -5.156961399999943], [119.42515050000009, -5.156924099999969], [119.42518980000011, -5.15687319999995], [119.42530740000007, -5.156514099999981], [119.42535250000003, -5.156376499999965], [119.4253907000001, -5.156142199999977], [119.42538170000012, -5.156140299999947], [119.425394, -5.156064299999969], [119.42541190000009, -5.15602279999996], [119.42541260000007, -5.156022599999972], [119.42541290000008, -5.156022499999949], [119.4254800000001, -5.155860399999938], [119.42548030000012, -5.155859799999973], [119.42554690000009, -5.155867099999966], [119.425679, -5.155377499999929], [119.42572470000005, -5.155143099999975], [119.42581930000006, -5.154657699999973], [119.42590430000007, -5.154169199999956], [119.42594840000004, -5.153915499999925], [119.4259628000001, -5.153822799999944], [119.42601730000001, -5.153470699999957], [119.42601890000003, -5.153312899999946], [119.42601960000002, -5.15316219999994], [119.42601990000003, -5.153109399999948], [119.42602000000011, -5.153081699999973], [119.42567710000003, -5.15305879999994], [119.42568010000002, -5.152867499999957], [119.42568010000002, -5.152867], [119.425709, -5.152796599999931], [119.42580510000005, -5.152561599999956], [119.42580490000012, -5.15256009999996], [119.42569120000007, -5.152466899999979], [119.4256233000001, -5.152411499999971], [119.42547490000004, -5.152304499999957], [119.42515480000009, -5.15207369999996], [119.42482560000008, -5.152016299999957], [119.42474640000012, -5.152002499999981], [119.42456420000008, -5.152010399999938], [119.42406970000002, -5.152017599999965], [119.42398120000007, -5.152018899999973], [119.42339790000005, -5.152010899999937], [119.42339830000003, -5.151933799999938], [119.42211740000005, -5.151976399999967], [119.42106220000005, -5.152027399999952], [119.41911760000005, -5.152096], [119.418565, -5.152094799999929], [119.41856510000002, -5.152143699999954], [119.41577560000007, -5.152114599999948], [119.41591860000005, -5.153384099999926], [119.4159562000001, -5.153885199999934], [119.41595680000012, -5.153894299999934], [119.41602680000005, -5.153890699999977], [119.41605020000009, -5.153960099999949], [119.41605210000012, -5.153965699999958], [119.41605220000008, -5.153967199999954], [119.416144, -5.15515419999997], [119.41621110000006, -5.155864899999926], [119.41621770000006, -5.155934699999932], [119.41667040000004, -5.157952399999942], [119.41714600000012, -5.160040899999956], [119.41736870000011, -5.161034], [119.41748570000004, -5.161556099999927], [119.41754250000008, -5.161809199999936], [119.41752840000004, -5.161811199999931], [119.41739270000005, -5.161811499999942], [119.41723980000006, -5.16178919999993], [119.41710550000005, -5.161793399999965], [119.41628660000003, -5.161711299999979], [119.4158847000001, -5.161649599999976], [119.41481390000001, -5.161446599999977], [119.41386110000008, -5.16133229999997], [119.41353640000011, -5.161245], [119.41347220000011, -5.161227699999927], [119.41327660000002, -5.161204], [119.4132763, -5.161206599999957], [119.41325690000008, -5.16120559999996], [119.41327610000008, -5.161206799999945], [119.41327490000003, -5.161215199999958], [119.41326520000007, -5.161283699999956], [119.41324110000005, -5.161280399999953], [119.41324230000009, -5.161289099999976], [119.41324210000005, -5.161289], [119.41325660000007, -5.161403099999973], [119.412864, -5.163043099999925], [119.41287280000006, -5.163006899999971], [119.4128799, -5.163008099999956], [119.4128842, -5.163008799999943], [119.41287920000002, -5.163029299999948], [119.41287510000006, -5.163046399999928], [119.41283240000007, -5.163221799999974], [119.41282910000007, -5.16323529999994], [119.41278680000005, -5.163409], [119.412685, -5.163826699999959], [119.41248170000006, -5.164661399999943], [119.41247410000005, -5.164692699999932], [119.41247340000007, -5.164695499999937], [119.41247110000006, -5.164695], [119.41247120000003, -5.164695299999948], [119.41241240000011, -5.164681799999926], [119.41241230000003, -5.164681799999926], [119.4124081000001, -5.164701099999945], [119.412253, -5.165399399999956], [119.41188710000006, -5.166511399999933], [119.41188480000005, -5.166518399999973], [119.41188470000009, -5.166518499999938]]] 
      }
    },
    {
      "type": "Feature",
      "properties": {
        "district_id": "7371030",
        "province": "Sulawesi Selatan",
        "regency": "Makassar",
        "district": "Tamalate",
        "pria": 94368,
        "wanita": 94854,
        "total_penduduk": 189222
      },
      "geometry": {
        "type": "Polygon",
        "coordinates": [[[119.41250040000011, -5.190401899999927], [119.41280940000001, -5.190989299999956], [119.4131354000001, -5.191385599999933], [119.41353360000005, -5.191817799999967], [119.4143997000001, -5.192489499999965], [119.41442740000002, -5.192511], [119.41460020000011, -5.192644899999948], [119.41482, -5.192771099999959], [119.41528320000009, -5.19303709999997], [119.41529870000011, -5.193046], [119.41541310000002, -5.193111699999974], [119.41637030000004, -5.193595899999934], [119.41774210000005, -5.194114699999943], [119.41948330000002, -5.194577899999956], [119.42034890000002, -5.194683], [119.4217546000001, -5.194623399999955], [119.42210220000004, -5.194541199999946], [119.422304, -5.19449359999993], [119.42323130000011, -5.194274399999927], [119.42472540000006, -5.193744599999945], [119.42515730000002, -5.193562199999974], [119.42730110000002, -5.192358099999979], [119.4273435, -5.19233429999997], [119.42800810000006, -5.191961], [119.42892430000006, -5.191383899999948], [119.4291052000001, -5.191270399999951], [119.42921690000003, -5.191210699999942], [119.42932240000005, -5.191154199999971], [119.42955390000009, -5.191031499999951], [119.43020220000005, -5.190687599999933], [119.4302024000001, -5.190687499999967], [119.43046580000009, -5.190556399999934], [119.430932, -5.190324199999964], [119.43115240000009, -5.190214399999945], [119.43115250000005, -5.190214499999968], [119.43127860000004, -5.190151699999944], [119.43129970000007, -5.190141299999937], [119.43184540000004, -5.18995659999996], [119.43191960000001, -5.189931399999978], [119.43210970000007, -5.189867099999958], [119.43235370000002, -5.189800199999979], [119.4325778000001, -5.18973879999993], [119.43352360000006, -5.189608699999951], [119.43458720000001, -5.189658799999961], [119.43572370000004, -5.189907399999925], [119.4360918000001, -5.19006], [119.43671670000003, -5.190319199999976], [119.4372767000001, -5.190660299999934], [119.43742050000003, -5.190763], [119.43798160000006, -5.191163599999925], [119.4381201000001, -5.191297199999951], [119.438299, -5.191469699999971], [119.43857870000011, -5.191739599999948], [119.43886860000009, -5.192136], [119.43911, -5.192376199999956], [119.43913120000002, -5.192397199999959], [119.4391346000001, -5.192400699999951], [119.4391485000001, -5.192414499999927], [119.43917770000007, -5.192395], [119.43917820000001, -5.192394199999967], [119.43943030000003, -5.192236399999956], [119.43954930000007, -5.192121399999962], [119.43954960000008, -5.192121099999952], [119.43976480000003, -5.191913099999965], [119.44002640000008, -5.191604799999936], [119.44006960000002, -5.191443599999957], [119.44027240000003, -5.191032899999925], [119.440591, -5.190387899999962], [119.440591, -5.190382399999976], [119.44062070000007, -5.190333099999975], [119.440635, -5.190011899999945], [119.44064290000006, -5.189675099999931], [119.44066770000006, -5.188614199999961], [119.44067780000012, -5.188614399999949], [119.4406911000001, -5.188289899999972], [119.44111540000006, -5.188273399999957], [119.44112280000002, -5.188290599999959], [119.4412397000001, -5.188297199999965], [119.4411381000001, -5.187824899999953], [119.44099340000002, -5.187064599999928], [119.44078530000002, -5.184991799999978], [119.44077880000009, -5.184933399999977], [119.44050890000005, -5.182517799999971], [119.4404743, -5.182262899999955], [119.44033070000012, -5.181205699999964], [119.44033060000004, -5.181205299999931], [119.440589, -5.181186799999978], [119.44054140000003, -5.180833699999937], [119.44048960000009, -5.180449399999929], [119.44043540000007, -5.180401299999971], [119.4404154, -5.180383099999972], [119.44041770000001, -5.180310299999974], [119.44041740000011, -5.180309699999952], [119.44008170000006, -5.179507499999943], [119.43990520000011, -5.179085499999928], [119.43922440000006, -5.178147099999933], [119.43922280000004, -5.178145599999937], [119.43908980000003, -5.178023499999938], [119.43906330000004, -5.177999199999931], [119.43862120000006, -5.177600599999948], [119.437678, -5.177087299999926], [119.43654990000005, -5.176472599999954], [119.43347480000011, -5.17498379999995], [119.43325290000007, -5.174876199999972], [119.4332528000001, -5.174876299999937], [119.4332528000001, -5.174876199999972], [119.43323420000002, -5.174867199999937], [119.43303460000004, -5.17477], [119.43264520000002, -5.174588099999937], [119.43138320000003, -5.173997199999974], [119.43143420000001, -5.173890699999959], [119.43201410000006, -5.172765], [119.43218680000007, -5.172429799999975], [119.43272950000005, -5.171376399999929], [119.43276440000011, -5.171308599999975], [119.43298510000011, -5.170880099999977], [119.43350350000003, -5.169909099999927], [119.43363760000011, -5.169657899999947], [119.43373330000009, -5.169478599999934], [119.43384650000007, -5.169266499999935], [119.43391850000012, -5.169138099999941], [119.43391880000001, -5.169137499999977], [119.43395440000006, -5.169074], [119.43398700000012, -5.169015699999932], [119.4340208000001, -5.168890799999929], [119.43376500000011, -5.168749399999967], [119.4331472, -5.168441299999927], [119.43228240000008, -5.168009899999959], [119.43212440000002, -5.167931099999976], [119.4309631000001, -5.167351899999971], [119.43096240000011, -5.167351599999961], [119.43086010000002, -5.167269699999963], [119.4299645000001, -5.166782099999978], [119.42996160000007, -5.166780599999925], [119.4299367000001, -5.16684], [119.42993550000006, -5.166842799999927], [119.42970990000003, -5.167391499999951], [119.4297064000001, -5.167400199999975], [119.4293659000001, -5.16790919999994], [119.42935390000002, -5.167927199999951], [119.429148, -5.168234899999959], [119.42913120000003, -5.168228499999941], [119.42906440000002, -5.168352499999969], [119.42894620000004, -5.168578799999977], [119.42894010000009, -5.168582899999933], [119.42888980000009, -5.168629099999976], [119.428827, -5.168644099999938], [119.42880580000008, -5.168648899999937], [119.4286777000001, -5.168618199999969], [119.42854920000002, -5.168559899999934], [119.428517, -5.168543299999953], [119.42844040000011, -5.168503599999951], [119.42820920000008, -5.168952499999932], [119.42820860000006, -5.168952199999978], [119.427969, -5.168841199999974], [119.427298, -5.168599299999926], [119.42737110000007, -5.168405099999973], [119.42746450000004, -5.168157], [119.42722260000005, -5.168067099999973], [119.4272224, -5.168067], [119.42711370000006, -5.168330599999933], [119.427041, -5.168506499999978], [119.42702960000008, -5.168502399999966], [119.42694670000003, -5.168472699999938], [119.426673, -5.168373499999973], [119.42632850000007, -5.168248699999936], [119.42639140000006, -5.168109], [119.4264055000001, -5.168078499999979], [119.42637430000002, -5.168062199999952], [119.426084, -5.167910199999938], [119.4259512000001, -5.167840699999942], [119.4255664000001, -5.167638799999963], [119.42527350000012, -5.167458599999975], [119.42496330000006, -5.167267799999934], [119.4248851000001, -5.167219699999976], [119.42426360000002, -5.166773699999965], [119.42415870000002, -5.166934499999968], [119.42400490000011, -5.167170299999952], [119.42352, -5.166836399999966], [119.42342890000009, -5.166794], [119.42342050000002, -5.166816099999949], [119.42342, -5.16681589999996], [119.42260320000003, -5.166333299999962], [119.42260320000003, -5.166333599999973], [119.42260320000003, -5.166334], [119.42260320000003, -5.166441799999973], [119.42260320000003, -5.166447199999936], [119.4224173, -5.167171499999938], [119.42240690000006, -5.167211899999927], [119.42233660000011, -5.167485699999929], [119.42231260000005, -5.167484299999956], [119.42231040000001, -5.167484199999933], [119.42230990000007, -5.167484099999967], [119.42227520000006, -5.167552399999977], [119.42220740000005, -5.167694], [119.42214330000002, -5.167689799999948], [119.422018, -5.167672], [119.42197220000003, -5.167665499999941], [119.42193450000002, -5.167658899999935], [119.42131920000008, -5.167551499999945], [119.42051110000011, -5.167410399999937], [119.42001540000001, -5.16732559999997], [119.41998070000011, -5.167319499999962], [119.4199317, -5.167231399999935], [119.41990010000006, -5.167231399999935], [119.41992060000007, -5.167166], [119.4199, -5.167231399999935], [119.41988450000008, -5.167265], [119.41986050000003, -5.16731649999997], [119.41985350000004, -5.16731429999993], [119.41975140000011, -5.167281899999978], [119.419469, -5.167187899999931], [119.41943330000004, -5.167173899999966], [119.4190417000001, -5.167020899999955], [119.41904850000003, -5.167022899999949], [119.41886590000001, -5.166951199999971], [119.41866470000002, -5.166862099999946], [119.41844950000007, -5.166785899999979], [119.41842840000004, -5.166777499999966], [119.41838130000008, -5.166758699999946], [119.41834240000003, -5.166742899999974], [119.41817240000012, -5.166687799999977], [119.41733880000004, -5.166417699999954], [119.41728740000008, -5.166399599999977], [119.41722520000008, -5.166377599999976], [119.41721810000001, -5.166375], [119.41663270000004, -5.166158199999927], [119.41634280000005, -5.16605119999997], [119.41620390000003, -5.166000699999927], [119.41588990000002, -5.165887399999974], [119.4155621000001, -5.165767699999947], [119.41553870000007, -5.165759199999968], [119.41545970000004, -5.165730399999973], [119.41540060000011, -5.165709], [119.41520380000009, -5.165623499999981], [119.4149059, -5.165494199999955], [119.41483180000012, -5.165462], [119.414732, -5.165415199999927], [119.41447220000009, -5.165311199999962], [119.41441340000006, -5.165287699999965], [119.41434580000009, -5.165262799999937], [119.41429060000007, -5.165242399999954], [119.41429040000003, -5.165242299999932], [119.41412480000008, -5.165181299999972], [119.4139464000001, -5.165115399999934], [119.41393420000009, -5.165111699999954], [119.41393380000011, -5.165113699999949], [119.41372830000012, -5.166138], [119.41349990000003, -5.168217899999945], [119.4132426000001, -5.169587399999955], [119.4130881000001, -5.170377499999972], [119.41306290000011, -5.170425799999975], [119.41305690000002, -5.170506799999941], [119.41305410000007, -5.170541899999932], [119.41293420000011, -5.170867199999975], [119.41292470000008, -5.171118799999931], [119.41291660000002, -5.171328099999926], [119.41287360000001, -5.172032199999933], [119.41287020000004, -5.172088499999973], [119.41285970000001, -5.172130599999946], [119.4128591000001, -5.172636299999965], [119.4128591000001, -5.172639299999958], [119.41276520000008, -5.172746299999972], [119.41274690000012, -5.172787199999959], [119.4127449, -5.172791699999948], [119.4127717, -5.172773799999959], [119.41276840000012, -5.172837399999935], [119.41276410000012, -5.172921799999926], [119.4127582000001, -5.173033699999962], [119.4127492, -5.173207699999978], [119.41274820000001, -5.173208899999963], [119.41272470000001, -5.173239199999955], [119.41269120000004, -5.173282399999948], [119.41261930000007, -5.173377499999958], [119.41260880000004, -5.173419599999932], [119.41256, -5.17361429999994], [119.41254130000004, -5.173693799999967], [119.41253290000009, -5.173729799999933], [119.41252630000008, -5.173758], [119.41252330000009, -5.173770599999955], [119.41252080000004, -5.173777599999937], [119.41246160000003, -5.173941099999979], [119.41239960000007, -5.174112899999955], [119.41227, -5.174528], [119.41226050000012, -5.174558399999967], [119.41215210000007, -5.174928899999941], [119.4121464000001, -5.174939299999949], [119.41211520000002, -5.174918699999978], [119.41211510000005, -5.174918799999944], [119.4120630000001, -5.175100499999928], [119.41201200000012, -5.175278099999957], [119.41200460000005, -5.175303699999972], [119.41187380000008, -5.175812699999938], [119.41184970000006, -5.175907], [119.4118433000001, -5.175937699999963], [119.41172680000011, -5.176512799999955], [119.41149070000006, -5.176855], [119.41162880000002, -5.176944299999946], [119.4116676000001, -5.176969399999962], [119.41168570000002, -5.176984599999969], [119.41237500000011, -5.177559], [119.412219, -5.177795199999935], [119.41199010000003, -5.178142399999956], [119.41165340000009, -5.17859459999994], [119.41165360000002, -5.178650699999935], [119.41156930000011, -5.178707699999961], [119.41156220000005, -5.178717099999972], [119.41172830000005, -5.17883519999998], [119.4112947000001, -5.179329299999949], [119.41129490000003, -5.179331299999944], [119.4109357000001, -5.179876], [119.41093550000005, -5.179875899999956], [119.41079260000004, -5.17975139999993], [119.4103745000001, -5.179387399999939], [119.41037440000002, -5.179387299999973], [119.410325, -5.17944179999995], [119.41032490000009, -5.17944179999995], [119.41028840000001, -5.179482199999939], [119.4102521000001, -5.179522099999929], [119.41024770000001, -5.179544499999963], [119.41022350000003, -5.179668799999945], [119.41001910000011, -5.179830799999934], [119.4098907, -5.179831499999977], [119.4098729000001, -5.179831499999977], [119.40982270000006, -5.179829899999959], [119.40947820000008, -5.179818399999931], [119.40933170000005, -5.179760299999941], [119.40899500000012, -5.179746899999941], [119.40886610000007, -5.179770299999973], [119.4088736000001, -5.179748599999925], [119.40887340000006, -5.179748599999925], [119.40871190000007, -5.179719599999942], [119.40869830000008, -5.17971719999997], [119.4088584000001, -5.179339199999959], [119.40885670000011, -5.179338799999925], [119.40882680000004, -5.179331499999932], [119.40878910000004, -5.179322199999945], [119.40838250000002, -5.179201099999943], [119.40838230000008, -5.179201499999976], [119.40838140000005, -5.179201199999966], [119.40830840000001, -5.179301899999928], [119.40827120000006, -5.179352399999971], [119.40825940000002, -5.179351599999961], [119.40823300000011, -5.179349799999954], [119.40821570000003, -5.179348599999969], [119.40809520000005, -5.179340099999933], [119.40809480000007, -5.179340099999933], [119.408089, -5.17929879999997], [119.40819250000004, -5.179155899999955], [119.40844750000008, -5.178701399999966], [119.40864040000008, -5.177989799999978], [119.408651, -5.177560799999981], [119.40853830000003, -5.176850399999978], [119.408119, -5.175896], [119.4076275000001, -5.175223699999947], [119.40692850000005, -5.174650299999939], [119.40645080000002, -5.174407], [119.40541, -5.173957499999972], [119.40446740000004, -5.173605699999939], [119.40412440000011, -5.17342309999998], [119.40362180000011, -5.173045099999968], [119.40332760000001, -5.172850099999948], [119.40303560000007, -5.17245939999998], [119.40295980000008, -5.172152099999948], [119.4029461, -5.17209639999993], [119.40304340000012, -5.171228399999961], [119.40338340000005, -5.170642], [119.403945, -5.170135399999936], [119.4040678, -5.170068499999957], [119.404302, -5.169940899999972], [119.40446950000012, -5.169849599999964], [119.4047283000001, -5.169708699999944], [119.40521, -5.169384], [119.4056551000001, -5.169001], [119.40565640000011, -5.16899989999996], [119.40575170000011, -5.16891789999994], [119.4061124000001, -5.168513], [119.40647310000008, -5.168108], [119.4065227000001, -5.167996], [119.40673260000005, -5.16752189999994], [119.40664920000006, -5.166775599999937], [119.40614240000002, -5.165788899999939], [119.40568830000007, -5.165377199999966], [119.40564780000011, -5.165318399999933], [119.40483130000007, -5.164558299999953], [119.40406830000006, -5.164087499999937], [119.40335840000012, -5.163800699999967], [119.4030686000001, -5.163512299999979], [119.40240830000005, -5.162435799999969], [119.40241860000003, -5.162422499999934], [119.40221030000009, -5.162025799999981], [119.40188490000003, -5.161652199999935], [119.40143400000011, -5.161054199999967], [119.4009324000001, -5.160206499999958], [119.400456, -5.159458699999959], [119.39997990000006, -5.158760899999947], [119.39976370000011, -5.158176499999968], [119.39913380000007, -5.157355799999948], [119.39908760000003, -5.157139499999971], [119.39904550000006, -5.156859699999927], [119.39928160000011, -5.156691199999955], [119.39968940000006, -5.156297099999961], [119.40015060000007, -5.155867099999966], [119.4004165, -5.15559849999994], [119.40075310000009, -5.155168899999978], [119.40096520000009, -5.15479339999996], [119.4010889000001, -5.154561], [119.40119450000009, -5.154239399999938], [119.40122880000001, -5.153882299999964], [119.40145960000007, -5.153738699999963], [119.40201040000011, -5.153486799999939], [119.40193850000003, -5.153308599999946], [119.4017325000001, -5.152923399999963], [119.40100080000002, -5.150502699999947], [119.40063870000006, -5.15044359999996], [119.40060750000009, -5.150171599999965], [119.40030460000003, -5.14980989999998], [119.40027390000012, -5.149658899999963], [119.40045370000007, -5.149355799999967], [119.400995, -5.148960699999975], [119.4011451, -5.14877869999998], [119.40126340000006, -5.148143299999958], [119.40147350000007, -5.147870299999965], [119.40183510000008, -5.14780849999994], [119.40228690000004, -5.14765559999995], [119.40246730000001, -5.147503699999959], [119.40279650000002, -5.146837299999959], [119.40309700000012, -5.146533799999929], [119.4031877000001, -5.146593899999971], [119.40336860000002, -5.146593199999927], [119.40351950000002, -5.146622899999954], [119.40361640000003, -5.146777], [119.40361840000003, -5.146776], [119.40362310000012, -5.146811799999966], [119.4036387000001, -5.146850299999926], [119.40369250000003, -5.146915799999931], [119.4036943000001, -5.146931599999959], [119.4037307000001, -5.147127799999964], [119.40390880000007, -5.147180599999956], [119.40413920000003, -5.146912099999952], [119.40422660000002, -5.146483499999931], [119.40420780000011, -5.146215899999959], [119.40415650000011, -5.146107699999959], [119.40415870000004, -5.146085], [119.4041267, -5.145753599999978], [119.404098, -5.145629], [119.40420470000004, -5.14541289999994], [119.40432790000011, -5.145019899999966], [119.40425540000001, -5.144681099999957], [119.40411250000011, -5.14453889999993], [119.40372050000008, -5.14441549999998], [119.40329380000003, -5.144542], [119.40290310000012, -5.14477549999998], [119.40249470000003, -5.145009], [119.40221730000007, -5.145255599999928], [119.40219460000003, -5.145267399999966], [119.4021332000001, -5.145298499999967], [119.4020905000001, -5.145348099999978], [119.401769, -5.145566299999928], [119.40134360000002, -5.145956799999965], [119.40085890000012, -5.146437399999968], [119.40068470000006, -5.14661469999993], [119.40052420000006, -5.146869699999968], [119.40035590000002, -5.147117099999946], [119.40016480000008, -5.147418499999958], [119.39999690000002, -5.14775069999996], [119.39997720000008, -5.147756], [119.3999434000001, -5.14785889999996], [119.399789, -5.148042799999928], [119.39930850000007, -5.149642699999958], [119.39879750000011, -5.15100069999994], [119.3983574, -5.152305], [119.39793320000001, -5.15309179999997], [119.397031, -5.154540599999962], [119.39603880000004, -5.155739899999958], [119.39550680000002, -5.156259399999954], [119.39294360000008, -5.158562], [119.39276560000008, -5.158544899999981], [119.39221510000004, -5.158886], [119.39175330000012, -5.159119699999962], [119.39145080000003, -5.159156499999938], [119.39104210000005, -5.159318699999972], [119.39066810000008, -5.159266499999944], [119.3905026000001, -5.159198099999969], [119.3904692000001, -5.159213099999931], [119.39046940000003, -5.159273699999972], [119.390369, -5.159354899999926], [119.39018810000005, -5.159467399999926], [119.39015410000002, -5.15982159999993], [119.39035020000006, -5.159910099999934], [119.3902796000001, -5.160071], [119.38949780000007, -5.160430799999972], [119.38926680000009, -5.160914299999945], [119.38923290000002, -5.160985], [119.38920640000003, -5.160975299999961], [119.38914670000008, -5.161035599999934], [119.38910730000009, -5.161278099999947], [119.38908760000004, -5.161399299999971], [119.38902770000004, -5.161540899999977], [119.3889474, -5.161601799999971], [119.38882680000006, -5.161683], [119.38874620000001, -5.161683299999936], [119.38848430000007, -5.161664099999939], [119.38840340000002, -5.161563399999977], [119.388383, -5.161502899999959], [119.38832230000003, -5.161422399999935], [119.388322, -5.161341599999957], [119.38834170000007, -5.161220399999934], [119.38840170000003, -5.161119199999973], [119.3884819000001, -5.161017899999933], [119.38858220000009, -5.160916499999928], [119.3886424000001, -5.160835499999962], [119.38876320000008, -5.160835099999929], [119.38895370000012, -5.160719499999971], [119.38905380000006, -5.160435199999938], [119.38908360000005, -5.160329], [119.38908310000011, -5.160187699999938], [119.38908260000005, -5.160066499999971], [119.3891221, -5.159844199999952], [119.389162, -5.159743099999957], [119.38926220000008, -5.159621499999957], [119.38934260000008, -5.159560699999929], [119.389423, -5.15952], [119.38950330000011, -5.159459099999935], [119.38954300000012, -5.159297399999957], [119.38954280000007, -5.159257], [119.3894623000001, -5.159257299999979], [119.38946190000001, -5.15915629999995], [119.3895017000001, -5.159035], [119.38960210000005, -5.158933699999977], [119.38970270000004, -5.15891309999995], [119.38986370000009, -5.158892299999934], [119.3900049, -5.158932099999959], [119.3900804000001, -5.158945599999925], [119.39000460000011, -5.158851399999946], [119.3899841000001, -5.15875049999994], [119.39006440000003, -5.158689599999946], [119.3900847000001, -5.158729899999969], [119.39024580000012, -5.158729299999948], [119.39020490000007, -5.15856789999998], [119.39014440000005, -5.158527699999979], [119.3900638, -5.158528], [119.38992280000002, -5.158528599999954], [119.38980210000011, -5.158518], [119.38974210000003, -5.158548], [119.38980140000001, -5.158387699999935], [119.3899623000001, -5.158306299999936], [119.39008300000012, -5.158265399999948], [119.39030430000003, -5.158204], [119.39034460000005, -5.158203899999933], [119.3902839000001, -5.158143499999937], [119.39008250000006, -5.158144299999947], [119.389821, -5.158246199999951], [119.38953990000005, -5.158469399999944], [119.38927890000002, -5.158692499999972], [119.3891387000001, -5.158895], [119.38889790000007, -5.159138199999973], [119.38879410000004, -5.15929559999995], [119.38864420000004, -5.159442299999967], [119.38837710000007, -5.15990759999994], [119.38791720000006, -5.160818099999972], [119.38763190000009, -5.161482699999965], [119.38751780000007, -5.161748499999931], [119.38725980000004, -5.162759199999925], [119.38714220000008, -5.163628], [119.38706490000004, -5.164516799999944], [119.38708960000008, -5.165728399999978], [119.387155, -5.167061], [119.38711730000011, -5.167102399999976], [119.3871362000001, -5.167404399999953], [119.38711680000006, -5.167606399999954], [119.3870773000001, -5.167828699999973], [119.38707780000004, -5.167949799999974], [119.38703770000006, -5.167990399999951], [119.38693710000007, -5.168031099999951], [119.38683910000009, -5.168067299999962], [119.38684330000001, -5.168139], [119.38689740000007, -5.168192799999929], [119.38703840000005, -5.16819229999993], [119.38711880000005, -5.168151599999931], [119.3871792000001, -5.168131199999948], [119.38728, -5.168151], [119.38740120000011, -5.16825149999994], [119.38742150000007, -5.168291799999963], [119.38722040000005, -5.168393599999945], [119.3872017000001, -5.168777299999931], [119.387192, -5.171544], [119.38719230000004, -5.171624799999961], [119.38715800000011, -5.171627299999955], [119.38746220000007, -5.179156199999966], [119.38744050000003, -5.181428199999971], [119.3872847, -5.18284239999997], [119.38714670000002, -5.183630499999936], [119.38686710000002, -5.184277699999939], [119.38650790000008, -5.185167599999943], [119.38585710000007, -5.186189899999931], [119.38515530000006, -5.187040699999955], [119.38459300000011, -5.187507299999936], [119.38413120000007, -5.187892799999929], [119.38342770000008, -5.188299299999926], [119.38320650000003, -5.188401099999965], [119.38302540000007, -5.18844219999994], [119.38276350000001, -5.188423], [119.38273, -5.188415499999962], [119.3823235000001, -5.189272799999969], [119.3820641000001, -5.18992], [119.38196430000005, -5.190162699999973], [119.381684, -5.190608], [119.38142430000005, -5.191194699999926], [119.38132410000003, -5.191336399999955], [119.38104220000002, -5.191357699999969], [119.38092180000001, -5.191479299999969], [119.38128470000004, -5.191558699999973], [119.38067860000001, -5.193204299999934], [119.38066650000007, -5.193237199999942], [119.3802664000001, -5.193965699999978], [119.38010610000003, -5.194188399999973], [119.37970540000003, -5.194755399999963], [119.37934360000008, -5.194958699999972], [119.37906550000002, -5.194979599999954], [119.379044, -5.195000199999981], [119.37875960000008, -5.195001299999944], [119.37869920000003, -5.195021699999927], [119.37869950000004, -5.195102499999962], [119.37871990000008, -5.195163], [119.37896830000011, -5.195174499999951], [119.3789786000001, -5.195195799999965], [119.37919190000002, -5.19520209999996], [119.37958720000006, -5.195830899999976], [119.38019910000003, -5.197266699999943], [119.3804196000001, -5.197784099999978], [119.38079, -5.198780499999941], [119.38132580000001, -5.200216199999943], [119.38159030000008, -5.200897899999973], [119.3817375000001, -5.201724499999955], [119.38185720000001, -5.202223], [119.3819764000001, -5.202577099999928], [119.38220780000006, -5.203147299999955], [119.38226390000011, -5.203426899999954], [119.38236340000003, -5.203922599999942], [119.382408, -5.204144399999961], [119.38240910000002, -5.204446399999938], [119.3820333000001, -5.204591], [119.38203420000002, -5.204593799999941], [119.38029050000011, -5.205255299999976], [119.38035660000003, -5.205425799999944], [119.38208570000006, -5.204746799999953], [119.38208760000009, -5.204752399999961], [119.38247520000004, -5.20460369999995], [119.38272860000006, -5.205810699999972], [119.38323250000008, -5.207463099999927], [119.38345150000009, -5.20824349999998], [119.38404490000005, -5.209317899999974], [119.38407120000011, -5.209357199999943], [119.38404820000005, -5.20936219999993], [119.38415020000002, -5.209475], [119.384033, -5.209633], [119.38383750000003, -5.209883199999979], [119.38370850000001, -5.210422], [119.38370060000011, -5.211787499999957], [119.38374340000007, -5.212732699999947], [119.38378420000004, -5.213126399999965], [119.38382430000001, -5.213336399999946], [119.38375660000008, -5.213647299999934], [119.38377120000007, -5.213647699999967], [119.38374940000006, -5.214437199999963], [119.38374990000011, -5.21443869999996], [119.3839494, -5.214542799999947], [119.38422280000009, -5.214677299999948], [119.38443710000001, -5.21476709999996], [119.38472550000006, -5.214834799999949], [119.38502870000002, -5.214902599999959], [119.3852544, -5.214962399999933], [119.3852544, -5.21496], [119.38534630000004, -5.214981799999975], [119.38549050000006, -5.215014899999971], [119.38572380000005, -5.215068199999962], [119.38621910000006, -5.215247899999952], [119.38695050000001, -5.215636199999949], [119.38735670000005, -5.21587489999996], [119.38802160000012, -5.216218499999968], [119.38859050000008, -5.216502299999945], [119.38907830000005, -5.216696899999931], [119.38941840000007, -5.21680189999995], [119.38977290000003, -5.216879799999958], [119.38979560000007, -5.216884799999946], [119.3903355000001, -5.216975599999955], [119.3905797000001, -5.216998699999976], [119.39085340000008, -5.217051499999968], [119.39109, -5.217111699999975], [119.39122310000005, -5.217141799999979], [119.39140060000011, -5.217179499999929], [119.39154840000003, -5.217231899999945], [119.39167410000005, -5.217269499999929], [119.391748, -5.21730679999996], [119.39186630000006, -5.217344299999979], [119.39195490000009, -5.21739649999995], [119.39210260000004, -5.217500899999948], [119.39200030000006, -5.217769399999952], [119.39193540000008, -5.217927199999963], [119.39189670000007, -5.218098], [119.39189720000002, -5.218229299999962], [119.39171280000005, -5.218590199999937], [119.39170220000005, -5.218610799999965], [119.39162510000006, -5.218991799999969], [119.39160030000005, -5.219359499999939], [119.39162120000003, -5.219475699999975], [119.39168060000009, -5.219805599999972], [119.39161650000005, -5.220186599999977], [119.39173610000012, -5.220645699999977], [119.3917633000001, -5.22090819999994], [119.39173790000007, -5.221118399999966], [119.39166080000007, -5.221499399999971], [119.3915310000001, -5.221801899999946], [119.391318, -5.222001099999943], [119.39126450000003, -5.222132699999975], [119.3912653000001, -5.22232669999994], [119.39127990000009, -5.222352099999966], [119.39133670000001, -5.222380299999941], [119.39151680000009, -5.222408199999961], [119.39158570000006, -5.222418799999957], [119.39205730000003, -5.222456399999942], [119.3924508, -5.222599299999956], [119.39251690000003, -5.22278289999997], [119.3922698, -5.223230199999932], [119.39207490000001, -5.223624799999925], [119.39207550000003, -5.223795499999937], [119.39233790000003, -5.223912699999971], [119.39249610000002, -5.224200899999971], [119.39248440000006, -5.224555499999951], [119.39242150000007, -5.224702], [119.39222470000004, -5.225160399999936], [119.391873, -5.225660699999935], [119.39175670000009, -5.226055], [119.39187530000004, -5.226264599999979], [119.39220430000012, -5.226424], [119.39270890000012, -5.226517899999976], [119.39282290000006, -5.226579699999945], [119.39293740000005, -5.226588799999945], [119.39313420000008, -5.22668], [119.39335810000011, -5.227007399999934], [119.3934504, -5.227164599999981], [119.39354250000008, -5.227295499999968], [119.3936225000001, -5.227662799999962], [119.39374110000006, -5.227846199999931], [119.39418740000008, -5.228120199999978], [119.39447610000002, -5.228263499999969], [119.39458490000004, -5.228278699999976], [119.39462420000007, -5.228284199999962], [119.39463840000008, -5.228286099999934], [119.39493470000002, -5.228327399999955], [119.39514430000008, -5.228339799999958], [119.39526230000001, -5.228365599999961], [119.395525, -5.228574599999945], [119.39563110000006, -5.228915599999937], [119.39576320000003, -5.229230199999961], [119.39589520000004, -5.229479199999957], [119.39617090000002, -5.22966189999994], [119.39615920000006, -5.230029599999966], [119.39619960000005, -5.230318299999965], [119.39621920000002, -5.230372699999975], [119.39651780000008, -5.230712199999971], [119.3966309000001, -5.23081], [119.39671290000001, -5.230972799999961], [119.39672650000011, -5.231130299999961], [119.39683190000005, -5.231287399999928], [119.39701560000003, -5.231365499999981], [119.39723230000004, -5.231318899999962], [119.39726420000011, -5.231312], [119.39742170000011, -5.231390199999964], [119.39768460000005, -5.231651799999952], [119.39789510000003, -5.231887299999926], [119.3979680000001, -5.232132399999955], [119.39802770000006, -5.232333199999971], [119.39809630000002, -5.23245], [119.398106, -5.232452599999931], [119.3981463, -5.23251659999994], [119.39825140000005, -5.232595], [119.39851370000008, -5.232699], [119.39867140000001, -5.232829699999968], [119.39887580000004, -5.232982199999981], [119.39891080000007, -5.23302979999994], [119.39901880000002, -5.233107099999927], [119.39913090000005, -5.233158499999945], [119.399252, -5.233270299999958], [119.3993948000001, -5.233438199999966], [119.39952, -5.23350679999993], [119.39980860000003, -5.233518699999934], [119.40009290000012, -5.233500299999946], [119.40038130000005, -5.233464599999934], [119.400447, -5.233453699999927], [119.40067410000006, -5.233416], [119.400829, -5.23338519999993], [119.40092890000005, -5.233375199999955], [119.40126380000004, -5.233322599999951], [119.40175580000005, -5.233091799999954], [119.40210920000004, -5.232734799999946], [119.4022136000001, -5.232629299999928], [119.40228980000006, -5.232287099999951], [119.40229150000005, -5.232279499999947], [119.4022953000001, -5.232105699999977], [119.40231850000009, -5.231056199999955], [119.40247430000011, -5.230340699999942], [119.40277160000005, -5.229370599999925], [119.40360580000004, -5.227874099999951], [119.40429860000006, -5.226711699999953], [119.4047945000001, -5.225852], [119.40509410000004, -5.225453699999946], [119.40515620000008, -5.225135699999953], [119.40510770000003, -5.224865899999941], [119.40494730000012, -5.224358099999961], [119.4048977000001, -5.223834099999976], [119.40511540000011, -5.222737099999961], [119.40531930000009, -5.222180299999934], [119.40536910000003, -5.222072899999944], [119.40568860000008, -5.221384599999965], [119.40563310000005, -5.22117309999993], [119.40546350000011, -5.220527599999969], [119.40519030000007, -5.219527899999946], [119.40494050000007, -5.218416799999943], [119.40474930000005, -5.21814749999993], [119.40466930000002, -5.217941199999927], [119.40466860000004, -5.217766499999925], [119.40498280000008, -5.217066299999942], [119.40589670000008, -5.215696599999944], [119.40648020000003, -5.214947699999925], [119.407024, -5.214199], [119.40702740000006, -5.214183799999944], [119.40737750000005, -5.213681099999974], [119.40732250000008, -5.213581699999963], [119.40731520000008, -5.213568399999929], [119.40713240000002, -5.213237699999979], [119.40709390000006, -5.212975099999937], [119.40712950000011, -5.212474399999962], [119.407266, -5.212273599999946], [119.4073393000001, -5.211860399999978], [119.40753410000002, -5.210558099999957], [119.4075557000001, -5.210394599999972], [119.40760180000007, -5.210301299999969], [119.40764, -5.210255], [119.40790290000007, -5.210150299999952], [119.40791950000005, -5.210143699999946], [119.40798280000001, -5.210146499999951], [119.40893720000008, -5.210189], [119.40895570000009, -5.210189799999966], [119.40965480000011, -5.210212099999978], [119.40999210000007, -5.21026089999998], [119.41016020000006, -5.21022279999994], [119.41021660000001, -5.21021], [119.4103411000001, -5.210134399999959], [119.41046740000002, -5.21003], [119.41047970000011, -5.210001499999976], [119.41053180000006, -5.209880899999973], [119.41055760000006, -5.209733], [119.41061460000003, -5.209505799999931], [119.41066670000009, -5.209352599999931], [119.41076090000001, -5.20916189999997], [119.41081150000002, -5.209106499999962], [119.4109386, -5.208503699999937], [119.41099910000003, -5.208327299999951], [119.411044, -5.207981399999937], [119.41107840000006, -5.207717], [119.41089870000008, -5.206322899999975], [119.41089220000003, -5.206326199999978], [119.41079160000004, -5.20590969999995], [119.41064170000004, -5.205081599999971], [119.4101601000001, -5.20430609999994], [119.410018, -5.20400159999997], [119.40976340000009, -5.203414899999927], [119.409614, -5.20314019999995], [119.40960170000005, -5.203136799999925], [119.40898260000006, -5.202964099999974], [119.40878520000001, -5.20293259999994], [119.40861880000011, -5.202906], [119.40841120000005, -5.202944], [119.40831040000012, -5.20297549999998], [119.40802580000002, -5.203064499999925], [119.40778040000009, -5.203079699999932], [119.40751390000003, -5.203096199999948], [119.40735810000001, -5.203089299999931], [119.40730680000001, -5.203061199999979], [119.40707980000002, -5.202936399999942], [119.40685580000002, -5.202723], [119.4066921000001, -5.202589799999942], [119.40617050000003, -5.202018899999928], [119.40538830000003, -5.201203599999928], [119.40538, -5.200987899999973], [119.4053497000001, -5.200809499999934], [119.40523040000005, -5.200668599999972], [119.40507410000009, -5.200542799999937], [119.4049328000001, -5.200468899999976], [119.40467280000007, -5.200373199999945], [119.40432340000007, -5.200210899999945], [119.40396680000003, -5.200108099999966], [119.40343980000011, -5.199951799999951], [119.40341220000005, -5.19993779999993], [119.40259240000012, -5.199559299999976], [119.40216340000006, -5.199332], [119.40204310000001, -5.199323199999981], [119.40191590000006, -5.199313899999936], [119.40154540000003, -5.199467899999945], [119.4013079, -5.199573799999939], [119.40110790000006, -5.199526799999944], [119.40079350000008, -5.199432599999966], [119.40062180000007, -5.199339599999973], [119.40058370000008, -5.19931889999998], [119.40038350000009, -5.199224299999969], [119.40037430000007, -5.199222899999938], [119.40035420000004, -5.199211699999978], [119.400304, -5.199190299999941], [119.4002359000001, -5.199178], [119.40015890000006, -5.199171099999944], [119.40010310000002, -5.199171299999932], [119.40009080000004, -5.199171399999955], [119.40003530000001, -5.199177], [119.40000240000006, -5.199191299999939], [119.39941220000003, -5.199533], [119.3987201000001, -5.199868799999933], [119.39805650000005, -5.200135599999953], [119.39768990000005, -5.200165699999957], [119.39731130000007, -5.200052299999925], [119.39712770000006, -5.199995499999943], [119.3970031, -5.199892199999965], [119.3969234000001, -5.199826199999961], [119.39673770000002, -5.199610699999937], [119.39664090000008, -5.199350199999969], [119.3966468000001, -5.199096199999929], [119.3967282000001, -5.198896899999966], [119.39680470000008, -5.198751799999968], [119.39684140000008, -5.198526], [119.39683290000005, -5.198360299999933], [119.39674610000009, -5.198203599999943], [119.3966292, -5.198059899999976], [119.39650580000011, -5.198005499999965], [119.3964856, -5.198001799999929], [119.39647360000004, -5.197999599999946], [119.39632080000001, -5.19797189999997], [119.39619750000008, -5.197965499999952], [119.39619510000011, -5.197966799999961], [119.39618510000003, -5.197965299999964], [119.39615580000009, -5.197962899999936], [119.39613410000004, -5.197964699999943], [119.39611150000007, -5.197978199999966], [119.396106, -5.197985], [119.39610340000002, -5.197984899999938], [119.39586640000005, -5.198272199999963], [119.39565310000012, -5.198511699999926], [119.39529720000007, -5.198823299999958], [119.3949401000001, -5.198848599999963], [119.394889, -5.198838499999965], [119.39472210000008, -5.19884959999996], [119.39448240000002, -5.198836799999981], [119.39435930000002, -5.198851], [119.39421570000002, -5.198899599999947], [119.39390780000008, -5.198948799999926], [119.39358590000006, -5.19892939999994], [119.39337350000005, -5.198882199999957], [119.39319830000011, -5.198782599999959], [119.39310670000009, -5.198760099999959], [119.3927873, -5.198513], [119.39203220000002, -5.197928799999943], [119.39197810000007, -5.197878299999957], [119.39126870000007, -5.197478199999978], [119.3907521000001, -5.197031299999935], [119.39075150000008, -5.197031299999935], [119.3907302, -5.197009699999967], [119.39071680000006, -5.196991199999957], [119.39071500000011, -5.196988599999941], [119.390654, -5.196823799999947], [119.39063440000007, -5.196476099999927], [119.39063680000004, -5.196455499999956], [119.390616, -5.195222], [119.390742, -5.193176799999947], [119.39236460000006, -5.193145299999969], [119.39344570000003, -5.19304], [119.39383470000007, -5.192966199999944], [119.3941804000001, -5.192849199999955], [119.39446830000009, -5.192718], [119.3949861000001, -5.192383599999971], [119.39546040000005, -5.191962499999931], [119.39579060000005, -5.191556499999933], [119.396192, -5.190947699999981], [119.39622020000002, -5.190883199999973], [119.39628670000002, -5.19043819999996], [119.3960135000001, -5.190075799999931], [119.3959205000001, -5.189440199999979], [119.39576640000007, -5.188682799999981], [119.39564340000004, -5.188078299999972], [119.39518890000011, -5.187716599999931], [119.39545940000005, -5.187352199999964], [119.39654760000008, -5.187529799999936], [119.396456, -5.18725749999993], [119.3965439000001, -5.186530299999959], [119.39720340000008, -5.186566699999958], [119.3972424000001, -5.186534399999971], [119.39761710000005, -5.186460699999941], [119.39812190000009, -5.186502099999927], [119.398786, -5.186687599999971], [119.39945010000008, -5.18691629999995], [119.4002005000001, -5.187058099999945], [119.40122410000004, -5.187010799999939], [119.40123850000009, -5.187007], [119.4013781000001, -5.186936299999957], [119.40192090000005, -5.186888899999929], [119.402474, -5.186659599999928], [119.40307710000002, -5.186354399999971], [119.40361880000012, -5.185865699999965], [119.4040721, -5.185499299999947], [119.40417160000004, -5.185940199999948], [119.40450850000002, -5.186203599999942], [119.40487640000003, -5.186172899999974], [119.40596080000012, -5.186046699999963], [119.4060574, -5.185949], [119.40650810000011, -5.185311299999967], [119.40596270000003, -5.184859099999926], [119.40602660000002, -5.184768599999927], [119.4057802000001, -5.184561299999928], [119.40587730000004, -5.184364799999969], [119.40612050000004, -5.18402059999994], [119.40636390000009, -5.18372549999998], [119.4070008000001, -5.18366229999998], [119.40722620000008, -5.18349139999998], [119.40766950000011, -5.183215599999926], [119.40780160000008, -5.183022], [119.408034, -5.182681299999956], [119.40841610000007, -5.183227399999964], [119.40935030000003, -5.184547699999939], [119.41053080000006, -5.186357299999941], [119.41126330000009, -5.188083], [119.41138070000011, -5.18830209999993], [119.4118889, -5.189239899999961], [119.41198210000005, -5.189417], [119.41250040000011, -5.190401899999927]]] 
      }
    },
    {
      "type": "Feature",
      "properties": {
        "district_id": "7371031",
        "province": "Sulawesi Selatan",
        "regency": "Makassar",
        "district": "Rappocini",
        "pria": 73744,
        "wanita": 77125,
        "total_penduduk": 150869
      },
      "geometry": {
        "type": "Polygon",
        "coordinates": [[[119.42933360000006, -5.149052499999925], [119.42928340000003, -5.149049899999966], [119.42912380000007, -5.149045499999943], [119.428829, -5.149018], [119.4288289000001, -5.149017899999933], [119.42854720000003, -5.148983799999939], [119.42826090000005, -5.148946499999965], [119.42823460000011, -5.148942899999952], [119.42813190000004, -5.148934699999927], [119.4279451000001, -5.148919799999931], [119.42763760000003, -5.148912199999927], [119.42733870000006, -5.148879199999953], [119.42733380000004, -5.148878099999934], [119.42733320000002, -5.148878399999944], [119.42733220000002, -5.148878899999943], [119.42727060000004, -5.148872], [119.42727, -5.148876199999961], [119.42719640000007, -5.148885599999971], [119.42718820000005, -5.148886699999935], [119.42717290000007, -5.148871499999927], [119.4271609000001, -5.148914299999944], [119.42714320000005, -5.148982], [119.42713420000007, -5.149063599999977], [119.42710690000001, -5.149355599999978], [119.42706380000004, -5.149387399999966], [119.42703570000003, -5.14940219999994], [119.42688920000012, -5.149395099999936], [119.426824, -5.149362199999928], [119.42674280000006, -5.149319199999979], [119.42673720000005, -5.149318299999948], [119.42671380000002, -5.149314699999934], [119.42656130000012, -5.149294699999928], [119.4264482000001, -5.149340199999926], [119.42632030000004, -5.149566599999957], [119.42618470000002, -5.149875899999927], [119.42610150000007, -5.150175499999932], [119.42610120000006, -5.150176699999975], [119.42605750000007, -5.150556399999971], [119.4260369000001, -5.150720799999931], [119.42603050000002, -5.150841299999968], [119.42601320000006, -5.151066599999979], [119.42600020000009, -5.151299199999926], [119.42599670000004, -5.151361899999927], [119.42599330000007, -5.15145769999998], [119.42599220000011, -5.151510099999939], [119.4259866000001, -5.151805699999954], [119.42598420000002, -5.151954199999977], [119.42607790000011, -5.152142799999979], [119.4259925, -5.152258899999936], [119.42581490000009, -5.152425199999925], [119.42584170000009, -5.152446399999974], [119.425851, -5.152453799999932], [119.42580710000004, -5.152561899999966], [119.42580490000012, -5.15256009999996], [119.42580510000005, -5.152561599999956], [119.425709, -5.152796599999931], [119.42568010000002, -5.152867], [119.42568010000002, -5.152867499999957], [119.42567710000003, -5.15305879999994], [119.42602000000011, -5.153081699999973], [119.42601990000003, -5.153109399999948], [119.42601960000002, -5.15316219999994], [119.42601890000003, -5.153312899999946], [119.42601730000001, -5.153470699999957], [119.4259628000001, -5.153822799999944], [119.42594840000004, -5.153915499999925], [119.42590430000007, -5.154169199999956], [119.42581930000006, -5.154657699999973], [119.42572470000005, -5.155143099999975], [119.425679, -5.155377499999929], [119.42554690000009, -5.155867099999966], [119.42548030000012, -5.155859799999973], [119.4254800000001, -5.155860399999938], [119.42541290000008, -5.156022499999949], [119.42541260000007, -5.156022599999972], [119.42541190000009, -5.15602279999996], [119.425394, -5.156064299999969], [119.42538170000012, -5.156140299999947], [119.4253907000001, -5.156142199999977], [119.42535250000003, -5.156376499999965], [119.42530740000007, -5.156514099999981], [119.42518980000011, -5.15687319999995], [119.42515050000009, -5.156924099999969], [119.42519420000008, -5.156961399999943], [119.42519940000011, -5.156965899999932], [119.42505860000006, -5.15765179999994], [119.42503670000008, -5.157659299999978], [119.42498320000004, -5.157911799999965], [119.42491240000004, -5.158116399999926], [119.42488460000004, -5.158196799999928], [119.424838, -5.158331399999952], [119.42464980000011, -5.158662599999957], [119.42459710000003, -5.15875269999998], [119.42431640000007, -5.159213], [119.42431440000007, -5.159216299999969], [119.42419590000009, -5.159380399999975], [119.42405460000009, -5.159576699999946], [119.42401, -5.159555599999976], [119.4239510000001, -5.15966149999997], [119.42384940000011, -5.159845], [119.423438, -5.160783], [119.42335440000011, -5.161025199999926], [119.4231774000001, -5.161542899999972], [119.42294970000012, -5.16226], [119.42293180000001, -5.162318299999981], [119.422795, -5.162784399999964], [119.42277940000008, -5.162837699999955], [119.4227661000001, -5.162891499999944], [119.422673, -5.16326319999996], [119.422673, -5.163263299999926], [119.42268210000009, -5.163867599999946], [119.42268230000002, -5.164585299999942], [119.42268330000002, -5.165013699999975], [119.42264650000004, -5.165421399999957], [119.42262620000008, -5.165646199999969], [119.42260180000005, -5.165921199999957], [119.42260260000012, -5.166191], [119.42260320000003, -5.166333299999962], [119.42342, -5.16681589999996], [119.42342050000002, -5.166816099999949], [119.42342890000009, -5.166794], [119.42352, -5.166836399999966], [119.42400490000011, -5.167170299999952], [119.42415870000002, -5.166934499999968], [119.42426360000002, -5.166773699999965], [119.4248851000001, -5.167219699999976], [119.42496330000006, -5.167267799999934], [119.42527350000012, -5.167458599999975], [119.4255664000001, -5.167638799999963], [119.4259512000001, -5.167840699999942], [119.426084, -5.167910199999938], [119.42637430000002, -5.168062199999952], [119.4264055000001, -5.168078499999979], [119.42639140000006, -5.168109], [119.42632850000007, -5.168248699999936], [119.426673, -5.168373499999973], [119.42694670000003, -5.168472699999938], [119.42702960000008, -5.168502399999966], [119.427041, -5.168506499999978], [119.42711370000006, -5.168330599999933], [119.4272224, -5.168067], [119.42722260000005, -5.168067099999973], [119.42746450000004, -5.168157], [119.42737110000007, -5.168405099999973], [119.427298, -5.168599299999926], [119.427969, -5.168841199999974], [119.42820860000006, -5.168952199999978], [119.42820920000008, -5.168952499999932], [119.42844040000011, -5.168503599999951], [119.428517, -5.168543299999953], [119.42854920000002, -5.168559899999934], [119.4286777000001, -5.168618199999969], [119.42880580000008, -5.168648899999937], [119.428827, -5.168644099999938], [119.42888980000009, -5.168629099999976], [119.42894010000009, -5.168582899999933], [119.42894620000004, -5.168578799999977], [119.42906440000002, -5.168352499999969], [119.42913120000003, -5.168228499999941], [119.429148, -5.168234899999959], [119.42935390000002, -5.167927199999951], [119.4293659000001, -5.16790919999994], [119.4297064000001, -5.167400199999975], [119.42970990000003, -5.167391499999951], [119.42993550000006, -5.166842799999927], [119.4299367000001, -5.16684], [119.42996160000007, -5.166780599999925], [119.4299645000001, -5.166782099999978], [119.43086010000002, -5.167269699999963], [119.43096240000011, -5.167351599999961], [119.4309631000001, -5.167351899999971], [119.43212440000002, -5.167931099999976], [119.43228240000008, -5.168009899999959], [119.4331472, -5.168441299999927], [119.43376500000011, -5.168749399999967], [119.4340208000001, -5.168890799999929], [119.43398700000012, -5.169015699999932], [119.43395440000006, -5.169074], [119.43391880000001, -5.169137499999977], [119.43391850000012, -5.169138099999941], [119.43384650000007, -5.169266499999935], [119.43373330000009, -5.169478599999934], [119.43363760000011, -5.169657899999947], [119.43350350000003, -5.169909099999927], [119.43298510000011, -5.170880099999977], [119.43276440000011, -5.171308599999975], [119.43272950000005, -5.171376399999929], [119.43218680000007, -5.172429799999975], [119.43201410000006, -5.172765], [119.43143420000001, -5.173890699999959], [119.43138320000003, -5.173997199999974], [119.43264520000002, -5.174588099999937], [119.43303460000004, -5.17477], [119.43323420000002, -5.174867199999937], [119.4332528000001, -5.174876199999972], [119.4332528000001, -5.174876299999937], [119.43325290000007, -5.174876199999972], [119.43347480000011, -5.17498379999995], [119.43654990000005, -5.176472599999954], [119.437678, -5.177087299999926], [119.43862120000006, -5.177600599999948], [119.43906330000004, -5.177999199999931], [119.43908980000003, -5.178023499999938], [119.43922280000004, -5.178145599999937], [119.43922440000006, -5.178147099999933], [119.43990520000011, -5.179085499999928], [119.44008170000006, -5.179507499999943], [119.44041740000011, -5.180309699999952], [119.44041770000001, -5.180310299999974], [119.4404154, -5.180383099999972], [119.44043540000007, -5.180401299999971], [119.44048960000009, -5.180449399999929], [119.44054140000003, -5.180833699999937], [119.440589, -5.181186799999978], [119.44033060000004, -5.181205299999931], [119.44033070000012, -5.181205699999964], [119.4404743, -5.182262899999955], [119.44050890000005, -5.182517799999971], [119.44077880000009, -5.184933399999977], [119.44078530000002, -5.184991799999978], [119.44099340000002, -5.187064599999928], [119.4411381000001, -5.187824899999953], [119.4412397000001, -5.188297199999965], [119.44125640000004, -5.188298199999963], [119.44135030000007, -5.188571099999933], [119.44200460000002, -5.188591499999973], [119.4435539000001, -5.188639599999931], [119.44524520000004, -5.188701599999945], [119.44561090000002, -5.188700199999971], [119.44564650000007, -5.1887], [119.44629140000006, -5.188869199999942], [119.44632190000004, -5.188877199999979], [119.44781460000002, -5.189358399999946], [119.44783110000003, -5.189363699999944], [119.44898550000005, -5.189736], [119.4490896000001, -5.189772199999936], [119.44924330000003, -5.189822099999958], [119.4499148000001, -5.190055899999948], [119.4503585000001, -5.190202199999931], [119.45054530000004, -5.190263799999968], [119.45071370000005, -5.190319399999964], [119.4511132, -5.190480799999932], [119.45138540000005, -5.190509799999973], [119.45150220000005, -5.190520499999934], [119.45150560000002, -5.190522599999952], [119.45151260000011, -5.190523299999938], [119.45162830000004, -5.190596899999946], [119.45169730000009, -5.190638699999965], [119.45269850000011, -5.191224], [119.453502, -5.19133869999996], [119.4548271000001, -5.191525899999931], [119.45484570000008, -5.19152859999997], [119.45485420000011, -5.191529799999955], [119.45542350000005, -5.191861399999937], [119.45758290000003, -5.193129299999953], [119.45799540000007, -5.193422299999952], [119.45837720000009, -5.193649899999969], [119.458388, -5.193656399999952], [119.45866250000006, -5.193714199999931], [119.45917190000011, -5.193751499999962], [119.45954410000002, -5.193789299999935], [119.46056480000004, -5.194354799999928], [119.46110990000011, -5.194583], [119.46138230000008, -5.191936599999963], [119.461453, -5.191249599999935], [119.461852, -5.18906979999997], [119.46250530000009, -5.182464799999934], [119.46253840000008, -5.182082799999932], [119.46270030000005, -5.18021779999998], [119.4631356000001, -5.178507], [119.46316840000009, -5.178378099999975], [119.463384, -5.177688499999931], [119.46356630000002, -5.177105299999937], [119.46357310000008, -5.177083799999934], [119.46357340000009, -5.177082599999949], [119.46372940000003, -5.177736099999947], [119.463743, -5.177792699999941], [119.4644416000001, -5.177575099999956], [119.46460080000008, -5.177525299999957], [119.46461610000006, -5.177526099999966], [119.465559, -5.174044099999946], [119.4653561, -5.173984399999938], [119.46514380000008, -5.173922299999958], [119.46514380000008, -5.173922], [119.46517910000011, -5.173753499999975], [119.46521110000003, -5.17360119999995], [119.46509960000003, -5.173576799999978], [119.46510850000004, -5.173527699999966], [119.4651884000001, -5.173035099999936], [119.46518950000006, -5.17302849999993], [119.46407290000002, -5.172684699999934], [119.4642424000001, -5.172632499999963], [119.46454990000007, -5.172475199999951], [119.46478590000004, -5.172367], [119.46506580000005, -5.172144], [119.4651242000001, -5.172068199999956], [119.46515150000005, -5.172036699999978], [119.46506350000004, -5.171999199999959], [119.46495610000011, -5.17195339999995], [119.4642606000001, -5.171656799999937], [119.46419380000009, -5.171630599999958], [119.46407910000005, -5.171585499999935], [119.46366830000011, -5.171424099999967], [119.46295310000005, -5.171134199999926], [119.46234070000003, -5.170878699999946], [119.4619408000001, -5.170712099999946], [119.46186030000001, -5.170835799999963], [119.46183750000012, -5.170874699999956], [119.46163960000001, -5.170806299999981], [119.46157480000011, -5.170787699999948], [119.4611473000001, -5.170665199999974], [119.46080030000007, -5.170566099999974], [119.46079020000002, -5.170560399999943], [119.46079010000005, -5.170560399999943], [119.46064060000003, -5.170527099999958], [119.4602053000001, -5.17036109999998], [119.46015260000001, -5.170345399999974], [119.46008760000007, -5.170308099999943], [119.45992020000006, -5.170213799999942], [119.45982590000006, -5.170161899999925], [119.4597169000001, -5.170099199999925], [119.45953080000004, -5.16999409999994], [119.45874770000012, -5.16958], [119.45868310000003, -5.169546799999978], [119.45843810000008, -5.169426399999963], [119.4575397000001, -5.168988599999977], [119.45725850000008, -5.16885179999997], [119.45643660000007, -5.168455199999926], [119.45642250000003, -5.168448399999932], [119.4561953000001, -5.168345099999954], [119.4559283000001, -5.168223799999964], [119.45586680000008, -5.168196], [119.45578400000011, -5.168158699999935], [119.45569810000006, -5.168126199999961], [119.45559710000009, -5.168088599999976], [119.45559220000007, -5.168086799999969], [119.45554730000003, -5.168088499999953], [119.45551020000005, -5.168090199999938], [119.45518850000008, -5.167991499999971], [119.455044, -5.16797269999995], [119.45504260000007, -5.167972499999962], [119.45504030000006, -5.167970399999945], [119.454997, -5.16793], [119.45491090000007, -5.167907699999944], [119.454776, -5.167885599999977], [119.4546782000001, -5.167910599999971], [119.45467730000007, -5.16791], [119.45467320000012, -5.167907499999956], [119.45462940000004, -5.167880299999979], [119.45353550000004, -5.167465099999959], [119.4535356, -5.167464799999948], [119.45376780000004, -5.166666899999939], [119.45376550000003, -5.166666], [119.45349150000004, -5.166551499999969], [119.45331540000006, -5.166485699999953], [119.4528299000001, -5.166315099999963], [119.45277790000011, -5.166289599999971], [119.45260180000002, -5.16620729999994], [119.4526019000001, -5.166207199999974], [119.45261970000001, -5.166167099999939], [119.45269750000011, -5.165991899999938], [119.45125880000012, -5.16541049999995], [119.45088140000007, -5.165260399999966], [119.45080440000004, -5.16523], [119.45076740000002, -5.165267399999948], [119.45022070000005, -5.165819099999965], [119.45010040000011, -5.165940499999977], [119.45007440000006, -5.165965099999937], [119.4499780000001, -5.166056399999945], [119.44986670000003, -5.166174299999966], [119.44966240000008, -5.166342399999962], [119.44916320000004, -5.166759699999943], [119.44912040000008, -5.166795599999944], [119.44870770000011, -5.167125099999964], [119.4486657000001, -5.167160099999933], [119.4486376000001, -5.16718359999993], [119.448609, -5.167150799999945], [119.44850880000001, -5.167034799999954], [119.44850810000003, -5.167034], [119.44833030000007, -5.167193199999929], [119.44808110000008, -5.166880499999934], [119.448027, -5.166849499999955], [119.44803, -5.166848199999947], [119.44764120000002, -5.166466499999956], [119.44695150000007, -5.165708099999961], [119.44578510000008, -5.164542399999959], [119.4455398, -5.164314299999944], [119.445477, -5.164255899999944], [119.44509770000002, -5.163835699999936], [119.44509790000006, -5.163835499999948], [119.44491370000003, -5.163631199999941], [119.4444645000001, -5.163133099999925], [119.44442350000008, -5.163089299999967], [119.44423960000006, -5.162893299999951], [119.4440469000001, -5.162688], [119.44389720000004, -5.162653199999966], [119.44349590000002, -5.162596199999939], [119.4429262000001, -5.162515199999973], [119.43959330000007, -5.162041399999964], [119.43971180000005, -5.160750599999972], [119.43956120000007, -5.160726299999965], [119.43945430000008, -5.160517399999947], [119.43910930000004, -5.159642899999938], [119.43885180000007, -5.159006399999953], [119.43869150000012, -5.158821799999942], [119.43873040000005, -5.158015299999931], [119.4384559, -5.157954399999937], [119.43765240000005, -5.157852299999945], [119.43773920000001, -5.157179599999949], [119.43789470000002, -5.155391699999939], [119.43778070000008, -5.155351399999972], [119.4369716000001, -5.155245899999954], [119.43698540000003, -5.15507], [119.43709390000004, -5.154387699999972], [119.43731650000007, -5.152986699999929], [119.43674260000012, -5.152894699999933], [119.43660370000009, -5.152174699999932], [119.43652960000009, -5.151736399999947], [119.43620120000003, -5.149795199999971], [119.43614660000003, -5.14954339999997], [119.43585680000001, -5.148207299999967], [119.43575280000005, -5.147749799999929], [119.43572260000008, -5.147616899999946], [119.43571250000002, -5.147402799999952], [119.43570310000007, -5.147346199999959], [119.43579920000002, -5.147385899999961], [119.43577890000006, -5.147276799999929], [119.43577890000006, -5.147276699999964], [119.43558440000004, -5.147192399999938], [119.43605420000006, -5.14558169999998], [119.43598750000001, -5.145564299999933], [119.43588870000008, -5.14553049999995], [119.435669, -5.14545], [119.43568460000006, -5.145336699999973], [119.43570000000011, -5.145224799999937], [119.43570760000011, -5.145167899999933], [119.43559370000003, -5.145147799999961], [119.4354399, -5.145127], [119.4354062000001, -5.145124199999941], [119.43527470000004, -5.145119399999942], [119.43525520000003, -5.145080399999927], [119.43521360000011, -5.144840399999964], [119.43517810000003, -5.144633399999975], [119.43516270000009, -5.144632699999931], [119.43500670000003, -5.144657], [119.43491370000004, -5.144669], [119.43485080000005, -5.144676299999958], [119.43479430000002, -5.144683799999939], [119.434772, -5.144686399999955], [119.43473530000006, -5.144697], [119.43464870000003, -5.144729299999938], [119.43455070000005, -5.144765899999925], [119.43451330000005, -5.144776399999955], [119.43442510000011, -5.144799], [119.43440090000001, -5.14505319999995], [119.43439730000011, -5.145091099999945], [119.43439710000007, -5.145091099999945], [119.43434650000006, -5.145097], [119.43433120000009, -5.14511779999998], [119.43430920000003, -5.145147899999927], [119.43415360000006, -5.145163099999934], [119.43412260000002, -5.145165199999951], [119.43401730000005, -5.145172199999934], [119.43392440000002, -5.145178399999963], [119.43359140000007, -5.145200699999975], [119.4333117000001, -5.145219399999974], [119.43290630000001, -5.145261299999959], [119.43272310000009, -5.145322499999963], [119.4326152000001, -5.145427799999936], [119.4325808000001, -5.145489899999973], [119.43252380000001, -5.145596799999964], [119.43244730000004, -5.14588109999994], [119.43244360000006, -5.145945799999936], [119.43244360000006, -5.145947099999944], [119.43244360000006, -5.145947199999966], [119.43244330000005, -5.145949], [119.43242710000004, -5.146042299999976], [119.43229460000009, -5.146603699999957], [119.43229450000001, -5.146603699999957], [119.43225380000001, -5.146589199999937], [119.43225160000009, -5.146597099999951], [119.43206350000003, -5.146546699999931], [119.4318075000001, -5.146481199999926], [119.43163330000004, -5.146416699999975], [119.43163320000008, -5.146416599999952], [119.43148350000001, -5.146361199999944], [119.43143950000001, -5.146474599999976], [119.43143490000011, -5.146487399999955], [119.43125210000005, -5.146836499999949], [119.431112, -5.146996799999954], [119.43095380000011, -5.147109], [119.43076320000011, -5.14724549999994], [119.4306008000001, -5.147349399999939], [119.43049360000009, -5.147418199999947], [119.43036150000012, -5.147508099999925], [119.43028290000007, -5.147558599999968], [119.4302464000001, -5.147712799999965], [119.43021910000004, -5.147834199999977], [119.43020280000007, -5.147907], [119.430171, -5.148020699999961], [119.4300730000001, -5.148359], [119.43005670000002, -5.148415099999966], [119.4300048, -5.148600099999953], [119.42993280000007, -5.148628499999973], [119.42988710000009, -5.148668699999973], [119.429871, -5.148720599999933], [119.42985380000005, -5.148776299999952], [119.42983660000004, -5.148848199999975], [119.42982820000009, -5.148883299999966], [119.42980870000008, -5.148954899999978], [119.4297676000001, -5.149103299999979], [119.42969380000011, -5.149082799999974], [119.429552, -5.149063299999966], [119.429514, -5.14905129999994], [119.42948440000009, -5.149042099999974], [119.4294291000001, -5.149051499999928], [119.4294033000001, -5.149055899999951], [119.42933370000003, -5.149052499999925], [119.42933360000006, -5.149052499999925]]] 
      }
    },
    {
      "type": "Feature",
      "properties": {
        "district_id": "7371040",
        "province": "Sulawesi Selatan",
        "regency": "Makassar",
        "district": "Makassar",
        "pria": 40638,
        "wanita": 41338,
        "total_penduduk": 81976
      },
      "geometry": {
        "type": "Polygon",
        "coordinates": [[[119.43148350000001, -5.146361199999944], [119.43163320000008, -5.146416599999952], [119.43163330000004, -5.146416699999975], [119.4318075000001, -5.146481199999926], [119.43206350000003, -5.146546699999931], [119.43225160000009, -5.146597099999951], [119.43225380000001, -5.146589199999937], [119.43229450000001, -5.146603699999957], [119.43229460000009, -5.146603699999957], [119.43242710000004, -5.146042299999976], [119.43244330000005, -5.145949], [119.43244360000006, -5.145947199999966], [119.43244360000006, -5.145947099999944], [119.43244360000006, -5.145945799999936], [119.43244730000004, -5.14588109999994], [119.43252380000001, -5.145596799999964], [119.4325808000001, -5.145489899999973], [119.4326152000001, -5.145427799999936], [119.43272310000009, -5.145322499999963], [119.43290630000001, -5.145261299999959], [119.4333117000001, -5.145219399999974], [119.43359140000007, -5.145200699999975], [119.43392440000002, -5.145178399999963], [119.43401730000005, -5.145172199999934], [119.43412260000002, -5.145165199999951], [119.43415360000006, -5.145163099999934], [119.43430920000003, -5.145147899999927], [119.43433120000009, -5.14511779999998], [119.43434650000006, -5.145097], [119.43439710000007, -5.145091099999945], [119.43439730000011, -5.145091099999945], [119.43440090000001, -5.14505319999995], [119.43442510000011, -5.144799], [119.43451330000005, -5.144776399999955], [119.43455070000005, -5.144765899999925], [119.43464870000003, -5.144729299999938], [119.43473530000006, -5.144697], [119.434772, -5.144686399999955], [119.43477020000012, -5.144686599999943], [119.43478870000001, -5.14468039999997], [119.43483530000003, -5.144605499999955], [119.43483170000002, -5.144474399999979], [119.43482340000003, -5.144167], [119.434823, -5.144154299999968], [119.434821, -5.144140199999981], [119.43481760000009, -5.144113499999946], [119.43485220000002, -5.144082399999945], [119.43495180000002, -5.143992899999944], [119.43518380000012, -5.143793599999981], [119.43515810000008, -5.143716499999925], [119.43519160000005, -5.143698699999959], [119.435286, -5.143648499999927], [119.43528640000011, -5.143648199999973], [119.435261, -5.143604899999957], [119.43515060000004, -5.143416199999933], [119.43501160000005, -5.14314109999998], [119.43495170000006, -5.142957599999932], [119.43495050000001, -5.142953899999952], [119.43490610000003, -5.142815599999949], [119.43489610000006, -5.142785899999978], [119.43485420000002, -5.142661199999964], [119.43478180000011, -5.142414299999928], [119.43473110000002, -5.142233699999963], [119.43470920000004, -5.142155499999944], [119.43449490000012, -5.141392099999962], [119.43443260000004, -5.141165299999955], [119.43443270000012, -5.141165299999955], [119.43439650000005, -5.141034299999944], [119.43422040000007, -5.140318199999967], [119.434181, -5.14015779999994], [119.43404670000007, -5.139593], [119.43390440000007, -5.138953599999979], [119.43389650000006, -5.138917699999979], [119.43388220000008, -5.138841099999979], [119.43374310000002, -5.13809509999993], [119.43374280000012, -5.13809509999993], [119.43368920000012, -5.138098499999955], [119.43368910000004, -5.138097899999934], [119.43364680000002, -5.137825499999963], [119.43350580000003, -5.137365899999963], [119.4334483, -5.137219699999946], [119.43337, -5.136979399999973], [119.43323940000005, -5.136796599999968], [119.433175, -5.136737], [119.43246650000003, -5.136081199999978], [119.43242730000009, -5.136027199999944], [119.432785, -5.135555699999941], [119.43288690000009, -5.135421399999927], [119.4330192000001, -5.135038399999928], [119.4331089000001, -5.135044099999959], [119.43310880000001, -5.135044], [119.43310850000012, -5.135043899999971], [119.43315030000008, -5.134985599999936], [119.43276240000012, -5.134941599999934], [119.432739, -5.134939299999928], [119.43236460000003, -5.134903699999938], [119.43181210000012, -5.13488], [119.43179350000003, -5.134879099999978], [119.43179340000006, -5.134879099999978], [119.43163130000005, -5.134856799999966], [119.43136730000003, -5.134821399999964], [119.431257, -5.134806599999933], [119.43112170000006, -5.134788499999956], [119.4311216000001, -5.134788899999933], [119.43111490000001, -5.134811299999967], [119.43111470000008, -5.134811299999967], [119.43098060000011, -5.13480009999995], [119.43093350000004, -5.134796799999947], [119.43087890000004, -5.134793399999978], [119.43087880000007, -5.134793399999978], [119.43067880000001, -5.134783], [119.43055830000003, -5.134776799999941], [119.4300085000001, -5.134748], [119.4299191, -5.134743299999968], [119.42971620000003, -5.134791099999973], [119.42966430000001, -5.134788299999968], [119.42893420000007, -5.134961099999941], [119.42878150000001, -5.135000199999979], [119.42833940000003, -5.135113399999966], [119.42813330000001, -5.135166099999935], [119.42813160000003, -5.135166599999934], [119.42801450000002, -5.135148], [119.4278968000001, -5.135129399999926], [119.4278974, -5.135155299999951], [119.42766680000011, -5.13514639999994], [119.427441, -5.135140599999943], [119.42731630000003, -5.135137399999962], [119.42636390000007, -5.135093099999949], [119.42548060000001, -5.135066299999949], [119.42520120000006, -5.135030499999971], [119.42494520000002, -5.135028599999941], [119.4244159000001, -5.134988299999975], [119.42408480000006, -5.134952799999951], [119.42408520000004, -5.134964199999956], [119.4225619, -5.134874799999977], [119.42203290000009, -5.134849], [119.42182230000003, -5.134838699999932], [119.42182340000011, -5.134843499999931], [119.42182650000007, -5.134855899999934], [119.4218241000001, -5.134856299999967], [119.42020560000003, -5.135133099999962], [119.41934880000008, -5.135290899999973], [119.41770870000005, -5.135546799999929], [119.41766170000005, -5.135552], [119.41766220000011, -5.135554], [119.41766230000007, -5.135554], [119.41766610000002, -5.135567599999945], [119.41772340000011, -5.135772599999939], [119.41777050000007, -5.135937299999966], [119.41787820000002, -5.136293399999943], [119.41802650000011, -5.13686249999995], [119.41820810000002, -5.137522299999944], [119.41819980000002, -5.137523599999952], [119.41828360000011, -5.13794], [119.418694, -5.139555599999937], [119.41996690000008, -5.139400399999943], [119.42041090000009, -5.13932879999993], [119.42062090000002, -5.140376], [119.42063510000003, -5.140478299999927], [119.42063650000011, -5.140488], [119.42063530000007, -5.14048809999997], [119.42064790000006, -5.14056], [119.42065230000003, -5.140585399999964], [119.42065610000009, -5.140614], [119.42085480000003, -5.142122899999947], [119.42086160000008, -5.142174299999965], [119.42086560000007, -5.142205], [119.42087110000011, -5.142246499999942], [119.42088110000009, -5.142322799999931], [119.42090750000011, -5.142523199999971], [119.42091590000007, -5.142628299999956], [119.42095920000008, -5.143169299999954], [119.42104110000002, -5.14419289999995], [119.42104640000002, -5.144258899999954], [119.4210485000001, -5.144285399999944], [119.42105060000006, -5.144312299999967], [119.4211752000001, -5.146173599999941], [119.42117640000004, -5.146191199999976], [119.4211772000001, -5.146205799999962], [119.421197, -5.146242799999925], [119.42100280000011, -5.146246399999939], [119.4199043000001, -5.146098], [119.41880160000005, -5.145881199999963], [119.41748020000011, -5.145701499999973], [119.4175570000001, -5.146813899999927], [119.4175772000001, -5.147025699999972], [119.4175533, -5.147300799999925], [119.41753990000007, -5.147705899999949], [119.4175404, -5.147856799999943], [119.4184246000001, -5.147940099999971], [119.41842230000009, -5.148017399999958], [119.41842150000002, -5.14804689999994], [119.4184196000001, -5.148108899999954], [119.41844970000011, -5.148413099999971], [119.41850090000003, -5.149243199999944], [119.4185278000001, -5.150013299999955], [119.4185668, -5.15080729999994], [119.41857, -5.15164969999995], [119.41856440000004, -5.151937199999963], [119.41856450000012, -5.151980399999957], [119.418565, -5.152094799999929], [119.41911760000005, -5.152096], [119.42106220000005, -5.152027399999952], [119.42211740000005, -5.151976399999967], [119.42339830000003, -5.151933799999938], [119.42339790000005, -5.152010899999937], [119.42398120000007, -5.152018899999973], [119.42406970000002, -5.152017599999965], [119.42456420000008, -5.152010399999938], [119.42474640000012, -5.152002499999981], [119.42482560000008, -5.152016299999957], [119.42515480000009, -5.15207369999996], [119.42547490000004, -5.152304499999957], [119.4256233000001, -5.152411499999971], [119.42569120000007, -5.152466899999979], [119.42580490000012, -5.15256009999996], [119.42580710000004, -5.152561899999966], [119.425851, -5.152453799999932], [119.42584170000009, -5.152446399999974], [119.42581490000009, -5.152425199999925], [119.4259925, -5.152258899999936], [119.42607790000011, -5.152142799999979], [119.42598420000002, -5.151954199999977], [119.4259866000001, -5.151805699999954], [119.42599220000011, -5.151510099999939], [119.42599330000007, -5.15145769999998], [119.42599670000004, -5.151361899999927], [119.42600020000009, -5.151299199999926], [119.42601320000006, -5.151066599999979], [119.42603050000002, -5.150841299999968], [119.4260369000001, -5.150720799999931], [119.42605750000007, -5.150556399999971], [119.42610120000006, -5.150176699999975], [119.42610150000007, -5.150175499999932], [119.42618470000002, -5.149875899999927], [119.42632030000004, -5.149566599999957], [119.4264482000001, -5.149340199999926], [119.42656130000012, -5.149294699999928], [119.42671380000002, -5.149314699999934], [119.42673720000005, -5.149318299999948], [119.42674280000006, -5.149319199999979], [119.426824, -5.149362199999928], [119.42688920000012, -5.149395099999936], [119.42703570000003, -5.14940219999994], [119.42706380000004, -5.149387399999966], [119.42710690000001, -5.149355599999978], [119.42713420000007, -5.149063599999977], [119.42714320000005, -5.148982], [119.4271609000001, -5.148914299999944], [119.42717290000007, -5.148871499999927], [119.42718820000005, -5.148886699999935], [119.42719640000007, -5.148885599999971], [119.42727, -5.148876199999961], [119.42727060000004, -5.148872], [119.42733220000002, -5.148878899999943], [119.42733320000002, -5.148878399999944], [119.42733380000004, -5.148878099999934], [119.42733870000006, -5.148879199999953], [119.42763760000003, -5.148912199999927], [119.4279451000001, -5.148919799999931], [119.42813190000004, -5.148934699999927], [119.42823460000011, -5.148942899999952], [119.42826090000005, -5.148946499999965], [119.42854720000003, -5.148983799999939], [119.4288289000001, -5.149017899999933], [119.428829, -5.149018], [119.42912380000007, -5.149045499999943], [119.42928340000003, -5.149049899999966], [119.42933360000006, -5.149052499999925], [119.42933370000003, -5.149052499999925], [119.4294033000001, -5.149055899999951], [119.4294291000001, -5.149051499999928], [119.42948440000009, -5.149042099999974], [119.429514, -5.14905129999994], [119.429552, -5.149063299999966], [119.42969380000011, -5.149082799999974], [119.4297676000001, -5.149103299999979], [119.42980870000008, -5.148954899999978], [119.42982820000009, -5.148883299999966], [119.42983660000004, -5.148848199999975], [119.42985380000005, -5.148776299999952], [119.429871, -5.148720599999933], [119.42988710000009, -5.148668699999973], [119.42993280000007, -5.148628499999973], [119.4300048, -5.148600099999953], [119.43005670000002, -5.148415099999966], [119.4300730000001, -5.148359], [119.430171, -5.148020699999961], [119.43020280000007, -5.147907], [119.43021910000004, -5.147834199999977], [119.4302464000001, -5.147712799999965], [119.43028290000007, -5.147558599999968], [119.43036150000012, -5.147508099999925], [119.43049360000009, -5.147418199999947], [119.4306008000001, -5.147349399999939], [119.43076320000011, -5.14724549999994], [119.43095380000011, -5.147109], [119.431112, -5.146996799999954], [119.43125210000005, -5.146836499999949], [119.43143490000011, -5.146487399999955], [119.43143950000001, -5.146474599999976], [119.43148350000001, -5.146361199999944]]] 
      }
    },
    {
      "type": "Feature",
      "properties": {
        "district_id": "7371050",
        "province": "Sulawesi Selatan",
        "regency": "Makassar",
        "district": "Ujung Pandang",
        "pria": 12071,
        "wanita": 12805,
        "total_penduduk": 24876
      },
      "geometry": {
        "type": "MultiPolygon",
        "coordinates": [[[[119.40821790000007, -5.132927199999926], [119.40655, -5.132757099999935], [119.40632610000011, -5.132515099999978], [119.40598710000006, -5.132311499999958], [119.40547230000004, -5.132064699999944], [119.4047445000001, -5.131712199999981], [119.40387460000011, -5.131262399999969], [119.403155, -5.130847899999935], [119.40288510000005, -5.131273399999941], [119.40192420000005, -5.13272749999993], [119.40174880000006, -5.13301279999996], [119.40202110000007, -5.133200299999942], [119.40202760000011, -5.133188399999938], [119.4021024000001, -5.133258499999954], [119.40215360000002, -5.133149699999933], [119.4021689000001, -5.133153399999969], [119.40215940000007, -5.1331], [119.40334230000008, -5.133348399999932], [119.40382260000001, -5.132584399999928], [119.4038488000001, -5.132676699999934], [119.40389660000005, -5.132711699999959], [119.40405040000007, -5.132637], [119.40404360000002, -5.132687499999975], [119.40409980000004, -5.132786199999941], [119.40407010000001, -5.132894399999941], [119.40400020000004, -5.132959899999946], [119.40401580000002, -5.133110599999952], [119.40396090000002, -5.133151], [119.40393940000001, -5.133040599999958], [119.403937, -5.133046399999955], [119.4038627000001, -5.133040799999947], [119.40383480000003, -5.133106099999964], [119.40382680000005, -5.133101499999952], [119.4037919000001, -5.133140599999933], [119.40380320000008, -5.133204299999932], [119.4037757000001, -5.133209499999964], [119.40376620000006, -5.133340099999941], [119.40381880000007, -5.133339899999953], [119.40381590000004, -5.133252], [119.40386350000006, -5.133251799999925], [119.40403150000009, -5.133296399999949], [119.4040242000001, -5.133351699999935], [119.40404930000011, -5.133361599999944], [119.40400010000008, -5.133603], [119.4039474000001, -5.133910899999933], [119.40382840000007, -5.13393119999995], [119.40382280000006, -5.133942799999943], [119.40378970000006, -5.133941599999957], [119.4037899000001, -5.133989299999939], [119.40341130000002, -5.133915399999978], [119.40341360000002, -5.133865199999946], [119.40338860000008, -5.133865199999946], [119.40337880000004, -5.133915499999944], [119.40319820000002, -5.133876], [119.40322820000006, -5.133860799999979], [119.40323060000003, -5.133815599999934], [119.4031304, -5.133816], [119.40311290000011, -5.133823599999971], [119.4031781000001, -5.133856], [119.40317070000003, -5.133876099999952], [119.40307790000008, -5.133861399999944], [119.4030977000001, -5.133803499999942], [119.40297250000003, -5.133806499999935], [119.40297260000011, -5.133834199999967], [119.40294250000011, -5.133831799999939], [119.40293990000009, -5.13380669999998], [119.4028522000001, -5.133794399999942], [119.40284720000011, -5.133809499999927], [119.4026692000001, -5.13377], [119.40265090000003, -5.133805499999937], [119.40264530000002, -5.133804399999974], [119.4026745000001, -5.133840299999974], [119.4027522, -5.133847599999967], [119.40273700000012, -5.13380989999996], [119.40324350000003, -5.133918499999936], [119.40318730000001, -5.133954899999935], [119.40321830000005, -5.133960899999977], [119.40319110000007, -5.133984], [119.40315350000003, -5.133981699999936], [119.40315120000002, -5.134021899999937], [119.403254, -5.134044099999926], [119.40328650000004, -5.134033899999963], [119.40327390000004, -5.13401639999995], [119.40333890000011, -5.133984299999952], [119.403345, -5.133985499999937], [119.40334380000002, -5.133945799999935], [119.403785, -5.134027], [119.40379280000002, -5.134109899999942], [119.40385050000009, -5.134109699999954], [119.40384070000005, -5.13417], [119.40378550000003, -5.134167699999978], [119.40378070000008, -5.134212899999966], [119.4038283000001, -5.134222799999975], [119.4038299, -5.134312], [119.40386500000011, -5.134311799999978], [119.40385770000012, -5.134364599999969], [119.40382260000001, -5.134364699999935], [119.40380760000005, -5.134374799999932], [119.40376270000002, -5.134371199999975], [119.4037446000001, -5.13428209999995], [119.40355430000011, -5.134292899999934], [119.40357960000006, -5.134375699999964], [119.40363720000005, -5.134367899999972], [119.40363730000001, -5.134396699999968], [119.40362090000008, -5.134394899999961], [119.40361790000009, -5.13442189999995], [119.4036334000001, -5.134423199999958], [119.4036076000001, -5.134473499999956], [119.40375090000009, -5.134471], [119.40375360000007, -5.134482899999966], [119.40376980000008, -5.134485599999948], [119.40376990000004, -5.134486199999969], [119.4038882000001, -5.134487599999943], [119.40388590000009, -5.134547899999973], [119.4037882, -5.134545699999933], [119.40380140000002, -5.134714], [119.403884, -5.134716199999957], [119.40391270000009, -5.134997399999975], [119.4038849000001, -5.135275], [119.40383530000008, -5.135413399999948], [119.40383070000007, -5.135534], [119.40381330000002, -5.135559099999966], [119.40381350000007, -5.135616899999945], [119.40384360000007, -5.135621799999967], [119.40383870000005, -5.13565449999993], [119.40376, -5.135657099999946], [119.40376160000005, -5.135673], [119.40353630000004, -5.135730299999977], [119.40344220000009, -5.135743699999978], [119.40344220000009, -5.13574639999996], [119.40298570000004, -5.135844899999938], [119.40297240000007, -5.13578339999998], [119.4029097, -5.135781099999974], [119.40287950000004, -5.135728399999948], [119.40286810000009, -5.135802899999931], [119.40285630000005, -5.135802899999931], [119.402887, -5.135942099999966], [119.40292270000009, -5.135948499999927], [119.40291780000007, -5.135937199999944], [119.40299550000009, -5.135939], [119.40299290000007, -5.135913899999935], [119.40303050000011, -5.135913799999969], [119.4030289000001, -5.135883899999953], [119.40319210000007, -5.135849399999927], [119.40338830000007, -5.135789299999942], [119.40373120000004, -5.135710199999949], [119.40386380000007, -5.135677], [119.40390230000003, -5.135908], [119.40385970000011, -5.135918199999935], [119.40393610000001, -5.136229299999968], [119.40386110000009, -5.136248199999955], [119.40387370000008, -5.136304199999927], [119.4038968000001, -5.136403899999948], [119.40350740000008, -5.13651729999998], [119.40344270000003, -5.136526299999957], [119.40326, -5.136586399999942], [119.40330460000007, -5.136784399999954], [119.4034180000001, -5.136761699999965], [119.40342590000012, -5.136800299999948], [119.40346450000004, -5.136803399999962], [119.40361180000002, -5.137358799999959], [119.40363320000006, -5.137500799999941], [119.4036784000001, -5.137504099999944], [119.4041664, -5.137396399999943], [119.40441690000011, -5.137302799999929], [119.40446140000006, -5.137378699999942], [119.40436380000006, -5.137395699999956], [119.404384, -5.137443399999938], [119.4044742000001, -5.137438], [119.40446190000011, -5.137488299999973], [119.40426920000004, -5.137536799999964], [119.40427680000005, -5.137571899999955], [119.4040539, -5.137602899999933], [119.40403920000006, -5.137680799999941], [119.40411730000005, -5.137803599999927], [119.40419010000005, -5.137830899999926], [119.40435270000012, -5.137780099999929], [119.4043299000001, -5.137704799999938], [119.404355, -5.137704699999972], [119.40437020000002, -5.137767499999939], [119.40445540000007, -5.137757099999931], [119.404503, -5.137754399999949], [119.4045109000001, -5.137828599999978], [119.40448910000009, -5.137837], [119.40456530000006, -5.138162499999964], [119.40464550000002, -5.138427], [119.40468580000004, -5.138612099999932], [119.40484420000007, -5.138598299999956], [119.40489760000003, -5.138756899999976], [119.40502960000003, -5.138756399999977], [119.40522750000002, -5.138729199999943], [119.40528050000012, -5.138781899999969], [119.40542570000002, -5.138781399999971], [119.40567890000011, -5.139415699999972], [119.40573620000009, -5.139509799999928], [119.40596120000009, -5.140028], [119.4059823, -5.140076599999929], [119.40603570000007, -5.14019959999996], [119.40671430000009, -5.141604399999949], [119.40721310000004, -5.142695699999933], [119.40722370000003, -5.142768299999943], [119.40718750000008, -5.14279449999998], [119.4072241, -5.142872199999942], [119.4072139000001, -5.142919], [119.40725550000002, -5.142970799999944], [119.407147, -5.143038699999977], [119.4070852000001, -5.143127199999981], [119.4070286000001, -5.143215699999928], [119.40697990000001, -5.143358699999965], [119.40697020000005, -5.14353529999994], [119.4069809, -5.14361839999998], [119.40695520000008, -5.143675599999938], [119.4069555000001, -5.143763899999954], [119.40688320000004, -5.143805699999973], [119.4068936000001, -5.143831599999942], [119.40675910000004, -5.143884], [119.40670180000006, -5.143775199999936], [119.40668620000008, -5.143759699999976], [119.4066448000001, -5.143785799999932], [119.40670220000004, -5.143894599999953], [119.40667660000008, -5.143962299999941], [119.40670260000002, -5.143988099999945], [119.40674400000012, -5.143982799999947], [119.40678580000008, -5.144091699999933], [119.4068324000001, -5.144086299999969], [119.40679050000006, -5.143967], [119.40681110000003, -5.143935799999952], [119.40690930000005, -5.143878299999926], [119.4069353000001, -5.143909299999962], [119.4069922000001, -5.143878], [119.40714790000004, -5.143960499999935], [119.40733490000002, -5.144110399999931], [119.40752170000007, -5.144182399999977], [119.40766670000005, -5.14417659999998], [119.40775990000009, -5.144181499999945], [119.40776950000009, -5.144195199999956], [119.40780680000012, -5.144248799999957], [119.40788960000009, -5.144232899999963], [119.40800050000007, -5.144798599999945], [119.40801580000004, -5.144859599999961], [119.40800370000011, -5.144868599999938], [119.40813190000006, -5.145312199999978], [119.40841060000002, -5.146417299999939], [119.4085050000001, -5.146738899999946], [119.40860710000004, -5.146985099999938], [119.40865670000005, -5.147104699999943], [119.40865710000003, -5.147112599999957], [119.408793, -5.147507], [119.40908650000006, -5.148063499999978], [119.40944650000006, -5.148746], [119.41278860000011, -5.148526499999946], [119.41294830000004, -5.148516], [119.41535820000001, -5.148384299999975], [119.4153444000001, -5.148462299999949], [119.41551120000008, -5.149780199999952], [119.41575560000001, -5.151937199999963], [119.41576010000006, -5.151976799999943], [119.41577040000004, -5.152068799999938], [119.41577560000007, -5.152114599999948], [119.41856510000002, -5.152143699999954], [119.418565, -5.152094799999929], [119.41856450000012, -5.151980399999957], [119.41856440000004, -5.151937199999963], [119.41857, -5.15164969999995], [119.4185668, -5.15080729999994], [119.4185278000001, -5.150013299999955], [119.41850090000003, -5.149243199999944], [119.41844970000011, -5.148413099999971], [119.4184196000001, -5.148108899999954], [119.41842150000002, -5.14804689999994], [119.41842230000009, -5.148017399999958], [119.4184246000001, -5.147940099999971], [119.4175404, -5.147856799999943], [119.41753990000007, -5.147705899999949], [119.4175533, -5.147300799999925], [119.4175772000001, -5.147025699999972], [119.4175570000001, -5.146813899999927], [119.41748020000011, -5.145701499999973], [119.41880160000005, -5.145881199999963], [119.4199043000001, -5.146098], [119.42100280000011, -5.146246399999939], [119.421197, -5.146242799999925], [119.4211772000001, -5.146205799999962], [119.42117640000004, -5.146191199999976], [119.4211752000001, -5.146173599999941], [119.42105060000006, -5.144312299999967], [119.4210485000001, -5.144285399999944], [119.42104640000002, -5.144258899999954], [119.42104110000002, -5.14419289999995], [119.42095920000008, -5.143169299999954], [119.42091590000007, -5.142628299999956], [119.42090750000011, -5.142523199999971], [119.42088110000009, -5.142322799999931], [119.42087110000011, -5.142246499999942], [119.42086560000007, -5.142205], [119.42086160000008, -5.142174299999965], [119.42085480000003, -5.142122899999947], [119.42065610000009, -5.140614], [119.42065230000003, -5.140585399999964], [119.42064790000006, -5.14056], [119.42063530000007, -5.14048809999997], [119.42063650000011, -5.140488], [119.42063510000003, -5.140478299999927], [119.42062090000002, -5.140376], [119.42041090000009, -5.13932879999993], [119.41996690000008, -5.139400399999943], [119.418694, -5.139555599999937], [119.41828360000011, -5.13794], [119.41819980000002, -5.137523599999952], [119.41820810000002, -5.137522299999944], [119.41802650000011, -5.13686249999995], [119.41787820000002, -5.136293399999943], [119.41777050000007, -5.135937299999966], [119.41772340000011, -5.135772599999939], [119.41766610000002, -5.135567599999945], [119.41766230000007, -5.135554], [119.41766220000011, -5.135554], [119.41766170000005, -5.135552], [119.41766110000003, -5.135552], [119.41765320000002, -5.135552899999936], [119.417653, -5.135552699999948], [119.41755820000003, -5.135561699999926], [119.41754630000003, -5.135564699999975], [119.41662480000002, -5.132119799999941], [119.41340560000003, -5.133104299999957], [119.41336120000005, -5.133111], [119.413361, -5.133110199999976], [119.411866, -5.133059199999934], [119.40829880000001, -5.132935399999951], [119.40821790000007, -5.132927199999926]]], [[[119.40052430000003, -5.113421499999959], [119.40053650000004, -5.113407399999971], [119.4005264000001, -5.113333], [119.40054580000003, -5.113228699999979], [119.4005012, -5.11322389999998], [119.4002885000001, -5.113249599999961], [119.4002938000001, -5.113343799999939], [119.40031390000001, -5.113438099999939], [119.40034960000003, -5.113467699999944], [119.40034790000004, -5.113469], [119.40036290000012, -5.113503799999933], [119.400431, -5.113610199999925], [119.40045050000003, -5.113668299999972], [119.4002190000001, -5.113804899999934], [119.400007, -5.113989799999956], [119.39991080000004, -5.114106499999934], [119.39983390000009, -5.114213399999926], [119.39980130000004, -5.114318099999934], [119.39982290000012, -5.11438579999998], [119.3997965000001, -5.114562499999977], [119.39965150000012, -5.114563099999941], [119.39963190000003, -5.114505], [119.39940960000001, -5.114515499999925], [119.39941010000007, -5.114651199999969], [119.39966160000006, -5.114679299999978], [119.39964210000005, -5.114631], [119.39982570000006, -5.114630299999931], [119.39983610000002, -5.114804699999979], [119.39989430000003, -5.114862599999981], [119.4000009, -5.114930099999981], [119.40006830000004, -5.114862], [119.40012750000005, -5.115172], [119.40004050000005, -5.115191699999968], [119.40012780000006, -5.115268899999933], [119.4001664000001, -5.115249399999925], [119.40018610000004, -5.11535589999994], [119.40011850000008, -5.115356199999951], [119.40012850000005, -5.115462799999932], [119.4002928000001, -5.115452399999981], [119.40028280000001, -5.115345899999966], [119.40022470000008, -5.115336399999933], [119.4002144000001, -5.115142599999956], [119.4002723000001, -5.115132599999981], [119.40027210000005, -5.115084199999956], [119.40017550000005, -5.115084499999966], [119.40012640000009, -5.114890899999978], [119.4002554000001, -5.114819699999941], [119.40029030000005, -5.114764199999968], [119.40047350000009, -5.114647199999979], [119.40069530000005, -5.114481599999976], [119.40085990000011, -5.114548799999966], [119.4008725000001, -5.114553899999976], [119.40087430000005, -5.114551699999936], [119.4008751, -5.114550299999962], [119.40090220000002, -5.114577299999951], [119.40117970000006, -5.114665599999967], [119.4012143000001, -5.114630799999929], [119.40118940000002, -5.114601099999959], [119.40107540000008, -5.114561799999933], [119.40089690000002, -5.114510099999961], [119.40090490000011, -5.114495499999975], [119.40079180000009, -5.11445219999996], [119.40093640000009, -5.114345], [119.4010158000001, -5.114291499999979], [119.40110090000007, -5.114135099999942], [119.40129980000006, -5.11384419999996], [119.40128260000006, -5.113839599999949], [119.4011279, -5.113849899999934], [119.40105, -5.113675699999931], [119.40091440000003, -5.11361809999994], [119.40080780000005, -5.11355059999994], [119.40081730000009, -5.113502099999948], [119.40076870000007, -5.113434499999926], [119.40052720000006, -5.113474099999962], [119.40052430000003, -5.113421499999959]]], [[[119.39253860000008, -5.128579299999956], [119.392531, -5.128492699999981], [119.39249110000003, -5.128422199999932], [119.3925676, -5.128179599999953], [119.39264440000011, -5.128053299999976], [119.39282670000011, -5.127674599999978], [119.39303780000012, -5.127247299999965], [119.39340240000001, -5.12650919999993], [119.39374780000003, -5.125790599999959], [119.39383350000003, -5.125597099999936], [119.39387520000002, -5.125554899999941], [119.39390130000004, -5.125479899999959], [119.3940301, -5.125390399999958], [119.39402430000007, -5.12534519999997], [119.39411480000001, -5.125284199999953], [119.39420940000002, -5.125129799999968], [119.39433430000008, -5.124916], [119.3944494000001, -5.124692699999969], [119.39455490000012, -5.124449899999945], [119.39467960000002, -5.124187799999959], [119.39477560000012, -5.124012899999968], [119.3948233000001, -5.12384789999993], [119.394958, -5.123673], [119.39503450000007, -5.123449699999981], [119.39513040000008, -5.12324579999995], [119.39523610000003, -5.123070899999959], [119.39533210000002, -5.12288639999997], [119.3953653000001, -5.122838599999966], [119.39541840000004, -5.12269219999996], [119.39549520000003, -5.122536799999978], [119.39554310000005, -5.12243], [119.39556190000008, -5.122274899999979], [119.39556120000009, -5.122081], [119.39561880000008, -5.121983899999975], [119.39574360000006, -5.121741099999952], [119.39587820000008, -5.121546699999953], [119.3960221000001, -5.121255299999973], [119.39610850000008, -5.121090199999969], [119.3961174000001, -5.121081299999958], [119.39613710000003, -5.120973799999945], [119.3961852000001, -5.120925199999931], [119.39624290000006, -5.120828], [119.3962907, -5.120682399999964], [119.39636470000005, -5.120638199999973], [119.39647150000008, -5.120404699999938], [119.39659160000008, -5.120291699999939], [119.39661750000005, -5.120177199999944], [119.39662690000011, -5.120109299999967], [119.39662670000007, -5.120060799999976], [119.39652980000005, -5.120003], [119.39644290000001, -5.120032399999957], [119.39636580000001, -5.12009089999998], [119.39632270000004, -5.120107699999949], [119.396308, -5.120136299999956], [119.39629610000009, -5.120163], [119.3962428000001, -5.120194699999956], [119.39609010000004, -5.120383299999958], [119.3957842000001, -5.120640799999933], [119.39553, -5.121017799999947], [119.395361, -5.121428599999945], [119.39524340000003, -5.121890499999949], [119.39522780000004, -5.122266599999932], [119.39522090000003, -5.122298199999932], [119.39515620000009, -5.122363599999971], [119.3950986000001, -5.122480199999927], [119.39503150000007, -5.122635499999944], [119.39499340000009, -5.122781], [119.39497640000002, -5.122835], [119.39485550000006, -5.123003], [119.39485610000008, -5.123091199999976], [119.394751, -5.123339599999952], [119.3947286, -5.123419199999944], [119.39467990000003, -5.123540699999978], [119.39462730000002, -5.123620399999936], [119.394605, -5.123707699999954], [119.39460280000003, -5.123716799999954], [119.3945235000001, -5.123810299999946], [119.39445640000008, -5.123975299999927], [119.39437020000003, -5.124179199999958], [119.39432410000006, -5.124319499999956], [119.39422600000012, -5.124498], [119.39415170000007, -5.12459089999993], [119.39413030000003, -5.124664799999948], [119.39405370000009, -5.124858899999936], [119.39398670000003, -5.12503369999996], [119.39387150000005, -5.125266699999941], [119.39375610000002, -5.125412599999947], [119.39370150000002, -5.125477699999976], [119.39364820000003, -5.125663399999951], [119.3935954000001, -5.125690099999929], [119.39356160000011, -5.125743299999954], [119.39352780000002, -5.12580029999998], [119.39351290000002, -5.125857199999928], [119.39349430000004, -5.125936799999977], [119.39339280000002, -5.126215099999968], [119.39333250000004, -5.126283499999943], [119.39325740000004, -5.126420199999927], [119.39321250000012, -5.126518899999951], [119.393175, -5.126598599999966], [119.39309980000007, -5.126712599999962], [119.39304340000001, -5.126807499999927], [119.39286690000006, -5.12720719999993], [119.39281420000009, -5.127275599999962], [119.39277290000007, -5.127355399999942], [119.39271660000009, -5.127457899999968], [119.39260800000011, -5.127723499999945], [119.392578, -5.127795599999956], [119.39251420000005, -5.127924699999937], [119.39245030000006, -5.128023399999961], [119.39241670000001, -5.128110699999979], [119.3923754000001, -5.128194199999939], [119.39234540000007, -5.128255], [119.39234560000011, -5.128308], [119.392355, -5.128323899999941], [119.39231160000008, -5.128489199999933], [119.392433, -5.128625099999965], [119.39253860000008, -5.128579299999956]]], [[[119.34336630000007, -5.12616509999998], [119.34352910000007, -5.126019299999939], [119.34364220000009, -5.125955499999975], [119.34372090000011, -5.125894499999958], [119.343776, -5.125854699999934], [119.343852, -5.125774299999932], [119.34388350000006, -5.125729199999967], [119.34390170000006, -5.125697499999944], [119.34392250000008, -5.125631399999975], [119.34392770000011, -5.125581199999942], [119.34391950000008, -5.125520499999936], [119.34390090000011, -5.125465199999951], [119.3438718000001, -5.125446699999941], [119.34382960000005, -5.125436299999933], [119.34378470000001, -5.125389], [119.34377670000003, -5.12534409999995], [119.34378970000012, -5.125293899999974], [119.34374950000006, -5.125117199999977], [119.34373620000008, -5.125082899999938], [119.34372540000004, -5.125006399999961], [119.34369370000002, -5.124966899999947], [119.34366180000006, -5.124914199999978], [119.3436405000001, -5.124861499999952], [119.3436273000001, -5.124832399999946], [119.34361390000004, -5.124779699999976], [119.34357960000011, -5.124735], [119.34346820000007, -5.124644899999964], [119.343418, -5.124589699999945], [119.34333870000012, -5.124537199999963], [119.34327560000008, -5.124524199999939], [119.34320960000002, -5.124492699999962], [119.343133, -5.124429699999951], [119.34300330000008, -5.124271699999952], [119.342966, -5.124171499999932], [119.34295010000005, -5.124126699999977], [119.3429235000001, -5.124052899999981], [119.34287860000006, -5.124008099999969], [119.342789, -5.123992599999951], [119.34271510000008, -5.123966499999938], [119.34268070000007, -5.123919099999966], [119.34265410000012, -5.12386639999994], [119.34259880000002, -5.123834899999963], [119.3425433000001, -5.123821899999939], [119.34246170000006, -5.123816899999952], [119.34234590000005, -5.123825299999964], [119.34227210000006, -5.123849299999961], [119.34222750000004, -5.123873199999935], [119.34215920000008, -5.123921], [119.3421383000001, -5.123960699999941], [119.34214220000001, -5.124312299999929], [119.3421479000001, -5.124433799999963], [119.34214040000006, -5.124547399999926], [119.34213540000007, -5.124618699999928], [119.34212520000005, -5.124727], [119.34213350000005, -5.124822], [119.34217090000004, -5.124980299999947], [119.342277, -5.125148899999942], [119.34230880000007, -5.125214799999981], [119.34234330000004, -5.125283299999978], [119.34246810000002, -5.125442199999952], [119.3425079000001, -5.125508099999934], [119.34254240000007, -5.125595099999941], [119.34258480000005, -5.125655699999925], [119.34264280000002, -5.125695099999973], [119.342701, -5.125734499999965], [119.34276970000008, -5.125789599999962], [119.34280950000004, -5.125871399999937], [119.3428441000001, -5.125976899999955], [119.3428894000001, -5.126119299999971], [119.34296860000006, -5.126187699999946], [119.343111, -5.126205599999935], [119.34320580000008, -5.126210499999956], [119.34329, -5.126212899999928], [119.34336630000007, -5.12616509999998]]], [[[119.38932380000006, -5.131033199999933], [119.3893058000001, -5.131024299999979], [119.38927290000004, -5.131021399999952], [119.38926210000011, -5.131018899999958], [119.38917890000005, -5.131041499999981], [119.38917590000005, -5.131037899999967], [119.38916840000002, -5.131051699999944], [119.38915340000005, -5.131042799999932], [119.38913840000009, -5.131024899999943], [119.38909650000005, -5.131025], [119.38905470000009, -5.131031199999939], [119.38903080000011, -5.131052299999965], [119.389013, -5.13109129999998], [119.3890149, -5.13112689999997], [119.38902530000007, -5.131174199999975], [119.3890219000001, -5.131177599999944], [119.389178, -5.13171269999998], [119.38919040000007, -5.131782599999951], [119.38923390000002, -5.132088599999975], [119.38931180000009, -5.132513499999959], [119.38931230000003, -5.13251379999997], [119.38931750000006, -5.132559], [119.38937080000005, -5.132620499999973], [119.38952340000003, -5.133107199999927], [119.38976510000009, -5.133909599999981], [119.38979580000012, -5.134027299999957], [119.38982930000009, -5.134816299999954], [119.38985670000011, -5.135334899999975], [119.38988250000011, -5.135428399999967], [119.38987440000005, -5.135522], [119.38988170000005, -5.13563849999997], [119.38998570000001, -5.135793699999965], [119.3900542, -5.13598049999996], [119.3901313, -5.136184399999934], [119.390208, -5.136277599999971], [119.39021650000007, -5.13628609999995], [119.39006340000003, -5.136532699999975], [119.38987640000005, -5.136873099999946], [119.38986150000005, -5.136900299999979], [119.38986220000004, -5.136902199999952], [119.38984820000007, -5.13693619999998], [119.38983830000006, -5.136974299999963], [119.38983840000003, -5.137], [119.3899302000001, -5.137070799999947], [119.38993030000006, -5.137071], [119.39019170000006, -5.137279099999944], [119.39066230000003, -5.137573799999927], [119.39097290000007, -5.137735799999973], [119.39128690000007, -5.137928099999954], [119.39161780000006, -5.138175399999966], [119.3916733000001, -5.138209599999925], [119.39192980000007, -5.138430799999981], [119.39196370000002, -5.138471599999946], [119.39201880000007, -5.138505599999974], [119.3920839000001, -5.138591899999938], [119.39227950000009, -5.138730899999928], [119.39257780000003, -5.138897499999928], [119.39268820000007, -5.138951099999929], [119.39277770000001, -5.138985099999957], [119.39282790000004, -5.138990499999977], [119.39286030000005, -5.139000399999929], [119.39291950000006, -5.139036], [119.39297540000007, -5.139072699999929], [119.39304690000006, -5.139112599999976], [119.3931162, -5.139140299999951], [119.39317190000008, -5.139144599999952], [119.393221, -5.139132099999927], [119.39324980000004, -5.139100699999972], [119.39328650000004, -5.139058099999943], [119.39331980000009, -5.139016599999934], [119.39332750000005, -5.138988599999948], [119.39333180000006, -5.13895279999997], [119.39334170000006, -5.138919199999975], [119.39335050000011, -5.138892399999975], [119.3933637, -5.138854299999934], [119.39339540000003, -5.138819799999965], [119.393396, -5.138816899999938], [119.39342320000003, -5.138778299999956], [119.39346420000004, -5.138723099999936], [119.39346890000002, -5.138717299999939], [119.39351120000003, -5.138650799999937], [119.39365, -5.138462], [119.39380090000009, -5.138256199999944], [119.3938108000001, -5.138235499999951], [119.39383180000004, -5.138190699999939], [119.39383820000012, -5.138123599999972], [119.39383440000006, -5.138064399999962], [119.39382850000004, -5.138052699999946], [119.39382730000011, -5.138027], [119.39383390000012, -5.138001199999962], [119.39384810000001, -5.137920699999938], [119.39389840000001, -5.137864599999943], [119.39391300000011, -5.137856299999953], [119.39393860000007, -5.137825899999939], [119.3939918000001, -5.137749699999972], [119.39402060000009, -5.137689199999954], [119.3940315000001, -5.137613099999953], [119.39403230000005, -5.137542699999926], [119.39399520000006, -5.137470199999939], [119.39397840000004, -5.137445599999978], [119.39391240000009, -5.137387699999977], [119.39390810000009, -5.137379799999962], [119.39382920000003, -5.137319399999967], [119.3937836, -5.137299299999938], [119.393593, -5.137252599999954], [119.3934312, -5.137208399999963], [119.39332740000009, -5.137189799999931], [119.3932516000001, -5.13718], [119.39319360000002, -5.13716919999996], [119.39319010000008, -5.137170199999957], [119.39316680000002, -5.137165799999934], [119.39310870000008, -5.137149299999976], [119.39305520000005, -5.137141699999972], [119.39300960000003, -5.137162], [119.39297290000002, -5.137200099999973], [119.3929329, -5.137247199999933], [119.39289310000004, -5.13729909999995], [119.3928671000001, -5.137299199999973], [119.39273560000004, -5.137240499999962], [119.392329, -5.136998], [119.3923205000001, -5.136992899999939], [119.392311, -5.136983399999963], [119.39179590000003, -5.136567799999966], [119.39178880000009, -5.136563], [119.39155620000008, -5.136397799999941], [119.39115790000005, -5.136216599999955], [119.39070920000006, -5.135836199999972], [119.3905042, -5.135604], [119.390485, -5.135494199999926], [119.3903477, -5.135078], [119.39014120000002, -5.134287799999925], [119.39000990000011, -5.134066], [119.38997890000007, -5.133949], [119.3898766000001, -5.133585899999957], [119.38979720000009, -5.133335099999954], [119.38952270000004, -5.132382499999949], [119.38923280000006, -5.131298799999968], [119.38921950000008, -5.13124339999996], [119.38921440000001, -5.131222199999968], [119.38921890000006, -5.131220199999973], [119.38921370000003, -5.131189499999948], [119.38922860000002, -5.131165399999929], [119.38925540000002, -5.13115629999993], [119.38927340000009, -5.13115629999993], [119.38930330000005, -5.131165199999941], [119.38931240000011, -5.131186099999979], [119.38931550000007, -5.131213099999968], [119.38933050000003, -5.13124], [119.38935740000011, -5.131245899999954], [119.38939030000006, -5.131236799999954], [119.3894021000001, -5.131209699999943], [119.38942, -5.131188699999939], [119.38941690000001, -5.131158699999958], [119.38940180000009, -5.131116799999972], [119.38936580000006, -5.131072], [119.38932380000006, -5.131033199999933]]]] 
      }
    },
    {
      "type": "Feature",
      "properties": {
        "district_id": "7371060",
        "province": "Sulawesi Selatan",
        "regency": "Makassar",
        "district": "Wajo",
        "pria": 14440,
        "wanita": 14951,
        "total_penduduk": 29391
      },
      "geometry": {
        "type": "Polygon",
        "coordinates": [[[119.40688970000008, -5.123919499999943], [119.4068784000001, -5.123917699999936], [119.406768, -5.124494399999946], [119.40653350000002, -5.125597099999936], [119.40647660000002, -5.125613599999951], [119.4064555000001, -5.125719], [119.4064555000001, -5.125727799999936], [119.40650260000007, -5.12573569999995], [119.40651480000008, -5.125841399999956], [119.40665170000011, -5.125882399999966], [119.40670860000012, -5.125882199999978], [119.40687930000001, -5.125913499999967], [119.40702490000001, -5.125928899999963], [119.40706620000003, -5.125959099999932], [119.40719820000004, -5.125963899999931], [119.40720470000008, -5.125948799999946], [119.407205, -5.125943699999937], [119.40722640000001, -5.125938499999961], [119.40726280000001, -5.125883299999941], [119.4072182000001, -5.125862499999926], [119.407218, -5.125815199999977], [119.40718920000006, -5.125815299999942], [119.40721220000012, -5.125652499999944], [119.40719380000007, -5.125642099999936], [119.40717250000012, -5.12565989999996], [119.4071484000001, -5.125654499999939], [119.40712130000009, -5.125684199999966], [119.40710390000004, -5.125676299999952], [119.40713330000005, -5.12554259999996], [119.40718820000006, -5.125539799999956], [119.40720890000011, -5.125474099999963], [119.4072384000001, -5.125467799999967], [119.40724790000002, -5.12547619999998], [119.40730940000003, -5.125498799999946], [119.40731160000007, -5.12548739999994], [119.40739810000002, -5.125505299999929], [119.40740730000005, -5.125532599999929], [119.40743, -5.125523399999963], [119.40743210000005, -5.125468699999942], [119.40747080000006, -5.125477699999976], [119.40746180000008, -5.12551869999993], [119.40745960000004, -5.12551869999993], [119.40748150000002, -5.125578], [119.40755980000006, -5.125591199999974], [119.40756220000003, -5.125584499999945], [119.40762810000001, -5.125584299999957], [119.40763490000006, -5.125575099999935], [119.40759160000005, -5.125543299999947], [119.407628, -5.12554549999993], [119.40763250000009, -5.125524899999959], [119.40759820000005, -5.125497699999926], [119.40771430000007, -5.125526899999954], [119.4077301000001, -5.125483499999973], [119.40752590000011, -5.125428499999941], [119.40753330000007, -5.125386699999979], [119.40777090000006, -5.125451399999974], [119.4077694, -5.125459199999966], [119.40780830000006, -5.125469199999941], [119.4076976, -5.125981399999944], [119.4076533000001, -5.125970799999948], [119.40765290000002, -5.125972499999932], [119.407585, -5.125958199999957], [119.4075825000001, -5.125994899999966], [119.40764410000008, -5.126010599999972], [119.40764280000008, -5.126016199999981], [119.40768730000002, -5.126020799999935], [119.40762290000009, -5.126296599999932], [119.4075812000001, -5.126281499999948], [119.40758070000004, -5.126283499999943], [119.40747550000003, -5.126257099999975], [119.40744410000002, -5.126423199999977], [119.40743740000005, -5.12642], [119.40735880000011, -5.126800899999978], [119.40731480000011, -5.126774599999976], [119.4073141, -5.12677709999997], [119.40726410000002, -5.126768199999958], [119.40726790000008, -5.126762], [119.40716120000002, -5.12675349999995], [119.40719830000012, -5.126694499999928], [119.407094, -5.126630699999964], [119.4070167000001, -5.126639], [119.4069713, -5.126620499999945], [119.40693660000011, -5.126620599999967], [119.40690160000008, -5.126584199999968], [119.40675150000004, -5.126564799999926], [119.40675110000006, -5.126566499999967], [119.40674160000003, -5.126551799999959], [119.40667230000008, -5.126565399999947], [119.40663240000003, -5.12660029999995], [119.4066295, -5.126522799999975], [119.40657830000009, -5.126523], [119.40656700000011, -5.126506199999938], [119.40648270000008, -5.126467799999944], [119.40628690000005, -5.126418299999955], [119.40617760000009, -5.126389099999926], [119.4061531000001, -5.126387099999931], [119.40603710000005, -5.12647149999998], [119.40600740000002, -5.126464799999951], [119.4060085000001, -5.126475099999936], [119.40597490000005, -5.12646849999993], [119.40596170000003, -5.126487599999962], [119.40590370000007, -5.12647469999996], [119.40589310000007, -5.126485399999979], [119.4058609000001, -5.12645079999993], [119.40577030000009, -5.126469899999961], [119.40567740000006, -5.126579899999967], [119.40565060000006, -5.126558599999953], [119.40561610000009, -5.126593499999956], [119.40565690000005, -5.126646099999959], [119.40563710000004, -5.126671499999929], [119.40547820000006, -5.126889899999981], [119.40547930000002, -5.126890399999979], [119.4054536000001, -5.126927499999965], [119.40544180000006, -5.126919599999951], [119.40540280000005, -5.126980899999978], [119.40520620000007, -5.126844], [119.40515390000007, -5.126918599999954], [119.40536080000004, -5.127069499999948], [119.405244, -5.12725329999995], [119.40524230000005, -5.127405], [119.40533290000008, -5.127407499999947], [119.40538820000006, -5.127354799999978], [119.4053431000001, -5.127422399999944], [119.40539390000004, -5.12742], [119.40521550000005, -5.127687199999968], [119.40517840000007, -5.127668], [119.4051717000001, -5.12767759999997], [119.40512890000002, -5.127662799999939], [119.4049619000001, -5.127666499999975], [119.40485350000006, -5.12761729999994], [119.40479810000011, -5.12768879999993], [119.40490650000004, -5.12773489999995], [119.40489790000004, -5.127747], [119.40496070000006, -5.12776729999996], [119.40497080000011, -5.12797489999997], [119.40507580000008, -5.127940399999943], [119.40472840000007, -5.128478099999938], [119.40459840000005, -5.128432099999941], [119.404515, -5.128451], [119.40447050000012, -5.128413899999941], [119.40446450000002, -5.128422399999977], [119.40424370000005, -5.128258199999948], [119.40419140000006, -5.12832659999998], [119.40441420000002, -5.128494699999976], [119.40440590000003, -5.12850659999998], [119.40448760000004, -5.128565799999933], [119.40448460000005, -5.128593699999954], [119.40461170000003, -5.12868], [119.4037475, -5.129942], [119.40361750000011, -5.129899099999932], [119.40355880000004, -5.129917899999953], [119.403493, -5.129871899999955], [119.40348760000006, -5.129879399999936], [119.40326750000008, -5.129736099999946], [119.40323990000002, -5.129804399999955], [119.40344290000007, -5.129941299999928], [119.40344230000005, -5.129942099999937], [119.40350030000002, -5.129977], [119.40347570000006, -5.130008099999941], [119.40348210000002, -5.130070099999955], [119.40363080000009, -5.130147], [119.40315090000001, -5.130845499999964], [119.403155, -5.130847899999935], [119.40387460000011, -5.131262399999969], [119.4047445000001, -5.131712199999981], [119.40547230000004, -5.132064699999944], [119.40598710000006, -5.132311499999958], [119.40632610000011, -5.132515099999978], [119.40655, -5.132757099999935], [119.40821790000007, -5.132927199999926], [119.40829880000001, -5.132935399999951], [119.411866, -5.133059199999934], [119.413361, -5.133110199999976], [119.41336120000005, -5.133111], [119.41340560000003, -5.133104299999957], [119.41662480000002, -5.132119799999941], [119.41672470000003, -5.132089199999939], [119.41666920000011, -5.131869799999947], [119.41660890000003, -5.131663399999979], [119.41659390000007, -5.131640299999958], [119.4165547, -5.131644], [119.4165018000001, -5.131523], [119.41647530000012, -5.131436299999962], [119.41641310000011, -5.131172799999945], [119.4163410000001, -5.130798399999946], [119.41624420000005, -5.130295699999976], [119.41621780000003, -5.130137599999955], [119.41620710000007, -5.130072899999959], [119.41615150000007, -5.129768399999932], [119.41610040000012, -5.129450299999974], [119.41605410000011, -5.129213899999968], [119.416031, -5.129100299999948], [119.41600810000011, -5.129032199999926], [119.41593490000002, -5.128855099999953], [119.4158844000001, -5.128700699999968], [119.41586440000003, -5.128641399999935], [119.4158685000001, -5.128637199999957], [119.41586740000002, -5.128634], [119.41584720000003, -5.128503799999976], [119.415815, -5.128314499999931], [119.41580270000009, -5.12818029999994], [119.41578250000009, -5.128054099999929], [119.41577430000007, -5.127963299999976], [119.415762, -5.127825199999961], [119.41574550000007, -5.127627899999936], [119.415729, -5.127426599999978], [119.41571270000009, -5.127276699999925], [119.41568840000002, -5.127107099999932], [119.41567240000006, -5.127028199999927], [119.41566310000007, -5.126934799999958], [119.4160654000001, -5.126860499999964], [119.416089, -5.126856299999929], [119.41632110000012, -5.126815699999952], [119.41638990000001, -5.126804899999968], [119.41639540000006, -5.126804], [119.41673880000008, -5.126750199999947], [119.41708590000007, -5.126697599999943], [119.41708740000001, -5.126697399999955], [119.41713120000009, -5.126695599999948], [119.4172132000001, -5.126691799999946], [119.41776080000011, -5.12666669999993], [119.4183154000001, -5.126586299999929], [119.41831550000006, -5.12658719999996], [119.41831560000003, -5.126587099999938], [119.41850820000002, -5.126557899999966], [119.41857120000009, -5.126548299999968], [119.4185715000001, -5.126548299999968], [119.41855870000006, -5.12643879999996], [119.41879870000002, -5.126423299999942], [119.41855870000006, -5.126438399999927], [119.41854350000006, -5.126307599999961], [119.41847830000006, -5.125724899999966], [119.41845050000006, -5.125476599999956], [119.41832130000012, -5.124850199999969], [119.41813520000005, -5.123742799999945], [119.41811740000003, -5.123636], [119.417943, -5.122587499999952], [119.4179411, -5.122588], [119.4178061, -5.122617199999979], [119.41768880000006, -5.122642699999972], [119.41768690000004, -5.122631199999944], [119.41768650000006, -5.122628599999928], [119.4176857000001, -5.122624], [119.41768250000007, -5.12260729999997], [119.41767260000006, -5.122556199999963], [119.41766430000007, -5.122513799999979], [119.4176357, -5.122237799999937], [119.41760520000003, -5.122065799999973], [119.4173144, -5.120423199999948], [119.4173015, -5.120350599999938], [119.41729640000005, -5.120321499999932], [119.41728640000008, -5.120265399999937], [119.4172837000001, -5.120265099999926], [119.41728350000005, -5.120263399999942], [119.41717740000001, -5.119520099999932], [119.41685840000002, -5.117286199999967], [119.41668850000008, -5.116096199999959], [119.41668730000004, -5.116078], [119.41668590000006, -5.116078], [119.416681, -5.116078], [119.4166418000001, -5.116078199999947], [119.4166398000001, -5.116078199999947], [119.4166398000001, -5.116078399999935], [119.41550970000003, -5.116082699999936], [119.41454950000002, -5.116086299999949], [119.41442230000007, -5.116086799999948], [119.4125964000001, -5.116093699999965], [119.41257160000009, -5.116093699999965], [119.41182550000008, -5.116096599999935], [119.41171680000002, -5.116027799999927], [119.41165150000006, -5.116114099999947], [119.4112546, -5.116623499999946], [119.41121140000007, -5.119465399999967], [119.41106700000012, -5.119440499999939], [119.40986340000006, -5.119232799999963], [119.40963740000007, -5.119298499999957], [119.40795450000007, -5.118983199999946], [119.4078836000001, -5.118969899999968], [119.40780390000009, -5.119177699999966], [119.40786170000001, -5.119183299999975], [119.407709, -5.119709099999966], [119.40770650000002, -5.119707], [119.4076735000001, -5.119740399999955], [119.40769640000008, -5.119815899999935], [119.40778890000001, -5.119827199999975], [119.40746170000011, -5.121332799999948], [119.40744630000006, -5.121329499999945], [119.40728950000005, -5.122150199999965], [119.40688970000008, -5.123919499999943]]] 
      }
    },
    {
      "type": "Feature",
      "properties": {
        "district_id": "7371070",
        "province": "Sulawesi Selatan",
        "regency": "Makassar",
        "district": "Bontoala",
        "pria": 27414,
        "wanita": 27830,
        "total_penduduk": 55244
      },
      "geometry": {
        "type": "Polygon",
        "coordinates": [[[119.42314680000004, -5.126003], [119.42315740000004, -5.12598689999993], [119.42316330000006, -5.125972899999965], [119.4231807000001, -5.125931], [119.42320710000001, -5.125897299999963], [119.42322790000003, -5.125864099999944], [119.42324610000003, -5.125835199999926], [119.42327650000004, -5.125769299999945], [119.42327730000011, -5.125761399999931], [119.423284, -5.125706499999978], [119.42328450000002, -5.125702], [119.42328220000002, -5.125678], [119.42328110000005, -5.125666799999976], [119.42328010000006, -5.125656299999946], [119.42327940000007, -5.125647599999979], [119.4232697000001, -5.125647799999967], [119.42326070000001, -5.125647], [119.42322320000005, -5.125643199999956], [119.42311120000011, -5.12562029999998], [119.423111, -5.12562029999998], [119.42299920000005, -5.125592599999948], [119.42295980000006, -5.125580699999944], [119.42287610000005, -5.125537399999928], [119.42287370000008, -5.125536099999977], [119.42288040000005, -5.12541559999994], [119.42288510000003, -5.125282099999936], [119.4228951, -5.124996], [119.42289570000003, -5.124980299999947], [119.42260480000004, -5.124959099999955], [119.42240440000012, -5.124947799999973], [119.4223905, -5.124947099999929], [119.422389, -5.124944899999946], [119.42238470000007, -5.124939099999949], [119.42238880000002, -5.124809399999947], [119.4223975000001, -5.12463669999994], [119.42239770000003, -5.12463269999995], [119.42240490000006, -5.124452], [119.42243940000003, -5.124347499999942], [119.42244220000009, -5.124188199999935], [119.4224425000001, -5.124172099999953], [119.42244320000009, -5.124022099999934], [119.42244380000011, -5.124017199999969], [119.42244360000007, -5.123916599999973], [119.42244310000001, -5.123841399999947], [119.42225730000007, -5.123804], [119.42224220000003, -5.123801], [119.42224210000006, -5.123801], [119.42220860000009, -5.123794199999963], [119.422184, -5.123790199999974], [119.42220860000009, -5.123794], [119.4222112000001, -5.123781599999973], [119.42230010000003, -5.123348199999953], [119.42244160000007, -5.122658799999954], [119.42240960000004, -5.122651599999926], [119.42235060000007, -5.122642], [119.4223952000001, -5.122384899999929], [119.422443, -5.122109899999941], [119.42253330000005, -5.12158949999997], [119.42259090000005, -5.121258], [119.422591, -5.121257399999934], [119.4224501000001, -5.121219799999949], [119.42245140000011, -5.121012], [119.42245560000003, -5.120603399999936], [119.42245820000005, -5.12031479999996], [119.42239290000009, -5.120258899999953], [119.4223204000001, -5.120154599999978], [119.422253, -5.119685199999935], [119.42225280000002, -5.119685], [119.42223090000005, -5.119650599999943], [119.42215640000006, -5.119533599999954], [119.4221559, -5.119206899999938], [119.42215660000011, -5.119185799999968], [119.42215660000011, -5.119184299999972], [119.42216340000004, -5.119149199999981], [119.42216630000007, -5.119134499999973], [119.4222549000001, -5.119036699999981], [119.422269, -5.118977199999961], [119.42241640000009, -5.118276199999968], [119.42253670000002, -5.117703899999981], [119.42250460000002, -5.117499499999951], [119.42230020000011, -5.117271], [119.422263, -5.117227], [119.42196260000003, -5.116872099999966], [119.42191130000003, -5.116894099999968], [119.42182630000002, -5.116997899999944], [119.42164380000008, -5.117337799999973], [119.42152020000003, -5.117679899999928], [119.42126370000005, -5.117974499999946], [119.42105460000005, -5.118079], [119.42088010000009, -5.11877439999995], [119.4208599000001, -5.11876929999994], [119.42085280000003, -5.118767499999933], [119.42083350000007, -5.118834199999981], [119.42080240000007, -5.118941599999971], [119.42075920000002, -5.119123199999933], [119.42069230000004, -5.119402699999966], [119.42063180000002, -5.119631599999934], [119.42046340000002, -5.120268599999974], [119.42044380000004, -5.120342899999969], [119.42043720000004, -5.120368], [119.420371, -5.12066029999994], [119.42036940000003, -5.12066729999998], [119.42036930000006, -5.120667599999933], [119.41996840000002, -5.120608199999936], [119.41926790000002, -5.120504299999936], [119.4182009000001, -5.120413], [119.41772780000008, -5.120372599999939], [119.41762520000009, -5.120354], [119.41757260000009, -5.120353], [119.4175729000001, -5.12043209999996], [119.4173144, -5.120423199999948], [119.41760520000003, -5.122065799999973], [119.4176357, -5.122237799999937], [119.41766430000007, -5.122513799999979], [119.41767260000006, -5.122556199999963], [119.41768250000007, -5.12260729999997], [119.4176857000001, -5.122624], [119.41768650000006, -5.122628599999928], [119.41768690000004, -5.122631199999944], [119.41768880000006, -5.122642699999972], [119.4178061, -5.122617199999979], [119.4179411, -5.122588], [119.417943, -5.122587499999952], [119.41811740000003, -5.123636], [119.41813520000005, -5.123742799999945], [119.41832130000012, -5.124850199999969], [119.41845050000006, -5.125476599999956], [119.41847830000006, -5.125724899999966], [119.41854350000006, -5.126307599999961], [119.41855870000006, -5.126438399999927], [119.41879870000002, -5.126423299999942], [119.41855870000006, -5.12643879999996], [119.4185715000001, -5.126548299999968], [119.41857120000009, -5.126548299999968], [119.41850820000002, -5.126557899999966], [119.41831560000003, -5.126587099999938], [119.41831550000006, -5.12658719999996], [119.4183154000001, -5.126586299999929], [119.41776080000011, -5.12666669999993], [119.4172132000001, -5.126691799999946], [119.41713120000009, -5.126695599999948], [119.41708740000001, -5.126697399999955], [119.41708590000007, -5.126697599999943], [119.41673880000008, -5.126750199999947], [119.41639540000006, -5.126804], [119.41638990000001, -5.126804899999968], [119.41632110000012, -5.126815699999952], [119.416089, -5.126856299999929], [119.4160654000001, -5.126860499999964], [119.41566310000007, -5.126934799999958], [119.41567240000006, -5.127028199999927], [119.41568840000002, -5.127107099999932], [119.41571270000009, -5.127276699999925], [119.415729, -5.127426599999978], [119.41574550000007, -5.127627899999936], [119.415762, -5.127825199999961], [119.41577430000007, -5.127963299999976], [119.41578250000009, -5.128054099999929], [119.41580270000009, -5.12818029999994], [119.415815, -5.128314499999931], [119.41584720000003, -5.128503799999976], [119.41586740000002, -5.128634], [119.4158685000001, -5.128637199999957], [119.41586440000003, -5.128641399999935], [119.4158844000001, -5.128700699999968], [119.41593490000002, -5.128855099999953], [119.41600810000011, -5.129032199999926], [119.416031, -5.129100299999948], [119.41605410000011, -5.129213899999968], [119.41610040000012, -5.129450299999974], [119.41615150000007, -5.129768399999932], [119.41620710000007, -5.130072899999959], [119.41621780000003, -5.130137599999955], [119.41624420000005, -5.130295699999976], [119.4163410000001, -5.130798399999946], [119.41641310000011, -5.131172799999945], [119.41647530000012, -5.131436299999962], [119.4165018000001, -5.131523], [119.4165547, -5.131644], [119.41659390000007, -5.131640299999958], [119.41660890000003, -5.131663399999979], [119.41666920000011, -5.131869799999947], [119.41672470000003, -5.132089199999939], [119.41662480000002, -5.132119799999941], [119.41754630000003, -5.135564699999975], [119.41755820000003, -5.135561699999926], [119.417653, -5.135552699999948], [119.41765320000002, -5.135552899999936], [119.41766110000003, -5.135552], [119.41766170000005, -5.135552], [119.41770870000005, -5.135546799999929], [119.41934880000008, -5.135290899999973], [119.42020560000003, -5.135133099999962], [119.4218241000001, -5.134856299999967], [119.42182650000007, -5.134855899999934], [119.42182340000011, -5.134843499999931], [119.42182230000003, -5.134838699999932], [119.42203290000009, -5.134849], [119.4225619, -5.134874799999977], [119.42408520000004, -5.134964199999956], [119.42408480000006, -5.134952799999951], [119.4244159000001, -5.134988299999975], [119.42494520000002, -5.135028599999941], [119.42520120000006, -5.135030499999971], [119.42548060000001, -5.135066299999949], [119.42636390000007, -5.135093099999949], [119.42731630000003, -5.135137399999962], [119.427441, -5.135140599999943], [119.42766680000011, -5.13514639999994], [119.4278974, -5.135155299999951], [119.4278968000001, -5.135129399999926], [119.42801450000002, -5.135148], [119.42813160000003, -5.135166599999934], [119.42813330000001, -5.135166099999935], [119.42833940000003, -5.135113399999966], [119.42878150000001, -5.135000199999979], [119.42893420000007, -5.134961099999941], [119.42966430000001, -5.134788299999968], [119.42971620000003, -5.134791099999973], [119.4299191, -5.134743299999968], [119.4300085000001, -5.134748], [119.43055830000003, -5.134776799999941], [119.43067880000001, -5.134783], [119.43087880000007, -5.134793399999978], [119.43087890000004, -5.134793399999978], [119.43093350000004, -5.134796799999947], [119.43098060000011, -5.13480009999995], [119.43111470000008, -5.134811299999967], [119.43111490000001, -5.134811299999967], [119.4311216000001, -5.134788899999933], [119.43112170000006, -5.134788499999956], [119.43115340000008, -5.13468359999996], [119.4311633000001, -5.134651399999939], [119.4311722000001, -5.134651599999927], [119.43117970000003, -5.134636899999975], [119.43117970000003, -5.134636799999953], [119.43070560000001, -5.134601499999974], [119.43070790000002, -5.134594899999968], [119.4308062, -5.134339899999929], [119.43090550000011, -5.13404879999996], [119.43095690000007, -5.133898199999976], [119.43095950000009, -5.13389049999995], [119.43096530000003, -5.133873499999936], [119.43099640000003, -5.133698099999947], [119.4310508000001, -5.133414599999981], [119.43108370000004, -5.13331919999996], [119.43133380000006, -5.132610099999965], [119.43141880000007, -5.132369], [119.43143860000009, -5.132310399999938], [119.43159170000001, -5.131858899999941], [119.43166910000002, -5.131864899999925], [119.43166940000003, -5.131864299999961], [119.43178350000005, -5.13189019999993], [119.43182660000002, -5.1319], [119.4318297000001, -5.131896799999936], [119.43183140000008, -5.131895199999974], [119.43187610000007, -5.131716], [119.4318942000001, -5.131650199999967], [119.43194140000003, -5.131478299999969], [119.43194530000005, -5.13146409999996], [119.431953, -5.131436399999927], [119.43197850000001, -5.131348599999967], [119.43203110000002, -5.131185399999936], [119.4320394, -5.131159899999943], [119.43209790000003, -5.130982199999949], [119.432113, -5.130934699999955], [119.43218740000009, -5.130689699999948], [119.43224220000002, -5.130509299999972], [119.4322843000001, -5.130370599999935], [119.43234460000008, -5.130173599999978], [119.43235880000009, -5.130127099999925], [119.43235760000005, -5.130127099999925], [119.43175830000007, -5.130122399999948], [119.43155170000011, -5.130108899999925], [119.43150920000005, -5.130106099999978], [119.43074990000002, -5.130056099999933], [119.43074970000009, -5.130056099999933], [119.43074960000001, -5.130056099999933], [119.4302967000001, -5.130056799999977], [119.43029690000003, -5.130050299999937], [119.43003950000002, -5.130038499999955], [119.42964330000007, -5.13000379999994], [119.42967910000004, -5.129350299999942], [119.429541, -5.129317399999934], [119.4294129000001, -5.129263699999967], [119.42939490000003, -5.129256099999964], [119.42919960000006, -5.129174099999943], [119.42913680000004, -5.129248399999938], [119.42878840000003, -5.129100499999936], [119.42879810000011, -5.129063199999962], [119.42912740000008, -5.128285399999925], [119.42818090000003, -5.127899799999966], [119.4281138, -5.128043499999933], [119.42800120000004, -5.128324799999973], [119.427795, -5.128276899999946], [119.42720110000005, -5.128165699999954], [119.42709850000006, -5.128697299999942], [119.426989, -5.129407199999946], [119.4267393, -5.129415499999936], [119.4258794000001, -5.129241399999955], [119.4256362000001, -5.129192199999977], [119.4256137000001, -5.129187599999966], [119.42559960000006, -5.128985199999931], [119.425596, -5.128620799999965], [119.4255955000001, -5.128572199999951], [119.425577, -5.128526199999953], [119.42542930000002, -5.128159899999957], [119.42538710000008, -5.128055099999926], [119.42504710000003, -5.126588199999958], [119.42503540000007, -5.126537599999949], [119.42485610000006, -5.12652769999994], [119.42465830000003, -5.126501], [119.4244605, -5.126479599999925], [119.4242200000001, -5.126319199999955], [119.42411670000001, -5.126296699999955], [119.423926, -5.12625509999998], [119.42390340000009, -5.126249899999948], [119.42348490000006, -5.126153699999975], [119.4234844, -5.12615969999996], [119.4234, -5.126144099999976], [119.42330360000005, -5.126109099999951], [119.423298, -5.126107099999956], [119.42329790000008, -5.126107], [119.4232128000001, -5.126047], [119.423196, -5.126044899999954], [119.42314680000004, -5.126003]]] 
      }
    },
    {
      "type": "Feature",
      "properties": {
        "district_id": "7371080",
        "province": "Sulawesi Selatan",
        "regency": "Makassar",
        "district": "Ujung Tanah",
        "pria": 18381,
        "wanita": 18340,
        "total_penduduk": 36721
      },
      "geometry": {
        "type": "Polygon",
        "coordinates": [[[119.42838270000004, -5.111024699999973], [119.42829720000009, -5.110871499999973], [119.4281863000001, -5.11095169999993], [119.4269624000001, -5.10906], [119.42674640000007, -5.109202399999958], [119.4266960000001, -5.109164799999974], [119.42657080000004, -5.109266099999957], [119.42640680000011, -5.109090399999957], [119.42623150000009, -5.109242199999926], [119.42602380000005, -5.108913499999971], [119.4259158000001, -5.108789899999977], [119.425778, -5.108878599999969], [119.42570200000011, -5.108715199999949], [119.42558930000007, -5.108803799999976], [119.42556520000005, -5.109093499999972], [119.42520190000005, -5.109346799999969], [119.4251901, -5.109483], [119.42518810000001, -5.109485199999938], [119.42510190000007, -5.109473099999946], [119.42467590000001, -5.10976439999996], [119.42476480000005, -5.110028599999964], [119.424462, -5.110261199999968], [119.42445550000002, -5.110266099999933], [119.42445510000005, -5.110265199999958], [119.42420360000006, -5.110409799999957], [119.42392760000007, -5.110726399999976], [119.4234973, -5.11094559999998], [119.42332680000004, -5.110872499999971], [119.42314820000001, -5.110994299999959], [119.42305890000011, -5.111091699999974], [119.42298590000007, -5.111172899999929], [119.422791, -5.111205299999938], [119.42264490000002, -5.111172899999929], [119.4225312000001, -5.111237799999969], [119.42249060000006, -5.111327099999926], [119.4223445, -5.111327099999926], [119.4221391000001, -5.111429899999962], [119.4219438, -5.111521599999946], [119.42189110000004, -5.111546299999929], [119.4217159000001, -5.111223099999961], [119.420991, -5.110063199999956], [119.42102590000002, -5.110037199999965], [119.42092050000008, -5.109866799999963], [119.42142730000012, -5.109533099999965], [119.42163630000005, -5.109813699999961], [119.422225, -5.109383299999934], [119.42212630000006, -5.109240499999942], [119.42213060000006, -5.109237599999972], [119.42203560000007, -5.109119499999963], [119.423013, -5.108486], [119.42307210000001, -5.108565499999941], [119.423162, -5.10849479999996], [119.42310070000008, -5.108410099999958], [119.4234891000001, -5.108156799999961], [119.423935, -5.10754339999994], [119.42393520000007, -5.107537399999956], [119.423851, -5.107525599999974], [119.4234636000001, -5.108056099999942], [119.42210420000004, -5.108974399999965], [119.42034990000002, -5.110127099999943], [119.4202494000001, -5.110127499999976], [119.42011040000011, -5.109913899999981], [119.42002240000011, -5.109889099999975], [119.420061, -5.110115599999972], [119.419923, -5.110166499999934], [119.4199096000001, -5.109939899999972], [119.41985950000003, -5.109990499999981], [119.419709, -5.110041399999943], [119.41966850000006, -5.109311], [119.41953030000002, -5.109286399999974], [119.41958380000005, -5.110155199999951], [119.41942070000005, -5.110206199999936], [119.419295, -5.110181499999953], [119.41903080000009, -5.110081699999967], [119.41889260000005, -5.110082299999931], [119.41883020000012, -5.11018329999996], [119.41888090000009, -5.110296399999925], [119.41890650000005, -5.110422299999925], [119.41885680000007, -5.110573599999952], [119.41858710000008, -5.110424099999932], [119.4185807, -5.110437799999943], [119.4182714000001, -5.110242], [119.41818390000003, -5.110343099999966], [119.41854350000006, -5.110550699999976], [119.41853950000007, -5.110568699999931], [119.41874410000003, -5.11067479999997], [119.4187194000001, -5.110788199999945], [119.418581, -5.110725799999955], [119.41851910000003, -5.110952699999928], [119.41851970000005, -5.111129099999971], [119.41855810000004, -5.111317799999938], [119.418659, -5.111418199999946], [119.418672, -5.111544099999946], [119.41865960000007, -5.111594499999967], [119.41829570000004, -5.111671499999943], [119.41824570000006, -5.111747299999934], [119.41784410000002, -5.111836899999957], [119.41784330000007, -5.111836399999959], [119.41779020000001, -5.111797599999932], [119.41765510000005, -5.111699099999953], [119.41775540000003, -5.111635699999965], [119.417755, -5.111522399999956], [119.41742860000011, -5.111574], [119.41742910000005, -5.111712499999953], [119.41739140000004, -5.111725299999932], [119.4163986000001, -5.111978099999931], [119.41633210000009, -5.111995099999945], [119.41626990000009, -5.112010899999973], [119.41583530000003, -5.112121599999966], [119.4157097000001, -5.112122099999965], [119.41505740000002, -5.112363799999969], [119.41496890000008, -5.112200399999949], [119.41483070000004, -5.112201], [119.41483050000011, -5.112138], [119.4146455, -5.111964199999932], [119.414615, -5.11196949999993], [119.41461390000006, -5.111934399999939], [119.4145737, -5.110667399999954], [119.41592330000003, -5.109299699999951], [119.41592260000004, -5.109298599999931], [119.41708370000003, -5.10812089999996], [119.4170061000001, -5.108053299999938], [119.41586410000002, -5.109207099999935], [119.41448, -5.110605299999975], [119.4145208000001, -5.112111599999935], [119.4143888000001, -5.112156299999981], [119.41435960000001, -5.112200599999937], [119.41434450000008, -5.112104899999963], [119.41421980000007, -5.112127499999929], [119.414198, -5.112201199999959], [119.41382350000003, -5.112202599999932], [119.4137631000001, -5.11176839999996], [119.4136602000001, -5.111754], [119.41364510000005, -5.111628899999971], [119.41352760000007, -5.111636699999963], [119.41354270000011, -5.111747099999945], [119.413506, -5.111762], [119.41349920000005, -5.111909299999979], [119.41335970000011, -5.111909799999978], [119.4132201000001, -5.111895599999968], [119.41300710000007, -5.111903799999936], [119.41306640000005, -5.112050799999963], [119.4130891000001, -5.11222749999996], [119.41300120000005, -5.112272], [119.41294220000009, -5.112205899999935], [119.41286780000007, -5.111963199999934], [119.41291910000007, -5.111933599999929], [119.4129263000001, -5.111889399999939], [119.4128965000001, -5.111779], [119.41282990000002, -5.111646699999937], [119.41279320000001, -5.11164679999996], [119.4127271000001, -5.111654499999929], [119.41269760000012, -5.111610399999961], [119.41273410000008, -5.111551299999974], [119.4128, -5.111514299999953], [119.41280370000004, -5.111512399999981], [119.41279060000011, -5.111477199999968], [119.41283180000005, -5.111423699999932], [119.41290950000007, -5.111520399999961], [119.4129094000001, -5.111481599999934], [119.41288930000007, -5.111297399999955], [119.41276320000009, -5.111191299999973], [119.4126678, -5.111252699999966], [119.41266550000012, -5.111251099999947], [119.412623, -5.111294], [119.41261570000006, -5.111323499999969], [119.41256450000003, -5.111367899999948], [119.412425, -5.111375799999962], [119.41246940000008, -5.111478699999964], [119.41251390000002, -5.111596399999939], [119.41268410000009, -5.111941799999954], [119.41271360000007, -5.111971199999971], [119.41273550000005, -5.111934299999973], [119.41280240000003, -5.112132799999927], [119.41269240000008, -5.112184799999966], [119.41264850000005, -5.112236499999938], [119.41264230000002, -5.112259699999925], [119.41262680000011, -5.112317599999926], [119.4125901000001, -5.112317699999949], [119.41256140000007, -5.112295499999959], [119.41245750000007, -5.112215099999958], [119.41200230000004, -5.112325599999963], [119.41199520000009, -5.112327299999947], [119.41199530000006, -5.112327], [119.4119846000001, -5.112329], [119.41198440000005, -5.112276399999928], [119.411984, -5.11227649999995], [119.41198350000002, -5.112150399999962], [119.411984, -5.112150199999974], [119.4119832, -5.111942699999929], [119.41189150000002, -5.111943], [119.411893, -5.112360399999943], [119.41121840000005, -5.112477899999931], [119.41031470000007, -5.112665299999946], [119.41028720000008, -5.11233679999998], [119.41015620000007, -5.112363599999981], [119.41019680000011, -5.112692], [119.40989560000003, -5.112758799999938], [119.40957, -5.113338399999975], [119.40926800000011, -5.113194899999939], [119.409242, -5.113247599999966], [119.40953090000005, -5.113404199999934], [119.40947870000002, -5.113457], [119.40955770000005, -5.113548699999967], [119.4095056000001, -5.113627799999961], [119.40924390000009, -5.113747], [119.4090996000001, -5.113721299999952], [119.40898410000011, -5.114392], [119.40878730000009, -5.114353299999948], [119.40877450000005, -5.114419099999964], [119.40895810000006, -5.114457799999968], [119.40880340000001, -5.115141899999969], [119.4087247000001, -5.115129], [119.40863330000002, -5.115221399999939], [119.4085166000001, -5.115576699999963], [119.40843970000003, -5.116023799999937], [119.40845320000005, -5.116128899999978], [119.40857090000009, -5.116075899999942], [119.40836450000006, -5.116957299999967], [119.408268, -5.117450499999961], [119.40816310000002, -5.117424599999936], [119.40795680000008, -5.118332299999963], [119.408088, -5.118384299999946], [119.40807540000003, -5.118502699999965], [119.40797040000007, -5.118476799999939], [119.40795720000006, -5.11846369999995], [119.40784350000001, -5.11896239999993], [119.4078836000001, -5.118969899999968], [119.40795450000007, -5.118983199999946], [119.40963740000007, -5.119298499999957], [119.40986340000006, -5.119232799999963], [119.41106700000012, -5.119440499999939], [119.41121140000007, -5.119465399999967], [119.4112546, -5.116623499999946], [119.41165150000006, -5.116114099999947], [119.41171680000002, -5.116027799999927], [119.41182550000008, -5.116096599999935], [119.41257160000009, -5.116093699999965], [119.4125964000001, -5.116093699999965], [119.41442230000007, -5.116086799999948], [119.41454950000002, -5.116086299999949], [119.41550970000003, -5.116082699999936], [119.4166398000001, -5.116078399999935], [119.4166398000001, -5.116078199999947], [119.4166418000001, -5.116078199999947], [119.416681, -5.116078], [119.41668590000006, -5.116078], [119.41668730000004, -5.116078], [119.41668850000008, -5.116096199999959], [119.41685840000002, -5.117286199999967], [119.41717740000001, -5.119520099999932], [119.41728350000005, -5.120263399999942], [119.4172837000001, -5.120265099999926], [119.41728640000008, -5.120265399999937], [119.41729640000005, -5.120321499999932], [119.4173015, -5.120350599999938], [119.4173144, -5.120423199999948], [119.4175729000001, -5.12043209999996], [119.41757260000009, -5.120353], [119.41762520000009, -5.120354], [119.41772780000008, -5.120372599999939], [119.4182009000001, -5.120413], [119.41926790000002, -5.120504299999936], [119.41996840000002, -5.120608199999936], [119.42036930000006, -5.120667599999933], [119.42036940000003, -5.12066729999998], [119.420371, -5.12066029999994], [119.42043720000004, -5.120368], [119.42044380000004, -5.120342899999969], [119.42046340000002, -5.120268599999974], [119.42063180000002, -5.119631599999934], [119.42069230000004, -5.119402699999966], [119.42075920000002, -5.119123199999933], [119.42080240000007, -5.118941599999971], [119.42083350000007, -5.118834199999981], [119.42085280000003, -5.118767499999933], [119.4208599000001, -5.11876929999994], [119.42088010000009, -5.11877439999995], [119.42105460000005, -5.118079], [119.42126370000005, -5.117974499999946], [119.42152020000003, -5.117679899999928], [119.42164380000008, -5.117337799999973], [119.42182630000002, -5.116997899999944], [119.42191130000003, -5.116894099999968], [119.42196260000003, -5.116872099999966], [119.421869, -5.116765], [119.42159460000005, -5.116140399999949], [119.42148060000011, -5.115872099999933], [119.42134790000011, -5.11556], [119.421322, -5.115499], [119.421039, -5.115301599999952], [119.42097680000006, -5.115208799999948], [119.42096450000008, -5.115200699999946], [119.42099210000003, -5.115193599999941], [119.42110050000008, -5.115148699999963], [119.42116840000006, -5.115120599999955], [119.42116880000003, -5.115120499999932], [119.42121930000008, -5.115155199999947], [119.42121940000004, -5.115155199999947], [119.42237740000007, -5.114842599999974], [119.42244530000005, -5.114830299999937], [119.42247, -5.114825799999949], [119.4226493000001, -5.11479339999994], [119.42298460000006, -5.114732799999956], [119.42344990000004, -5.114766599999939], [119.42376190000004, -5.114849299999946], [119.42401910000001, -5.114918099999954], [119.42438020000009, -5.115015199999959], [119.42473890000008, -5.114940899999965], [119.42478140000003, -5.114609399999949], [119.42480820000003, -5.114402899999959], [119.42480790000002, -5.114349], [119.42480650000005, -5.113972499999932], [119.42469170000004, -5.113886899999954], [119.424663, -5.113865399999952], [119.42467220000003, -5.113853099999972], [119.42472150000003, -5.113786499999946], [119.42481650000002, -5.113658099999952], [119.42487760000006, -5.113575699999956], [119.42489290000003, -5.113554], [119.4249688000001, -5.11344669999994], [119.42502170000012, -5.113371899999947], [119.4250545000001, -5.113325299999929], [119.42506580000008, -5.113308199999949], [119.42519610000011, -5.113109], [119.42528390000007, -5.112783699999966], [119.42530180000006, -5.112716899999953], [119.42530160000001, -5.112206599999979], [119.42530160000001, -5.112206199999946], [119.42530220000003, -5.112202799999977], [119.42530780000004, -5.112174499999981], [119.42523770000003, -5.112139799999966], [119.42510420000008, -5.112113299999976], [119.42510370000002, -5.112113199999953], [119.42506570000012, -5.11210559999995], [119.42510360000006, -5.112112899999943], [119.42510490000006, -5.112066599999935], [119.42517710000004, -5.112073599999974], [119.42529530000002, -5.111996499999975], [119.42537930000003, -5.111970799999938], [119.42548030000012, -5.111939899999925], [119.42573870000001, -5.111828399999979], [119.42600350000009, -5.111796399999946], [119.4262136000001, -5.11173249999996], [119.42625470000007, -5.111860399999955], [119.42632650000007, -5.112252299999966], [119.42635510000002, -5.112422], [119.42639010000005, -5.112575399999969], [119.42667150000011, -5.112583599999937], [119.42672860000005, -5.112742599999933], [119.42712820000008, -5.112681399999929], [119.4272439, -5.112641899999971], [119.42729130000009, -5.112620299999946], [119.42758050000009, -5.112995399999932], [119.4276162000001, -5.113033], [119.428479, -5.112819399999978], [119.428571, -5.112819], [119.4286049000001, -5.113029199999971], [119.42863840000007, -5.113125299999979], [119.42951080000012, -5.113078599999938], [119.4305700000001, -5.113024799999948], [119.43057460000011, -5.112362699999949], [119.4310038000001, -5.112212], [119.4315792000001, -5.109029199999952], [119.43135340000003, -5.109158399999956], [119.42838270000004, -5.111024699999973]]] 
      }
    },
    {
      "type": "Feature",
      "properties": {
        "district_id": "7371081",
        "province": "Sulawesi Selatan",
        "regency": "Makassar",
        "district": "Kepulauan Sangkarrang",
        "pria": 7501,
        "wanita": 7506,
        "total_penduduk": 15007
      },
      "geometry": {
        "type": "MultiPolygon",
        "coordinates": [[[[119.4076778000001, -5.028795099999968], [119.40615090000006, -5.028249399999936], [119.4058973000001, -5.028214199999979], [119.40558780000003, -5.028296699999942], [119.40526710000006, -5.028722699999946], [119.40524520000008, -5.029373599999929], [119.40548730000012, -5.029951099999948], [119.40582160000008, -5.030609699999957], [119.40620050000007, -5.031313299999965], [119.4065687000001, -5.032188699999949], [119.40708670000004, -5.032566399999951], [119.40769580000006, -5.03290759999993], [119.4082462, -5.032905599999935], [119.409301, -5.032513], [119.41000090000011, -5.032275399999946], [119.41093010000009, -5.031892399999947], [119.41142260000004, -5.031474799999955], [119.41191580000009, -5.030948699999954], [119.41219010000009, -5.030324], [119.41228150000006, -5.029907899999955], [119.4120617000001, -5.029547099999945], [119.4116719000001, -5.029096699999968], [119.41131510000002, -5.028745499999957], [119.41074130000004, -5.028512599999942], [119.41016690000004, -5.028415299999949], [119.40953640000009, -5.028517099999931], [119.4088478000001, -5.028763699999956], [119.40843510000002, -5.028828499999975], [119.40789490000009, -5.028857599999981], [119.4076778000001, -5.028795099999968]]], [[[119.27656550000006, -5.032092399999954], [119.2763255000001, -5.031964], [119.27603030000012, -5.031854199999941], [119.27579020000007, -5.031688699999961], [119.2753292000001, -5.031598], [119.27495990000011, -5.031377599999928], [119.2746648000001, -5.031323199999974], [119.27431490000004, -5.031361299999958], [119.2741678000001, -5.031454199999928], [119.2740023, -5.031565699999931], [119.27383710000004, -5.031751], [119.27376410000011, -5.031954399999961], [119.27376540000012, -5.032323899999938], [119.27396930000009, -5.032674199999974], [119.27408060000005, -5.032895499999938], [119.27432130000011, -5.033208799999954], [119.27458030000003, -5.033521899999926], [119.27489330000003, -5.033446899999944], [119.274985, -5.033298799999955], [119.27500250000003, -5.033040099999937], [119.2745959, -5.032709], [119.2745579000001, -5.032358099999954], [119.27464960000009, -5.032228499999974], [119.274797, -5.032228], [119.27503660000002, -5.032264099999963], [119.27522120000003, -5.032337299999938], [119.2755532000001, -5.032447], [119.27579290000006, -5.032464599999969], [119.2759774000001, -5.032556399999976], [119.27621750000003, -5.03270329999998], [119.27640240000005, -5.032887399999936], [119.27642220000007, -5.033275299999957], [119.27642280000009, -5.033441599999946], [119.27636830000006, -5.033681899999976], [119.27629530000002, -5.033866899999964], [119.27609350000012, -5.034126299999969], [119.27594660000011, -5.034274599999947], [119.27565250000009, -5.034497299999941], [119.27554270000007, -5.034700899999962], [119.275562, -5.034959499999957], [119.2758209000001, -5.03523569999993], [119.27574790000006, -5.035439199999928], [119.27561960000003, -5.035624399999961], [119.275454, -5.035717299999931], [119.2751965000001, -5.035847499999932], [119.27499410000007, -5.035940599999947], [119.27486510000006, -5.035922599999935], [119.27473530000009, -5.035682899999927], [119.2743848, -5.035591699999941], [119.27423740000006, -5.03559219999994], [119.27414560000011, -5.035666499999934], [119.27409090000003, -5.035851399999956], [119.27409180000006, -5.03611], [119.27414780000004, -5.036313099999973], [119.27435120000007, -5.036515599999973], [119.27466520000007, -5.03673619999995], [119.27494230000002, -5.03691989999993], [119.2754417000001, -5.037472399999956], [119.275608, -5.037601199999926], [119.27577430000008, -5.037729899999931], [119.27588550000007, -5.037914299999954], [119.27607050000006, -5.038116799999955], [119.27608970000006, -5.038338499999952], [119.27605380000011, -5.03861569999998], [119.27603670000008, -5.038985199999956], [119.27601950000007, -5.039336299999945], [119.27598360000002, -5.039613599999939], [119.27585520000002, -5.039798699999949], [119.27563490000011, -5.040039699999966], [119.2754513000001, -5.04022509999993], [119.27530490000004, -5.040521199999944], [119.275177, -5.040817199999935], [119.2750860000001, -5.041150099999925], [119.2751426000001, -5.04151939999997], [119.27530890000003, -5.041666599999928], [119.2757329000001, -5.04172049999994], [119.2760647, -5.041737799999964], [119.2763222000001, -5.041607599999963], [119.27650670000003, -5.04168089999996], [119.27704140000003, -5.041752899999949], [119.27726220000011, -5.041678199999978], [119.27748280000003, -5.041511199999945], [119.2778138000001, -5.041306799999973], [119.27803380000012, -5.040992], [119.2784014, -5.040732], [119.27880550000009, -5.040342599999974], [119.27906270000005, -5.040138499999955], [119.27931940000008, -5.039768099999947], [119.279503, -5.039564299999938], [119.27966830000003, -5.039415899999938], [119.27996160000009, -5.038971499999946], [119.28010840000002, -5.038786199999947], [119.28029190000007, -5.038582399999939], [119.2804384000001, -5.038323199999979], [119.28056690000005, -5.038175], [119.28062160000002, -5.038008499999933], [119.2807130000001, -5.037786499999925], [119.2807491000001, -5.037583199999972], [119.28080290000003, -5.037158099999942], [119.28082040000004, -5.036880899999971], [119.28076410000006, -5.036604], [119.28067170000008, -5.036530399999947], [119.28052390000005, -5.036401599999976], [119.28050460000009, -5.036161499999935], [119.28046670000003, -5.035866], [119.28026320000004, -5.035626599999944], [119.280097, -5.035516299999927], [119.2800042, -5.03533189999996], [119.27976420000005, -5.035203399999943], [119.27965310000002, -5.035056], [119.27913580000006, -5.034669899999926], [119.27908030000003, -5.034596199999953], [119.27889530000004, -5.03439359999993], [119.27878410000005, -5.034209199999964], [119.27878350000003, -5.034043], [119.27870890000008, -5.03376609999998], [119.27861650000011, -5.033692499999972], [119.2784871, -5.033600599999943], [119.27832110000008, -5.033527299999946], [119.27824680000003, -5.033379799999977], [119.27822780000008, -5.033213599999954], [119.27809830000001, -5.033066199999951], [119.27795060000005, -5.032974399999944], [119.2778578000001, -5.03279], [119.2777099000001, -5.03266119999995], [119.27752540000006, -5.032569399999943], [119.277304, -5.032496299999934], [119.2770825, -5.032404699999972], [119.27680570000007, -5.032276399999944], [119.27656550000006, -5.032092399999954]]], [[[119.41257770000004, -5.03755289999998], [119.41308270000002, -5.037316], [119.41357510000012, -5.03688029999995], [119.4137922000001, -5.036472799999956], [119.41388350000011, -5.036029599999949], [119.41376810000008, -5.035740699999963], [119.41328620000002, -5.035525599999971], [119.41299920000006, -5.035463399999969], [119.41275860000007, -5.035446199999967], [119.4122192000001, -5.035366899999929], [119.411531, -5.035731], [119.41105980000009, -5.036112399999979], [119.41077470000005, -5.03671], [119.41068410000003, -5.037053799999967], [119.41079880000007, -5.037433], [119.41137270000002, -5.037557399999969], [119.41191220000007, -5.037663799999962], [119.41257770000004, -5.03755289999998]]], [[[119.42315190000011, -5.044274], [119.42301530000009, -5.04400279999993], [119.422879, -5.043765599999972], [119.4225732000001, -5.043529], [119.42243680000001, -5.043291799999963], [119.4221649000001, -5.043055099999947], [119.42209620000006, -5.04278359999995], [119.42162010000004, -5.042309899999964], [119.42138210000007, -5.042073099999925], [119.42070280000007, -5.041600099999926], [119.42043110000009, -5.041397299999971], [119.41988730000003, -5.040923899999939], [119.41951390000008, -5.040721499999961], [119.41890400000011, -5.040689799999939], [119.41826110000011, -5.040896], [119.41809380000007, -5.04144], [119.4180957000001, -5.041949399999964], [119.4183011, -5.042526], [119.41830350000009, -5.043171299999926], [119.41823870000007, -5.043986699999948], [119.41810620000001, -5.044802299999958], [119.418312, -5.04548079999995], [119.4190933000001, -5.046055199999955], [119.41973770000004, -5.046256599999936], [119.42058330000009, -5.045913799999937], [119.4212596000001, -5.045571699999925], [119.42183420000003, -5.045229899999981], [119.42237570000009, -5.045092], [119.42308720000005, -5.045123299999943], [119.42315190000011, -5.044274]]], [[[119.27575350000006, -5.043326], [119.27555510000002, -5.043183299999953], [119.2753785000001, -5.04301849999996], [119.27508100000011, -5.042865199999937], [119.2749377, -5.042777499999943], [119.27479480000011, -5.0428], [119.27471830000002, -5.042932599999972], [119.27463110000008, -5.043164499999932], [119.27446670000006, -5.043330499999968], [119.274346, -5.043408099999965], [119.27418100000011, -5.043419699999959], [119.27399340000011, -5.043232899999964], [119.27389360000006, -5.043012699999963], [119.27376120000008, -5.042891899999972], [119.27365120000002, -5.042881199999954], [119.27353130000006, -5.04320139999993], [119.27363120000007, -5.043443699999955], [119.2737423000001, -5.043763099999978], [119.27382030000001, -5.044049499999971], [119.2736781000001, -5.044281599999977], [119.27349160000006, -5.044436599999926], [119.27329450000002, -5.044679899999949], [119.27300930000001, -5.04491239999993], [119.27283460000001, -5.045265899999947], [119.27269480000007, -5.046192699999949], [119.27273980000007, -5.046490199999937], [119.27281790000006, -5.046787699999925], [119.27289560000008, -5.046997], [119.27353470000003, -5.047336599999937], [119.2738647000001, -5.047346399999981], [119.27417260000004, -5.04732329999996], [119.27437010000006, -5.047190299999954], [119.27456760000007, -5.047046199999954], [119.27477660000011, -5.04705649999994], [119.27502970000012, -5.047077699999932], [119.27539270000011, -5.047087399999953], [119.27574450000009, -5.047053099999971], [119.27604110000004, -5.046930799999927], [119.27621660000011, -5.046808899999974], [119.2763589000001, -5.046598899999935], [119.27640240000005, -5.046455399999957], [119.276501, -5.046344699999963], [119.2768195000001, -5.046200299999953], [119.27697320000004, -5.046122599999933], [119.27714870000011, -5.046000599999957], [119.2772586000001, -5.04596719999995], [119.27741240000012, -5.045911499999931], [119.277533, -5.045800799999938], [119.27756570000008, -5.045723499999951], [119.27757640000004, -5.045635199999936], [119.27756470000008, -5.045414699999981], [119.277531, -5.04523839999996], [119.27745330000005, -5.045029199999931], [119.2773208000001, -5.044864299999972], [119.27719910000008, -5.044666199999938], [119.27712180000003, -5.044578199999933], [119.27694530000008, -5.044435499999963], [119.27674650000006, -5.044193599999971], [119.2765918, -5.043995699999925], [119.27644810000004, -5.043797699999971], [119.27630490000001, -5.043721], [119.27618330000007, -5.043545], [119.27596290000008, -5.043446499999959], [119.27575350000006, -5.043326]]], [[[119.27298780000001, -5.050878199999943], [119.27279770000007, -5.050729499999932], [119.2726550000001, -5.050587399999927], [119.2724717000001, -5.050459099999955], [119.2722817, -5.050344299999949], [119.2721189, -5.050263399999949], [119.27194930000007, -5.050162199999932], [119.27177290000009, -5.050088099999925], [119.2716170000001, -5.050047899999925], [119.271373, -5.049967299999935], [119.27122390000011, -5.049940699999979], [119.27104140000006, -5.050022799999965], [119.2709334000001, -5.050138599999968], [119.27071690000002, -5.050173299999926], [119.2705820000001, -5.050329899999952], [119.27070460000004, -5.050533199999961], [119.27062440000009, -5.050838899999974], [119.27052360000005, -5.051076899999941], [119.2703623000001, -5.051416899999936], [119.27025550000008, -5.051851799999952], [119.27020270000003, -5.052245699999958], [119.2702915000001, -5.052489799999933], [119.2704288000001, -5.053018799999961], [119.27049040000009, -5.053195099999925], [119.27051110000002, -5.053317199999981], [119.27055230000008, -5.05348], [119.2706409000001, -5.053642699999955], [119.27075620000005, -5.053703299999938], [119.27086470000006, -5.053750499999978], [119.27099360000011, -5.053804399999933], [119.27125080000008, -5.053783099999976], [119.27134560000002, -5.053755599999931], [119.27150790000007, -5.053707499999973], [119.2715889000001, -5.053632499999935], [119.2717374, -5.053496299999949], [119.27190610000002, -5.053339499999936], [119.27206820000004, -5.05321669999995], [119.27216250000004, -5.053067099999964], [119.27224330000001, -5.052944599999933], [119.27232420000007, -5.052835699999946], [119.27239840000004, -5.052733599999954], [119.27244530000007, -5.052590899999927], [119.27251250000006, -5.052461599999958], [119.27257310000005, -5.052366399999926], [119.2726609, -5.052298199999939], [119.27270810000005, -5.052243699999963], [119.27280280000002, -5.052209399999981], [119.27297240000007, -5.052290299999925], [119.27301330000012, -5.052378399999952], [119.27306120000003, -5.052520799999968], [119.27314300000012, -5.05267669999995], [119.27323830000012, -5.052798499999938], [119.27335360000006, -5.052859199999943], [119.27353660000006, -5.052899299999979], [119.27370580000002, -5.052871599999946], [119.27385390000006, -5.052619899999968], [119.27391410000007, -5.052416], [119.27377810000007, -5.052267099999938], [119.27363560000003, -5.052172599999949], [119.27333040000008, -5.052024299999971], [119.27326860000005, -5.051780099999974], [119.2733492000001, -5.05159649999996], [119.27359190000004, -5.051297], [119.27374050000003, -5.051194599999974], [119.27405850000002, -5.051105199999938], [119.2741866, -5.050935099999947], [119.2741655000001, -5.050717899999938], [119.27403630000003, -5.050569], [119.27388040000005, -5.050508399999956], [119.27365710000004, -5.050577099999941], [119.27342080000005, -5.050761199999954], [119.27315070000009, -5.050993], [119.27298780000001, -5.050878199999943]]], [[[119.428847, -5.058366099999944], [119.42961620000005, -5.058119199999965], [119.43028070000003, -5.057746099999974], [119.43073920000006, -5.057428099999925], [119.43093370000008, -5.056866899999932], [119.430692, -5.056108599999959], [119.42996730000004, -5.055153299999972], [119.4293, -5.054297099999928], [119.42858660000002, -5.053350699999953], [119.4282988000001, -5.052899899999943], [119.42774680000002, -5.05186249999997], [119.42727420000006, -5.051132199999927], [119.42697540000006, -5.050771699999927], [119.42668770000012, -5.050501699999927], [119.42617120000011, -5.050386099999969], [119.42560850000007, -5.050252599999965], [119.4252527000001, -5.050299199999927], [119.42426710000007, -5.050682499999937], [119.4236929000001, -5.050937699999963], [119.42278750000003, -5.051528599999926], [119.42227190000006, -5.052235499999938], [119.42201000000011, -5.053321099999948], [119.42186210000011, -5.054605199999969], [119.42207120000012, -5.05553539999994], [119.4224981000001, -5.056564199999968], [119.42283070000008, -5.057078099999956], [119.42354440000008, -5.057979299999943], [119.42427880000002, -5.058509799999968], [119.42545080000002, -5.058595799999978], [119.426346, -5.058592499999975], [119.42728720000002, -5.058697399999971], [119.428079, -5.058775799999978], [119.428847, -5.058366099999944]]], [[[119.4047567, -5.075122799999974], [119.40561620000005, -5.074288], [119.40597120000007, -5.073708199999942], [119.40670330000012, -5.072413], [119.40717360000008, -5.071769499999959], [119.40779220000002, -5.071333299999935], [119.4084683000001, -5.07072519999997], [119.40905220000002, -5.070207799999935], [119.40937310000004, -5.069691399999954], [119.4095559000001, -5.069139299999961], [119.40943950000008, -5.068299199999956], [119.40919840000004, -5.068001799999934], [119.408601, -5.067633499999943], [119.40798060000009, -5.067283299999929], [119.40724610000007, -5.067014799999981], [119.4066481000001, -5.066628399999956], [119.40583260000005, -5.066260899999975], [119.40519, -5.066010199999937], [119.40463860000011, -5.065885699999967], [119.40409920000002, -5.065978099999938], [119.40393950000009, -5.066195599999958], [119.40358390000006, -5.066612699999951], [119.4032525, -5.067355099999929], [119.40285190000009, -5.068251399999951], [119.40278510000007, -5.068920599999956], [119.40276290000008, -5.069770299999959], [119.40272950000008, -5.070502599999941], [119.40290310000012, -5.071441899999968], [119.40315640000006, -5.071820599999967], [119.403696, -5.072098799999935], [119.40430460000005, -5.07230439999995], [119.4045804000001, -5.072538399999928], [119.40468510000005, -5.072818199999972], [119.40459320000002, -5.07311679999998], [119.40411160000008, -5.073588599999937], [119.40372180000008, -5.073906399999942], [119.40337880000004, -5.074531399999955], [119.40338010000005, -5.075046599999951], [119.40373540000007, -5.075443], [119.4042875, -5.07545], [119.4047567, -5.075122799999974]]], [[[119.41003500000011, -5.07438], [119.41058570000007, -5.074152], [119.410963, -5.073807099999954], [119.41123820000007, -5.07325469999995], [119.4114674000001, -5.072946499999944], [119.41147870000009, -5.072485499999971], [119.41123620000008, -5.072115899999972], [119.41101890000004, -5.072008199999971], [119.41070830000001, -5.071955099999968], [119.40934290000007, -5.072159099999965], [119.40878110000006, -5.072432299999946], [119.40855170000009, -5.072550699999965], [119.40825390000009, -5.073076], [119.40814020000005, -5.073573599999975], [119.4083816000001, -5.074106], [119.40895620000003, -5.074375], [119.40951880000011, -5.074472299999968], [119.41003500000011, -5.07438]]], [[[119.41022320000002, -5.077639599999941], [119.41005220000011, -5.077609099999961], [119.40992720000008, -5.077422599999977], [119.40975560000004, -5.077251899999965], [119.4094755000001, -5.077175], [119.4091022, -5.077098499999977], [119.408791, -5.076990599999931], [119.40844880000009, -5.076914], [119.40809120000006, -5.076884099999972], [119.40754690000006, -5.076792699999942], [119.40723550000007, -5.076653599999929], [119.40664520000007, -5.076718099999937], [119.40608590000011, -5.076782499999979], [119.40582240000003, -5.076986099999942], [119.40548170000011, -5.077314599999966], [119.40524960000005, -5.077580299999966], [119.40450540000006, -5.078241599999956], [119.40418040000009, -5.07860119999998], [119.40382480000005, -5.079101099999946], [119.4036082, -5.079366799999946], [119.4033922000001, -5.079803899999945], [119.40328510000006, -5.080256099999929], [119.40317820000007, -5.08077069999996], [119.40321070000005, -5.081160099999977], [119.40324380000004, -5.08168969999997], [119.40323010000009, -5.082203899999968], [119.4034180000001, -5.082577199999946], [119.40366770000003, -5.082841099999939], [119.40397930000006, -5.083042499999976], [119.40449320000005, -5.083321099999978], [119.40495970000006, -5.083381599999939], [119.40544120000004, -5.083301899999981], [119.40570480000008, -5.08312959999995], [119.40595270000006, -5.082941699999935], [119.40624760000003, -5.082815899999957], [119.40676030000009, -5.082767299999944], [119.40721130000009, -5.082843499999967], [119.40775610000003, -5.083075199999939], [119.40814460000001, -5.08305809999996], [119.40850180000007, -5.08296329999996], [119.408921, -5.082852699999933], [119.40930880000008, -5.082664299999976], [119.40971180000008, -5.082366699999966], [119.4100218000001, -5.082131799999956], [119.4103626000001, -5.081834499999957], [119.41078130000005, -5.08156809999997], [119.41099840000004, -5.081442599999946], [119.4114178000001, -5.081234399999971], [119.41158860000007, -5.081187], [119.41177490000007, -5.081124], [119.41193010000006, -5.081061099999943], [119.41202270000008, -5.08090489999995], [119.41213010000001, -5.080515], [119.412129, -5.080219], [119.41214360000004, -5.07996959999997], [119.41218880000008, -5.079579899999942], [119.41215590000002, -5.079112599999974], [119.41196820000005, -5.078770499999962], [119.4118122000001, -5.078615299999967], [119.41173330000004, -5.078304], [119.411686, -5.078117199999951], [119.4114518, -5.077822], [119.41120200000012, -5.077526899999953], [119.41113930000006, -5.077386899999965], [119.41088990000003, -5.07720089999998], [119.41071860000011, -5.077108], [119.41053240000008, -5.077186599999948], [119.41047070000002, -5.077311499999951], [119.41044040000008, -5.077529799999979], [119.41037870000002, -5.07765459999996], [119.41022320000002, -5.077639599999941]]], [[[119.31796870000005, -5.089411799999937], [119.3180781000001, -5.089246], [119.31818720000001, -5.08900669999997], [119.3183514000001, -5.08876719999995], [119.3187170000001, -5.088490199999967], [119.31897320000007, -5.08836059999993], [119.31917420000002, -5.088176099999941], [119.31943050000007, -5.088064899999949], [119.31961290000004, -5.087806899999975], [119.31981370000005, -5.087567299999932], [119.31988650000005, -5.08742], [119.3199409, -5.087254399999949], [119.31999530000007, -5.087070399999959], [119.32004920000008, -5.086776199999974], [119.32010320000006, -5.086500299999955], [119.3201391, -5.086279599999955], [119.32015640000009, -5.08600389999998], [119.320192, -5.085709699999938], [119.32024600000011, -5.085433799999976], [119.3203181, -5.085066], [119.32037220000007, -5.084826899999939], [119.32035270000006, -5.084496099999967], [119.32046160000004, -5.08418329999995], [119.32055280000009, -5.084054299999934], [119.32087980000006, -5.083226099999933], [119.3209892000001, -5.083060299999943], [119.321153, -5.08272889999995], [119.3213353000001, -5.082434199999966], [119.32146290000003, -5.08225], [119.3214805, -5.082029399999954], [119.32151620000002, -5.081771899999978], [119.32168050000007, -5.081569199999933], [119.3217896000001, -5.081329899999957], [119.32189870000002, -5.081072199999937], [119.32222650000006, -5.080446099999961], [119.32226290000006, -5.080372499999953], [119.32233440000005, -5.079857599999968], [119.32229680000012, -5.079618799999935], [119.32220460000008, -5.079453799999953], [119.32205740000006, -5.079307299999925], [119.32185520000007, -5.079161], [119.32163470000012, -5.079014699999959], [119.32123020000006, -5.078685399999927], [119.3209548000001, -5.078576099999964], [119.320661, -5.078430099999935], [119.32049560000007, -5.078320399999939], [119.32038510000007, -5.078173799999945], [119.32014650000008, -5.078101199999935], [119.31996260000005, -5.077936399999942], [119.31983350000007, -5.077734699999951], [119.31975940000007, -5.077514399999927], [119.3196484, -5.077239199999951], [119.31946440000002, -5.077037599999926], [119.31933540000011, -5.076872699999967], [119.31913350000002, -5.076781499999925], [119.3185830000001, -5.076654899999937], [119.318363, -5.076655699999947], [119.31801480000001, -5.076675299999977], [119.31772190000004, -5.076805], [119.31748420000008, -5.076971299999968], [119.31728320000002, -5.077155799999957], [119.317192, -5.07728469999995], [119.31710090000001, -5.077432099999953], [119.3169914, -5.077579499999956], [119.31680860000006, -5.07772719999997], [119.31658920000007, -5.077911799999981], [119.31642480000005, -5.07807779999996], [119.3161874000001, -5.078335899999956], [119.3160782000001, -5.078556899999967], [119.315951, -5.078869699999927], [119.31578730000001, -5.079237899999953], [119.31573390000005, -5.079660799999942], [119.315662, -5.080065399999967], [119.31546150000008, -5.080396899999926], [119.31533460000003, -5.080801699999938], [119.31528120000007, -5.081243], [119.31524850000005, -5.082345799999928], [119.3152500000001, -5.082786899999974], [119.31515990000003, -5.083228299999973], [119.31523520000007, -5.083779399999969], [119.31527370000003, -5.084275499999933], [119.31573590000005, -5.085376599999961], [119.31590190000009, -5.085633299999927], [119.31617820000008, -5.085999799999968], [119.31628940000007, -5.086348599999951], [119.31638220000002, -5.086679099999969], [119.31651170000009, -5.086991099999977], [119.31669610000006, -5.087284499999953], [119.3168621000001, -5.087577899999928], [119.31689990000007, -5.087890199999947], [119.31691950000004, -5.088239399999964], [119.3170487000001, -5.088496199999952], [119.31726970000011, -5.08875269999993], [119.31741740000007, -5.089046199999927], [119.31751010000005, -5.08933989999997], [119.31784070000003, -5.089504199999965], [119.31796870000005, -5.089411799999937]]], [[[119.40307610000002, -5.08679369999993], [119.40276530000006, -5.086583], [119.40242630000012, -5.086372299999937], [119.40231340000003, -5.086316299999964], [119.40205930000002, -5.086204199999941], [119.40143880000005, -5.086065299999973], [119.40067890000012, -5.086336499999959], [119.40054110000005, -5.087156299999947], [119.40055710000001, -5.087693], [119.400502, -5.088032299999952], [119.40023660000008, -5.088640699999928], [119.40008980000005, -5.090903799999978], [119.4003732000001, -5.091340599999967], [119.40074060000006, -5.09160769999994], [119.40107970000008, -5.091860699999927], [119.40143260000002, -5.092028899999946], [119.40179960000012, -5.092211099999929], [119.40227940000011, -5.092378799999949], [119.40251970000008, -5.092589799999928], [119.40236510000011, -5.092703399999948], [119.40197080000007, -5.092775499999959], [119.401562, -5.092720499999928], [119.40130820000002, -5.092693199999928], [119.40104110000004, -5.092849599999965], [119.40090120000002, -5.093132699999956], [119.40063640000005, -5.094003499999928], [119.40063670000006, -5.094088299999953], [119.40067950000002, -5.094215199999951], [119.40067980000003, -5.094314099999963], [119.40052520000006, -5.094399399999929], [119.40001760000007, -5.094330699999944], [119.39960910000002, -5.094346399999949], [119.39927090000003, -5.094347599999935], [119.39877750000005, -5.09430709999998], [119.39846760000012, -5.094322399999953], [119.39782050000008, -5.09460729999995], [119.39769460000002, -5.094862], [119.39759950000007, -5.095822899999973], [119.39765720000003, -5.096175899999935], [119.39789790000009, -5.096499899999969], [119.39841980000006, -5.096625099999926], [119.39877180000008, -5.096553099999937], [119.39905290000002, -5.09636839999996], [119.39937670000006, -5.096282499999973], [119.39956010000003, -5.096338299999957], [119.39975790000005, -5.09649289999993], [119.39999870000008, -5.096816899999965], [119.40007050000008, -5.097183899999948], [119.40015730000005, -5.097791], [119.40020130000005, -5.098242899999946], [119.40037180000002, -5.098623599999939], [119.40047290000007, -5.099287199999935], [119.40053130000001, -5.099837899999955], [119.40064560000008, -5.100275299999964], [119.40101360000006, -5.100711899999965], [119.401536, -5.100992399999939], [119.40207210000005, -5.101145799999927], [119.40246720000005, -5.10129969999997], [119.40291850000006, -5.101411], [119.40359540000009, -5.101535599999977], [119.40422980000005, -5.101632199999926], [119.40459590000012, -5.101560199999938], [119.404877, -5.101347199999964], [119.4051296, -5.10107789999995], [119.4055082000001, -5.10058209999994], [119.40574620000007, -5.100171499999931], [119.40577330000008, -5.099874799999952], [119.4057295, -5.099465299999963], [119.40578510000012, -5.099267299999951], [119.406109, -5.099195499999951], [119.40637820000006, -5.098627699999952], [119.40643410000007, -5.098486199999968], [119.40648920000001, -5.098147], [119.40640360000009, -5.097878899999955], [119.40633180000009, -5.097497799999928], [119.40618930000005, -5.097074599999928], [119.4060611000001, -5.096721899999977], [119.40590510000004, -5.09644], [119.40572120000002, -5.096242899999936], [119.40570570000011, -5.095875699999965], [119.40533530000005, -5.095222399999955], [119.40519360000008, -5.095011], [119.4050380000001, -5.094842099999937], [119.40507930000001, -5.094573599999933], [119.40513550000003, -5.094545099999948], [119.40527650000001, -5.094558699999936], [119.40548790000003, -5.094572], [119.40589630000011, -5.094514], [119.40612140000007, -5.094400199999939], [119.40613330000008, -5.093821], [119.4060462000001, -5.093129099999942], [119.40580540000008, -5.092805099999964], [119.40560770000002, -5.092678699999965], [119.40543760000003, -5.092411], [119.4054076000001, -5.091930799999943], [119.4055188000001, -5.091506599999946], [119.40568680000001, -5.091209399999968], [119.40579800000012, -5.090813399999945], [119.4056796000001, -5.089722199999926], [119.40565060000006, -5.089496199999928], [119.40560720000008, -5.08919979999996], [119.4055638000001, -5.088889199999926], [119.40556260000005, -5.088564299999973], [119.40566020000006, -5.088295499999958], [119.40571640000007, -5.088238799999942], [119.4059956000001, -5.087531499999955], [119.40586770000004, -5.087249399999962], [119.40512030000002, -5.087082699999939], [119.40471120000007, -5.086971199999937], [119.40420370000004, -5.086902499999951], [119.40382330000011, -5.086903899999925], [119.40342880000003, -5.086919499999965], [119.40307610000002, -5.08679369999993]]], [[[119.32462190000001, -5.005749699999967], [119.3242527000001, -5.005681099999947], [119.32392360000006, -5.005672199999935], [119.32366450000006, -5.005703099999948], [119.32342530000005, -5.005744], [119.3232660000001, -5.005814499999929], [119.32312680000007, -5.005925], [119.32293790000006, -5.006075599999974], [119.32280890000004, -5.006236], [119.32280120000007, -5.006868199999928], [119.3228418000001, -5.007078], [119.32283250000012, -5.007268], [119.32275350000009, -5.00747819999998], [119.32269440000005, -5.007698399999981], [119.32272510000007, -5.007918199999949], [119.32288540000002, -5.008127599999966], [119.32298560000004, -5.008267199999977], [119.32305620000011, -5.00848689999998], [119.3230172000001, -5.008747], [119.32291830000008, -5.008967199999972], [119.3225020000001, -5.009701399999926], [119.32241320000003, -5.009971599999972], [119.32227490000002, -5.010322], [119.32227750000004, -5.011061799999936], [119.3222879000001, -5.011181799999974], [119.32244790000004, -5.011321099999975], [119.32251830000007, -5.011490799999933], [119.32241890000012, -5.011571199999935], [119.3223597000001, -5.011761299999932], [119.322371, -5.012121199999967], [119.32231210000009, -5.012391299999933], [119.32240430000002, -5.013090799999929], [119.32243490000008, -5.013290599999948], [119.3225572, -5.014013499999976], [119.322568, -5.014233399999966], [119.32267840000009, -5.014442899999949], [119.32287840000004, -5.014612199999931], [119.32305810000003, -5.014681499999938], [119.32318820000012, -5.014811], [119.32331850000003, -5.014990499999953], [119.323349, -5.015160399999957], [119.32328970000003, -5.015300499999967], [119.32309060000011, -5.015391199999954], [119.32289130000004, -5.015421899999978], [119.32268190000002, -5.015422699999931], [119.3224924000001, -5.015433299999927], [119.32229340000004, -5.015554], [119.3221046000001, -5.015734599999973], [119.3219458000001, -5.015935099999979], [119.32157960000006, -5.016709299999945], [119.321591, -5.017089099999964], [119.32173130000001, -5.017288599999972], [119.32189130000006, -5.017428], [119.32207130000006, -5.017577299999971], [119.3222316, -5.017776699999956], [119.32240180000008, -5.017976], [119.32262140000012, -5.01804519999996], [119.32299050000006, -5.01809389999994], [119.32326970000008, -5.018092899999942], [119.32349880000004, -5.018042099999946], [119.3238275000001, -5.017940899999928], [119.32410650000008, -5.01786], [119.32436560000008, -5.017829099999972], [119.3245849000001, -5.017808299999956], [119.32529340000008, -5.017965699999934], [119.32546350000007, -5.018125099999963], [119.32549380000012, -5.018244899999956], [119.32551420000004, -5.018374799999947], [119.32551480000006, -5.018524799999966], [119.32550540000011, -5.018694799999935], [119.3254260000001, -5.018805], [119.3252867000001, -5.018875499999979], [119.32508760000007, -5.018986199999972], [119.32492830000001, -5.019046699999933], [119.32472920000009, -5.019137399999977], [119.3245303000001, -5.019278099999951], [119.32438130000003, -5.019438599999944], [119.32423250000011, -5.019669], [119.3241435000001, -5.019879299999957], [119.32402450000006, -5.020069599999943], [119.32387540000002, -5.020190099999979], [119.3237362000001, -5.020290599999953], [119.32360690000007, -5.020401], [119.32343780000008, -5.020521599999938], [119.3233785000001, -5.020661799999971], [119.323379, -5.020801699999936], [119.32344910000006, -5.020901499999979], [119.32364880000011, -5.020950699999958], [119.32378840000001, -5.020960199999934], [119.32405760000006, -5.020949299999927], [119.32427670000004, -5.020878499999981], [119.32457480000005, -5.020587499999976], [119.32473370000002, -5.020407], [119.32493250000005, -5.020216399999981], [119.32504150000011, -5.020046], [119.32519080000009, -5.01995549999998], [119.32533060000003, -5.020005], [119.32543060000012, -5.020094599999936], [119.3254511, -5.020254499999965], [119.3257109000001, -5.020393599999977], [119.325811, -5.020503199999951], [119.3258217, -5.020723099999941], [119.3257724, -5.020873199999926], [119.325683, -5.020963499999937], [119.32557350000002, -5.021033899999964], [119.32550420000007, -5.021154099999933], [119.32553460000008, -5.021293899999932], [119.3256745000001, -5.021393399999965], [119.3259240000001, -5.021452499999953], [119.32620310000004, -5.021421499999974], [119.32636250000007, -5.021381], [119.32657160000008, -5.021300199999928], [119.32671080000011, -5.02117979999997], [119.3269097000001, -5.021039099999939], [119.32714870000007, -5.020958299999961], [119.3275374000001, -5.020886899999937], [119.32771660000003, -5.020816299999979], [119.32786560000011, -5.020655799999929], [119.32806440000002, -5.020475099999942], [119.32826320000004, -5.020314499999927], [119.3284523000001, -5.020203799999933], [119.3288735000001, -5.020020599999953], [119.32899280000004, -5.019920199999945], [119.329102, -5.019789799999955], [119.32917150000003, -5.019689599999936], [119.32926060000011, -5.019509299999925], [119.32937960000004, -5.019339], [119.32948850000002, -5.019108599999925], [119.3295475000001, -5.018888499999946], [119.32960650000007, -5.018648299999938], [119.32966540000007, -5.018388199999947], [119.32965420000005, -5.018038299999944], [119.32960230000003, -5.017468699999938], [119.32959140000003, -5.017208799999935], [119.329541, -5.017059], [119.32947090000005, -5.016969299999971], [119.32939080000006, -5.01686959999995], [119.32930070000009, -5.01677], [119.32917050000003, -5.016600499999925], [119.32891970000003, -5.016498699999943], [119.32878960000005, -5.016349199999979], [119.32866960000001, -5.016249599999981], [119.32857940000008, -5.01613], [119.32849930000009, -5.016040299999929], [119.32839920000004, -5.015920699999981], [119.32831920000001, -5.015861], [119.32818920000011, -5.015771499999971], [119.32809940000004, -5.015741799999944], [119.32796990000008, -5.015772299999981], [119.32787040000005, -5.01585259999996], [119.32775120000008, -5.015963], [119.32763160000002, -5.015993399999957], [119.32750150000004, -5.015863899999943], [119.32750020000003, -5.015494], [119.32751980000012, -5.015374], [119.327569, -5.015213899999935], [119.3275784000001, -5.015033899999935], [119.32751790000009, -5.014844099999948], [119.32744750000006, -5.014674399999933], [119.32734730000004, -5.014534799999979], [119.32724730000007, -5.014455199999929], [119.327147, -5.014295599999969], [119.32705670000007, -5.014126], [119.32698620000008, -5.013936299999955], [119.3267624, -5.013003599999934], [119.32671170000003, -5.012753799999928], [119.32668110000009, -5.012564], [119.32665, -5.012244199999941], [119.32663910000008, -5.011964299999931], [119.32656830000008, -5.011704599999973], [119.326574, -5.010484899999938], [119.32658310000011, -5.010245], [119.3266321000001, -5.009984899999949], [119.32675090000009, -5.009754499999929], [119.32677980000005, -5.009454499999947], [119.32682690000001, -5.008971], [119.32673650000004, -5.008781399999975], [119.32665660000009, -5.008731699999942], [119.32655620000003, -5.008552099999974], [119.326466, -5.008402399999966], [119.32643530000007, -5.008202599999947], [119.32640470000001, -5.008002799999929], [119.32635440000001, -5.007873], [119.3263141000001, -5.007763199999943], [119.326264, -5.007673399999931], [119.32618380000008, -5.007573699999966], [119.32607360000009, -5.007404099999974], [119.32601310000007, -5.007234399999959], [119.32592270000009, -5.007024799999954], [119.3258320000001, -5.006765199999961], [119.32576160000008, -5.006585499999971], [119.32563110000001, -5.006346], [119.32556050000005, -5.00613629999998], [119.32546030000003, -5.005976699999962], [119.3253003000001, -5.005847299999971], [119.3252103000001, -5.005787599999962], [119.32506070000011, -5.005768199999977], [119.32482140000002, -5.005779], [119.32462190000001, -5.005749699999967]]], [[[119.32902850000005, -5.02242119999994], [119.32927730000006, -5.022270299999946], [119.32941630000005, -5.022099899999944], [119.32951550000007, -5.021949499999948], [119.32969420000006, -5.021749], [119.32982330000004, -5.02158849999995], [119.3299525000001, -5.021468099999936], [119.33004180000012, -5.021337799999969], [119.33011110000007, -5.021197599999937], [119.3300905000001, -5.02100779999995], [119.32999020000011, -5.020858199999964], [119.3298602000001, -5.020738599999959], [119.32968050000011, -5.020689299999958], [119.32955110000012, -5.020739699999979], [119.3293423, -5.020910499999957], [119.32923320000009, -5.021080799999936], [119.329134, -5.021231099999966], [119.32902480000007, -5.02137149999993], [119.32890570000006, -5.021531799999934], [119.32879670000011, -5.021712199999968], [119.32865750000008, -5.021832599999925], [119.3285284000001, -5.021983099999943], [119.32845960000009, -5.022253199999966], [119.32849990000011, -5.02236309999995], [119.3286098000001, -5.022442599999977], [119.32866970000009, -5.022452399999963], [119.32902850000005, -5.02242119999994]]], [[[119.32217450000007, -5.036125899999945], [119.3224378000001, -5.035871899999961], [119.32267890000003, -5.035391899999979], [119.32267860000002, -5.035391499999946], [119.32267910000007, -5.035390499999949], [119.32203420000008, -5.034642599999927], [119.3218051, -5.034534899999926], [119.3214147000001, -5.034527299999979], [119.32105940000008, -5.034727399999952], [119.32078400000012, -5.035080899999969], [119.3206358000001, -5.035569599999974], [119.32063590000007, -5.035570199999938], [119.32063570000003, -5.035571], [119.3206934000001, -5.035977499999944], [119.32102670000006, -5.036229399999968], [119.32168180000008, -5.03635369999995], [119.32217450000007, -5.036125899999945]]], [[[119.33128030000012, -5.049869799999954], [119.3312562000001, -5.048965899999928], [119.33150720000003, -5.048413599999947], [119.33186310000008, -5.047725399999933], [119.33198720000007, -5.046983699999942], [119.33199250000007, -5.046902299999942], [119.33203220000007, -5.046188099999938], [119.33183640000004, -5.045293899999933], [119.33132970000008, -5.04430149999996], [119.33085770000002, -5.043697499999951], [119.33037490000004, -5.043057499999975], [119.32962730000008, -5.042111099999943], [119.32906490000005, -5.041597799999977], [119.32821460000002, -5.041402], [119.32775560000005, -5.041286199999945], [119.32710050000003, -5.041152899999929], [119.32573550000006, -5.041311499999949], [119.32512740000004, -5.041431199999977], [119.32465730000001, -5.041514199999938], [119.32385410000006, -5.041716], [119.32321190000005, -5.042061799999942], [119.32259280000005, -5.042389399999934], [119.3220768000001, -5.043014899999946], [119.32167650000008, -5.043730499999981], [119.32143650000012, -5.044526799999971], [119.321381, -5.045557499999973], [119.32193290000009, -5.046134], [119.32254050000006, -5.046529499999963], [119.32321900000011, -5.046897699999931], [119.32358670000008, -5.047312199999965], [119.32365670000002, -5.047519799999975], [119.32340450000004, -5.048036], [119.323049, -5.048516399999926], [119.32280890000004, -5.04911379999993], [119.32293620000007, -5.049737], [119.32374030000005, -5.049960099999964], [119.32430260000001, -5.049958099999969], [119.32470410000008, -5.050065099999927], [119.32468210000002, -5.050698], [119.32444210000006, -5.051168899999936], [119.32421330000011, -5.051775299999974], [119.32424910000009, -5.052344699999935], [119.32461680000006, -5.052587399999936], [119.32517960000007, -5.052901799999972], [119.3256378000001, -5.053126099999929], [119.32586920000006, -5.053712799999971], [119.32581260000006, -5.054264399999965], [119.32581320000008, -5.05475249999995], [119.32643320000011, -5.05512989999994], [119.3272253, -5.055289799999969], [119.32862540000008, -5.055474599999968], [119.32952080000007, -5.055218299999979], [119.33031210000001, -5.054673099999945], [119.33073560000003, -5.054138199999954], [119.33130840000001, -5.053313599999967], [119.33155990000012, -5.052743199999952], [119.33182240000008, -5.051784099999963], [119.33190250000007, -5.051187199999958], [119.331522, -5.050492599999927], [119.33128030000012, -5.049869799999954]]], [[[119.35468580000008, -5.055170799999928], [119.35526780000009, -5.055015799999978], [119.35579490000009, -5.054670399999964], [119.35621910000009, -5.054343399999937], [119.35640250000006, -5.053945], [119.35650570000007, -5.053528899999947], [119.35650570000007, -5.05352819999996], [119.35650590000012, -5.053527499999973], [119.356482, -5.053147899999942], [119.35590740000009, -5.052526299999954], [119.35556130000009, -5.052166], [119.3550907, -5.05180619999993], [119.35448240000005, -5.051690899999926], [119.35400040000002, -5.051783], [119.35358740000004, -5.052218399999958], [119.3531756000001, -5.05301529999997], [119.35284410000008, -5.053730599999938], [119.35284410000008, -5.053731699999958], [119.35284400000012, -5.053732], [119.35284540000009, -5.054428], [119.35332830000004, -5.054778799999951], [119.35394880000001, -5.055138099999965], [119.3545107000001, -5.055217399999947], [119.35468580000008, -5.055170799999928]]], [[[119.32290300000011, -5.055858099999966], [119.32299820000003, -5.055799599999943], [119.32310160000009, -5.055720199999939], [119.32331660000011, -5.055548899999962], [119.32340750000003, -5.055444699999953], [119.32358470000008, -5.055128], [119.32386140000006, -5.054702599999928], [119.32396490000008, -5.054644099999962], [119.32409730000006, -5.054556299999945], [119.32428350000009, -5.05441419999994], [119.3243619000001, -5.054326599999968], [119.32443620000004, -5.054222399999958], [119.32443160000003, -5.054097699999943], [119.32438980000006, -5.053985599999976], [119.32433560000004, -5.053910899999948], [119.32419820000007, -5.053761699999939], [119.32398190000004, -5.053592], [119.32389870000009, -5.053509199999951], [119.32380300000011, -5.053426299999956], [119.3236700000001, -5.053347799999926], [119.32349150000005, -5.053323499999976], [119.32332130000009, -5.05326169999995], [119.323122, -5.053212599999938], [119.32278950000011, -5.05302249999994], [119.32266070000003, -5.052956399999971], [119.32238270000005, -5.052899199999956], [119.32218740000008, -5.052812599999925], [119.32200060000002, -5.052750899999978], [119.32188830000007, -5.052668099999948], [119.32175530000006, -5.052597899999967], [119.32165140000006, -5.052527599999962], [119.3215394, -5.052536299999929], [119.32145220000007, -5.052582599999937], [119.32139010000003, -5.052636899999925], [119.32136140000011, -5.052724299999966], [119.32133280000005, -5.052845], [119.32132910000007, -5.052961399999958], [119.32132950000005, -5.053069599999958], [119.32132990000002, -5.053198499999951], [119.32127650000007, -5.053327499999966], [119.32123560000002, -5.053502299999934], [119.321162, -5.053789499999937], [119.32118340000011, -5.053984799999967], [119.32122560000005, -5.054192599999965], [119.32127730000002, -5.054720499999974], [119.32129010000006, -5.054841], [119.32147750000001, -5.055056599999944], [119.32170180000003, -5.055147199999965], [119.32185960000004, -5.055188199999975], [119.3219759000001, -5.055233599999951], [119.3223465000001, -5.055656399999975], [119.3224838000001, -5.055788899999925], [119.32275790000006, -5.055866899999955], [119.32290300000011, -5.055858099999966]]], [[[119.28785760000005, -5.102567799999974], [119.28752740000004, -5.102492599999948], [119.28724820000002, -5.102493599999946], [119.28707070000007, -5.102519699999959], [119.28676640000003, -5.102597099999969], [119.28648730000009, -5.102598099999966], [119.28615720000005, -5.102548399999932], [119.28577650000011, -5.10252429999997], [119.28554820000011, -5.10255049999995], [119.28519380000012, -5.102806199999975], [119.285017, -5.103061199999956], [119.2848404, -5.10334169999993], [119.2846889000001, -5.103571199999976], [119.28448670000012, -5.103800899999953], [119.2841836, -5.104183499999976], [119.2841082000001, -5.104412799999977], [119.28405870000006, -5.104769099999942], [119.28398360000006, -5.105049199999939], [119.2838832000001, -5.10535479999993], [119.28375740000001, -5.105660599999965], [119.28365750000012, -5.106118799999933], [119.2836334000001, -5.106475099999955], [119.28373580000004, -5.106729099999939], [119.28388960000007, -5.107161099999928], [119.28386530000012, -5.107466399999964], [119.28386630000011, -5.107746299999974], [119.28399380000008, -5.107923899999946], [119.284071, -5.108228899999972], [119.28419850000012, -5.108406499999944], [119.28435180000008, -5.108685799999932], [119.28445410000006, -5.108914399999946], [119.28448010000011, -5.109092399999952], [119.28445540000007, -5.109296], [119.28448220000007, -5.109677499999975], [119.28455870000005, -5.109779], [119.28471130000003, -5.109880199999964], [119.2849149000001, -5.110057499999925], [119.28506770000001, -5.110209599999962], [119.28522010000006, -5.110234499999933], [119.28537270000004, -5.110335799999973], [119.28557580000006, -5.110360499999956], [119.28590560000009, -5.110333899999944], [119.28608330000009, -5.110333199999957], [119.2862857, -5.110154399999942], [119.28694240000004, -5.10928709999996], [119.28714380000008, -5.108828499999959], [119.2874213, -5.108369599999946], [119.28762270000004, -5.107910899999979], [119.28782440000009, -5.107528599999966], [119.2880262000001, -5.107197199999973], [119.28825340000003, -5.106840199999965], [119.28855650000003, -5.106457599999942], [119.28883420000011, -5.106049499999926], [119.28906160000008, -5.10576889999993], [119.28926390000004, -5.10556459999998], [119.28954240000007, -5.105360099999928], [119.2897944, -5.104875899999968], [119.289794, -5.104748699999959], [119.28984380000009, -5.104494099999954], [119.28974130000006, -5.104214599999978], [119.28956290000008, -5.103986299999974], [119.28946040000005, -5.103732299999933], [119.28918030000011, -5.103453399999978], [119.28890060000003, -5.10330179999994], [119.2885702000001, -5.103150299999925], [119.288316, -5.103024], [119.28818850000005, -5.102871899999968], [119.28808650000008, -5.102719599999944], [119.28785760000005, -5.102567799999974]]], [[[119.26546230000008, -5.145524499999965], [119.26535590000003, -5.14546219999994], [119.2650741000001, -5.145262799999955], [119.26489250000009, -5.145144499999958], [119.26481750000005, -5.145119699999952], [119.26468630000011, -5.145120099999929], [119.2645864000001, -5.145139299999926], [119.26443670000003, -5.145183699999961], [119.26440550000007, -5.145208799999978], [119.2643432000001, -5.145240399999977], [119.26426820000006, -5.145240599999966], [119.26416210000002, -5.145266099999958], [119.26402470000005, -5.145279099999925], [119.26384370000005, -5.145317299999931], [119.26367520000008, -5.145355499999937], [119.26361290000011, -5.145405799999935], [119.26360690000001, -5.145474699999966], [119.26357570000005, -5.145499899999948], [119.26344470000004, -5.145550499999956], [119.26335740000002, -5.145588299999929], [119.263245, -5.145595], [119.26314910000008, -5.145571299999972], [119.26306390000002, -5.145614399999943], [119.26280810000003, -5.14571559999996], [119.26270210000007, -5.145759799999951], [119.26257750000002, -5.145873], [119.26248420000002, -5.145986], [119.26247200000012, -5.146061199999963], [119.26244670000005, -5.146225799999968], [119.26245190000009, -5.146232], [119.26246060000005, -5.146355599999936], [119.26248, -5.146556], [119.26249970000003, -5.146825199999967], [119.26252560000012, -5.147075699999959], [119.26258280000002, -5.147344799999928], [119.26262080000004, -5.147501199999965], [119.26281470000004, -5.147582], [119.26292790000002, -5.147794499999975], [119.26297810000005, -5.147850699999935], [119.26300990000004, -5.148026], [119.263098, -5.148182199999951], [119.26314820000005, -5.148263499999928], [119.26325520000012, -5.148482299999955], [119.2633432, -5.148632299999974], [119.2634375, -5.14880729999993], [119.26344510000001, -5.148877199999959], [119.26345970000011, -5.148910599999965], [119.26348510000003, -5.149010699999963], [119.26349160000007, -5.149092099999962], [119.263492, -5.149211099999945], [119.26348670000004, -5.149467899999934], [119.26347010000006, -5.149594199999967], [119.26347370000008, -5.149598899999944], [119.26345020000008, -5.149743699999931], [119.26346330000001, -5.149925199999927], [119.26348260000009, -5.150081799999953], [119.26349590000007, -5.150313399999959], [119.26352140000006, -5.150457399999937], [119.26363460000005, -5.150676199999964], [119.26368510000009, -5.150826399999971], [119.26369820000002, -5.150976599999979], [119.26375120000012, -5.151160199999936], [119.26373550000005, -5.151244499999962], [119.26376190000008, -5.151345899999967], [119.26374420000002, -5.151615299999946], [119.26366990000008, -5.151803499999971], [119.26362660000007, -5.151922599999978], [119.26355190000004, -5.152010599999926], [119.26352090000012, -5.152073299999927], [119.26345850000007, -5.152098599999931], [119.26341380000008, -5.152121199999954], [119.26340820000007, -5.152148599999975], [119.26334010000005, -5.152180399999963], [119.26330270000005, -5.152205599999945], [119.2633029000001, -5.152252199999964], [119.26335290000009, -5.152274299999931], [119.26335940000001, -5.152324399999941], [119.26337840000008, -5.15240579999994], [119.2631546, -5.152719699999977], [119.263092, -5.152676099999951], [119.26303570000005, -5.152651299999945], [119.262942, -5.152664099999981], [119.26295470000002, -5.152714199999934], [119.2630425000001, -5.152801499999953], [119.2630425000001, -5.152826599999969], [119.26299290000009, -5.152908199999956], [119.26293070000008, -5.15298359999997], [119.26290570000003, -5.152989899999966], [119.26281790000007, -5.152902599999948], [119.26274920000003, -5.152909099999931], [119.26271820000011, -5.152959299999964], [119.26274350000006, -5.15304059999994], [119.26277880000009, -5.153075799999954], [119.26270620000003, -5.153109599999937], [119.26265640000008, -5.15316619999993], [119.2626629, -5.153228799999965], [119.2627007000001, -5.153303799999946], [119.262782, -5.153341099999977], [119.26285690000009, -5.153328299999941], [119.262888, -5.153284399999961], [119.262937, -5.153190799999948], [119.26295180000011, -5.15318469999994], [119.26298110000005, -5.15312119999993], [119.26308690000008, -5.15299559999994], [119.26326090000009, -5.152750699999956], [119.26337910000007, -5.152612499999975], [119.26344150000011, -5.152580899999975], [119.26351000000011, -5.15253679999995], [119.263541, -5.152474099999949], [119.26355330000001, -5.152392599999928], [119.26359650000006, -5.152260899999931], [119.26371460000007, -5.152097699999956], [119.26388270000007, -5.151928], [119.26403820000007, -5.151752], [119.26420010000004, -5.151607399999932], [119.26433720000011, -5.15150669999997], [119.26447420000011, -5.151374699999963], [119.26456750000011, -5.151267899999937], [119.26464830000009, -5.151154899999938], [119.264754, -5.151010399999961], [119.26484720000008, -5.150878599999942], [119.26494050000008, -5.150759299999947], [119.26504010000008, -5.150646199999926], [119.26526410000008, -5.150413599999979], [119.26532020000002, -5.150363299999981], [119.26539780000007, -5.150234599999976], [119.265466, -5.150102899999979], [119.2655095, -5.150021299999935], [119.26552790000005, -5.149933499999975], [119.26550880000002, -5.149820899999952], [119.26549590000002, -5.149714499999959], [119.2655016000001, -5.149557899999934], [119.26556360000006, -5.149419799999976], [119.26568170000007, -5.149256599999944], [119.26573760000008, -5.149162399999966], [119.26576840000007, -5.149055799999928], [119.26584290000005, -5.148924099999931], [119.26597950000007, -5.148691799999938], [119.26606670000001, -5.14859759999996], [119.26608520000002, -5.148547399999927], [119.26608510000005, -5.14850359999997], [119.26606620000007, -5.148459799999955], [119.26599740000006, -5.148435], [119.26601260000007, -5.148337799999979], [119.26608110000006, -5.148256199999935], [119.26613080000004, -5.148180799999977], [119.26623180000001, -5.148074799999961], [119.26627780000001, -5.147978499999965], [119.26634320000005, -5.147897599999965], [119.2663606000001, -5.147823], [119.2664291000001, -5.147747599999946], [119.26651630000003, -5.147678399999961], [119.26657210000008, -5.147565499999928], [119.26659060000009, -5.147502799999927], [119.26661530000001, -5.147408699999971], [119.26664, -5.147333499999945], [119.26664590000007, -5.147233299999925], [119.26664560000006, -5.147145599999931], [119.26664520000008, -5.147045399999968], [119.2666451, -5.147020299999951], [119.266647, -5.147019799999953], [119.26664720000008, -5.147014399999932], [119.2667341, -5.14699], [119.2667341, -5.14698919999995], [119.26685730000008, -5.146963199999959], [119.266951, -5.146944099999928], [119.26695380000001, -5.146944099999928], [119.26696290000007, -5.146939299999929], [119.266966, -5.146934899999962], [119.2669691000001, -5.146929899999975], [119.26696780000009, -5.146922299999972], [119.26696780000009, -5.146917299999927], [119.26696210000011, -5.146910399999967], [119.266954, -5.146903599999973], [119.2669489000001, -5.146898599999929], [119.26693770000008, -5.146898], [119.26692450000007, -5.146898699999952], [119.26690270000006, -5.146900599999981], [119.26684960000011, -5.146909599999958], [119.26672930000007, -5.146934199999976], [119.26672880000001, -5.146928], [119.2666048000001, -5.146955799999944], [119.26658350000002, -5.146863199999927], [119.26657710000006, -5.146734599999945], [119.26658270000007, -5.146635899999978], [119.26659740000002, -5.146555], [119.26658220000002, -5.146492299999977], [119.26657890000001, -5.14640849999995], [119.26662350000004, -5.146339599999976], [119.266686, -5.146315399999935], [119.26671290000002, -5.146321299999954], [119.26673270000003, -5.146312899999941], [119.26673310000001, -5.146311299999979], [119.26675910000006, -5.146304699999973], [119.266771, -5.146292699999947], [119.26677980000011, -5.146271699999943], [119.26677680000012, -5.146256799999946], [119.26675280000006, -5.146227], [119.26674, -5.146224399999937], [119.2667398000001, -5.146221799999978], [119.26671850000002, -5.146228599999972], [119.26667380000004, -5.146240699999964], [119.26666190000003, -5.146252699999934], [119.26667390000011, -5.146273599999972], [119.2666173, -5.146288799999979], [119.2666051000001, -5.146211], [119.26659, -5.146157199999948], [119.26658390000011, -5.146130299999925], [119.26654630000007, -5.146048199999939], [119.2665455, -5.146047199999941], [119.26651980000008, -5.146028], [119.2663758000001, -5.145934599999975], [119.26617570000008, -5.145872699999927], [119.2659566000001, -5.145748199999957], [119.26580020000006, -5.145667299999957], [119.26565, -5.145605199999977], [119.26546230000008, -5.145524499999965]]]] 
      }
    },
    {
      "type": "Feature",
      "properties": {
        "district_id": "7371090",
        "province": "Sulawesi Selatan",
        "regency": "Makassar",
        "district": "Tallo",
        "pria": 74560,
        "wanita": 73448,
        "total_penduduk": 148008
      },
      "geometry": {
        "type": "Polygon",
        "coordinates": [[[119.4446474, -5.106726799999933], [119.447717, -5.105458], [119.44956120000006, -5.102751], [119.44921580000005, -5.102802299999951], [119.44791470000007, -5.102705], [119.44789460000004, -5.102753799999959], [119.44789030000004, -5.102703099999928], [119.4478511000001, -5.102616599999976], [119.44782110000006, -5.102538199999969], [119.44772310000008, -5.102479399999936], [119.44764410000005, -5.102432399999941], [119.4475566000001, -5.102424199999973], [119.44743820000008, -5.10246159999997], [119.44739960000004, -5.102442399999973], [119.44738630000006, -5.102433599999927], [119.44728320000002, -5.10244339999997], [119.44725560000006, -5.102379], [119.447191, -5.10238389999995], [119.44710550000002, -5.102331299999946], [119.44695520000005, -5.102175399999965], [119.446715, -5.102054799999962], [119.44663960000003, -5.101942299999962], [119.446638, -5.101861], [119.4466708000001, -5.101844599999936], [119.44712740000011, -5.10203329999996], [119.447368, -5.102049699999952], [119.44754570000009, -5.101970399999971], [119.44768510000006, -5.101806299999964], [119.44777810000005, -5.101707899999951], [119.44773710000004, -5.10164229999998], [119.447759, -5.10160129999997], [119.447841, -5.101595799999927], [119.44795580000005, -5.101497399999971], [119.44795310000006, -5.101418099999933], [119.44785190000005, -5.101254099999949], [119.4475758000001, -5.10107359999995], [119.44732150000004, -5.100983399999961], [119.44699250000008, -5.10093489999997], [119.44641270000011, -5.100914699999976], [119.44597830000009, -5.101028099999951], [119.445689, -5.101163399999962], [119.44545140000002, -5.100247599999932], [119.44363710000005, -5.101037099999928], [119.4431919000001, -5.101228799999944], [119.44294710000008, -5.10135269999995], [119.44288050000011, -5.101431199999979], [119.4427664000001, -5.101483799999926], [119.44276730000001, -5.101491899999928], [119.44268040000009, -5.101588499999934], [119.44266980000009, -5.101711499999965], [119.4426707, -5.101967], [119.44266360000006, -5.101967699999932], [119.44267130000003, -5.102125099999967], [119.44259340000008, -5.102170099999967], [119.442404, -5.102193199999931], [119.44235960000003, -5.10224919999996], [119.44207010000002, -5.102328599999964], [119.44200350000006, -5.102407099999937], [119.44178060000002, -5.10243029999998], [119.44169120000004, -5.102374699999928], [119.4416572, -5.102240699999925], [119.44159, -5.102162699999951], [119.44146740000008, -5.102152], [119.44135580000011, -5.102130099999954], [119.44123330000002, -5.102164099999925], [119.44128940000007, -5.102264499999933], [119.44125620000011, -5.102331699999979], [119.44122310000012, -5.102410099999929], [119.44113390000007, -5.102421599999957], [119.4410114000001, -5.102455599999928], [119.44085550000011, -5.102512099999956], [119.4408112000001, -5.102568099999928], [119.44065520000004, -5.102591099999927], [119.44052150000005, -5.102625099999955], [119.44045480000011, -5.102681299999972], [119.440388, -5.102692699999977], [119.44024170000012, -5.102335499999981], [119.44014160000006, -5.102391799999964], [119.44004130000008, -5.102425699999969], [119.43995240000004, -5.102482], [119.43984090000004, -5.102482399999928], [119.43970680000007, -5.10241579999996], [119.43970740000009, -5.102572299999963], [119.43971920000001, -5.102728799999966], [119.43979750000005, -5.102806699999974], [119.43982030000006, -5.102929599999925], [119.43968650000011, -5.102941299999941], [119.4396081000001, -5.102841], [119.43938490000005, -5.102774799999963], [119.43934050000007, -5.102842], [119.43932980000011, -5.102942699999971], [119.43927420000011, -5.102998799999966], [119.43914010000003, -5.102909799999964], [119.43900610000003, -5.102843299999961], [119.43901770000002, -5.102966199999969], [119.43899570000008, -5.103044499999953], [119.438918, -5.103134299999965], [119.43886240000006, -5.103168], [119.43875090000006, -5.103168399999959], [119.43864990000009, -5.10299], [119.43847140000003, -5.102957099999969], [119.4384606000001, -5.103046599999971], [119.43842730000006, -5.103091399999926], [119.43847240000002, -5.103225399999928], [119.43853970000009, -5.103336899999931], [119.43852890000005, -5.103415199999972], [119.4385516000001, -5.103526899999963], [119.43845150000004, -5.103605499999958], [119.43835090000005, -5.103516499999955], [119.43827280000005, -5.103505599999949], [119.43816090000007, -5.103405399999929], [119.43799400000012, -5.103484299999934], [119.4377985000001, -5.103563599999973], [119.43767570000011, -5.103656699999931], [119.43786470000009, -5.104032099999927], [119.4378623, -5.104038199999934], [119.43784030000006, -5.104127699999935], [119.4379077000001, -5.104250399999955], [119.43803060000005, -5.104328199999941], [119.43819810000002, -5.10438929999998], [119.43819830000007, -5.104450499999928], [119.4381763, -5.104517699999974], [119.43808750000005, -5.104641], [119.43804320000004, -5.104708199999948], [119.43786480000006, -5.104708899999935], [119.43786540000008, -5.104876599999955], [119.43774310000003, -5.104944099999955], [119.43764650000003, -5.104998399999943], [119.43764420000002, -5.105003499999953], [119.437688, -5.105112], [119.43766590000007, -5.105179199999952], [119.43754350000006, -5.105235499999935], [119.43754400000012, -5.105380799999978], [119.4374868000001, -5.105413], [119.43748860000005, -5.105470499999967], [119.43738850000011, -5.10552679999995], [119.43737950000002, -5.105532699999969], [119.4372131, -5.105641499999933], [119.43719940000005, -5.105650399999945], [119.4368290000001, -5.104992299999935], [119.43655970000009, -5.104512599999964], [119.436348, -5.10456929999998], [119.43601400000011, -5.104693599999962], [119.43572460000007, -5.104795299999978], [119.43553530000008, -5.104863099999932], [119.43526760000009, -5.104830499999935], [119.43511130000002, -5.104775199999949], [119.43504450000012, -5.104809], [119.43494460000011, -5.104921199999978], [119.43483320000007, -5.104944], [119.43469950000008, -5.104955699999948], [119.4345770000001, -5.105012], [119.43444290000002, -5.104923099999951], [119.43435340000008, -5.104845199999943], [119.434008, -5.104902399999958], [119.433886, -5.105070499999954], [119.433775, -5.105193899999961], [119.43369280000002, -5.105194199999971], [119.43361890000006, -5.105194499999925], [119.4334851000001, -5.105172699999969], [119.43338420000009, -5.105038899999954], [119.43338390000008, -5.104949499999975], [119.4333947, -5.104871199999934], [119.4333835000001, -5.10486], [119.43312690000005, -5.104805099999965], [119.43297070000006, -5.104761], [119.43293730000005, -5.104794699999957], [119.43285960000003, -5.104862], [119.43282620000002, -5.104884499999969], [119.43271470000002, -5.10487379999995], [119.43261410000002, -5.104818199999954], [119.43245780000007, -5.104762899999969], [119.43244670000001, -5.104763], [119.43232400000011, -5.104763499999933], [119.432168, -5.104764], [119.43193380000002, -5.104753799999969], [119.4317665000001, -5.104743199999973], [119.4315438000001, -5.104799899999932], [119.43138750000003, -5.104767], [119.4312533000001, -5.104655699999967], [119.43120820000001, -5.104521699999964], [119.43119690000003, -5.10446589999998], [119.43110740000009, -5.104399199999932], [119.43101800000011, -5.104321199999958], [119.43089510000004, -5.104265799999951], [119.43080590000011, -5.104266199999927], [119.43058320000011, -5.104322899999943], [119.43044050000003, -5.104317199999969], [119.430338, -5.104346199999952], [119.4299486000001, -5.10456], [119.42980350000005, -5.104527099999927], [119.4295916000001, -5.104516699999976], [119.42939130000002, -5.104618099999925], [119.42874540000003, -5.104799399999933], [119.42564590000006, -5.106759499999953], [119.42564930000003, -5.106765099999961], [119.42500970000003, -5.107174199999974], [119.42500980000011, -5.107206599999927], [119.42558950000011, -5.106848299999967], [119.42643830000009, -5.108281599999941], [119.42676130000007, -5.108755299999928], [119.42676330000006, -5.108752199999969], [119.4269624000001, -5.10906], [119.4281863000001, -5.11095169999993], [119.42829720000009, -5.110871499999973], [119.42838270000004, -5.111024699999973], [119.43135340000003, -5.109158399999956], [119.4315792000001, -5.109029199999952], [119.4310038000001, -5.112212], [119.43057460000011, -5.112362699999949], [119.4305700000001, -5.113024799999948], [119.42951080000012, -5.113078599999938], [119.42863840000007, -5.113125299999979], [119.4286049000001, -5.113029199999971], [119.428571, -5.112819], [119.428479, -5.112819399999978], [119.4276162000001, -5.113033], [119.42758050000009, -5.112995399999932], [119.42729130000009, -5.112620299999946], [119.4272439, -5.112641899999971], [119.42712820000008, -5.112681399999929], [119.42672860000005, -5.112742599999933], [119.42667150000011, -5.112583599999937], [119.42639010000005, -5.112575399999969], [119.42635510000002, -5.112422], [119.42632650000007, -5.112252299999966], [119.42625470000007, -5.111860399999955], [119.4262136000001, -5.11173249999996], [119.42600350000009, -5.111796399999946], [119.42573870000001, -5.111828399999979], [119.42548030000012, -5.111939899999925], [119.42537930000003, -5.111970799999938], [119.42529530000002, -5.111996499999975], [119.42517710000004, -5.112073599999974], [119.42510490000006, -5.112066599999935], [119.42510360000006, -5.112112899999943], [119.42506570000012, -5.11210559999995], [119.42510370000002, -5.112113199999953], [119.42510420000008, -5.112113299999976], [119.42523770000003, -5.112139799999966], [119.42530780000004, -5.112174499999981], [119.42530220000003, -5.112202799999977], [119.42530160000001, -5.112206199999946], [119.42530160000001, -5.112206599999979], [119.42530180000006, -5.112716899999953], [119.42528390000007, -5.112783699999966], [119.42519610000011, -5.113109], [119.42506580000008, -5.113308199999949], [119.4250545000001, -5.113325299999929], [119.42502170000012, -5.113371899999947], [119.4249688000001, -5.11344669999994], [119.42489290000003, -5.113554], [119.42487760000006, -5.113575699999956], [119.42481650000002, -5.113658099999952], [119.42472150000003, -5.113786499999946], [119.42467220000003, -5.113853099999972], [119.424663, -5.113865399999952], [119.42469170000004, -5.113886899999954], [119.42480650000005, -5.113972499999932], [119.42480790000002, -5.114349], [119.42480820000003, -5.114402899999959], [119.42478140000003, -5.114609399999949], [119.42473890000008, -5.114940899999965], [119.42438020000009, -5.115015199999959], [119.42401910000001, -5.114918099999954], [119.42376190000004, -5.114849299999946], [119.42344990000004, -5.114766599999939], [119.42298460000006, -5.114732799999956], [119.4226493000001, -5.11479339999994], [119.42247, -5.114825799999949], [119.42244530000005, -5.114830299999937], [119.42237740000007, -5.114842599999974], [119.42121940000004, -5.115155199999947], [119.42121930000008, -5.115155199999947], [119.42116880000003, -5.115120499999932], [119.42116840000006, -5.115120599999955], [119.42110050000008, -5.115148699999963], [119.42099210000003, -5.115193599999941], [119.42096450000008, -5.115200699999946], [119.42097680000006, -5.115208799999948], [119.421039, -5.115301599999952], [119.421322, -5.115499], [119.42134790000011, -5.11556], [119.42148060000011, -5.115872099999933], [119.42159460000005, -5.116140399999949], [119.421869, -5.116765], [119.42196260000003, -5.116872099999966], [119.422263, -5.117227], [119.42230020000011, -5.117271], [119.42250460000002, -5.117499499999951], [119.42253670000002, -5.117703899999981], [119.42241640000009, -5.118276199999968], [119.422269, -5.118977199999961], [119.4222549000001, -5.119036699999981], [119.42216630000007, -5.119134499999973], [119.42216340000004, -5.119149199999981], [119.42215660000011, -5.119184299999972], [119.42215660000011, -5.119185799999968], [119.4221559, -5.119206899999938], [119.42215640000006, -5.119533599999954], [119.42223090000005, -5.119650599999943], [119.42225280000002, -5.119685], [119.422253, -5.119685199999935], [119.4223204000001, -5.120154599999978], [119.42239290000009, -5.120258899999953], [119.42245820000005, -5.12031479999996], [119.42245560000003, -5.120603399999936], [119.42245140000011, -5.121012], [119.4224501000001, -5.121219799999949], [119.422591, -5.121257399999934], [119.42259090000005, -5.121258], [119.42253330000005, -5.12158949999997], [119.422443, -5.122109899999941], [119.4223952000001, -5.122384899999929], [119.42235060000007, -5.122642], [119.42240960000004, -5.122651599999926], [119.42244160000007, -5.122658799999954], [119.42230010000003, -5.123348199999953], [119.4222112000001, -5.123781599999973], [119.42220860000009, -5.123794], [119.422184, -5.123790199999974], [119.42220860000009, -5.123794199999963], [119.42224210000006, -5.123801], [119.42224220000003, -5.123801], [119.42225730000007, -5.123804], [119.42244310000001, -5.123841399999947], [119.42244360000007, -5.123916599999973], [119.42244380000011, -5.124017199999969], [119.42244320000009, -5.124022099999934], [119.4224425000001, -5.124172099999953], [119.42244220000009, -5.124188199999935], [119.42243940000003, -5.124347499999942], [119.42240490000006, -5.124452], [119.42239770000003, -5.12463269999995], [119.4223975000001, -5.12463669999994], [119.42238880000002, -5.124809399999947], [119.42238470000007, -5.124939099999949], [119.422389, -5.124944899999946], [119.4223905, -5.124947099999929], [119.42240440000012, -5.124947799999973], [119.42260480000004, -5.124959099999955], [119.42289570000003, -5.124980299999947], [119.4228951, -5.124996], [119.42288510000003, -5.125282099999936], [119.42288040000005, -5.12541559999994], [119.42287370000008, -5.125536099999977], [119.42287610000005, -5.125537399999928], [119.42295980000006, -5.125580699999944], [119.42299920000005, -5.125592599999948], [119.423111, -5.12562029999998], [119.42311120000011, -5.12562029999998], [119.42322320000005, -5.125643199999956], [119.42326070000001, -5.125647], [119.4232697000001, -5.125647799999967], [119.42327940000007, -5.125647599999979], [119.42328010000006, -5.125656299999946], [119.42328110000005, -5.125666799999976], [119.42328220000002, -5.125678], [119.42328450000002, -5.125702], [119.423284, -5.125706499999978], [119.42327730000011, -5.125761399999931], [119.42327650000004, -5.125769299999945], [119.42324610000003, -5.125835199999926], [119.42322790000003, -5.125864099999944], [119.42320710000001, -5.125897299999963], [119.4231807000001, -5.125931], [119.42316330000006, -5.125972899999965], [119.42315740000004, -5.12598689999993], [119.42314680000004, -5.126003], [119.423196, -5.126044899999954], [119.4232128000001, -5.126047], [119.42329790000008, -5.126107], [119.423298, -5.126107099999956], [119.42330360000005, -5.126109099999951], [119.4234, -5.126144099999976], [119.4234844, -5.12615969999996], [119.42348490000006, -5.126153699999975], [119.42390340000009, -5.126249899999948], [119.423926, -5.12625509999998], [119.42411670000001, -5.126296699999955], [119.4242200000001, -5.126319199999955], [119.4244605, -5.126479599999925], [119.42465830000003, -5.126501], [119.42485610000006, -5.12652769999994], [119.42503540000007, -5.126537599999949], [119.42504710000003, -5.126588199999958], [119.42538710000008, -5.128055099999926], [119.42542930000002, -5.128159899999957], [119.425577, -5.128526199999953], [119.4255955000001, -5.128572199999951], [119.425596, -5.128620799999965], [119.42559960000006, -5.128985199999931], [119.4256137000001, -5.129187599999966], [119.4256362000001, -5.129192199999977], [119.4258794000001, -5.129241399999955], [119.4267393, -5.129415499999936], [119.426989, -5.129407199999946], [119.42709850000006, -5.128697299999942], [119.42720110000005, -5.128165699999954], [119.427795, -5.128276899999946], [119.42800120000004, -5.128324799999973], [119.4281138, -5.128043499999933], [119.42818090000003, -5.127899799999966], [119.42912740000008, -5.128285399999925], [119.42879810000011, -5.129063199999962], [119.42878840000003, -5.129100499999936], [119.42913680000004, -5.129248399999938], [119.42919960000006, -5.129174099999943], [119.42939490000003, -5.129256099999964], [119.4294129000001, -5.129263699999967], [119.429541, -5.129317399999934], [119.42967910000004, -5.129350299999942], [119.42964330000007, -5.13000379999994], [119.43003950000002, -5.130038499999955], [119.43029690000003, -5.130050299999937], [119.4302967000001, -5.130056799999977], [119.43074960000001, -5.130056099999933], [119.43074970000009, -5.130056099999933], [119.43074990000002, -5.130056099999933], [119.43150920000005, -5.130106099999978], [119.43155170000011, -5.130108899999925], [119.43175830000007, -5.130122399999948], [119.43235760000005, -5.130127099999925], [119.43235760000005, -5.13012649999996], [119.43254650000006, -5.130127799999968], [119.43263, -5.130128399999933], [119.43278410000005, -5.13012939999993], [119.43290170000012, -5.12982169999998], [119.43291140000008, -5.12979619999993], [119.43295740000008, -5.129691699999967], [119.4327535000001, -5.129621099999952], [119.43289550000009, -5.129298499999948], [119.43305640000005, -5.128933099999927], [119.43322940000007, -5.129021], [119.43348110000011, -5.129149], [119.43354850000003, -5.129067899999939], [119.43358480000006, -5.12908049999993], [119.43359880000003, -5.129079699999977], [119.43365680000011, -5.129128399999956], [119.43410510000001, -5.129237499999931], [119.43415010000001, -5.129143599999963], [119.4342325, -5.129174499999976], [119.4342759000001, -5.129042299999981], [119.434279, -5.129042099999936], [119.43432040000005, -5.128973099999939], [119.434456, -5.128746899999953], [119.43467320000002, -5.128893499999947], [119.4345717000001, -5.129064699999958], [119.43477670000004, -5.129146899999967], [119.435132, -5.129415599999959], [119.4353526000001, -5.129581599999938], [119.43536960000006, -5.129561099999933], [119.4353814000001, -5.129564099999925], [119.43546750000007, -5.129658699999936], [119.43549590000009, -5.129687], [119.43557270000008, -5.129737899999952], [119.43598970000005, -5.129815899999926], [119.436069, -5.129787199999953], [119.43615680000005, -5.129778299999941], [119.43625340000006, -5.129837599999973], [119.43678650000004, -5.129861199999937], [119.4372489000001, -5.129933299999948], [119.43784010000002, -5.129975099999967], [119.43820570000003, -5.12995669999998], [119.43833210000003, -5.130020199999933], [119.43887930000005, -5.13003509999993], [119.44038720000003, -5.130135099999961], [119.44038890000002, -5.130117399999961], [119.44092520000004, -5.130144899999948], [119.44141700000011, -5.130169699999954], [119.44156180000004, -5.130065199999933], [119.44267900000011, -5.130182699999978], [119.4429431000001, -5.130240699999945], [119.44298260000005, -5.130109299999958], [119.44332110000005, -5.129373099999953], [119.44351170000004, -5.12882419999994], [119.44368920000011, -5.128462699999943], [119.4440502000001, -5.127737], [119.44417840000006, -5.127485599999943], [119.444277, -5.127468299999975], [119.44446920000007, -5.127093599999967], [119.4446640000001, -5.127009799999939], [119.44480690000012, -5.126795399999935], [119.44507640000006, -5.126351199999931], [119.4452692000001, -5.12612919999998], [119.445573, -5.125492299999962], [119.44566650000002, -5.124948899999936], [119.4454809, -5.124481499999945], [119.44626620000008, -5.124317899999937], [119.44688940000003, -5.124137799999971], [119.44719820000012, -5.124157499999967], [119.44754390000003, -5.124379199999964], [119.44792570000004, -5.124792199999945], [119.44828830000006, -5.125024199999928], [119.448773, -5.125038], [119.44923, -5.124871799999937], [119.44981170000005, -5.124276299999963], [119.4501580000001, -5.124054699999931], [119.45036570000002, -5.123708499999964], [119.450892, -5.123085199999935], [119.45145990000003, -5.122766699999943], [119.4526509000001, -5.122780499999976], [119.45371740000007, -5.122697399999936], [119.4541329000001, -5.122462], [119.45468690000007, -5.122531199999969], [119.45501930000012, -5.122462], [119.45524090000004, -5.122268099999928], [119.4560441000001, -5.122240399999953], [119.45655660000011, -5.121935699999938], [119.45753990000003, -5.121575599999971], [119.45857870000009, -5.121921799999939], [119.45929880000006, -5.12106319999998], [119.45981130000007, -5.120730799999933], [119.46030940000003, -5.120617], [119.460657, -5.120731699999965], [119.46070720000012, -5.12088069999993], [119.46072490000006, -5.121195599999965], [119.46065240000007, -5.121321499999965], [119.460592, -5.121678], [119.4603509000001, -5.12183559999994], [119.46024890000001, -5.121965499999931], [119.4602152000001, -5.122824799999933], [119.46025270000007, -5.12284029999995], [119.46035580000012, -5.122984799999927], [119.46055490000003, -5.123097], [119.46098590000008, -5.124019799999928], [119.46105010000008, -5.124247099999934], [119.46108750000008, -5.124977099999967], [119.46109150000007, -5.125054899999952], [119.4611609000001, -5.125272], [119.46189490000006, -5.12541049999993], [119.46201960000008, -5.125133499999947], [119.46487260000004, -5.12559049999993], [119.4682997000001, -5.12600029999993], [119.46873710000011, -5.126051], [119.469376, -5.12552119999998], [119.47008490000007, -5.12531869999998], [119.47105870000007, -5.125396599999931], [119.47127080000007, -5.12553939999998], [119.47136410000007, -5.125660699999969], [119.47167390000004, -5.126041399999963], [119.471806, -5.126212299999963], [119.47203850000005, -5.126512899999966], [119.47231160000001, -5.126766499999974], [119.47263940000005, -5.127092599999969], [119.47302160000004, -5.127418499999976], [119.47329470000011, -5.127672099999927], [119.474532, -5.12812409999998], [119.47559840000008, -5.128054899999938], [119.47724650000009, -5.126988499999925], [119.47926860000007, -5.12367839999996], [119.47973950000005, -5.121974799999975], [119.47985030000007, -5.120728399999962], [119.4795894, -5.120402499999955], [119.47957840000004, -5.120154299999967], [119.47923220000007, -5.119773699999939], [119.4786686000001, -5.119430299999976], [119.47805110000002, -5.119250799999975], [119.47752490000005, -5.119198199999971], [119.477404, -5.119216499999936], [119.47729660000005, -5.119180399999948], [119.47655570000006, -5.119285699999978], [119.4755348000001, -5.119699799999978], [119.47487030000002, -5.119728], [119.47453770000004, -5.11965239999995], [119.47405060000006, -5.119295399999942], [119.47358830000007, -5.118707699999959], [119.47322760000009, -5.11799149999996], [119.47271320000004, -5.117147599999953], [119.472461, -5.116974699999957], [119.4716658000001, -5.117094], [119.47092680000003, -5.117548799999952], [119.47069940000006, -5.118202499999938], [119.4708415, -5.119680499999959], [119.47044360000007, -5.120845899999949], [119.4698767000001, -5.12131], [119.46902490000002, -5.121289299999944], [119.46822510000004, -5.121050399999945], [119.46808420000002, -5.120915099999934], [119.46769410000002, -5.120456499999932], [119.46760290000009, -5.12035069999996], [119.46700980000003, -5.118941699999937], [119.46682280000005, -5.117477099999974], [119.46743570000001, -5.115939799999978], [119.46796540000003, -5.114859499999966], [119.46770580000009, -5.113966199999936], [119.46729030000006, -5.113218299999971], [119.4669163000001, -5.112698899999941], [119.46648570000002, -5.112444099999948], [119.46642450000002, -5.112400599999944], [119.4663293000001, -5.112366899999927], [119.46555160000003, -5.112091799999973], [119.46492880000005, -5.112031799999954], [119.46439940000005, -5.111971399999959], [119.46418150000011, -5.111972199999968], [119.46377170000005, -5.112189499999943], [119.46352910000007, -5.112318099999925], [119.46306350000009, -5.112663199999929], [119.46238090000008, -5.113258899999948], [119.46185470000012, -5.11404129999994], [119.46133170000007, -5.115666399999952], [119.4610556, -5.116728699999953], [119.46059260000004, -5.117760499999974], [119.45990970000003, -5.118293699999981], [119.45921970000006, -5.118360799999948], [119.45857160000003, -5.118423699999937], [119.4572634000001, -5.11821029999993], [119.456078, -5.117590499999949], [119.45526590000009, -5.11687569999998], [119.45430950000002, -5.115485499999977], [119.4536763000001, -5.114563099999941], [119.45357550000006, -5.114416399999925], [119.45326340000008, -5.114199099999951], [119.45276490000003, -5.114076099999977], [119.45239130000004, -5.114077599999973], [119.4520496, -5.114266099999952], [119.45065190000003, -5.115083], [119.44912970000007, -5.115931599999954], [119.44763430000012, -5.116172699999936], [119.44673860000012, -5.115955], [119.44659950000005, -5.115859599999965], [119.44579890000011, -5.115310499999964], [119.44542510000008, -5.114812399999948], [119.4452404000001, -5.114566199999956], [119.444938, -5.114163299999973], [119.44430320000004, -5.113403199999937], [119.44398020000006, -5.113016499999958], [119.44352020000008, -5.112601499999926], [119.44341550000001, -5.112507], [119.44310220000011, -5.112224399999945], [119.4424643000001, -5.110842], [119.44202660000008, -5.10952889999993], [119.44207040000003, -5.108741], [119.44298960000003, -5.107559099999946], [119.44443410000008, -5.106815], [119.4446474, -5.106726799999933]]] 
      }
    },
    {
      "type": "Feature",
      "properties": {
        "district_id": "7371100",
        "province": "Sulawesi Selatan",
        "regency": "Makassar",
        "district": "Panakkukang",
        "pria": 71682,
        "wanita": 72694,
        "total_penduduk": 144376
      },
      "geometry": {
        "type": "Polygon",
        "coordinates": [[[119.435261, -5.143604899999957], [119.43528640000011, -5.143648199999973], [119.435286, -5.143648499999927], [119.43519160000005, -5.143698699999959], [119.43515810000008, -5.143716499999925], [119.43518380000012, -5.143793599999981], [119.43495180000002, -5.143992899999944], [119.43485220000002, -5.144082399999945], [119.43481760000009, -5.144113499999946], [119.434821, -5.144140199999981], [119.434823, -5.144154299999968], [119.43482340000003, -5.144167], [119.43483170000002, -5.144474399999979], [119.43483530000003, -5.144605499999955], [119.43478870000001, -5.14468039999997], [119.43477020000012, -5.144686599999943], [119.434772, -5.144686399999955], [119.43479430000002, -5.144683799999939], [119.43485080000005, -5.144676299999958], [119.43491370000004, -5.144669], [119.43500670000003, -5.144657], [119.43516270000009, -5.144632699999931], [119.43517810000003, -5.144633399999975], [119.43521360000011, -5.144840399999964], [119.43525520000003, -5.145080399999927], [119.43527470000004, -5.145119399999942], [119.4354062000001, -5.145124199999941], [119.4354399, -5.145127], [119.43559370000003, -5.145147799999961], [119.43570760000011, -5.145167899999933], [119.43570000000011, -5.145224799999937], [119.43568460000006, -5.145336699999973], [119.435669, -5.14545], [119.43588870000008, -5.14553049999995], [119.43598750000001, -5.145564299999933], [119.43605420000006, -5.14558169999998], [119.43558440000004, -5.147192399999938], [119.43577890000006, -5.147276699999964], [119.43577890000006, -5.147276799999929], [119.43579920000002, -5.147385899999961], [119.43570310000007, -5.147346199999959], [119.43571250000002, -5.147402799999952], [119.43572260000008, -5.147616899999946], [119.43575280000005, -5.147749799999929], [119.43585680000001, -5.148207299999967], [119.43614660000003, -5.14954339999997], [119.43620120000003, -5.149795199999971], [119.43652960000009, -5.151736399999947], [119.43660370000009, -5.152174699999932], [119.43674260000012, -5.152894699999933], [119.43731650000007, -5.152986699999929], [119.43709390000004, -5.154387699999972], [119.43698540000003, -5.15507], [119.4369716000001, -5.155245899999954], [119.43778070000008, -5.155351399999972], [119.43789470000002, -5.155391699999939], [119.43773920000001, -5.157179599999949], [119.43765240000005, -5.157852299999945], [119.4384559, -5.157954399999937], [119.43873040000005, -5.158015299999931], [119.43869150000012, -5.158821799999942], [119.43885180000007, -5.159006399999953], [119.43910930000004, -5.159642899999938], [119.43945430000008, -5.160517399999947], [119.43956120000007, -5.160726299999965], [119.43971180000005, -5.160750599999972], [119.43959330000007, -5.162041399999964], [119.4429262000001, -5.162515199999973], [119.44349590000002, -5.162596199999939], [119.44389720000004, -5.162653199999966], [119.4440469000001, -5.162688], [119.44423960000006, -5.162893299999951], [119.44442350000008, -5.163089299999967], [119.4444645000001, -5.163133099999925], [119.44491370000003, -5.163631199999941], [119.44509790000006, -5.163835499999948], [119.44509770000002, -5.163835699999936], [119.445477, -5.164255899999944], [119.4455398, -5.164314299999944], [119.44578510000008, -5.164542399999959], [119.44695150000007, -5.165708099999961], [119.44764120000002, -5.166466499999956], [119.44803, -5.166848199999947], [119.448027, -5.166849499999955], [119.44808110000008, -5.166880499999934], [119.44833030000007, -5.167193199999929], [119.44850810000003, -5.167034], [119.44850880000001, -5.167034799999954], [119.448609, -5.167150799999945], [119.4486376000001, -5.16718359999993], [119.4486657000001, -5.167160099999933], [119.44870770000011, -5.167125099999964], [119.44912040000008, -5.166795599999944], [119.44916320000004, -5.166759699999943], [119.44966240000008, -5.166342399999962], [119.44986670000003, -5.166174299999966], [119.4499780000001, -5.166056399999945], [119.45007440000006, -5.165965099999937], [119.45010040000011, -5.165940499999977], [119.45022070000005, -5.165819099999965], [119.45076740000002, -5.165267399999948], [119.45080440000004, -5.16523], [119.45088140000007, -5.165260399999966], [119.45125880000012, -5.16541049999995], [119.45121460000007, -5.165392599999961], [119.45121350000011, -5.165391799999952], [119.45115370000008, -5.165342299999963], [119.45107670000004, -5.165279599999963], [119.4506788000001, -5.164859099999944], [119.45070670000007, -5.164832699999977], [119.45075810000003, -5.164783899999975], [119.45112490000008, -5.164420499999949], [119.45130140000003, -5.164247], [119.45130840000002, -5.164252099999942], [119.45138570000006, -5.164186499999971], [119.45142370000008, -5.16415429999995], [119.45146870000008, -5.164116099999944], [119.45189460000006, -5.163755199999969], [119.45194210000011, -5.163737199999957], [119.4522191000001, -5.163632799999959], [119.4522194000001, -5.163632699999937], [119.45244040000011, -5.163549099999955], [119.45253370000012, -5.163513699999953], [119.453702, -5.163072599999964], [119.45478390000005, -5.162644], [119.45488750000004, -5.162602399999969], [119.455003, -5.162556299999949], [119.45516730000008, -5.162490799999944], [119.4552566000001, -5.162459399999932], [119.45536570000002, -5.162421799999947], [119.455769, -5.162280899999928], [119.45683450000001, -5.161911099999941], [119.45769880000012, -5.16156419999993], [119.458149, -5.161376099999927], [119.45856910000009, -5.16120449999994], [119.45909230000007, -5.160982399999966], [119.45914010000001, -5.160962299999937], [119.459582, -5.160794599999974], [119.45977490000007, -5.160721499999966], [119.45977560000006, -5.160722699999951], [119.45986420000008, -5.160687], [119.45988390000002, -5.160679], [119.45988220000004, -5.160678099999927], [119.4598846, -5.160678299999972], [119.45982360000005, -5.160646799999938], [119.45969960000002, -5.160582799999929], [119.45958030000008, -5.160427], [119.45948550000003, -5.16030319999993], [119.45934980000004, -5.160021], [119.45930160000012, -5.15992069999993], [119.45929760000001, -5.159912299999974], [119.45928860000004, -5.159893699999941], [119.45925550000004, -5.159824799999967], [119.45923390000007, -5.15978], [119.45920360000002, -5.159716899999978], [119.45914040000002, -5.159563], [119.45905570000002, -5.159357], [119.45897250000007, -5.159228199999973], [119.4588146000001, -5.158984099999941], [119.45856020000008, -5.158624599999939], [119.45842630000004, -5.158424899999943], [119.45841870000004, -5.158409699999936], [119.45841030000008, -5.158337199999949], [119.4584096000001, -5.158153099999936], [119.45836740000004, -5.157785099999955], [119.4583659000001, -5.157396499999948], [119.45838430000003, -5.156864599999949], [119.45835950000003, -5.155739599999947], [119.4583755000001, -5.15459409999994], [119.4584142000001, -5.154041699999937], [119.45848230000001, -5.153578899999957], [119.4585942000001, -5.153295399999934], [119.45872190000011, -5.153166299999953], [119.459169, -5.152682299999981], [119.45948780000003, -5.152198799999951], [119.45987, -5.151522099999966], [119.459909, -5.151298499999939], [119.46001980000005, -5.151098299999944], [119.46004520000008, -5.150914899999975], [119.46012170000006, -5.150443299999949], [119.46014610000009, -5.149998099999948], [119.46023650000006, -5.149722899999972], [119.46025350000002, -5.149605899999926], [119.46028910000007, -5.149615099999949], [119.46033680000005, -5.149346], [119.46084090000011, -5.149442199999953], [119.46138360000009, -5.149631899999974], [119.46230910000008, -5.149916], [119.46285150000006, -5.150041699999974], [119.46329750000007, -5.149976099999947], [119.46425190000002, -5.149461], [119.46511120000002, -5.149106099999926], [119.46565210000006, -5.148848299999941], [119.46597050000003, -5.148751199999936], [119.46635350000008, -5.148877599999935], [119.46657470000002, -5.14900229999995], [119.46753550000005, -5.14954419999998], [119.468046, -5.14967], [119.46887540000012, -5.149826599999926], [119.4693218000001, -5.149856799999952], [119.46983220000004, -5.149950699999977], [119.47066030000008, -5.14975579999998], [119.471074, -5.149594299999933], [119.4714881000001, -5.149496899999974], [119.47196550000001, -5.149303199999963], [119.472284, -5.149238099999934], [119.4725069000001, -5.149173299999973], [119.47266620000005, -5.149172699999951], [119.47307990000002, -5.148979299999951], [119.47339840000006, -5.148914099999956], [119.47390880000012, -5.149008], [119.4740306000001, -5.149073199999975], [119.47403830000007, -5.149060899999938], [119.47413260000008, -5.149194799999975], [119.47500080000009, -5.149498299999948], [119.4756397000001, -5.149853699999937], [119.47604820000004, -5.14998], [119.4767131000001, -5.150463199999933], [119.47732810000002, -5.151227899999981], [119.47766110000009, -5.151610099999971], [119.47776450000003, -5.151967599999978], [119.4778424000001, -5.152325299999973], [119.47769480000011, -5.152611699999966], [119.47768040000005, -5.152816899999948], [119.47751440000002, -5.153247], [119.47742730000004, -5.153212499999938], [119.47764130000007, -5.153651399999944], [119.47784590000003, -5.153804], [119.477924, -5.154212799999925], [119.47848640000007, -5.154568599999948], [119.47917530000007, -5.154668199999946], [119.47963420000008, -5.154640799999925], [119.4799901, -5.154332599999975], [119.48047440000005, -5.154279599999938], [119.4808068000001, -5.154508399999941], [119.48164820000011, -5.154479499999979], [119.48223450000012, -5.154400599999974], [119.4823348000001, -5.15396549999997], [119.48207900000011, -5.153762], [119.4815939, -5.153636], [119.48131260000002, -5.153432599999974], [119.48123420000002, -5.152921499999934], [119.48125850000008, -5.152614599999936], [119.48153820000005, -5.152409], [119.48148620000006, -5.15215349999994], [119.48194450000005, -5.151972699999931], [119.48232670000004, -5.151894499999969], [119.48232580000001, -5.151664399999959], [119.48296340000002, -5.151661899999965], [119.48324320000006, -5.151481899999965], [119.48308880000002, -5.15112449999998], [119.48303610000005, -5.15069], [119.48303450000003, -5.150281], [119.48321190000001, -5.149999], [119.48382360000005, -5.149919899999929], [119.4842063000001, -5.149969599999963], [119.48420440000007, -5.14945819999997], [119.48420260000012, -5.148998], [119.4842023000001, -5.148932499999944], [119.48395120000009, -5.148933499999941], [119.48350220000009, -5.14873549999993], [119.4831028000001, -5.148487399999965], [119.48275220000005, -5.147989399999972], [119.48230220000005, -5.147541699999977], [119.48140300000011, -5.146846099999948], [119.48085260000005, -5.146199], [119.48035140000002, -5.145402], [119.47960010000008, -5.144306299999926], [119.479079, -5.143411899999933], [119.47904850000009, -5.14335959999994], [119.47900130000005, -5.143321199999946], [119.47882550000008, -5.143178099999943], [119.47851020000007, -5.142901299999949], [119.47827210000003, -5.142846099999929], [119.47802030000003, -5.142847099999926], [119.47778290000008, -5.142960199999948], [119.47757400000012, -5.143227599999932], [119.47736270000007, -5.14354179999998], [119.47736170000007, -5.143542799999977], [119.476983, -5.144104599999935], [119.47661060000007, -5.14470259999996], [119.4762234000001, -5.145246399999962], [119.47581280000009, -5.145718], [119.47556180000004, -5.146080499999925], [119.47552890000009, -5.14612429999994], [119.47495680000009, -5.146604399999944], [119.47437950000005, -5.146871199999964], [119.474329, -5.146870499999977], [119.4742447000001, -5.146869399999957], [119.47401260000004, -5.146795899999972], [119.47384960000011, -5.146744399999932], [119.473691, -5.14653919999995], [119.47360890000004, -5.146210499999938], [119.47355470000002, -5.145993699999963], [119.47345910000001, -5.145772499999964], [119.47314770000003, -5.145108], [119.47314080000001, -5.145093199999963], [119.47296820000008, -5.144845299999929], [119.4724265000001, -5.144067299999961], [119.47183880000011, -5.143119899999931], [119.47129830000006, -5.142124899999942], [119.47077280000008, -5.14094], [119.4705206000001, -5.140536099999963], [119.4705169, -5.140530099999978], [119.47048690000008, -5.140482099999929], [119.47029570000007, -5.140216899999928], [119.46988380000005, -5.139645599999938], [119.46944680000001, -5.139348899999959], [119.4694429000001, -5.139352299999928], [119.46886720000009, -5.138845099999969], [119.46880940000005, -5.138062099999956], [119.46923070000003, -5.137485499999968], [119.47064980000005, -5.136576399999967], [119.47224640000002, -5.135733699999946], [119.47313340000005, -5.134846799999934], [119.47459690000005, -5.134092799999962], [119.47632650000003, -5.133405399999958], [119.47694740000009, -5.132607199999939], [119.47694740000009, -5.132008399999961], [119.47664590000011, -5.131726699999945], [119.47579430000008, -5.131431899999939], [119.47475210000005, -5.131276699999944], [119.4741312000001, -5.13107709999997], [119.47353460000011, -5.130665199999953], [119.4729205000001, -5.130182099999956], [119.47186450000004, -5.129586599999925], [119.470923, -5.129133399999944], [119.47003880000011, -5.128779899999927], [119.4690395, -5.128278499999965], [119.46876880000002, -5.128142699999955], [119.46868890000007, -5.128013899999928], [119.46860470000001, -5.127726], [119.46851120000008, -5.127243], [119.46848780000005, -5.126510599999961], [119.46873710000011, -5.126051], [119.4682997000001, -5.12600029999993], [119.46487260000004, -5.12559049999993], [119.46201960000008, -5.125133499999947], [119.46189490000006, -5.12541049999993], [119.4611609000001, -5.125272], [119.46109150000007, -5.125054899999952], [119.46108750000008, -5.124977099999967], [119.46105010000008, -5.124247099999934], [119.46098590000008, -5.124019799999928], [119.46055490000003, -5.123097], [119.46035580000012, -5.122984799999927], [119.46025270000007, -5.12284029999995], [119.4602152000001, -5.122824799999933], [119.46024890000001, -5.121965499999931], [119.4603509000001, -5.12183559999994], [119.460592, -5.121678], [119.46065240000007, -5.121321499999965], [119.46072490000006, -5.121195599999965], [119.46070720000012, -5.12088069999993], [119.460657, -5.120731699999965], [119.46030940000003, -5.120617], [119.45981130000007, -5.120730799999933], [119.45929880000006, -5.12106319999998], [119.45857870000009, -5.121921799999939], [119.45753990000003, -5.121575599999971], [119.45655660000011, -5.121935699999938], [119.4560441000001, -5.122240399999953], [119.45524090000004, -5.122268099999928], [119.45501930000012, -5.122462], [119.45468690000007, -5.122531199999969], [119.4541329000001, -5.122462], [119.45371740000007, -5.122697399999936], [119.4526509000001, -5.122780499999976], [119.45145990000003, -5.122766699999943], [119.450892, -5.123085199999935], [119.45036570000002, -5.123708499999964], [119.4501580000001, -5.124054699999931], [119.44981170000005, -5.124276299999963], [119.44923, -5.124871799999937], [119.448773, -5.125038], [119.44828830000006, -5.125024199999928], [119.44792570000004, -5.124792199999945], [119.44754390000003, -5.124379199999964], [119.44719820000012, -5.124157499999967], [119.44688940000003, -5.124137799999971], [119.44626620000008, -5.124317899999937], [119.4454809, -5.124481499999945], [119.44566650000002, -5.124948899999936], [119.445573, -5.125492299999962], [119.4452692000001, -5.12612919999998], [119.44507640000006, -5.126351199999931], [119.44480690000012, -5.126795399999935], [119.4446640000001, -5.127009799999939], [119.44446920000007, -5.127093599999967], [119.444277, -5.127468299999975], [119.44417840000006, -5.127485599999943], [119.4440502000001, -5.127737], [119.44368920000011, -5.128462699999943], [119.44351170000004, -5.12882419999994], [119.44332110000005, -5.129373099999953], [119.44298260000005, -5.130109299999958], [119.4429431000001, -5.130240699999945], [119.44267900000011, -5.130182699999978], [119.44156180000004, -5.130065199999933], [119.44141700000011, -5.130169699999954], [119.44092520000004, -5.130144899999948], [119.44038890000002, -5.130117399999961], [119.44038720000003, -5.130135099999961], [119.43887930000005, -5.13003509999993], [119.43833210000003, -5.130020199999933], [119.43820570000003, -5.12995669999998], [119.43784010000002, -5.129975099999967], [119.4372489000001, -5.129933299999948], [119.43678650000004, -5.129861199999937], [119.43625340000006, -5.129837599999973], [119.43615680000005, -5.129778299999941], [119.436069, -5.129787199999953], [119.43598970000005, -5.129815899999926], [119.43557270000008, -5.129737899999952], [119.43549590000009, -5.129687], [119.43546750000007, -5.129658699999936], [119.4353814000001, -5.129564099999925], [119.43536960000006, -5.129561099999933], [119.4353526000001, -5.129581599999938], [119.435132, -5.129415599999959], [119.43477670000004, -5.129146899999967], [119.4345717000001, -5.129064699999958], [119.43467320000002, -5.128893499999947], [119.434456, -5.128746899999953], [119.43432040000005, -5.128973099999939], [119.434279, -5.129042099999936], [119.4342759000001, -5.129042299999981], [119.4342325, -5.129174499999976], [119.43415010000001, -5.129143599999963], [119.43410510000001, -5.129237499999931], [119.43365680000011, -5.129128399999956], [119.43359880000003, -5.129079699999977], [119.43358480000006, -5.12908049999993], [119.43354850000003, -5.129067899999939], [119.43348110000011, -5.129149], [119.43322940000007, -5.129021], [119.43305640000005, -5.128933099999927], [119.43289550000009, -5.129298499999948], [119.4327535000001, -5.129621099999952], [119.43295740000008, -5.129691699999967], [119.43291140000008, -5.12979619999993], [119.43290170000012, -5.12982169999998], [119.43278410000005, -5.13012939999993], [119.43263, -5.130128399999933], [119.43254650000006, -5.130127799999968], [119.43235760000005, -5.13012649999996], [119.43235760000005, -5.130127099999925], [119.43235880000009, -5.130127099999925], [119.43234460000008, -5.130173599999978], [119.4322843000001, -5.130370599999935], [119.43224220000002, -5.130509299999972], [119.43218740000009, -5.130689699999948], [119.432113, -5.130934699999955], [119.43209790000003, -5.130982199999949], [119.4320394, -5.131159899999943], [119.43203110000002, -5.131185399999936], [119.43197850000001, -5.131348599999967], [119.431953, -5.131436399999927], [119.43194530000005, -5.13146409999996], [119.43194140000003, -5.131478299999969], [119.4318942000001, -5.131650199999967], [119.43187610000007, -5.131716], [119.43183140000008, -5.131895199999974], [119.4318297000001, -5.131896799999936], [119.43182660000002, -5.1319], [119.43178350000005, -5.13189019999993], [119.43166940000003, -5.131864299999961], [119.43166910000002, -5.131864899999925], [119.43159170000001, -5.131858899999941], [119.43143860000009, -5.132310399999938], [119.43141880000007, -5.132369], [119.43133380000006, -5.132610099999965], [119.43108370000004, -5.13331919999996], [119.4310508000001, -5.133414599999981], [119.43099640000003, -5.133698099999947], [119.43096530000003, -5.133873499999936], [119.43095950000009, -5.13389049999995], [119.43095690000007, -5.133898199999976], [119.43090550000011, -5.13404879999996], [119.4308062, -5.134339899999929], [119.43070790000002, -5.134594899999968], [119.43070560000001, -5.134601499999974], [119.43117970000003, -5.134636799999953], [119.43117970000003, -5.134636899999975], [119.4311722000001, -5.134651599999927], [119.4311633000001, -5.134651399999939], [119.43115340000008, -5.13468359999996], [119.43112170000006, -5.134788499999956], [119.431257, -5.134806599999933], [119.43136730000003, -5.134821399999964], [119.43163130000005, -5.134856799999966], [119.43179340000006, -5.134879099999978], [119.43179350000003, -5.134879099999978], [119.43181210000012, -5.13488], [119.43236460000003, -5.134903699999938], [119.432739, -5.134939299999928], [119.43276240000012, -5.134941599999934], [119.43315030000008, -5.134985599999936], [119.43310850000012, -5.135043899999971], [119.43310880000001, -5.135044], [119.4331089000001, -5.135044099999959], [119.4330192000001, -5.135038399999928], [119.43288690000009, -5.135421399999927], [119.432785, -5.135555699999941], [119.43242730000009, -5.136027199999944], [119.43246650000003, -5.136081199999978], [119.433175, -5.136737], [119.43323940000005, -5.136796599999968], [119.43337, -5.136979399999973], [119.4334483, -5.137219699999946], [119.43350580000003, -5.137365899999963], [119.43364680000002, -5.137825499999963], [119.43368910000004, -5.138097899999934], [119.43368920000012, -5.138098499999955], [119.43374280000012, -5.13809509999993], [119.43374310000002, -5.13809509999993], [119.43388220000008, -5.138841099999979], [119.43389650000006, -5.138917699999979], [119.43390440000007, -5.138953599999979], [119.43404670000007, -5.139593], [119.434181, -5.14015779999994], [119.43422040000007, -5.140318199999967], [119.43439650000005, -5.141034299999944], [119.43443270000012, -5.141165299999955], [119.43443260000004, -5.141165299999955], [119.43449490000012, -5.141392099999962], [119.43470920000004, -5.142155499999944], [119.43473110000002, -5.142233699999963], [119.43478180000011, -5.142414299999928], [119.43485420000002, -5.142661199999964], [119.43489610000006, -5.142785899999978], [119.43490610000003, -5.142815599999949], [119.43495050000001, -5.142953899999952], [119.43495170000006, -5.142957599999932], [119.43501160000005, -5.14314109999998], [119.43515060000004, -5.143416199999933], [119.435261, -5.143604899999957]]] 
      }
    },
    {
      "type": "Feature",
      "properties": {
        "district_id": "7371101",
        "province": "Sulawesi Selatan",
        "regency": "Makassar",
        "district": "Manggala",
        "pria": 80434,
        "wanita": 81393,
        "total_penduduk": 161827
      },
      "geometry": {
        "type": "Polygon",
        "coordinates": [[[119.47764130000007, -5.153651399999944], [119.47742730000004, -5.153212499999938], [119.47751440000002, -5.153247], [119.47768040000005, -5.152816899999948], [119.47769480000011, -5.152611699999966], [119.4778424000001, -5.152325299999973], [119.47776450000003, -5.151967599999978], [119.47766110000009, -5.151610099999971], [119.47732810000002, -5.151227899999981], [119.4767131000001, -5.150463199999933], [119.47604820000004, -5.14998], [119.4756397000001, -5.149853699999937], [119.47500080000009, -5.149498299999948], [119.47413260000008, -5.149194799999975], [119.47403830000007, -5.149060899999938], [119.4740306000001, -5.149073199999975], [119.47390880000012, -5.149008], [119.47339840000006, -5.148914099999956], [119.47307990000002, -5.148979299999951], [119.47266620000005, -5.149172699999951], [119.4725069000001, -5.149173299999973], [119.472284, -5.149238099999934], [119.47196550000001, -5.149303199999963], [119.4714881000001, -5.149496899999974], [119.471074, -5.149594299999933], [119.47066030000008, -5.14975579999998], [119.46983220000004, -5.149950699999977], [119.4693218000001, -5.149856799999952], [119.46887540000012, -5.149826599999926], [119.468046, -5.14967], [119.46753550000005, -5.14954419999998], [119.46657470000002, -5.14900229999995], [119.46635350000008, -5.148877599999935], [119.46597050000003, -5.148751199999936], [119.46565210000006, -5.148848299999941], [119.46511120000002, -5.149106099999926], [119.46425190000002, -5.149461], [119.46329750000007, -5.149976099999947], [119.46285150000006, -5.150041699999974], [119.46230910000008, -5.149916], [119.46138360000009, -5.149631899999974], [119.46084090000011, -5.149442199999953], [119.46033680000005, -5.149346], [119.46028910000007, -5.149615099999949], [119.46025350000002, -5.149605899999926], [119.46023650000006, -5.149722899999972], [119.46014610000009, -5.149998099999948], [119.46012170000006, -5.150443299999949], [119.46004520000008, -5.150914899999975], [119.46001980000005, -5.151098299999944], [119.459909, -5.151298499999939], [119.45987, -5.151522099999966], [119.45948780000003, -5.152198799999951], [119.459169, -5.152682299999981], [119.45872190000011, -5.153166299999953], [119.4585942000001, -5.153295399999934], [119.45848230000001, -5.153578899999957], [119.4584142000001, -5.154041699999937], [119.4583755000001, -5.15459409999994], [119.45835950000003, -5.155739599999947], [119.45838430000003, -5.156864599999949], [119.4583659000001, -5.157396499999948], [119.45836740000004, -5.157785099999955], [119.4584096000001, -5.158153099999936], [119.45841030000008, -5.158337199999949], [119.45841870000004, -5.158409699999936], [119.45842630000004, -5.158424899999943], [119.45856020000008, -5.158624599999939], [119.4588146000001, -5.158984099999941], [119.45897250000007, -5.159228199999973], [119.45905570000002, -5.159357], [119.45914040000002, -5.159563], [119.45920360000002, -5.159716899999978], [119.45923390000007, -5.15978], [119.45925550000004, -5.159824799999967], [119.45928860000004, -5.159893699999941], [119.45929760000001, -5.159912299999974], [119.45930160000012, -5.15992069999993], [119.45934980000004, -5.160021], [119.45948550000003, -5.16030319999993], [119.45958030000008, -5.160427], [119.45969960000002, -5.160582799999929], [119.45982360000005, -5.160646799999938], [119.4598846, -5.160678299999972], [119.45988220000004, -5.160678099999927], [119.45988390000002, -5.160679], [119.45986420000008, -5.160687], [119.45977560000006, -5.160722699999951], [119.45977490000007, -5.160721499999966], [119.459582, -5.160794599999974], [119.45914010000001, -5.160962299999937], [119.45909230000007, -5.160982399999966], [119.45856910000009, -5.16120449999994], [119.458149, -5.161376099999927], [119.45769880000012, -5.16156419999993], [119.45683450000001, -5.161911099999941], [119.455769, -5.162280899999928], [119.45536570000002, -5.162421799999947], [119.4552566000001, -5.162459399999932], [119.45516730000008, -5.162490799999944], [119.455003, -5.162556299999949], [119.45488750000004, -5.162602399999969], [119.45478390000005, -5.162644], [119.453702, -5.163072599999964], [119.45253370000012, -5.163513699999953], [119.45244040000011, -5.163549099999955], [119.4522194000001, -5.163632699999937], [119.4522191000001, -5.163632799999959], [119.45194210000011, -5.163737199999957], [119.45189460000006, -5.163755199999969], [119.45146870000008, -5.164116099999944], [119.45142370000008, -5.16415429999995], [119.45138570000006, -5.164186499999971], [119.45130840000002, -5.164252099999942], [119.45130140000003, -5.164247], [119.45112490000008, -5.164420499999949], [119.45075810000003, -5.164783899999975], [119.45070670000007, -5.164832699999977], [119.4506788000001, -5.164859099999944], [119.45107670000004, -5.165279599999963], [119.45115370000008, -5.165342299999963], [119.45121350000011, -5.165391799999952], [119.45121460000007, -5.165392599999961], [119.45125880000012, -5.16541049999995], [119.45269750000011, -5.165991899999938], [119.45261970000001, -5.166167099999939], [119.4526019000001, -5.166207199999974], [119.45260180000002, -5.16620729999994], [119.45277790000011, -5.166289599999971], [119.4528299000001, -5.166315099999963], [119.45331540000006, -5.166485699999953], [119.45349150000004, -5.166551499999969], [119.45376550000003, -5.166666], [119.45376780000004, -5.166666899999939], [119.4535356, -5.167464799999948], [119.45353550000004, -5.167465099999959], [119.45462940000004, -5.167880299999979], [119.45467320000012, -5.167907499999956], [119.45467730000007, -5.16791], [119.4546782000001, -5.167910599999971], [119.454776, -5.167885599999977], [119.45491090000007, -5.167907699999944], [119.454997, -5.16793], [119.45504030000006, -5.167970399999945], [119.45504260000007, -5.167972499999962], [119.455044, -5.16797269999995], [119.45518850000008, -5.167991499999971], [119.45551020000005, -5.168090199999938], [119.45554730000003, -5.168088499999953], [119.45559220000007, -5.168086799999969], [119.45559710000009, -5.168088599999976], [119.45569810000006, -5.168126199999961], [119.45578400000011, -5.168158699999935], [119.45586680000008, -5.168196], [119.4559283000001, -5.168223799999964], [119.4561953000001, -5.168345099999954], [119.45642250000003, -5.168448399999932], [119.45643660000007, -5.168455199999926], [119.45725850000008, -5.16885179999997], [119.4575397000001, -5.168988599999977], [119.45843810000008, -5.169426399999963], [119.45868310000003, -5.169546799999978], [119.45874770000012, -5.16958], [119.45953080000004, -5.16999409999994], [119.4597169000001, -5.170099199999925], [119.45982590000006, -5.170161899999925], [119.45992020000006, -5.170213799999942], [119.46008760000007, -5.170308099999943], [119.46015260000001, -5.170345399999974], [119.4602053000001, -5.17036109999998], [119.46064060000003, -5.170527099999958], [119.46079010000005, -5.170560399999943], [119.46079020000002, -5.170560399999943], [119.46080030000007, -5.170566099999974], [119.4611473000001, -5.170665199999974], [119.46157480000011, -5.170787699999948], [119.46163960000001, -5.170806299999981], [119.46183750000012, -5.170874699999956], [119.46186030000001, -5.170835799999963], [119.4619408000001, -5.170712099999946], [119.46234070000003, -5.170878699999946], [119.46295310000005, -5.171134199999926], [119.46366830000011, -5.171424099999967], [119.46407910000005, -5.171585499999935], [119.46419380000009, -5.171630599999958], [119.4642606000001, -5.171656799999937], [119.46495610000011, -5.17195339999995], [119.46506350000004, -5.171999199999959], [119.46515150000005, -5.172036699999978], [119.4651242000001, -5.172068199999956], [119.46506580000005, -5.172144], [119.46478590000004, -5.172367], [119.46454990000007, -5.172475199999951], [119.4642424000001, -5.172632499999963], [119.46407290000002, -5.172684699999934], [119.46518950000006, -5.17302849999993], [119.4651884000001, -5.173035099999936], [119.46510850000004, -5.173527699999966], [119.46509960000003, -5.173576799999978], [119.46521110000003, -5.17360119999995], [119.46517910000011, -5.173753499999975], [119.46514380000008, -5.173922], [119.46514380000008, -5.173922299999958], [119.4653561, -5.173984399999938], [119.465559, -5.174044099999946], [119.46461610000006, -5.177526099999966], [119.46585590000007, -5.177586699999949], [119.46684660000005, -5.177582799999925], [119.46770830000003, -5.178374099999928], [119.46902950000003, -5.178435099999945], [119.47041910000007, -5.179091899999946], [119.47122850000005, -5.179789699999958], [119.47141310000006, -5.179948799999977], [119.47202650000008, -5.18050809999994], [119.47272930000008, -5.181149], [119.4730039000001, -5.181399399999975], [119.47412960000008, -5.182123399999966], [119.47532280000007, -5.183244399999978], [119.47534250000001, -5.183333699999935], [119.47572610000009, -5.183855599999958], [119.47601010000005, -5.184242], [119.47605350000003, -5.184301099999971], [119.47638770000003, -5.18421989999996], [119.47697280000011, -5.184077799999955], [119.47929320000003, -5.185229599999957], [119.48336190000009, -5.187249299999962], [119.48356830000012, -5.18765929999995], [119.48359630000004, -5.187714799999981], [119.48452380000003, -5.188439499999959], [119.48470390000011, -5.188841399999944], [119.4847903000001, -5.189034499999934], [119.48617840000009, -5.189293899999939], [119.48611620000008, -5.190287399999931], [119.48658120000005, -5.190947699999981], [119.48783660000004, -5.191075199999943], [119.48895960000004, -5.191137], [119.489357, -5.191400299999941], [119.490214, -5.190999599999941], [119.49126870000009, -5.190465699999947], [119.49252150000007, -5.189931], [119.49410950000004, -5.190653099999963], [119.49516810000011, -5.191112499999974], [119.49526910000009, -5.191133], [119.497085, -5.191502199999945], [119.49827520000008, -5.191828599999951], [119.499069, -5.192156499999953], [119.50032580000004, -5.192615099999955], [119.50114790000009, -5.192809399999931], [119.50121, -5.192824099999939], [119.50121250000007, -5.19282469999996], [119.50121280000008, -5.192825099999936], [119.50124620000008, -5.192837299999951], [119.50135300000011, -5.192862199999979], [119.50139990000002, -5.192868699999963], [119.5014000000001, -5.19286829999993], [119.50141340000005, -5.192871799999978], [119.5014331000001, -5.192873099999929], [119.50144870000008, -5.19287369999995], [119.5014493000001, -5.19287479999997], [119.50144960000011, -5.192875499999957], [119.50153570000009, -5.192891599999939], [119.50283760000002, -5.193134799999939], [119.50415910000004, -5.193262], [119.50488610000002, -5.193391599999927], [119.50527080000006, -5.193438199999946], [119.50533530000007, -5.193446], [119.50594340000009, -5.193519799999933], [119.50601260000008, -5.193580899999972], [119.5065188000001, -5.193635299999926], [119.50753620000012, -5.19363119999997], [119.50766090000002, -5.193579199999931], [119.50898210000003, -5.193640199999948], [119.5103064000001, -5.194495699999948], [119.51070430000004, -5.19489139999996], [119.511695, -5.194887499999936], [119.51295010000001, -5.194948699999941], [119.5134117, -5.194748199999935], [119.51360540000007, -5.19362179999996], [119.5138677000001, -5.193157199999973], [119.51503480000008, -5.192991099999972], [119.51503150000008, -5.192939499999966], [119.51536420000002, -5.192938099999935], [119.51585090000003, -5.192881899999975], [119.51586630000008, -5.192811199999937], [119.51590410000006, -5.192637599999955], [119.515794, -5.192177], [119.515576, -5.191771], [119.51538510000012, -5.191392099999973], [119.51546470000005, -5.190984899999933], [119.51548990000003, -5.190523799999937], [119.51540760000012, -5.190225699999928], [119.51551430000006, -5.189845599999956], [119.51551270000004, -5.189438799999948], [119.51553780000006, -5.188950499999976], [119.51575160000004, -5.188298699999962], [119.51573560000008, -5.188273299999935], [119.515735, -5.188105699999937], [119.51567020000005, -5.187959], [119.5154956, -5.187849399999948], [119.51516450000008, -5.187547499999937], [119.51505380000003, -5.187364099999968], [119.51503470000011, -5.187162099999966], [119.515075, -5.186877599999946], [119.51523040000006, -5.186483599999974], [119.51529870000002, -5.186044799999934], [119.51543530000004, -5.186002499999972], [119.5157286000001, -5.185757699999954], [119.51588110000012, -5.185500499999932], [119.51609750000011, -5.185217499999965], [119.51633990000005, -5.185049799999945], [119.516582, -5.184818], [119.51655540000002, -5.184548699999937], [119.51649040000007, -5.18429249999997], [119.51623330000007, -5.183985699999937], [119.51607880000006, -5.183729799999981], [119.516154, -5.183344699999964], [119.51626770000007, -5.182985099999939], [119.51644580000004, -5.182727899999975], [119.51643220000005, -5.182522699999936], [119.51632930000005, -5.182382], [119.51575960000002, -5.182262499999979], [119.51546470000005, -5.182096899999976], [119.51520790000006, -5.181867], [119.5150139000001, -5.181329099999971], [119.5148206, -5.18099639999997], [119.51480350000008, -5.180979299999933], [119.51477160000002, -5.180896299999972], [119.51467930000001, -5.180749699999978], [119.51454150000006, -5.180658299999948], [119.51445820000004, -5.180658699999981], [119.51443540000002, -5.18063879999994], [119.51410290000001, -5.180665799999929], [119.51388550000001, -5.180692299999976], [119.5136549, -5.18059059999996], [119.513476, -5.180642599999942], [119.51325810000003, -5.180553699999962], [119.51318060000006, -5.180361599999969], [119.51308970000002, -5.180028499999935], [119.51311420000002, -5.179733399999975], [119.51326660000007, -5.17946349999994], [119.51350950000005, -5.179424], [119.51365, -5.179372199999932], [119.51364970000009, -5.179295199999956], [119.51367330000005, -5.178782099999978], [119.51357070000006, -5.178718299999957], [119.51341720000005, -5.178719], [119.51309680000008, -5.178566299999943], [119.51295560000005, -5.178464299999973], [119.51290370000004, -5.178272099999958], [119.51278810000008, -5.178157099999964], [119.5126729000001, -5.178144699999962], [119.512558, -5.178209299999935], [119.51240470000005, -5.178261199999952], [119.51221890000011, -5.178191099999935], [119.5122282000001, -5.178189599999939], [119.51227630000005, -5.178178299999956], [119.51218660000006, -5.178095399999961], [119.51209660000006, -5.177993099999981], [119.51200680000011, -5.177916499999981], [119.511853, -5.177840199999935], [119.51175, -5.177686699999981], [119.51196730000004, -5.177634499999954], [119.51211710000007, -5.177638299999956], [119.51207860000011, -5.177614], [119.51218470000003, -5.177608], [119.51237650000007, -5.177581599999939], [119.51237630000003, -5.177530299999944], [119.51238810000007, -5.17728649999998], [119.51215680000007, -5.177030899999977], [119.51190050000002, -5.176929299999927], [119.51178030000005, -5.176914099999976], [119.51180670000008, -5.176883499999974], [119.51163110000005, -5.176738], [119.511656, -5.176558299999954], [119.5117378000001, -5.17648939999998], [119.51189020000004, -5.176180799999941], [119.51204040000005, -5.176236599999925], [119.51247230000001, -5.176385299999936], [119.51250430000005, -5.176349], [119.5126216000001, -5.176215499999955], [119.512715, -5.176121199999955], [119.51288270000009, -5.175838499999941], [119.51310540000009, -5.17525489999997], [119.51342180000006, -5.174670799999944], [119.51368390000005, -5.174575799999957], [119.51418870000009, -5.174197799999945], [119.51431920000005, -5.174009299999966], [119.51439270000003, -5.173633], [119.51457930000004, -5.173387899999966], [119.51484120000009, -5.173236499999973], [119.5148961000001, -5.172897899999953], [119.5148951000001, -5.172634699999946], [119.51503060000005, -5.172387799999967], [119.51517430000001, -5.172126], [119.51498550000008, -5.171788399999969], [119.51491550000003, -5.171518499999934], [119.51491270000008, -5.171507799999972], [119.514892, -5.171428], [119.5149067000001, -5.170829899999944], [119.5150734, -5.170321699999931], [119.51555950000011, -5.169943799999942], [119.51570950000007, -5.169962], [119.51597230000004, -5.17003619999997], [119.51623510000002, -5.170091499999955], [119.51646050000011, -5.170203399999934], [119.51659180000001, -5.170202899999936], [119.51677920000009, -5.170183299999962], [119.51692880000007, -5.170088799999974], [119.51715370000011, -5.170069099999978], [119.51735990000009, -5.170049399999925], [119.51741590000006, -5.169992799999932], [119.51764090000006, -5.169973099999936], [119.51784680000003, -5.169878299999937], [119.51795880000009, -5.16976509999995], [119.51840790000006, -5.169537699999978], [119.51848240000004, -5.169405799999936], [119.5185901000001, -5.169296899999949], [119.51879990000009, -5.169085], [119.5187992000001, -5.168915799999979], [119.51868590000004, -5.168709399999955], [119.51842280000005, -5.168560099999979], [119.51834670000005, -5.168278399999963], [119.51828540000008, -5.168221499999959], [119.51819580000006, -5.168053399999962], [119.51808230000006, -5.167809499999976], [119.51804410000011, -5.167621699999927], [119.51815640000007, -5.167583599999944], [119.51828780000005, -5.167601899999966], [119.51847570000007, -5.167713899999967], [119.51862630000005, -5.167863699999941], [119.51879510000003, -5.167863099999977], [119.51888850000012, -5.167787499999974], [119.51890140000012, -5.167748299999971], [119.5189626, -5.167561599999942], [119.51901840000005, -5.167448599999943], [119.519168, -5.167335199999968], [119.51930670000002, -5.16717749999998], [119.51930820000007, -5.167084], [119.51929840000003, -5.166998199999966], [119.51934840000001, -5.166998], [119.519384, -5.166740899999979], [119.5191966000001, -5.165640099999962], [119.519153, -5.165576499999929], [119.51864410000007, -5.164834499999927], [119.51805680000007, -5.164506399999937], [119.51739650000002, -5.164215299999967], [119.51673560000006, -5.163777299999936], [119.51600140000005, -5.163339599999972], [119.51526830000012, -5.163158899999928], [119.51483, -5.163454399999978], [119.514777, -5.163507899999956], [119.51457470000003, -5.163712399999952], [119.51446710000005, -5.164300299999979], [119.51413880000007, -5.164632099999949], [119.51410410000005, -5.165109499999971], [119.51373920000003, -5.165441399999963], [119.51370210000005, -5.165331399999957], [119.51355580000006, -5.165368699999931], [119.51341230000003, -5.165083899999956], [119.51341930000001, -5.165050199999939], [119.51345780000008, -5.16456409999995], [119.5134713000001, -5.163891799999931], [119.51347810000004, -5.163575899999955], [119.51348770000004, -5.163302899999962], [119.51361090000012, -5.16282149999995], [119.5136093000001, -5.16281349999997], [119.51353670000003, -5.16245669999995], [119.5135054000001, -5.162243299999943], [119.51348680000001, -5.162116399999945], [119.51260480000008, -5.162169], [119.51218620000009, -5.162207699999954], [119.51160760000005, -5.162296499999968], [119.51091110000004, -5.16218189999995], [119.51017150000007, -5.162049], [119.50920970000004, -5.161818099999948], [119.50875370000006, -5.161745799999949], [119.50835860000007, -5.161512699999946], [119.50789040000006, -5.161489899999935], [119.5074350000001, -5.161590499999932], [119.50739090000002, -5.161603899999932], [119.50694280000005, -5.161740599999973], [119.50647550000008, -5.161927699999978], [119.50599570000008, -5.162077799999963], [119.505233, -5.16235249999994], [119.50468980000005, -5.162058299999956], [119.50422110000011, -5.161887199999967], [119.50386420000007, -5.16197509999995], [119.50349540000002, -5.162186499999962], [119.50340710000012, -5.162223399999959], [119.50332920000005, -5.162205699999959], [119.50315650000005, -5.162144599999976], [119.50300860000004, -5.162132799999938], [119.50279920000003, -5.16213369999997], [119.50247890000003, -5.162122599999975], [119.50235550000002, -5.162073699999951], [119.50204750000012, -5.162050199999953], [119.5019512, -5.162034499999947], [119.50198440000008, -5.161679899999967], [119.50195960000008, -5.161630599999967], [119.50121180000008, -5.161408899999969], [119.5012114000001, -5.16131189999993], [119.50106460000006, -5.161239099999932], [119.50106280000011, -5.160761799999932], [119.50076890000003, -5.160542599999928], [119.50078150000002, -5.16041139999993], [119.5008041000001, -5.160175299999935], [119.5005837000001, -5.159992599999953], [119.50054630000011, -5.159809199999927], [119.50043420000009, -5.159222199999931], [119.5001754000001, -5.158599], [119.499771, -5.158196699999962], [119.49955060000002, -5.158014], [119.49956680000003, -5.157879299999934], [119.49946110000008, -5.157828799999947], [119.49945890000004, -5.157816299999979], [119.49936460000004, -5.157280399999934], [119.49877620000007, -5.156658599999957], [119.49826210000003, -5.156293499999947], [119.49815010000009, -5.155743199999961], [119.497746, -5.155414299999961], [119.49726840000005, -5.155012299999953], [119.4968282000001, -5.154830499999946], [119.49662520000004, -5.154513399999928], [119.49657030000003, -5.154427599999963], [119.49634870000011, -5.153951199999938], [119.49627450000003, -5.153606799999977], [119.49617010000009, -5.153504699999928], [119.49579290000008, -5.153189499999939], [119.4955212000001, -5.152949299999932], [119.49506630000008, -5.152645699999937], [119.49490320000007, -5.15258979999993], [119.49486270000011, -5.152576], [119.49468490000004, -5.152515299999948], [119.49439890000008, -5.152448599999957], [119.49409070000002, -5.15248749999995], [119.49379040000008, -5.152602299999955], [119.49362190000011, -5.152697199999977], [119.493488, -5.152484199999947], [119.49337450000007, -5.152296199999967], [119.493223, -5.151995299999953], [119.4931471000001, -5.151807099999928], [119.49310790000004, -5.151392699999974], [119.49319770000011, -5.151118899999972], [119.49321930000008, -5.151053], [119.49324, -5.150674899999956], [119.49267410000004, -5.15064719999998], [119.49128030000008, -5.150852399999962], [119.49043540000002, -5.151305199999967], [119.48951710000006, -5.151493], [119.48944, -5.151508799999931], [119.48889080000004, -5.151161399999978], [119.4878417000001, -5.150366499999961], [119.48679270000002, -5.149571599999945], [119.48604420000004, -5.149225], [119.48509640000009, -5.148829199999966], [119.4846983000001, -5.148930599999971], [119.4842023000001, -5.148932499999944], [119.48420260000012, -5.148998], [119.48420440000007, -5.14945819999997], [119.4842063000001, -5.149969599999963], [119.48382360000005, -5.149919899999929], [119.48321190000001, -5.149999], [119.48303450000003, -5.150281], [119.48303610000005, -5.15069], [119.48308880000002, -5.15112449999998], [119.48324320000006, -5.151481899999965], [119.48296340000002, -5.151661899999965], [119.48232580000001, -5.151664399999959], [119.48232670000004, -5.151894499999969], [119.48194450000005, -5.151972699999931], [119.48148620000006, -5.15215349999994], [119.48153820000005, -5.152409], [119.48125850000008, -5.152614599999936], [119.48123420000002, -5.152921499999934], [119.48131260000002, -5.153432599999974], [119.4815939, -5.153636], [119.48207900000011, -5.153762], [119.4823348000001, -5.15396549999997], [119.48223450000012, -5.154400599999974], [119.48164820000011, -5.154479499999979], [119.4808068000001, -5.154508399999941], [119.48047440000005, -5.154279599999938], [119.4799901, -5.154332599999975], [119.47963420000008, -5.154640799999925], [119.47917530000007, -5.154668199999946], [119.47848640000007, -5.154568599999948], [119.477924, -5.154212799999925], [119.47784590000003, -5.153804], [119.47764130000007, -5.153651399999944]]] 
      }
    },
    {
      "type": "Feature",
      "properties": {
        "district_id": "7371110",
        "province": "Sulawesi Selatan",
        "regency": "Makassar",
        "district": "Biring Kanaya",
        "pria": 107869,
        "wanita": 108835,
        "total_penduduk": 216704
      },
      "geometry": {
        "type": "Polygon",
        "coordinates": [[[119.53946470000005, -5.08756539999996], [119.53965510000012, -5.087288199999932], [119.53997350000009, -5.086761], [119.53999220000003, -5.086734399999955], [119.540611, -5.085852699999975], [119.54090080000003, -5.085442499999942], [119.54091290000008, -5.08541809999997], [119.54091330000006, -5.085417199999938], [119.54111050000006, -5.085017799999946], [119.54121880000002, -5.084798499999977], [119.54128670000011, -5.084100599999942], [119.54135420000011, -5.083405899999946], [119.5406895000001, -5.082579499999952], [119.54009580000002, -5.082078299999978], [119.53993140000011, -5.081323699999928], [119.53930220000007, -5.080948499999977], [119.53872740000008, -5.080699], [119.53832470000009, -5.080268699999976], [119.53836970000009, -5.080186599999934], [119.53807720000009, -5.079822899999954], [119.53800820000004, -5.079651799999965], [119.5379302, -5.079458599999953], [119.53832850000003, -5.078946199999962], [119.53854350000006, -5.078106099999957], [119.53828840000006, -5.077997699999969], [119.53745120000008, -5.077928], [119.537143, -5.077763199999936], [119.5370574000001, -5.077184799999941], [119.53712070000006, -5.07716309999995], [119.53703260000009, -5.077017199999943], [119.53697180000006, -5.076605899999947], [119.53688020000004, -5.076102699999979], [119.53676980000012, -5.07538379999994], [119.53635620000011, -5.075097699999958], [119.53606810000008, -5.074811199999942], [119.53599540000005, -5.074559699999952], [119.53592230000004, -5.074200299999973], [119.53617250000002, -5.07398349999994], [119.53627970000002, -5.073875199999975], [119.5362785000001, -5.073587499999974], [119.5357586, -5.073625499999935], [119.535472, -5.073716499999932], [119.53513190000001, -5.073879699999964], [119.534682, -5.07348589999998], [119.53439480000009, -5.073415099999977], [119.534107, -5.073182399999951], [119.53405630000009, -5.073142099999927], [119.5339193000001, -5.073033099999975], [119.53390280000008, -5.073019899999963], [119.53383710000003, -5.072967699999936], [119.53372130000002, -5.072881299999949], [119.53362130000005, -5.072806699999944], [119.53342320000002, -5.072591699999975], [119.5331675000001, -5.072464699999955], [119.53293230000008, -5.072140799999943], [119.53255080000008, -5.071920699999964], [119.53244120000011, -5.071399699999972], [119.53204460000006, -5.070879699999978], [119.5317917000001, -5.070413199999962], [119.53159210000001, -5.069820499999935], [119.53148280000005, -5.069371399999966], [119.53146310000011, -5.068921899999964], [119.53130440000007, -5.068467699999928], [119.53122870000004, -5.068286799999953], [119.53111890000002, -5.068024099999946], [119.53074120000008, -5.067737799999975], [119.53031030000011, -5.06763159999997], [119.5297031, -5.067343299999948], [119.52966350000008, -5.067310499999962], [119.52840060000005, -5.06631589999995], [119.52836830000001, -5.06629049999998], [119.5281672000001, -5.066069299999981], [119.52802610000003, -5.065914199999952], [119.52780970000003, -5.065609299999949], [119.52782750000006, -5.065552], [119.52791600000012, -5.065267199999937], [119.52791490000004, -5.064982899999961], [119.52791490000004, -5.064977899999974], [119.52791470000011, -5.064925599999981], [119.52794930000005, -5.064601699999969], [119.52794820000008, -5.064316], [119.527861, -5.064289799999926], [119.52772510000011, -5.063995499999976], [119.52744660000008, -5.063892], [119.526716, -5.063703199999964], [119.52598570000009, -5.063584099999957], [119.52531010000007, -5.063529099999926], [119.52516870000011, -5.063517599999955], [119.52449080000008, -5.063485399999934], [119.52424750000011, -5.063468899999975], [119.52403890000005, -5.063452299999938], [119.52378520000002, -5.063429099999951], [119.523752, -5.063426], [119.52372070000001, -5.063447099999962], [119.523704, -5.063447699999926], [119.523535, -5.063454299999933], [119.52352250000001, -5.063455699999963], [119.52322230000004, -5.063490299999955], [119.5229091000001, -5.063387], [119.52257910000003, -5.063440599999979], [119.5222831000001, -5.063284899999928], [119.52204, -5.063320699999963], [119.52190140000005, -5.063443199999938], [119.52153670000007, -5.063496899999961], [119.5214856, -5.06349709999995], [119.52094580000005, -5.063499199999967], [119.5204073000001, -5.063553599999977], [119.52004150000005, -5.063328499999955], [119.51981550000005, -5.063294499999927], [119.5196701000001, -5.063336799999945], [119.51966930000003, -5.063336099999958], [119.5192770000001, -5.063348899999937], [119.51922450000006, -5.063244499999939], [119.51921290000007, -5.063111099999958], [119.51921080000011, -5.063087199999927], [119.51920790000008, -5.063085699999931], [119.5191761000001, -5.063068499999929], [119.51915410000004, -5.063035699999944], [119.519031, -5.062635399999976], [119.51838770000006, -5.06256819999993], [119.51797080000006, -5.062604599999929], [119.51727470000003, -5.062346], [119.51706760000002, -5.062712699999963], [119.5167540000001, -5.062522299999955], [119.51652760000002, -5.062383699999941], [119.51607540000009, -5.062298399999975], [119.51550310000005, -5.062579399999947], [119.514931, -5.062947599999973], [119.5143945000001, -5.063507299999969], [119.51430950000008, -5.063995499999976], [119.5138429000001, -5.06466249999994], [119.51382860000001, -5.065195499999959], [119.51379050000003, -5.066216399999973], [119.51404810000008, -5.066960599999959], [119.51395270000012, -5.067494799999963], [119.5137046000001, -5.068019599999957], [119.51335160000008, -5.068181799999934], [119.51241660000005, -5.067962299999976], [119.51208270000006, -5.068134099999952], [119.51160570000002, -5.068344], [119.51125270000011, -5.068468], [119.51071840000009, -5.068811399999959], [119.51068980000002, -5.069107199999962], [119.51043220000008, -5.069107199999962], [119.51015740000003, -5.068873499999938], [119.50984070000004, -5.068878199999972], [119.50951630000009, -5.06913579999997], [119.50915370000007, -5.069240799999932], [119.50882940000008, -5.069078599999955], [119.50873750000005, -5.06885049999994], [119.50867870000002, -5.068822599999976], [119.50865320000003, -5.068810599999949], [119.50850730000002, -5.068741599999953], [119.50834280000004, -5.068706499999962], [119.50817110000003, -5.068897299999946], [119.50801840000008, -5.069145399999968], [119.5078658000001, -5.069107199999962], [119.50784670000007, -5.069002299999966], [119.50786420000009, -5.068475299999932], [119.50782760000004, -5.068029099999933], [119.50777990000006, -5.067618899999957], [119.50750440000002, -5.067520199999933], [119.50732190000008, -5.067494799999963], [119.507093, -5.067552099999943], [119.50656820000006, -5.067828799999972], [119.50623430000007, -5.067828799999972], [119.50581450000004, -5.067809699999941], [119.505347, -5.067905099999962], [119.50518480000005, -5.067838299999949], [119.50505870000006, -5.067520699999932], [119.50502260000007, -5.067409], [119.50490470000011, -5.067365799999948], [119.50483180000003, -5.067380299999968], [119.504746, -5.067475799999954], [119.50473640000007, -5.067733399999952], [119.50467920000006, -5.067933699999969], [119.50448840000001, -5.068048199999964], [119.50409720000005, -5.067971899999975], [119.50364880000006, -5.067971899999975], [119.5034389000001, -5.068134099999952], [119.50339120000001, -5.068382099999951], [119.50337210000009, -5.068630199999973], [119.5031527000001, -5.068763699999977], [119.50289510000005, -5.068763699999977], [119.50255160000006, -5.068716], [119.50213180000003, -5.069307599999945], [119.5018361000001, -5.069469699999956], [119.50122550000003, -5.06919309999995], [119.49947960000009, -5.068448899999964], [119.49882120000007, -5.067943199999945], [119.49813430000006, -5.067618899999957], [119.4978804000001, -5.067214899999954], [119.49785760000009, -5.067065499999956], [119.49778130000004, -5.066874699999971], [119.49756780000007, -5.066769699999952], [119.49742830000002, -5.066769699999952], [119.497228, -5.066836499999965], [119.4966746, -5.067323099999953], [119.49624530000006, -5.067571199999975], [119.49591140000007, -5.067580699999951], [119.49543430000006, -5.067246799999964], [119.4950500000001, -5.066778199999931], [119.4950622, -5.065491299999962], [119.4951195000001, -5.065195499999959], [119.49564420000002, -5.064842499999941], [119.49585410000009, -5.064709], [119.4958732, -5.064403699999957], [119.49564220000002, -5.06407239999993], [119.4954858000001, -5.063931399999944], [119.49520540000003, -5.063659499999972], [119.49484280000001, -5.063478199999963], [119.49444210000001, -5.063459199999954], [119.49407960000008, -5.063707199999953], [119.49399370000003, -5.064155599999935], [119.49407, -5.064565899999934], [119.49424180000005, -5.064928399999928], [119.49415590000001, -5.065319599999953], [119.493841, -5.06557719999995], [119.49353570000005, -5.065596299999925], [119.493011, -5.065367299999934], [119.49273430000005, -5.065281399999947], [119.492534, -5.065462699999955], [119.49251520000007, -5.065701], [119.492578, -5.065773899999954], [119.4927037000001, -5.06586249999998], [119.4926971000001, -5.065882599999952], [119.49285440000006, -5.066013099999964], [119.49292670000011, -5.06612089999993], [119.49324950000005, -5.066531199999929], [119.49320180000007, -5.066741099999945], [119.49297280000008, -5.066931899999929], [119.49262940000006, -5.066912899999977], [119.49214440000003, -5.066533799999945], [119.49188520000007, -5.066302299999961], [119.4911029000001, -5.065958799999976], [119.49067360000004, -5.065758399999936], [119.4905255000001, -5.065506199999959], [119.49050180000006, -5.06534819999996], [119.49052090000009, -5.065147799999977], [119.4906545, -5.064699399999938], [119.49068310000007, -5.064289199999962], [119.49031520000005, -5.064088799999979], [119.48976720000007, -5.064088799999979], [119.48931880000009, -5.063936199999944], [119.48882270000001, -5.06346869999993], [119.48846010000011, -5.063258799999971], [119.48815480000007, -5.063335099999961], [119.48806900000011, -5.063487799999962], [119.4881464, -5.063745], [119.48842710000008, -5.063964399999975], [119.4886795000001, -5.064215599999955], [119.48891810000009, -5.06444179999994], [119.48908030000007, -5.064852099999939], [119.489004, -5.065195499999959], [119.48881310000002, -5.06557719999995], [119.48843150000005, -5.065806099999975], [119.48789720000002, -5.065768], [119.48709580000002, -5.065395899999942], [119.48641840000005, -5.064718499999969], [119.486304, -5.064155599999935], [119.48640890000001, -5.063516399999969], [119.486657, -5.063134799999943], [119.48710540000002, -5.06270539999997], [119.487611, -5.062161599999968], [119.48767780000003, -5.06186589999993], [119.48753470000008, -5.061427], [119.48716250000007, -5.061190899999929], [119.48672370000008, -5.06110259999997], [119.48650430000009, -5.061255299999971], [119.48614180000004, -5.061703699999953], [119.48611310000001, -5.062247499999955], [119.48608450000006, -5.062571899999966], [119.48593190000008, -5.062715], [119.485722, -5.06253369999996], [119.4852701000001, -5.062127], [119.48491490000004, -5.062080199999968], [119.48479310000005, -5.06186839999998], [119.48462260000008, -5.061572], [119.48473990000002, -5.059831899999949], [119.48459130000003, -5.059553], [119.48397630000011, -5.059324499999946], [119.48297860000002, -5.05940529999998], [119.48221290000004, -5.059947099999931], [119.481522, -5.059949699999947], [119.48083050000002, -5.059798399999977], [119.48036780000007, -5.059261299999946], [119.47942380000006, -5.059467899999959], [119.47929390000002, -5.059496399999944], [119.478448, -5.059114699999952], [119.4780584, -5.059165], [119.47803280000005, -5.059073], [119.47800280000001, -5.058988399999976], [119.47783350000009, -5.059040099999947], [119.47745410000005, -5.060196299999973], [119.47661110000001, -5.060584399999925], [119.47638170000005, -5.060885], [119.47638620000009, -5.060886899999957], [119.47626830000002, -5.061071499999969], [119.47613440000009, -5.061202899999955], [119.47613430000001, -5.061204399999951], [119.47607630000005, -5.061279299999967], [119.47546480000005, -5.061974499999963], [119.47519660000012, -5.062129599999935], [119.47461650000002, -5.062164099999961], [119.47336150000001, -5.063505899999939], [119.47316810000007, -5.063676899999962], [119.47255480000001, -5.063910199999953], [119.472096, -5.064373899999964], [119.47110180000004, -5.065378399999929], [119.471103, -5.065699499999937], [119.4713157000001, -5.066035399999976], [119.47123060000001, -5.066259699999932], [119.47109200000011, -5.066163199999949], [119.47064610000007, -5.066688899999974], [119.47018720000005, -5.067152599999929], [119.47005320000005, -5.06718], [119.469912, -5.067367199999978], [119.46981010000002, -5.067660499999931], [119.46960520000005, -5.06800579999998], [119.46943890000011, -5.06832], [119.46945060000007, -5.068465499999945], [119.46940460000008, -5.068505099999925], [119.46926, -5.068647399999975], [119.46909640000001, -5.068882699999961], [119.46894540000005, -5.069087499999966], [119.46889220000003, -5.069199499999968], [119.46877760000007, -5.069441099999949], [119.46868190000009, -5.069694099999936], [119.4686038000001, -5.070019799999955], [119.46856480000008, -5.070653199999981], [119.46854520000011, -5.070968299999947], [119.46854410000003, -5.071150599999953], [119.46842090000007, -5.071600399999966], [119.4685353000001, -5.071655599999929], [119.46920690000002, -5.071979599999963], [119.469794, -5.072262799999976], [119.47459190000006, -5.074680099999966], [119.47636120000004, -5.075597099999925], [119.476557, -5.075645399999928], [119.47667820000004, -5.075559599999963], [119.47689280000009, -5.075487], [119.47750220000012, -5.075592399999948], [119.47775210000009, -5.075375899999926], [119.4778937000001, -5.074944399999936], [119.47803570000008, -5.074620599999946], [119.47807970000008, -5.074252099999967], [119.47841890000007, -5.073822399999926], [119.47900690000006, -5.073347499999954], [119.47997930000008, -5.073347499999954], [119.48038640000004, -5.073415399999931], [119.48063510000009, -5.073709399999927], [119.4813362000001, -5.073822399999926], [119.48159050000004, -5.074114499999951], [119.48180190000005, -5.074272399999927], [119.4823225, -5.074610499999949], [119.4827752000001, -5.075024], [119.4830323000001, -5.075179299999945], [119.48359770000002, -5.075315], [119.48400470000001, -5.07567679999994], [119.48479750000001, -5.075781699999936], [119.48515420000001, -5.076009599999963], [119.48526850000007, -5.076054899999974], [119.48557290000008, -5.076324199999931], [119.48632350000003, -5.076387799999964], [119.48695950000001, -5.076476799999966], [119.48746010000002, -5.076619], [119.4882553000001, -5.077562399999977], [119.4886878000001, -5.078279], [119.48875750000002, -5.07833009999996], [119.489927, -5.079333199999951], [119.489835, -5.079484399999956], [119.48973260000002, -5.079746099999966], [119.49193330000003, -5.081412499999942], [119.49301460000004, -5.082417499999963], [119.49368880000009, -5.083269799999925], [119.49429940000005, -5.083829499999979], [119.4961694000001, -5.085088799999937], [119.49656370000002, -5.084401899999932], [119.49767040000006, -5.084987099999978], [119.49800120000009, -5.084440099999938], [119.498281, -5.084503699999971], [119.499252, -5.083216799999946], [119.49957050000012, -5.08335139999997], [119.49973960000011, -5.08341919999998], [119.49996340000007, -5.083044099999938], [119.500161, -5.083105099999955], [119.50056240000004, -5.083269], [119.50090770000008, -5.082708599999933], [119.50090990000001, -5.082709899999941], [119.500922, -5.082694499999945], [119.50097030000006, -5.08261779999998], [119.501507, -5.082868299999973], [119.50116350000008, -5.083519399999943], [119.50139960000001, -5.083798499999943], [119.50117060000002, -5.084013099999936], [119.50131380000005, -5.084206299999948], [119.50076990000002, -5.084843199999966], [119.5007055000001, -5.085193799999956], [119.50051230000008, -5.085365499999966], [119.500606, -5.085593199999948], [119.50071550000007, -5.085774599999979], [119.50083590000008, -5.085945699999968], [119.50084320000008, -5.085956], [119.50084390000006, -5.086156], [119.50059110000007, -5.086429799999962], [119.50052070000004, -5.08651279999998], [119.50037440000006, -5.086685299999942], [119.50039740000011, -5.086734699999965], [119.5004259000001, -5.086796], [119.500744, -5.086887699999977], [119.50098880000007, -5.087035799999967], [119.50122270000008, -5.087141299999928], [119.501435, -5.087140499999975], [119.50181680000003, -5.087053899999944], [119.502487, -5.087423799999954], [119.5031997000001, -5.087825499999951], [119.5035832000001, -5.088015899999959], [119.50373220000006, -5.088056799999947], [119.503818, -5.088206], [119.50411230000009, -5.088495399999942], [119.50398490000009, -5.08862419999997], [119.5038919000001, -5.08873989999995], [119.50307810000004, -5.089752199999964], [119.50300670000001, -5.09026769999997], [119.50300840000011, -5.09070939999998], [119.5033797000001, -5.091812], [119.50350520000006, -5.091986], [119.50338420000003, -5.092644099999973], [119.50326070000006, -5.092610799999932], [119.50252690000002, -5.092319799999927], [119.50243860000012, -5.092296099999942], [119.50190150000003, -5.093567], [119.50170480000008, -5.093551899999966], [119.50116070000001, -5.094630799999948], [119.50090490000002, -5.095513399999959], [119.50078950000011, -5.09580619999997], [119.4998614000001, -5.095425099999943], [119.49957710000001, -5.095948899999939], [119.49956530000009, -5.095970699999953], [119.49942020000003, -5.096116299999949], [119.49891040000011, -5.096018299999969], [119.49884470000006, -5.096025199999929], [119.49864860000002, -5.096002799999951], [119.49846780000007, -5.096664099999941], [119.49855910000008, -5.096645399999943], [119.49876860000006, -5.09665119999994], [119.49928920000002, -5.097053899999935], [119.50017050000008, -5.097087299999941], [119.5007571000001, -5.097109499999931], [119.50099680000005, -5.097239399999978], [119.50106830000004, -5.097521699999959], [119.5009113000001, -5.097910799999966], [119.5006125000001, -5.098070899999925], [119.5002277000001, -5.098761199999956], [119.50001840000004, -5.099274099999946], [119.4995828000001, -5.100494399999945], [119.49942610000005, -5.100971799999968], [119.49909420000006, -5.101661799999931], [119.49874420000003, -5.102246], [119.49860550000005, -5.102811599999939], [119.4984306, -5.103147799999931], [119.498185, -5.103396], [119.49734220000005, -5.104052699999954], [119.49700880000012, -5.104389599999934], [119.49662290000003, -5.104779599999972], [119.49616530000003, -5.104869699999938], [119.49547810000001, -5.104784], [119.49486190000005, -5.104857099999947], [119.494387, -5.105017799999928], [119.4941060000001, -5.105230899999981], [119.493844, -5.105779299999938], [119.493801, -5.106053199999963], [119.4939227000001, -5.106252799999936], [119.49415550000003, -5.10663459999995], [119.49445590000005, -5.106898399999977], [119.49463290000006, -5.107127299999945], [119.49473940000007, -5.10733879999998], [119.49466460000008, -5.107566799999972], [119.49460020000004, -5.107763099999943], [119.49447780000003, -5.107993199999953], [119.49417890000007, -5.108135599999969], [119.49377390000006, -5.108154899999931], [119.49329840000007, -5.108174399999939], [119.49315700000011, -5.108051299999943], [119.49284440000008, -5.108623199999954], [119.49275210000008, -5.10879209999996], [119.49270230000002, -5.108883099999957], [119.49285980000002, -5.108963499999959], [119.4935312, -5.109306099999969], [119.4933046000001, -5.109781399999974], [119.49376590000008, -5.109983299999953], [119.4939045000001, -5.110044], [119.49420160000011, -5.109460099999978], [119.49434130000009, -5.10914159999993], [119.49532750000003, -5.109102499999949], [119.49585740000009, -5.109506599999975], [119.49631720000002, -5.10999929999997], [119.49643120000007, -5.110134499999958], [119.4966247000001, -5.110364], [119.49677350000002, -5.110540399999934], [119.4967759000001, -5.110543199999938], [119.4974830000001, -5.111170499999957], [119.49790480000001, -5.111436899999944], [119.49808840000003, -5.111545799999931], [119.49818410000012, -5.111602599999969], [119.49818920000007, -5.111604199999931], [119.49849930000005, -5.11170409999994], [119.498566, -5.111725499999977], [119.4987724, -5.111792], [119.49904060000006, -5.111865499999965], [119.4994200000001, -5.11196949999993], [119.49945510000009, -5.111984399999926], [119.500549, -5.112448899999947], [119.50062630000002, -5.112525799999958], [119.50069280000002, -5.112621099999956], [119.50072790000002, -5.112665899999968], [119.50100410000005, -5.112829199999965], [119.50110160000008, -5.112886899999978], [119.50138680000009, -5.11297559999997], [119.50145810000004, -5.113011099999937], [119.5014695000001, -5.113007899999957], [119.501476, -5.113011099999937], [119.50150340000005, -5.113002399999971], [119.50160070000004, -5.112971199999947], [119.50164230000007, -5.112957899999969], [119.50164530000006, -5.112958699999979], [119.5017663000001, -5.112992299999974], [119.50192980000008, -5.11303259999994], [119.50221950000002, -5.113116799999943], [119.50222, -5.113116199999979], [119.502498, -5.112809899999945], [119.502506, -5.11281409999998], [119.50276740000004, -5.112952], [119.502902, -5.113023], [119.50289850000001, -5.113029499999925], [119.50288960000012, -5.113046], [119.50279090000004, -5.113237799999979], [119.50276410000004, -5.113279399999954], [119.50272380000001, -5.113354399999935], [119.50265800000011, -5.113451399999974], [119.50257520000002, -5.11357339999995], [119.50257490000001, -5.113573699999961], [119.50221280000005, -5.113863399999957], [119.50221240000008, -5.113869199999954], [119.50220980000006, -5.113916599999925], [119.50220680000007, -5.113969899999972], [119.502216, -5.113973499999929], [119.502292, -5.113995599999953], [119.5023652000001, -5.114016899999967], [119.50234940000007, -5.114080099999967], [119.50234610000007, -5.11409279999998], [119.50234610000007, -5.114093099999934], [119.50226260000011, -5.114069799999925], [119.50211920000004, -5.114029799999969], [119.50211860000002, -5.114029599999981], [119.50208450000002, -5.114164499999958], [119.50203480000005, -5.11435709999995], [119.50197820000005, -5.114576599999964], [119.501923, -5.114663899999925], [119.50191770000004, -5.114672299999938], [119.50191070000005, -5.114683299999967], [119.50191060000009, -5.114683299999967], [119.50190970000006, -5.114684699999941], [119.50172470000007, -5.114643], [119.50160860000005, -5.11461769999994], [119.50139500000012, -5.114569499999959], [119.50136340000006, -5.114562499999977], [119.50132960000008, -5.114880099999937], [119.5013358000001, -5.11490079999993], [119.50133570000003, -5.11490079999993], [119.50128140000004, -5.11487429999994], [119.50124830000004, -5.114858199999958], [119.5011862, -5.114828], [119.50083870000003, -5.114760499999932], [119.50059070000009, -5.114760399999966], [119.50054110000008, -5.114798699999938], [119.5005006, -5.114831099999947], [119.50060910000002, -5.114933099999973], [119.50062220000007, -5.115003099999967], [119.50062590000005, -5.115023], [119.50053830000002, -5.115254299999947], [119.50039880000008, -5.115454099999965], [119.50032810000005, -5.115555399999948], [119.5003362000001, -5.115587399999981], [119.50036380000006, -5.115696499999956], [119.5005407000001, -5.115890099999945], [119.50062930000001, -5.116031], [119.50082960000009, -5.116132], [119.50120290000007, -5.116320099999939], [119.50155590000008, -5.116513], [119.50183790000006, -5.116564899999958], [119.5020651000001, -5.11612249999996], [119.50238280000008, -5.116280199999949], [119.50257440000007, -5.115732], [119.50262590000011, -5.115396299999929], [119.5029508, -5.115542799999957], [119.50301410000009, -5.115571299999942], [119.50320620000002, -5.115604599999926], [119.50335810000001, -5.115720099999976], [119.5036583000001, -5.115913199999966], [119.50366990000009, -5.115915899999948], [119.50381270000003, -5.115949], [119.503958, -5.115982699999961], [119.5040408000001, -5.11617039999993], [119.5040537000001, -5.116199799999947], [119.50403720000008, -5.116179199999976], [119.50370930000008, -5.116984699999932], [119.50368910000009, -5.117034499999932], [119.503798, -5.117104899999958], [119.50384210000004, -5.117133399999943], [119.50404220000007, -5.117262699999969], [119.5042893000001, -5.117403], [119.50448330000006, -5.117472899999939], [119.50473090000003, -5.117736799999932], [119.50473140000008, -5.117842799999949], [119.5049785000001, -5.117983099999947], [119.50499810000008, -5.11802849999998], [119.50508510000009, -5.11822989999996], [119.50542070000006, -5.118475799999942], [119.50570280000011, -5.118545299999937], [119.50586110000006, -5.118491699999936], [119.50607180000009, -5.118600899999933], [119.506267, -5.11870209999995], [119.50686110000004, -5.119045299999925], [119.50702610000008, -5.11914059999998], [119.50748450000003, -5.119262399999968], [119.50760690000004, -5.11905], [119.50803, -5.119154299999934], [119.50896180000007, -5.119666699999925], [119.50901850000002, -5.119697899999949], [119.5084055000001, -5.121461], [119.5076295, -5.122885699999927], [119.50709560000007, -5.123414], [119.50693410000008, -5.123530599999981], [119.50687720000008, -5.12358439999997], [119.5066481, -5.123801], [119.50742, -5.12387949999993], [119.507649, -5.12397969999995], [119.50792430000001, -5.124287299999935], [119.50827230000004, -5.124831], [119.50960140000007, -5.126892], [119.50991410000006, -5.127325299999939], [119.50876080000012, -5.128131499999938], [119.50853570000004, -5.128925199999969], [119.50853330000007, -5.128933699999948], [119.50833750000004, -5.129624199999967], [119.508092, -5.13049019999994], [119.50808470000004, -5.130515899999978], [119.50797510000007, -5.130902699999979], [119.50795460000006, -5.130974899999956], [119.50774380000007, -5.131718299999932], [119.50772870000003, -5.131771499999957], [119.50763920000009, -5.132244699999944], [119.50762730000008, -5.132307899999944], [119.50757650000003, -5.132648699999947], [119.5075776000001, -5.133556099999964], [119.50783400000012, -5.13356269999997], [119.5083538, -5.133575299999961], [119.50835440000003, -5.133575299999961], [119.50841160000004, -5.133577], [119.5086027000001, -5.133582799999942], [119.50905540000008, -5.133612299999925], [119.50952330000007, -5.133645699999931], [119.51024650000011, -5.133650399999965], [119.51073660000009, -5.133653599999946], [119.51074560000006, -5.133653699999968], [119.5107766000001, -5.133580199999926], [119.51079270000002, -5.133541899999955], [119.51080220000006, -5.133519199999967], [119.51090310000006, -5.133318799999927], [119.51132, -5.132491], [119.51140390000012, -5.132468899999935], [119.51142330000005, -5.132463799999925], [119.511581, -5.132523599999956], [119.5116571000001, -5.13256709999996], [119.51176590000011, -5.132469199999946], [119.51185830000009, -5.132469199999946], [119.5119562000001, -5.132534499999963], [119.51205410000011, -5.132681299999945], [119.51205950000008, -5.132768299999952], [119.51213020000012, -5.13280629999997], [119.5121908000001, -5.132881899999973], [119.51230890000011, -5.133029299999976], [119.51252910000005, -5.133269899999959], [119.51261680000005, -5.133315099999948], [119.512782, -5.133400399999971], [119.51333250000005, -5.133514499999933], [119.51369950000003, -5.133669499999939], [119.514303, -5.133779599999968], [119.51500440000007, -5.13397539999994], [119.515862, -5.134122], [119.51624410000011, -5.134187399999973], [119.51780610000003, -5.134446499999967], [119.5174551, -5.135271399999965], [119.51801110000008, -5.135496899999964], [119.51799170000004, -5.135514299999954], [119.51848310000003, -5.135687], [119.51885260000006, -5.136054499999943], [119.51888980000001, -5.136159799999973], [119.51910070000008, -5.136756499999933], [119.51927750000004, -5.137142399999959], [119.51925560000006, -5.137277399999959], [119.51919190000001, -5.137669899999935], [119.51906350000002, -5.13843479999997], [119.51858790000006, -5.139707599999952], [119.5182228000001, -5.140097899999944], [119.51783260000002, -5.140752499999962], [119.51758080000002, -5.141369299999951], [119.51758080000002, -5.141558099999941], [119.51728470000012, -5.142446699999937], [119.51725350000004, -5.142892499999959], [119.51776970000003, -5.143043499999976], [119.51802440000006, -5.143172799999945], [119.51849980000009, -5.143484099999966], [119.518034, -5.144466], [119.51764380000009, -5.145284199999935], [119.51697660000002, -5.144843599999945], [119.51680040000008, -5.145095399999946], [119.51604510000004, -5.144818499999928], [119.5156548000001, -5.145019899999966], [119.515466, -5.145158299999935], [119.51521430000003, -5.145246499999928], [119.51508840000008, -5.145536], [119.51502540000001, -5.145724799999925], [119.51481580000006, -5.145880099999943], [119.5147028, -5.14601719999996], [119.51484420000008, -5.146315299999969], [119.5149685, -5.146719], [119.51491730000009, -5.147070699999972], [119.51458650000006, -5.147634299999936], [119.51453230000004, -5.147717799999953], [119.51452560000007, -5.147728099999938], [119.51451730000008, -5.147741], [119.51451550000002, -5.147743799999944], [119.51451490000011, -5.147743399999968], [119.51432960000011, -5.148007699999937], [119.51508700000011, -5.148723599999926], [119.51541430000009, -5.14963], [119.51606890000005, -5.150272], [119.516522, -5.150561499999981], [119.51722740000002, -5.150646399999971], [119.5177519, -5.150519], [119.51796280000008, -5.150467799999944], [119.51803490000009, -5.150409499999967], [119.51807680000002, -5.150412199999948], [119.518176, -5.149748199999976], [119.51820910000004, -5.149751399999957], [119.518208, -5.149473799999953], [119.51822250000009, -5.148978899999975], [119.5188634000001, -5.148778399999969], [119.51929110000003, -5.148743699999955], [119.51950610000006, -5.149023299999953], [119.51980290000006, -5.149187099999949], [119.51986850000003, -5.149120799999935], [119.5198835000001, -5.148757799999942], [119.5199156000001, -5.148543199999949], [119.52003, -5.148344799999961], [119.51997920000008, -5.147998599999937], [119.52011010000001, -5.147800099999927], [119.52040570000008, -5.147650399999975], [119.52063620000001, -5.147699], [119.52086620000011, -5.147615599999938], [119.52099710000005, -5.147417099999927], [119.52092970000001, -5.147021499999937], [119.520945, -5.146724499999948], [119.5209771000001, -5.146509899999955], [119.52106290000006, -5.146461199999976], [119.52119060000007, -5.146426499999961], [119.5212557000001, -5.146228299999962], [119.52115660000004, -5.146146199999976], [119.52112280000006, -5.145915399999978], [119.52112220000004, -5.145766899999956], [119.52115190000006, -5.145725699999957], [119.52125310000008, -5.14558489999996], [119.52125190000004, -5.145582099999956], [119.52117020000003, -5.14540379999994], [119.52115550000008, -5.145397699999933], [119.52112880000004, -5.14538669999996], [119.52098870000009, -5.145328799999959], [119.521053, -5.145159199999966], [119.52085590000002, -5.144992599999966], [119.52101920000007, -5.144678499999941], [119.5212653000001, -5.144496099999969], [119.52110010000001, -5.144331699999952], [119.52091830000006, -5.144118], [119.52104910000003, -5.143903], [119.52116320000005, -5.143638599999974], [119.52131040000006, -5.143407099999934], [119.52152450000006, -5.143455699999947], [119.5216898000001, -5.143653], [119.5218708000001, -5.143652299999928], [119.52186970000002, -5.143388399999935], [119.5218195000001, -5.143174099999953], [119.52206610000007, -5.143123599999967], [119.52209860000005, -5.143008], [119.5222629000001, -5.142941399999927], [119.52244420000011, -5.143023099999937], [119.52264090000006, -5.142840899999953], [119.5225415000001, -5.142659799999933], [119.52265530000011, -5.142312899999979], [119.52281920000007, -5.142147299999976], [119.52296680000006, -5.142031199999963], [119.52303180000001, -5.141833], [119.52311330000009, -5.141618199999925], [119.52327770000011, -5.141584599999931], [119.5233095000001, -5.141320499999949], [119.523259, -5.141023699999948], [119.52338980000002, -5.140808799999945], [119.5236685000001, -5.140543699999967], [119.52393150000012, -5.140476699999965], [119.52402390000009, -5.140400799999952], [119.52419390000011, -5.140261199999941], [119.52427560000001, -5.140112399999964], [119.52443930000004, -5.139897299999973], [119.52470210000001, -5.13978069999996], [119.52488280000011, -5.139714], [119.52504670000008, -5.139564899999925], [119.5251776, -5.139366399999972], [119.52516040000012, -5.139185], [119.52532430000008, -5.139019399999938], [119.52545550000002, -5.138919899999962], [119.52557080000008, -5.138935899999979], [119.52571920000003, -5.139034299999935], [119.52591640000003, -5.138951099999929], [119.52594840000006, -5.138736499999936], [119.52596410000001, -5.138538499999925], [119.52607890000002, -5.138455499999964], [119.52640780000002, -5.138404699999967], [119.5265558000001, -5.138371099999972], [119.52667020000001, -5.138189199999943], [119.52673510000011, -5.137941499999954], [119.5267027000001, -5.137569499999927], [119.52678280000009, -5.13752889999995], [119.5268956000001, -5.137414899999953], [119.52694710000003, -5.137462199999959], [119.52724310000008, -5.137428099999966], [119.5272754, -5.137263], [119.5274892000001, -5.137245599999972], [119.5276364, -5.137014099999931], [119.52763620000007, -5.136978699999929], [119.52763530000004, -5.136733599999957], [119.52764170000012, -5.136659399999928], [119.52764840000009, -5.136582399999952], [119.52746030000003, -5.136395299999947], [119.52743640000006, -5.136371499999939], [119.52725470000007, -5.136190699999929], [119.52730280000003, -5.135877099999959], [119.52749970000002, -5.135744399999965], [119.52763070000003, -5.135578899999928], [119.52767870000002, -5.135232199999962], [119.5277923000001, -5.134835799999962], [119.52785730000005, -5.134621099999947], [119.52772430000005, -5.134275199999934], [119.52770640000006, -5.133912299999963], [119.52783770000008, -5.133646399999975], [119.52791860000002, -5.133482599999979], [119.52816410000003, -5.13313519999997], [119.52829430000008, -5.132788199999936], [119.528342, -5.132359099999974], [119.52865390000011, -5.132176399999935], [119.52911350000011, -5.131910599999969], [119.52914550000003, -5.131679499999962], [119.52935, -5.131610299999977], [119.52949060000003, -5.131562699999961], [119.52951940000003, -5.131593899999928], [119.5296724000001, -5.131759899999963], [119.52955750000001, -5.131842899999981], [119.52972260000001, -5.13199069999996], [119.530265, -5.131840099999977], [119.53056040000001, -5.131640899999979], [119.53070790000004, -5.131491899999958], [119.5310856000001, -5.131308899999965], [119.53146490000006, -5.131218899999965], [119.53179240000009, -5.131141099999979], [119.53218170000002, -5.131171699999925], [119.53284320000012, -5.131223499999976], [119.5332515, -5.131229799999971], [119.53393170000004, -5.131215099999963], [119.53465570000003, -5.131228799999974], [119.53532990000008, -5.131127099999958], [119.53574060000005, -5.130977], [119.53605270000003, -5.13084379999998], [119.53609470000004, -5.130805299999963], [119.53628660000004, -5.130154799999957], [119.53652910000005, -5.129379899999947], [119.53709250000009, -5.127579899999944], [119.53902210000001, -5.125304599999936], [119.539215, -5.124885099999972], [119.53943310000011, -5.124413], [119.53947660000006, -5.12386349999997], [119.5395089000001, -5.123875299999952], [119.53957120000007, -5.122665199999972], [119.54006020000008, -5.120586], [119.54013410000005, -5.119486399999971], [119.54013840000005, -5.119422399999962], [119.5405472000001, -5.118008299999929], [119.54043450000006, -5.117139599999973], [119.54044560000011, -5.117100299999947], [119.5404234, -5.117053799999951], [119.54031180000004, -5.116820099999927], [119.54038480000008, -5.116627699999981], [119.5406144000001, -5.116308499999946], [119.54061920000004, -5.116301699999951], [119.54057390000003, -5.116021199999977], [119.54074920000005, -5.115636399999971], [119.54094040000007, -5.115532199999961], [119.54111630000011, -5.115295099999969], [119.54117440000005, -5.115102799999931], [119.54127670000003, -5.114866], [119.5416351, -5.114207099999931], [119.54176650000011, -5.113911099999939], [119.54192770000009, -5.113674], [119.54211810000004, -5.113392599999941], [119.54227910000009, -5.113126], [119.54238090000001, -5.112771], [119.54249660000005, -5.112223899999947], [119.54268620000005, -5.111735499999952], [119.54272520000006, -5.111647399999981], [119.54280810000012, -5.11146], [119.54250030000003, -5.111153699999932], [119.54243930000007, -5.111093099999948], [119.54236480000009, -5.11065549999995], [119.5423234000001, -5.109378699999979], [119.5418489000001, -5.109015699999929], [119.54195640000012, -5.108577399999945], [119.54217010000002, -5.107409], [119.54198480000002, -5.106570499999975], [119.54193260000011, -5.106538899999975], [119.54189810000003, -5.106436299999928], [119.5417020000001, -5.10612459999993], [119.54144140000005, -5.105891199999974], [119.540959, -5.105424399999947], [119.54065930000002, -5.105152099999941], [119.54009950000011, -5.104815799999926], [119.5396439000001, -5.104544099999941], [119.5392498000001, -5.104441799999961], [119.53926280000007, -5.104425699999979], [119.53885070000001, -5.104286799999954], [119.5387124, -5.104254799999978], [119.5387161000001, -5.104249399999958], [119.53904350000005, -5.103778199999965], [119.53905240000006, -5.103736599999934], [119.53905740000005, -5.103712799999926], [119.5395148, -5.103505], [119.53966050000008, -5.103504399999963], [119.53992290000008, -5.103532599999937], [119.5403602, -5.103589299999953], [119.54047620000006, -5.103442799999925], [119.5403285000001, -5.102946599999939], [119.54047380000009, -5.102829199999974], [119.54058880000002, -5.102448899999956], [119.54052920000004, -5.102098499999954], [119.54076110000005, -5.101805399999932], [119.54087330000004, -5.100694699999963], [119.5401144000001, -5.100376299999937], [119.53950110000005, -5.100028099999975], [119.53893750000009, -5.099863], [119.53893720000008, -5.099859099999946], [119.53887110000005, -5.099572899999941], [119.53881190000004, -5.098678899999925], [119.5386956000001, -5.098319299999957], [119.53839950000008, -5.096698699999934], [119.53802940000003, -5.096264699999949], [119.53782310000008, -5.095681099999979], [119.53758730000004, -5.09501], [119.53746750000005, -5.094163199999969], [119.53743660000009, -5.093725], [119.53760760000011, -5.092760099999964], [119.53775140000005, -5.09226289999998], [119.53779290000011, -5.092216299999961], [119.53801250000004, -5.09196959999997], [119.53802610000002, -5.091406399999926], [119.5380626000001, -5.089894899999933], [119.53835230000004, -5.089455499999929], [119.53893070000004, -5.08834289999993], [119.53929940000012, -5.087806199999932], [119.53946470000005, -5.08756539999996]]] 
      }
    },
    {
      "type": "Feature",
      "properties": {
        "district_id": "7371111",
        "province": "Sulawesi Selatan",
        "regency": "Makassar",
        "district": "Tamalanrea",
        "pria": 53074,
        "wanita": 53694,
        "total_penduduk": 106768
      },
      "geometry": {
        "type": "Polygon",
        "coordinates": [[[119.46231730000011, -5.081621899999959], [119.461571, -5.082008899999948], [119.46127220000005, -5.08226609999997], [119.46119550000003, -5.082544699999971], [119.46119640000006, -5.082778399999938], [119.46120840000003, -5.083012199999928], [119.4612757000001, -5.08319], [119.4612988, -5.083434799999964], [119.46117680000009, -5.083457599999974], [119.46093220000012, -5.083369399999981], [119.46075420000011, -5.083258799999953], [119.46058750000009, -5.083214899999973], [119.46043190000012, -5.083171], [119.46026570000004, -5.083249499999965], [119.46012150000001, -5.083294599999931], [119.45997750000004, -5.08337309999996], [119.45978860000002, -5.08334039999994], [119.45958850000011, -5.083274399999937], [119.4594886000001, -5.08327479999997], [119.45926650000001, -5.083253299999967], [119.45903290000001, -5.083142899999928], [119.458988, -5.082998399999951], [119.4589208000001, -5.082853899999975], [119.45876520000002, -5.082798799999978], [119.4585770000001, -5.082933099999934], [119.4585442, -5.083066899999949], [119.45851110000001, -5.083122599999967], [119.4583113000001, -5.083134499999971], [119.458134, -5.083213099999966], [119.45796790000009, -5.08334739999998], [119.4578130000001, -5.083481499999948], [119.45780250000007, -5.08363739999993], [119.45783160000008, -5.083690499999932], [119.45786830000009, -5.083757399999968], [119.4578404, -5.083791399999939], [119.457842, -5.083809799999926], [119.45784240000012, -5.08391], [119.45779840000012, -5.084010399999954], [119.45770990000005, -5.084110899999928], [119.45749930000011, -5.084189599999945], [119.45741050000004, -5.08419], [119.45726080000009, -5.08424059999993], [119.45696120000002, -5.084275199999979], [119.45656680000002, -5.084204299999953], [119.45659980000005, -5.08412629999998], [119.45648810000012, -5.083948599999928], [119.45632150000006, -5.083915799999943], [119.45621060000008, -5.083960799999943], [119.45583370000008, -5.084106899999938], [119.45465800000011, -5.084389699999974], [119.45444740000005, -5.084501799999941], [119.4541928000001, -5.084692], [119.45389360000001, -5.084837899999968], [119.453483, -5.084884], [119.4529169000001, -5.084908399999961], [119.4524288, -5.084999299999936], [119.45199630000002, -5.085134599999947], [119.45156480000003, -5.085514699999976], [119.4512439, -5.085794199999953], [119.4510782000001, -5.086017499999969], [119.45096760000001, -5.086129299999925], [119.450779, -5.086185599999965], [119.45060160000003, -5.086230799999953], [119.45045710000011, -5.086186899999973], [119.45023540000011, -5.086276799999951], [119.45000230000005, -5.08627759999996], [119.44986860000006, -5.086166799999944], [119.44970190000004, -5.086111799999969], [119.44957920000002, -5.08595639999993], [119.44943420000004, -5.085801099999969], [119.44921240000008, -5.08585759999994], [119.44915750000007, -5.086002599999972], [119.44913560000009, -5.086102799999935], [119.44904720000011, -5.086203399999931], [119.4490475, -5.086292399999934], [119.44892550000009, -5.086326299999939], [119.44888130000004, -5.086371], [119.44877, -5.086293499999954], [119.44868110000004, -5.08628269999997], [119.44852580000008, -5.086316699999941], [119.44838170000003, -5.086372899999958], [119.44828230000007, -5.086506799999938], [119.44807120000007, -5.086463099999946], [119.44783780000012, -5.08638609999997], [119.447448, -5.086075799999946], [119.4470133000001, -5.085621099999969], [119.44683510000004, -5.08545479999998], [119.4467241000001, -5.085477399999945], [119.44668, -5.085555499999941], [119.44673630000011, -5.085755699999936], [119.4469815000001, -5.086022], [119.44729370000005, -5.086377], [119.44759470000008, -5.086698699999943], [119.4477955000001, -5.086954], [119.447896, -5.08709829999998], [119.448063, -5.087231299999928], [119.44820790000006, -5.087386599999945], [119.44837550000011, -5.087664199999949], [119.44856470000002, -5.087797099999932], [119.44868710000003, -5.087874599999964], [119.4488986, -5.088018499999976], [119.44897680000008, -5.08812949999998], [119.44905570000003, -5.088452], [119.44913370000006, -5.088540799999976], [119.44926770000006, -5.08874069999996], [119.44942340000011, -5.088810199999955], [119.449429, -5.088823599999955], [119.44957470000008, -5.089179199999933], [119.44975330000011, -5.089445699999942], [119.44984270000009, -5.089579], [119.44984330000011, -5.089746], [119.44992150000007, -5.089868099999933], [119.4499449000001, -5.090190899999925], [119.45001230000003, -5.090391], [119.45006940000007, -5.090824899999973], [119.45005950000007, -5.091147799999931], [119.45003830000007, -5.091415099999949], [119.45001750000006, -5.091782499999965], [119.45006300000011, -5.092060599999968], [119.45010800000011, -5.092227399999956], [119.45007520000001, -5.092338899999959], [119.4499727000001, -5.092504699999949], [119.44996330000004, -5.092533299999957], [119.44995410000001, -5.092628799999943], [119.45003250000002, -5.09280659999996], [119.45018850000008, -5.092939599999966], [119.45032190000006, -5.09300589999998], [119.45032240000012, -5.09313949999995], [119.45029000000011, -5.093362199999945], [119.45026810000002, -5.09338159999993], [119.45026870000004, -5.093402499999968], [119.4500686, -5.093552299999942], [119.44988080000007, -5.093786799999975], [119.4495601000001, -5.094133199999931], [119.44947230000002, -5.094400699999937], [119.4493953000001, -5.094579099999976], [119.44941820000008, -5.094757099999981], [119.449463, -5.094857099999956], [119.4495161000001, -5.094905899999958], [119.44959130000007, -5.095018099999947], [119.44971360000011, -5.095073299999967], [119.44988020000005, -5.095106], [119.44975840000006, -5.095184399999937], [119.44976980000001, -5.095262299999945], [119.44977030000007, -5.095384699999954], [119.44970400000011, -5.095462899999973], [119.44960480000009, -5.095674799999927], [119.44958340000005, -5.095864099999972], [119.44960630000003, -5.096053299999937], [119.44955190000007, -5.096354099999928], [119.44968620000009, -5.096643], [119.449999, -5.097142799999972], [119.4502553000001, -5.097397799999953], [119.45061190000001, -5.097741599999949], [119.4509571000001, -5.098018599999932], [119.4512056000001, -5.098127099999942], [119.45120330000009, -5.098135799999966], [119.45123520000004, -5.098162199999933], [119.4514914, -5.098395], [119.45165860000009, -5.098561399999937], [119.45180790000006, -5.098725599999966], [119.45222300000012, -5.098984899999948], [119.45233070000006, -5.099260799999968], [119.4526436000001, -5.099405599999955], [119.4526436000001, -5.099514699999929], [119.45259560000011, -5.099871099999973], [119.4527839000001, -5.10006], [119.4530721000001, -5.10016909999996], [119.45338530000004, -5.100113299999975], [119.45344110000008, -5.100168699999927], [119.453519, -5.100235199999929], [119.45371870000008, -5.100543], [119.45283840000002, -5.10107279999994], [119.45263590000002, -5.101322099999948], [119.4524411000001, -5.101423299999965], [119.45230860000004, -5.1014], [119.45207490000007, -5.101407799999947], [119.45191910000005, -5.101649299999963], [119.45181780000007, -5.101766099999963], [119.45161530000007, -5.101805099999979], [119.45159190000004, -5.102031], [119.4514984000001, -5.102459499999952], [119.45105440000009, -5.102529599999968], [119.44956120000006, -5.102751], [119.447717, -5.105458], [119.4446474, -5.106726799999933], [119.44443410000008, -5.106815], [119.44298960000003, -5.107559099999946], [119.44207040000003, -5.108741], [119.44202660000008, -5.10952889999993], [119.4424643000001, -5.110842], [119.44310220000011, -5.112224399999945], [119.44341550000001, -5.112507], [119.44352020000008, -5.112601499999926], [119.44398020000006, -5.113016499999958], [119.44430320000004, -5.113403199999937], [119.444938, -5.114163299999973], [119.4452404000001, -5.114566199999956], [119.44542510000008, -5.114812399999948], [119.44579890000011, -5.115310499999964], [119.44659950000005, -5.115859599999965], [119.44673860000012, -5.115955], [119.44763430000012, -5.116172699999936], [119.44912970000007, -5.115931599999954], [119.45065190000003, -5.115083], [119.4520496, -5.114266099999952], [119.45239130000004, -5.114077599999973], [119.45276490000003, -5.114076099999977], [119.45326340000008, -5.114199099999951], [119.45357550000006, -5.114416399999925], [119.4536763000001, -5.114563099999941], [119.45430950000002, -5.115485499999977], [119.45526590000009, -5.11687569999998], [119.456078, -5.117590499999949], [119.4572634000001, -5.11821029999993], [119.45857160000003, -5.118423699999937], [119.45921970000006, -5.118360799999948], [119.45990970000003, -5.118293699999981], [119.46059260000004, -5.117760499999974], [119.4610556, -5.116728699999953], [119.46133170000007, -5.115666399999952], [119.46185470000012, -5.11404129999994], [119.46238090000008, -5.113258899999948], [119.46306350000009, -5.112663199999929], [119.46352910000007, -5.112318099999925], [119.46377170000005, -5.112189499999943], [119.46418150000011, -5.111972199999968], [119.46439940000005, -5.111971399999959], [119.46492880000005, -5.112031799999954], [119.46555160000003, -5.112091799999973], [119.4663293000001, -5.112366899999927], [119.46642450000002, -5.112400599999944], [119.46648570000002, -5.112444099999948], [119.4669163000001, -5.112698899999941], [119.46729030000006, -5.113218299999971], [119.46770580000009, -5.113966199999936], [119.46796540000003, -5.114859499999966], [119.46743570000001, -5.115939799999978], [119.46682280000005, -5.117477099999974], [119.46700980000003, -5.118941699999937], [119.46760290000009, -5.12035069999996], [119.46769410000002, -5.120456499999932], [119.46808420000002, -5.120915099999934], [119.46822510000004, -5.121050399999945], [119.46902490000002, -5.121289299999944], [119.4698767000001, -5.12131], [119.47044360000007, -5.120845899999949], [119.4708415, -5.119680499999959], [119.47069940000006, -5.118202499999938], [119.47092680000003, -5.117548799999952], [119.4716658000001, -5.117094], [119.472461, -5.116974699999957], [119.47271320000004, -5.117147599999953], [119.47322760000009, -5.11799149999996], [119.47358830000007, -5.118707699999959], [119.47405060000006, -5.119295399999942], [119.47453770000004, -5.11965239999995], [119.47487030000002, -5.119728], [119.4755348000001, -5.119699799999978], [119.47655570000006, -5.119285699999978], [119.47729660000005, -5.119180399999948], [119.477404, -5.119216499999936], [119.47752490000005, -5.119198199999971], [119.47805110000002, -5.119250799999975], [119.4786686000001, -5.119430299999976], [119.47923220000007, -5.119773699999939], [119.47957840000004, -5.120154299999967], [119.4795894, -5.120402499999955], [119.47985030000007, -5.120728399999962], [119.47973950000005, -5.121974799999975], [119.47926860000007, -5.12367839999996], [119.47724650000009, -5.126988499999925], [119.47559840000008, -5.128054899999938], [119.474532, -5.12812409999998], [119.47329470000011, -5.127672099999927], [119.47302160000004, -5.127418499999976], [119.47263940000005, -5.127092599999969], [119.47231160000001, -5.126766499999974], [119.47203850000005, -5.126512899999966], [119.471806, -5.126212299999963], [119.47167390000004, -5.126041399999963], [119.47136410000007, -5.125660699999969], [119.47127080000007, -5.12553939999998], [119.47105870000007, -5.125396599999931], [119.47008490000007, -5.12531869999998], [119.469376, -5.12552119999998], [119.46873710000011, -5.126051], [119.46848780000005, -5.126510599999961], [119.46851120000008, -5.127243], [119.46860470000001, -5.127726], [119.46868890000007, -5.128013899999928], [119.46876880000002, -5.128142699999955], [119.4690395, -5.128278499999965], [119.47003880000011, -5.128779899999927], [119.470923, -5.129133399999944], [119.47186450000004, -5.129586599999925], [119.4729205000001, -5.130182099999956], [119.47353460000011, -5.130665199999953], [119.4741312000001, -5.13107709999997], [119.47475210000005, -5.131276699999944], [119.47579430000008, -5.131431899999939], [119.47664590000011, -5.131726699999945], [119.47694740000009, -5.132008399999961], [119.47694740000009, -5.132607199999939], [119.47632650000003, -5.133405399999958], [119.47459690000005, -5.134092799999962], [119.47313340000005, -5.134846799999934], [119.47224640000002, -5.135733699999946], [119.47064980000005, -5.136576399999967], [119.46923070000003, -5.137485499999968], [119.46880940000005, -5.138062099999956], [119.46886720000009, -5.138845099999969], [119.4694429000001, -5.139352299999928], [119.46944680000001, -5.139348899999959], [119.46988380000005, -5.139645599999938], [119.47029570000007, -5.140216899999928], [119.47048690000008, -5.140482099999929], [119.4705169, -5.140530099999978], [119.4705206000001, -5.140536099999963], [119.47077280000008, -5.14094], [119.47129830000006, -5.142124899999942], [119.47183880000011, -5.143119899999931], [119.4724265000001, -5.144067299999961], [119.47296820000008, -5.144845299999929], [119.47314080000001, -5.145093199999963], [119.47314770000003, -5.145108], [119.47345910000001, -5.145772499999964], [119.47355470000002, -5.145993699999963], [119.47360890000004, -5.146210499999938], [119.473691, -5.14653919999995], [119.47384960000011, -5.146744399999932], [119.47401260000004, -5.146795899999972], [119.4742447000001, -5.146869399999957], [119.474329, -5.146870499999977], [119.47437950000005, -5.146871199999964], [119.47495680000009, -5.146604399999944], [119.47552890000009, -5.14612429999994], [119.47556180000004, -5.146080499999925], [119.47581280000009, -5.145718], [119.4762234000001, -5.145246399999962], [119.47661060000007, -5.14470259999996], [119.476983, -5.144104599999935], [119.47736170000007, -5.143542799999977], [119.47736270000007, -5.14354179999998], [119.47757400000012, -5.143227599999932], [119.47778290000008, -5.142960199999948], [119.47802030000003, -5.142847099999926], [119.47827210000003, -5.142846099999929], [119.47851020000007, -5.142901299999949], [119.47882550000008, -5.143178099999943], [119.47900130000005, -5.143321199999946], [119.47904850000009, -5.14335959999994], [119.479079, -5.143411899999933], [119.47960010000008, -5.144306299999926], [119.48035140000002, -5.145402], [119.48085260000005, -5.146199], [119.48140300000011, -5.146846099999948], [119.48230220000005, -5.147541699999977], [119.48275220000005, -5.147989399999972], [119.4831028000001, -5.148487399999965], [119.48350220000009, -5.14873549999993], [119.48395120000009, -5.148933499999941], [119.4842023000001, -5.148932499999944], [119.4846983000001, -5.148930599999971], [119.48509640000009, -5.148829199999966], [119.48604420000004, -5.149225], [119.48679270000002, -5.149571599999945], [119.4878417000001, -5.150366499999961], [119.48889080000004, -5.151161399999978], [119.48944, -5.151508799999931], [119.48951710000006, -5.151493], [119.49043540000002, -5.151305199999967], [119.49128030000008, -5.150852399999962], [119.49267410000004, -5.15064719999998], [119.49324, -5.150674899999956], [119.4936206000001, -5.150693399999966], [119.49526460000004, -5.150786899999957], [119.49588260000007, -5.150879699999962], [119.49717610000005, -5.15117829999997], [119.498295, -5.151223099999925], [119.498944, -5.150976899999932], [119.49974960000009, -5.149790799999948], [119.50082380000003, -5.147754299999974], [119.501144, -5.147397199999943], [119.50140570000008, -5.147105299999964], [119.50178610000012, -5.146792], [119.50230090000002, -5.146501099999966], [119.5027037000001, -5.146501099999966], [119.50333030000002, -5.14663539999998], [119.50409130000003, -5.147021199999926], [119.5056082000001, -5.148637899999926], [119.50647560000004, -5.149743299999955], [119.50753620000012, -5.151193699999965], [119.50792430000001, -5.151442699999961], [119.50818860000004, -5.151493], [119.50847820000001, -5.151329399999952], [119.50859150000008, -5.15098949999998], [119.50869220000004, -5.149705499999925], [119.50875510000003, -5.148622899999964], [119.5091202000001, -5.147968299999945], [119.5099636000001, -5.147024199999976], [119.51025320000008, -5.146920799999975], [119.51066850000007, -5.146772399999975], [119.511814, -5.146885699999928], [119.51314840000009, -5.147351499999957], [119.514168, -5.147855], [119.51432960000011, -5.148007699999937], [119.51451490000011, -5.147743399999968], [119.51451550000002, -5.147743799999944], [119.51451730000008, -5.147741], [119.51452560000007, -5.147728099999938], [119.51453230000004, -5.147717799999953], [119.51458650000006, -5.147634299999936], [119.51491730000009, -5.147070699999972], [119.5149685, -5.146719], [119.51484420000008, -5.146315299999969], [119.5147028, -5.14601719999996], [119.51481580000006, -5.145880099999943], [119.51502540000001, -5.145724799999925], [119.51508840000008, -5.145536], [119.51521430000003, -5.145246499999928], [119.515466, -5.145158299999935], [119.5156548000001, -5.145019899999966], [119.51604510000004, -5.144818499999928], [119.51680040000008, -5.145095399999946], [119.51697660000002, -5.144843599999945], [119.51764380000009, -5.145284199999935], [119.518034, -5.144466], [119.51849980000009, -5.143484099999966], [119.51802440000006, -5.143172799999945], [119.51776970000003, -5.143043499999976], [119.51725350000004, -5.142892499999959], [119.51728470000012, -5.142446699999937], [119.51758080000002, -5.141558099999941], [119.51758080000002, -5.141369299999951], [119.51783260000002, -5.140752499999962], [119.5182228000001, -5.140097899999944], [119.51858790000006, -5.139707599999952], [119.51906350000002, -5.13843479999997], [119.51919190000001, -5.137669899999935], [119.51925560000006, -5.137277399999959], [119.51927750000004, -5.137142399999959], [119.51910070000008, -5.136756499999933], [119.51888980000001, -5.136159799999973], [119.51885260000006, -5.136054499999943], [119.51848310000003, -5.135687], [119.51799170000004, -5.135514299999954], [119.51801110000008, -5.135496899999964], [119.5174551, -5.135271399999965], [119.51780610000003, -5.134446499999967], [119.51624410000011, -5.134187399999973], [119.515862, -5.134122], [119.51500440000007, -5.13397539999994], [119.514303, -5.133779599999968], [119.51369950000003, -5.133669499999939], [119.51333250000005, -5.133514499999933], [119.512782, -5.133400399999971], [119.51261680000005, -5.133315099999948], [119.51252910000005, -5.133269899999959], [119.51230890000011, -5.133029299999976], [119.5121908000001, -5.132881899999973], [119.51213020000012, -5.13280629999997], [119.51205950000008, -5.132768299999952], [119.51205410000011, -5.132681299999945], [119.5119562000001, -5.132534499999963], [119.51185830000009, -5.132469199999946], [119.51176590000011, -5.132469199999946], [119.5116571000001, -5.13256709999996], [119.511581, -5.132523599999956], [119.51142330000005, -5.132463799999925], [119.51140390000012, -5.132468899999935], [119.51132, -5.132491], [119.51090310000006, -5.133318799999927], [119.51080220000006, -5.133519199999967], [119.51079270000002, -5.133541899999955], [119.5107766000001, -5.133580199999926], [119.51074560000006, -5.133653699999968], [119.51073660000009, -5.133653599999946], [119.51024650000011, -5.133650399999965], [119.50952330000007, -5.133645699999931], [119.50905540000008, -5.133612299999925], [119.5086027000001, -5.133582799999942], [119.50841160000004, -5.133577], [119.50835440000003, -5.133575299999961], [119.5083538, -5.133575299999961], [119.50783400000012, -5.13356269999997], [119.5075776000001, -5.133556099999964], [119.50757650000003, -5.132648699999947], [119.50762730000008, -5.132307899999944], [119.50763920000009, -5.132244699999944], [119.50772870000003, -5.131771499999957], [119.50774380000007, -5.131718299999932], [119.50795460000006, -5.130974899999956], [119.50797510000007, -5.130902699999979], [119.50808470000004, -5.130515899999978], [119.508092, -5.13049019999994], [119.50833750000004, -5.129624199999967], [119.50853330000007, -5.128933699999948], [119.50853570000004, -5.128925199999969], [119.50876080000012, -5.128131499999938], [119.50991410000006, -5.127325299999939], [119.50960140000007, -5.126892], [119.50827230000004, -5.124831], [119.50792430000001, -5.124287299999935], [119.507649, -5.12397969999995], [119.50742, -5.12387949999993], [119.5066481, -5.123801], [119.50687720000008, -5.12358439999997], [119.50693410000008, -5.123530599999981], [119.50709560000007, -5.123414], [119.5076295, -5.122885699999927], [119.5084055000001, -5.121461], [119.50901850000002, -5.119697899999949], [119.50896180000007, -5.119666699999925], [119.50803, -5.119154299999934], [119.50760690000004, -5.11905], [119.50748450000003, -5.119262399999968], [119.50702610000008, -5.11914059999998], [119.50686110000004, -5.119045299999925], [119.506267, -5.11870209999995], [119.50607180000009, -5.118600899999933], [119.50586110000006, -5.118491699999936], [119.50570280000011, -5.118545299999937], [119.50542070000006, -5.118475799999942], [119.50508510000009, -5.11822989999996], [119.50499810000008, -5.11802849999998], [119.5049785000001, -5.117983099999947], [119.50473140000008, -5.117842799999949], [119.50473090000003, -5.117736799999932], [119.50448330000006, -5.117472899999939], [119.5042893000001, -5.117403], [119.50404220000007, -5.117262699999969], [119.50384210000004, -5.117133399999943], [119.503798, -5.117104899999958], [119.50368910000009, -5.117034499999932], [119.50370930000008, -5.116984699999932], [119.50403720000008, -5.116179199999976], [119.5040537000001, -5.116199799999947], [119.5040408000001, -5.11617039999993], [119.503958, -5.115982699999961], [119.50381270000003, -5.115949], [119.50366990000009, -5.115915899999948], [119.5036583000001, -5.115913199999966], [119.50335810000001, -5.115720099999976], [119.50320620000002, -5.115604599999926], [119.50301410000009, -5.115571299999942], [119.5029508, -5.115542799999957], [119.50262590000011, -5.115396299999929], [119.50257440000007, -5.115732], [119.50238280000008, -5.116280199999949], [119.5020651000001, -5.11612249999996], [119.50183790000006, -5.116564899999958], [119.50155590000008, -5.116513], [119.50120290000007, -5.116320099999939], [119.50082960000009, -5.116132], [119.50062930000001, -5.116031], [119.5005407000001, -5.115890099999945], [119.50036380000006, -5.115696499999956], [119.5003362000001, -5.115587399999981], [119.50032810000005, -5.115555399999948], [119.50039880000008, -5.115454099999965], [119.50053830000002, -5.115254299999947], [119.50062590000005, -5.115023], [119.50062220000007, -5.115003099999967], [119.50060910000002, -5.114933099999973], [119.5005006, -5.114831099999947], [119.50054110000008, -5.114798699999938], [119.50059070000009, -5.114760399999966], [119.50083870000003, -5.114760499999932], [119.5011862, -5.114828], [119.50124830000004, -5.114858199999958], [119.50128140000004, -5.11487429999994], [119.50133570000003, -5.11490079999993], [119.5013358000001, -5.11490079999993], [119.50132960000008, -5.114880099999937], [119.50136340000006, -5.114562499999977], [119.50139500000012, -5.114569499999959], [119.50160860000005, -5.11461769999994], [119.50172470000007, -5.114643], [119.50190970000006, -5.114684699999941], [119.50191060000009, -5.114683299999967], [119.50191070000005, -5.114683299999967], [119.50191770000004, -5.114672299999938], [119.501923, -5.114663899999925], [119.50197820000005, -5.114576599999964], [119.50203480000005, -5.11435709999995], [119.50208450000002, -5.114164499999958], [119.50211860000002, -5.114029599999981], [119.50211920000004, -5.114029799999969], [119.50226260000011, -5.114069799999925], [119.50234610000007, -5.114093099999934], [119.50234610000007, -5.11409279999998], [119.50234940000007, -5.114080099999967], [119.5023652000001, -5.114016899999967], [119.502292, -5.113995599999953], [119.502216, -5.113973499999929], [119.50220680000007, -5.113969899999972], [119.50220980000006, -5.113916599999925], [119.50221240000008, -5.113869199999954], [119.50221280000005, -5.113863399999957], [119.50257490000001, -5.113573699999961], [119.50257520000002, -5.11357339999995], [119.50265800000011, -5.113451399999974], [119.50272380000001, -5.113354399999935], [119.50276410000004, -5.113279399999954], [119.50279090000004, -5.113237799999979], [119.50288960000012, -5.113046], [119.50289850000001, -5.113029499999925], [119.502902, -5.113023], [119.50276740000004, -5.112952], [119.502506, -5.11281409999998], [119.502498, -5.112809899999945], [119.50222, -5.113116199999979], [119.50221950000002, -5.113116799999943], [119.50192980000008, -5.11303259999994], [119.5017663000001, -5.112992299999974], [119.50164530000006, -5.112958699999979], [119.50164230000007, -5.112957899999969], [119.50160070000004, -5.112971199999947], [119.50150340000005, -5.113002399999971], [119.501476, -5.113011099999937], [119.5014695000001, -5.113007899999957], [119.50145810000004, -5.113011099999937], [119.50138680000009, -5.11297559999997], [119.50110160000008, -5.112886899999978], [119.50100410000005, -5.112829199999965], [119.50072790000002, -5.112665899999968], [119.50069280000002, -5.112621099999956], [119.50062630000002, -5.112525799999958], [119.500549, -5.112448899999947], [119.49945510000009, -5.111984399999926], [119.4994200000001, -5.11196949999993], [119.49904060000006, -5.111865499999965], [119.4987724, -5.111792], [119.498566, -5.111725499999977], [119.49849930000005, -5.11170409999994], [119.49818920000007, -5.111604199999931], [119.49818410000012, -5.111602599999969], [119.49808840000003, -5.111545799999931], [119.49790480000001, -5.111436899999944], [119.4974830000001, -5.111170499999957], [119.4967759000001, -5.110543199999938], [119.49677350000002, -5.110540399999934], [119.4966247000001, -5.110364], [119.49643120000007, -5.110134499999958], [119.49631720000002, -5.10999929999997], [119.49585740000009, -5.109506599999975], [119.49532750000003, -5.109102499999949], [119.49434130000009, -5.10914159999993], [119.49420160000011, -5.109460099999978], [119.4939045000001, -5.110044], [119.49376590000008, -5.109983299999953], [119.4933046000001, -5.109781399999974], [119.4935312, -5.109306099999969], [119.49285980000002, -5.108963499999959], [119.49270230000002, -5.108883099999957], [119.49275210000008, -5.10879209999996], [119.49284440000008, -5.108623199999954], [119.49315700000011, -5.108051299999943], [119.49329840000007, -5.108174399999939], [119.49377390000006, -5.108154899999931], [119.49417890000007, -5.108135599999969], [119.49447780000003, -5.107993199999953], [119.49460020000004, -5.107763099999943], [119.49466460000008, -5.107566799999972], [119.49473940000007, -5.10733879999998], [119.49463290000006, -5.107127299999945], [119.49445590000005, -5.106898399999977], [119.49415550000003, -5.10663459999995], [119.4939227000001, -5.106252799999936], [119.493801, -5.106053199999963], [119.493844, -5.105779299999938], [119.4941060000001, -5.105230899999981], [119.494387, -5.105017799999928], [119.49486190000005, -5.104857099999947], [119.49547810000001, -5.104784], [119.49616530000003, -5.104869699999938], [119.49662290000003, -5.104779599999972], [119.49700880000012, -5.104389599999934], [119.49734220000005, -5.104052699999954], [119.498185, -5.103396], [119.4984306, -5.103147799999931], [119.49860550000005, -5.102811599999939], [119.49874420000003, -5.102246], [119.49909420000006, -5.101661799999931], [119.49942610000005, -5.100971799999968], [119.4995828000001, -5.100494399999945], [119.50001840000004, -5.099274099999946], [119.5002277000001, -5.098761199999956], [119.5006125000001, -5.098070899999925], [119.5009113000001, -5.097910799999966], [119.50106830000004, -5.097521699999959], [119.50099680000005, -5.097239399999978], [119.5007571000001, -5.097109499999931], [119.50017050000008, -5.097087299999941], [119.49928920000002, -5.097053899999935], [119.49876860000006, -5.09665119999994], [119.49855910000008, -5.096645399999943], [119.49846780000007, -5.096664099999941], [119.49864860000002, -5.096002799999951], [119.49884470000006, -5.096025199999929], [119.49891040000011, -5.096018299999969], [119.49942020000003, -5.096116299999949], [119.49956530000009, -5.095970699999953], [119.49957710000001, -5.095948899999939], [119.4998614000001, -5.095425099999943], [119.50078950000011, -5.09580619999997], [119.50090490000002, -5.095513399999959], [119.50116070000001, -5.094630799999948], [119.50170480000008, -5.093551899999966], [119.50190150000003, -5.093567], [119.50243860000012, -5.092296099999942], [119.50252690000002, -5.092319799999927], [119.50326070000006, -5.092610799999932], [119.50338420000003, -5.092644099999973], [119.50350520000006, -5.091986], [119.5033797000001, -5.091812], [119.50300840000011, -5.09070939999998], [119.50300670000001, -5.09026769999997], [119.50307810000004, -5.089752199999964], [119.5038919000001, -5.08873989999995], [119.50398490000009, -5.08862419999997], [119.50411230000009, -5.088495399999942], [119.503818, -5.088206], [119.50373220000006, -5.088056799999947], [119.5035832000001, -5.088015899999959], [119.5031997000001, -5.087825499999951], [119.502487, -5.087423799999954], [119.50181680000003, -5.087053899999944], [119.501435, -5.087140499999975], [119.50122270000008, -5.087141299999928], [119.50098880000007, -5.087035799999967], [119.500744, -5.086887699999977], [119.5004259000001, -5.086796], [119.50039740000011, -5.086734699999965], [119.50037440000006, -5.086685299999942], [119.50052070000004, -5.08651279999998], [119.50059110000007, -5.086429799999962], [119.50084390000006, -5.086156], [119.50084320000008, -5.085956], [119.50083590000008, -5.085945699999968], [119.50071550000007, -5.085774599999979], [119.500606, -5.085593199999948], [119.50051230000008, -5.085365499999966], [119.5007055000001, -5.085193799999956], [119.50076990000002, -5.084843199999966], [119.50131380000005, -5.084206299999948], [119.50117060000002, -5.084013099999936], [119.50139960000001, -5.083798499999943], [119.50116350000008, -5.083519399999943], [119.501507, -5.082868299999973], [119.50097030000006, -5.08261779999998], [119.500922, -5.082694499999945], [119.50090990000001, -5.082709899999941], [119.50090770000008, -5.082708599999933], [119.50056240000004, -5.083269], [119.500161, -5.083105099999955], [119.49996340000007, -5.083044099999938], [119.49973960000011, -5.08341919999998], [119.49957050000012, -5.08335139999997], [119.499252, -5.083216799999946], [119.498281, -5.084503699999971], [119.49800120000009, -5.084440099999938], [119.49767040000006, -5.084987099999978], [119.49656370000002, -5.084401899999932], [119.4961694000001, -5.085088799999937], [119.49429940000005, -5.083829499999979], [119.49368880000009, -5.083269799999925], [119.49301460000004, -5.082417499999963], [119.49193330000003, -5.081412499999942], [119.48973260000002, -5.079746099999966], [119.489835, -5.079484399999956], [119.489927, -5.079333199999951], [119.48875750000002, -5.07833009999996], [119.4886878000001, -5.078279], [119.4882553000001, -5.077562399999977], [119.48746010000002, -5.076619], [119.48695950000001, -5.076476799999966], [119.48632350000003, -5.076387799999964], [119.48557290000008, -5.076324199999931], [119.48526850000007, -5.076054899999974], [119.48515420000001, -5.076009599999963], [119.48479750000001, -5.075781699999936], [119.48400470000001, -5.07567679999994], [119.48359770000002, -5.075315], [119.4830323000001, -5.075179299999945], [119.4827752000001, -5.075024], [119.4823225, -5.074610499999949], [119.48180190000005, -5.074272399999927], [119.48159050000004, -5.074114499999951], [119.4813362000001, -5.073822399999926], [119.48063510000009, -5.073709399999927], [119.48038640000004, -5.073415399999931], [119.47997930000008, -5.073347499999954], [119.47900690000006, -5.073347499999954], [119.47841890000007, -5.073822399999926], [119.47807970000008, -5.074252099999967], [119.47803570000008, -5.074620599999946], [119.4778937000001, -5.074944399999936], [119.47775210000009, -5.075375899999926], [119.47750220000012, -5.075592399999948], [119.47689280000009, -5.075487], [119.47667820000004, -5.075559599999963], [119.476557, -5.075645399999928], [119.47636120000004, -5.075597099999925], [119.47459190000006, -5.074680099999966], [119.469794, -5.072262799999976], [119.46920690000002, -5.071979599999963], [119.4685353000001, -5.071655599999929], [119.46842090000007, -5.071600399999966], [119.46840370000007, -5.071663299999955], [119.46820590000004, -5.072209499999929], [119.46814050000012, -5.072532599999931], [119.46773960000007, -5.073664], [119.4674645, -5.074288499999966], [119.46696940000004, -5.075481499999967], [119.46646250000003, -5.076463099999955], [119.466044, -5.07736639999996], [119.46601220000002, -5.077745], [119.46615740000004, -5.077978199999961], [119.46606860000009, -5.077978499999972], [119.46590210000011, -5.077990299999954], [119.46571360000007, -5.078046699999959], [119.46553630000005, -5.078136399999948], [119.4653925, -5.078281699999934], [119.46529740000005, -5.07841389999993], [119.46525990000009, -5.078438099999971], [119.46490640000002, -5.078895799999941], [119.4645858, -5.079253299999948], [119.46423230000005, -5.079722199999935], [119.46379030000003, -5.080258199999946], [119.46360260000006, -5.080548399999941], [119.463415, -5.08083849999997], [119.46314970000003, -5.081140099999971], [119.46274570000003, -5.081458899999973], [119.46247950000009, -5.081537899999944], [119.46231730000011, -5.081621899999959]]] 
      }
    },
    {
      "type": "Feature",
      "properties": {
        "district_id": "7371",
        "province": "Sulawesi Selatan",
        "regency": "Makassar",
        "district": "Kota Makassar",
        "pria": 0,
        "wanita": 0,
        "total_penduduk": 0
      },
      "geometry": {
        "type": "MultiPolygon",
        "coordinates": [[[[119.49324, -5.150674899999956], [119.4936206000001, -5.150693399999966], [119.49526460000004, -5.150786899999957], [119.49588260000007, -5.150879699999962], [119.49717610000005, -5.15117829999997], [119.498295, -5.151223099999925], [119.498944, -5.150976899999932], [119.49974960000009, -5.149790799999948], [119.50082380000003, -5.147754299999974], [119.501144, -5.147397199999943], [119.50140570000008, -5.147105299999964], [119.50178610000012, -5.146792], [119.50230090000002, -5.146501099999966], [119.5027037000001, -5.146501099999966], [119.50333030000002, -5.14663539999998], [119.50409130000003, -5.147021199999926], [119.5056082000001, -5.148637899999926], [119.50647560000004, -5.149743299999955], [119.50753620000012, -5.151193699999965], [119.50792430000001, -5.151442699999961], [119.50818860000004, -5.151493], [119.50847820000001, -5.151329399999952], [119.50859150000008, -5.15098949999998], [119.50869220000004, -5.149705499999925], [119.50875510000003, -5.148622899999964], [119.5091202000001, -5.147968299999945], [119.5099636000001, -5.147024199999976], [119.51025320000008, -5.146920799999975], [119.51066850000007, -5.146772399999975], [119.511814, -5.146885699999928], [119.51314840000009, -5.147351499999957], [119.514168, -5.147855], [119.51432960000011, -5.148007699999937], [119.51508700000011, -5.148723599999926], [119.51541430000009, -5.14963], [119.51606890000005, -5.150272], [119.516522, -5.150561499999981], [119.51722740000002, -5.150646399999971], [119.5177519, -5.150519], [119.51796280000008, -5.150467799999944], [119.51803490000009, -5.150409499999967], [119.51807680000002, -5.150412199999948], [119.518176, -5.149748199999976], [119.51820910000004, -5.149751399999957], [119.518208, -5.149473799999953], [119.51822250000009, -5.148978899999975], [119.5188634000001, -5.148778399999969], [119.51929110000003, -5.148743699999955], [119.51950610000006, -5.149023299999953], [119.51980290000006, -5.149187099999949], [119.51986850000003, -5.149120799999935], [119.5198835000001, -5.148757799999942], [119.5199156000001, -5.148543199999949], [119.52003, -5.148344799999961], [119.51997920000008, -5.147998599999937], [119.52011010000001, -5.147800099999927], [119.52040570000008, -5.147650399999975], [119.52063620000001, -5.147699], [119.52086620000011, -5.147615599999938], [119.52099710000005, -5.147417099999927], [119.52092970000001, -5.147021499999937], [119.520945, -5.146724499999948], [119.5209771000001, -5.146509899999955], [119.52106290000006, -5.146461199999976], [119.52119060000007, -5.146426499999961], [119.5212557000001, -5.146228299999962], [119.52115660000004, -5.146146199999976], [119.52112280000006, -5.145915399999978], [119.52112220000004, -5.145766899999956], [119.52115190000006, -5.145725699999957], [119.52125310000008, -5.14558489999996], [119.52125190000004, -5.145582099999956], [119.52117020000003, -5.14540379999994], [119.52115550000008, -5.145397699999933], [119.52112880000004, -5.14538669999996], [119.52098870000009, -5.145328799999959], [119.521053, -5.145159199999966], [119.52085590000002, -5.144992599999966], [119.52101920000007, -5.144678499999941], [119.5212653000001, -5.144496099999969], [119.52110010000001, -5.144331699999952], [119.52091830000006, -5.144118], [119.52104910000003, -5.143903], [119.52116320000005, -5.143638599999974], [119.52131040000006, -5.143407099999934], [119.52152450000006, -5.143455699999947], [119.5216898000001, -5.143653], [119.5218708000001, -5.143652299999928], [119.52186970000002, -5.143388399999935], [119.5218195000001, -5.143174099999953], [119.52206610000007, -5.143123599999967], [119.52209860000005, -5.143008], [119.5222629000001, -5.142941399999927], [119.52244420000011, -5.143023099999937], [119.52264090000006, -5.142840899999953], [119.5225415000001, -5.142659799999933], [119.52265530000011, -5.142312899999979], [119.52281920000007, -5.142147299999976], [119.52296680000006, -5.142031199999963], [119.52303180000001, -5.141833], [119.52311330000009, -5.141618199999925], [119.52327770000011, -5.141584599999931], [119.5233095000001, -5.141320499999949], [119.523259, -5.141023699999948], [119.52338980000002, -5.140808799999945], [119.5236685000001, -5.140543699999967], [119.52393150000012, -5.140476699999965], [119.52402390000009, -5.140400799999952], [119.52419390000011, -5.140261199999941], [119.52427560000001, -5.140112399999964], [119.52443930000004, -5.139897299999973], [119.52470210000001, -5.13978069999996], [119.52488280000011, -5.139714], [119.52504670000008, -5.139564899999925], [119.5251776, -5.139366399999972], [119.52516040000012, -5.139185], [119.52532430000008, -5.139019399999938], [119.52545550000002, -5.138919899999962], [119.52557080000008, -5.138935899999979], [119.52571920000003, -5.139034299999935], [119.52591640000003, -5.138951099999929], [119.52594840000006, -5.138736499999936], [119.52596410000001, -5.138538499999925], [119.52607890000002, -5.138455499999964], [119.52640780000002, -5.138404699999967], [119.5265558000001, -5.138371099999972], [119.52667020000001, -5.138189199999943], [119.52673510000011, -5.137941499999954], [119.5267027000001, -5.137569499999927], [119.52678280000009, -5.13752889999995], [119.5268956000001, -5.137414899999953], [119.52694710000003, -5.137462199999959], [119.52724310000008, -5.137428099999966], [119.5272754, -5.137263], [119.5274892000001, -5.137245599999972], [119.5276364, -5.137014099999931], [119.52763620000007, -5.136978699999929], [119.52763530000004, -5.136733599999957], [119.52764170000012, -5.136659399999928], [119.52764840000009, -5.136582399999952], [119.52746030000003, -5.136395299999947], [119.52743640000006, -5.136371499999939], [119.52725470000007, -5.136190699999929], [119.52730280000003, -5.135877099999959], [119.52749970000002, -5.135744399999965], [119.52763070000003, -5.135578899999928], [119.52767870000002, -5.135232199999962], [119.5277923000001, -5.134835799999962], [119.52785730000005, -5.134621099999947], [119.52772430000005, -5.134275199999934], [119.52770640000006, -5.133912299999963], [119.52783770000008, -5.133646399999975], [119.52791860000002, -5.133482599999979], [119.52816410000003, -5.13313519999997], [119.52829430000008, -5.132788199999936], [119.528342, -5.132359099999974], [119.52865390000011, -5.132176399999935], [119.52911350000011, -5.131910599999969], [119.52914550000003, -5.131679499999962], [119.52935, -5.131610299999977], [119.52949060000003, -5.131562699999961], [119.52951940000003, -5.131593899999928], [119.5296724000001, -5.131759899999963], [119.52955750000001, -5.131842899999981], [119.52972260000001, -5.13199069999996], [119.530265, -5.131840099999977], [119.53056040000001, -5.131640899999979], [119.53070790000004, -5.131491899999958], [119.5310856000001, -5.131308899999965], [119.53146490000006, -5.131218899999965], [119.53179240000009, -5.131141099999979], [119.53218170000002, -5.131171699999925], [119.53284320000012, -5.131223499999976], [119.5332515, -5.131229799999971], [119.53393170000004, -5.131215099999963], [119.53465570000003, -5.131228799999974], [119.53532990000008, -5.131127099999958], [119.53574060000005, -5.130977], [119.53605270000003, -5.13084379999998], [119.53609470000004, -5.130805299999963], [119.53628660000004, -5.130154799999957], [119.53652910000005, -5.129379899999947], [119.53709250000009, -5.127579899999944], [119.53902210000001, -5.125304599999936], [119.539215, -5.124885099999972], [119.53943310000011, -5.124413], [119.53947660000006, -5.12386349999997], [119.5395089000001, -5.123875299999952], [119.53957120000007, -5.122665199999972], [119.54006020000008, -5.120586], [119.54013410000005, -5.119486399999971], [119.54013840000005, -5.119422399999962], [119.5405472000001, -5.118008299999929], [119.54043450000006, -5.117139599999973], [119.54044560000011, -5.117100299999947], [119.5404234, -5.117053799999951], [119.54031180000004, -5.116820099999927], [119.54038480000008, -5.116627699999981], [119.5406144000001, -5.116308499999946], [119.54061920000004, -5.116301699999951], [119.54057390000003, -5.116021199999977], [119.54074920000005, -5.115636399999971], [119.54094040000007, -5.115532199999961], [119.54111630000011, -5.115295099999969], [119.54117440000005, -5.115102799999931], [119.54127670000003, -5.114866], [119.5416351, -5.114207099999931], [119.54176650000011, -5.113911099999939], [119.54192770000009, -5.113674], [119.54211810000004, -5.113392599999941], [119.54227910000009, -5.113126], [119.54238090000001, -5.112771], [119.54249660000005, -5.112223899999947], [119.54268620000005, -5.111735499999952], [119.54272520000006, -5.111647399999981], [119.54280810000012, -5.11146], [119.54250030000003, -5.111153699999932], [119.54243930000007, -5.111093099999948], [119.54236480000009, -5.11065549999995], [119.5423234000001, -5.109378699999979], [119.5418489000001, -5.109015699999929], [119.54195640000012, -5.108577399999945], [119.54217010000002, -5.107409], [119.54198480000002, -5.106570499999975], [119.54193260000011, -5.106538899999975], [119.54189810000003, -5.106436299999928], [119.5417020000001, -5.10612459999993], [119.54144140000005, -5.105891199999974], [119.540959, -5.105424399999947], [119.54065930000002, -5.105152099999941], [119.54009950000011, -5.104815799999926], [119.5396439000001, -5.104544099999941], [119.5392498000001, -5.104441799999961], [119.53926280000007, -5.104425699999979], [119.53885070000001, -5.104286799999954], [119.5387124, -5.104254799999978], [119.5387161000001, -5.104249399999958], [119.53904350000005, -5.103778199999965], [119.53905240000006, -5.103736599999934], [119.53905740000005, -5.103712799999926], [119.5395148, -5.103505], [119.53966050000008, -5.103504399999963], [119.53992290000008, -5.103532599999937], [119.5403602, -5.103589299999953], [119.54047620000006, -5.103442799999925], [119.5403285000001, -5.102946599999939], [119.54047380000009, -5.102829199999974], [119.54058880000002, -5.102448899999956], [119.54052920000004, -5.102098499999954], [119.54076110000005, -5.101805399999932], [119.54087330000004, -5.100694699999963], [119.5401144000001, -5.100376299999937], [119.53950110000005, -5.100028099999975], [119.53893750000009, -5.099863], [119.53893720000008, -5.099859099999946], [119.53887110000005, -5.099572899999941], [119.53881190000004, -5.098678899999925], [119.5386956000001, -5.098319299999957], [119.53839950000008, -5.096698699999934], [119.53802940000003, -5.096264699999949], [119.53782310000008, -5.095681099999979], [119.53758730000004, -5.09501], [119.53746750000005, -5.094163199999969], [119.53743660000009, -5.093725], [119.53760760000011, -5.092760099999964], [119.53775140000005, -5.09226289999998], [119.53779290000011, -5.092216299999961], [119.53801250000004, -5.09196959999997], [119.53802610000002, -5.091406399999926], [119.5380626000001, -5.089894899999933], [119.53835230000004, -5.089455499999929], [119.53893070000004, -5.08834289999993], [119.53929940000012, -5.087806199999932], [119.53946470000005, -5.08756539999996], [119.53965510000012, -5.087288199999932], [119.53997350000009, -5.086761], [119.53999220000003, -5.086734399999955], [119.540611, -5.085852699999975], [119.54090080000003, -5.085442499999942], [119.54091290000008, -5.08541809999997], [119.54091330000006, -5.085417199999938], [119.54111050000006, -5.085017799999946], [119.54121880000002, -5.084798499999977], [119.54128670000011, -5.084100599999942], [119.54135420000011, -5.083405899999946], [119.5406895000001, -5.082579499999952], [119.54009580000002, -5.082078299999978], [119.53993140000011, -5.081323699999928], [119.53930220000007, -5.080948499999977], [119.53872740000008, -5.080699], [119.53832470000009, -5.080268699999976], [119.53836970000009, -5.080186599999934], [119.53807720000009, -5.079822899999954], [119.53800820000004, -5.079651799999965], [119.5379302, -5.079458599999953], [119.53832850000003, -5.078946199999962], [119.53854350000006, -5.078106099999957], [119.53828840000006, -5.077997699999969], [119.53745120000008, -5.077928], [119.537143, -5.077763199999936], [119.5370574000001, -5.077184799999941], [119.53712070000006, -5.07716309999995], [119.53703260000009, -5.077017199999943], [119.53697180000006, -5.076605899999947], [119.53688020000004, -5.076102699999979], [119.53676980000012, -5.07538379999994], [119.53635620000011, -5.075097699999958], [119.53606810000008, -5.074811199999942], [119.53599540000005, -5.074559699999952], [119.53592230000004, -5.074200299999973], [119.53617250000002, -5.07398349999994], [119.53627970000002, -5.073875199999975], [119.5362785000001, -5.073587499999974], [119.5357586, -5.073625499999935], [119.535472, -5.073716499999932], [119.53513190000001, -5.073879699999964], [119.534682, -5.07348589999998], [119.53439480000009, -5.073415099999977], [119.534107, -5.073182399999951], [119.53405630000009, -5.073142099999927], [119.5339193000001, -5.073033099999975], [119.53390280000008, -5.073019899999963], [119.53383710000003, -5.072967699999936], [119.53372130000002, -5.072881299999949], [119.53362130000005, -5.072806699999944], [119.53342320000002, -5.072591699999975], [119.5331675000001, -5.072464699999955], [119.53293230000008, -5.072140799999943], [119.53255080000008, -5.071920699999964], [119.53244120000011, -5.071399699999972], [119.53204460000006, -5.070879699999978], [119.5317917000001, -5.070413199999962], [119.53159210000001, -5.069820499999935], [119.53148280000005, -5.069371399999966], [119.53146310000011, -5.068921899999964], [119.53130440000007, -5.068467699999928], [119.53122870000004, -5.068286799999953], [119.53111890000002, -5.068024099999946], [119.53074120000008, -5.067737799999975], [119.53031030000011, -5.06763159999997], [119.5297031, -5.067343299999948], [119.52966350000008, -5.067310499999962], [119.52840060000005, -5.06631589999995], [119.52836830000001, -5.06629049999998], [119.5281672000001, -5.066069299999981], [119.52802610000003, -5.065914199999952], [119.52780970000003, -5.065609299999949], [119.52782750000006, -5.065552], [119.52791600000012, -5.065267199999937], [119.52791490000004, -5.064982899999961], [119.52791490000004, -5.064977899999974], [119.52791470000011, -5.064925599999981], [119.52794930000005, -5.064601699999969], [119.52794820000008, -5.064316], [119.527861, -5.064289799999926], [119.52772510000011, -5.063995499999976], [119.52744660000008, -5.063892], [119.526716, -5.063703199999964], [119.52598570000009, -5.063584099999957], [119.52531010000007, -5.063529099999926], [119.52516870000011, -5.063517599999955], [119.52449080000008, -5.063485399999934], [119.52424750000011, -5.063468899999975], [119.52403890000005, -5.063452299999938], [119.52378520000002, -5.063429099999951], [119.523752, -5.063426], [119.52372070000001, -5.063447099999962], [119.523704, -5.063447699999926], [119.523535, -5.063454299999933], [119.52352250000001, -5.063455699999963], [119.52322230000004, -5.063490299999955], [119.5229091000001, -5.063387], [119.52257910000003, -5.063440599999979], [119.5222831000001, -5.063284899999928], [119.52204, -5.063320699999963], [119.52190140000005, -5.063443199999938], [119.52153670000007, -5.063496899999961], [119.5214856, -5.06349709999995], [119.52094580000005, -5.063499199999967], [119.5204073000001, -5.063553599999977], [119.52004150000005, -5.063328499999955], [119.51981550000005, -5.063294499999927], [119.5196701000001, -5.063336799999945], [119.51966930000003, -5.063336099999958], [119.5192770000001, -5.063348899999937], [119.51922450000006, -5.063244499999939], [119.51921290000007, -5.063111099999958], [119.51921080000011, -5.063087199999927], [119.51920790000008, -5.063085699999931], [119.5191761000001, -5.063068499999929], [119.51915410000004, -5.063035699999944], [119.519031, -5.062635399999976], [119.51838770000006, -5.06256819999993], [119.51797080000006, -5.062604599999929], [119.51727470000003, -5.062346], [119.51706760000002, -5.062712699999963], [119.5167540000001, -5.062522299999955], [119.51652760000002, -5.062383699999941], [119.51607540000009, -5.062298399999975], [119.51550310000005, -5.062579399999947], [119.514931, -5.062947599999973], [119.5143945000001, -5.063507299999969], [119.51430950000008, -5.063995499999976], [119.5138429000001, -5.06466249999994], [119.51382860000001, -5.065195499999959], [119.51379050000003, -5.066216399999973], [119.51404810000008, -5.066960599999959], [119.51395270000012, -5.067494799999963], [119.5137046000001, -5.068019599999957], [119.51335160000008, -5.068181799999934], [119.51241660000005, -5.067962299999976], [119.51208270000006, -5.068134099999952], [119.51160570000002, -5.068344], [119.51125270000011, -5.068468], [119.51071840000009, -5.068811399999959], [119.51068980000002, -5.069107199999962], [119.51043220000008, -5.069107199999962], [119.51015740000003, -5.068873499999938], [119.50984070000004, -5.068878199999972], [119.50951630000009, -5.06913579999997], [119.50915370000007, -5.069240799999932], [119.50882940000008, -5.069078599999955], [119.50873750000005, -5.06885049999994], [119.50867870000002, -5.068822599999976], [119.50865320000003, -5.068810599999949], [119.50850730000002, -5.068741599999953], [119.50834280000004, -5.068706499999962], [119.50817110000003, -5.068897299999946], [119.50801840000008, -5.069145399999968], [119.5078658000001, -5.069107199999962], [119.50784670000007, -5.069002299999966], [119.50786420000009, -5.068475299999932], [119.50782760000004, -5.068029099999933], [119.50777990000006, -5.067618899999957], [119.50750440000002, -5.067520199999933], [119.50732190000008, -5.067494799999963], [119.507093, -5.067552099999943], [119.50656820000006, -5.067828799999972], [119.50623430000007, -5.067828799999972], [119.50581450000004, -5.067809699999941], [119.505347, -5.067905099999962], [119.50518480000005, -5.067838299999949], [119.50505870000006, -5.067520699999932], [119.50502260000007, -5.067409], [119.50490470000011, -5.067365799999948], [119.50483180000003, -5.067380299999968], [119.504746, -5.067475799999954], [119.50473640000007, -5.067733399999952], [119.50467920000006, -5.067933699999969], [119.50448840000001, -5.068048199999964], [119.50409720000005, -5.067971899999975], [119.50364880000006, -5.067971899999975], [119.5034389000001, -5.068134099999952], [119.50339120000001, -5.068382099999951], [119.50337210000009, -5.068630199999973], [119.5031527000001, -5.068763699999977], [119.50289510000005, -5.068763699999977], [119.50255160000006, -5.068716], [119.50213180000003, -5.069307599999945], [119.5018361000001, -5.069469699999956], [119.50122550000003, -5.06919309999995], [119.49947960000009, -5.068448899999964], [119.49882120000007, -5.067943199999945], [119.49813430000006, -5.067618899999957], [119.4978804000001, -5.067214899999954], [119.49785760000009, -5.067065499999956], [119.49778130000004, -5.066874699999971], [119.49756780000007, -5.066769699999952], [119.49742830000002, -5.066769699999952], [119.497228, -5.066836499999965], [119.4966746, -5.067323099999953], [119.49624530000006, -5.067571199999975], [119.49591140000007, -5.067580699999951], [119.49543430000006, -5.067246799999964], [119.4950500000001, -5.066778199999931], [119.4950622, -5.065491299999962], [119.4951195000001, -5.065195499999959], [119.49564420000002, -5.064842499999941], [119.49585410000009, -5.064709], [119.4958732, -5.064403699999957], [119.49564220000002, -5.06407239999993], [119.4954858000001, -5.063931399999944], [119.49520540000003, -5.063659499999972], [119.49484280000001, -5.063478199999963], [119.49444210000001, -5.063459199999954], [119.49407960000008, -5.063707199999953], [119.49399370000003, -5.064155599999935], [119.49407, -5.064565899999934], [119.49424180000005, -5.064928399999928], [119.49415590000001, -5.065319599999953], [119.493841, -5.06557719999995], [119.49353570000005, -5.065596299999925], [119.493011, -5.065367299999934], [119.49273430000005, -5.065281399999947], [119.492534, -5.065462699999955], [119.49251520000007, -5.065701], [119.492578, -5.065773899999954], [119.4927037000001, -5.06586249999998], [119.4926971000001, -5.065882599999952], [119.49285440000006, -5.066013099999964], [119.49292670000011, -5.06612089999993], [119.49324950000005, -5.066531199999929], [119.49320180000007, -5.066741099999945], [119.49297280000008, -5.066931899999929], [119.49262940000006, -5.066912899999977], [119.49214440000003, -5.066533799999945], [119.49188520000007, -5.066302299999961], [119.4911029000001, -5.065958799999976], [119.49067360000004, -5.065758399999936], [119.4905255000001, -5.065506199999959], [119.49050180000006, -5.06534819999996], [119.49052090000009, -5.065147799999977], [119.4906545, -5.064699399999938], [119.49068310000007, -5.064289199999962], [119.49031520000005, -5.064088799999979], [119.48976720000007, -5.064088799999979], [119.48931880000009, -5.063936199999944], [119.48882270000001, -5.06346869999993], [119.48846010000011, -5.063258799999971], [119.48815480000007, -5.063335099999961], [119.48806900000011, -5.063487799999962], [119.4881464, -5.063745], [119.48842710000008, -5.063964399999975], [119.4886795000001, -5.064215599999955], [119.48891810000009, -5.06444179999994], [119.48908030000007, -5.064852099999939], [119.489004, -5.065195499999959], [119.48881310000002, -5.06557719999995], [119.48843150000005, -5.065806099999975], [119.48789720000002, -5.065768], [119.48709580000002, -5.065395899999942], [119.48641840000005, -5.064718499999969], [119.486304, -5.064155599999935], [119.48640890000001, -5.063516399999969], [119.486657, -5.063134799999943], [119.48710540000002, -5.06270539999997], [119.487611, -5.062161599999968], [119.48767780000003, -5.06186589999993], [119.48753470000008, -5.061427], [119.48716250000007, -5.061190899999929], [119.48672370000008, -5.06110259999997], [119.48650430000009, -5.061255299999971], [119.48614180000004, -5.061703699999953], [119.48611310000001, -5.062247499999955], [119.48608450000006, -5.062571899999966], [119.48593190000008, -5.062715], [119.485722, -5.06253369999996], [119.4852701000001, -5.062127], [119.48491490000004, -5.062080199999968], [119.48479310000005, -5.06186839999998], [119.48462260000008, -5.061572], [119.48473990000002, -5.059831899999949], [119.48459130000003, -5.059553], [119.48397630000011, -5.059324499999946], [119.48297860000002, -5.05940529999998], [119.48221290000004, -5.059947099999931], [119.481522, -5.059949699999947], [119.48083050000002, -5.059798399999977], [119.48036780000007, -5.059261299999946], [119.47942380000006, -5.059467899999959], [119.47929390000002, -5.059496399999944], [119.478448, -5.059114699999952], [119.4780584, -5.059165], [119.47803280000005, -5.059073], [119.47800280000001, -5.058988399999976], [119.47783350000009, -5.059040099999947], [119.47745410000005, -5.060196299999973], [119.47661110000001, -5.060584399999925], [119.47638170000005, -5.060885], [119.47638620000009, -5.060886899999957], [119.47626830000002, -5.061071499999969], [119.47613440000009, -5.061202899999955], [119.47613430000001, -5.061204399999951], [119.47607630000005, -5.061279299999967], [119.47546480000005, -5.061974499999963], [119.47519660000012, -5.062129599999935], [119.47461650000002, -5.062164099999961], [119.47336150000001, -5.063505899999939], [119.47316810000007, -5.063676899999962], [119.47255480000001, -5.063910199999953], [119.472096, -5.064373899999964], [119.47110180000004, -5.065378399999929], [119.471103, -5.065699499999937], [119.4713157000001, -5.066035399999976], [119.47123060000001, -5.066259699999932], [119.47109200000011, -5.066163199999949], [119.47064610000007, -5.066688899999974], [119.47018720000005, -5.067152599999929], [119.47005320000005, -5.06718], [119.469912, -5.067367199999978], [119.46981010000002, -5.067660499999931], [119.46960520000005, -5.06800579999998], [119.46943890000011, -5.06832], [119.46945060000007, -5.068465499999945], [119.46940460000008, -5.068505099999925], [119.46926, -5.068647399999975], [119.46909640000001, -5.068882699999961], [119.46894540000005, -5.069087499999966], [119.46889220000003, -5.069199499999968], [119.46877760000007, -5.069441099999949], [119.46868190000009, -5.069694099999936], [119.4686038000001, -5.070019799999955], [119.46856480000008, -5.070653199999981], [119.46854520000011, -5.070968299999947], [119.46854410000003, -5.071150599999953], [119.46842090000007, -5.071600399999966], [119.46840370000007, -5.071663299999955], [119.46820590000004, -5.072209499999929], [119.46814050000012, -5.072532599999931], [119.46773960000007, -5.073664], [119.4674645, -5.074288499999966], [119.46696940000004, -5.075481499999967], [119.46646250000003, -5.076463099999955], [119.466044, -5.07736639999996], [119.46601220000002, -5.077745], [119.46615740000004, -5.077978199999961], [119.46606860000009, -5.077978499999972], [119.46590210000011, -5.077990299999954], [119.46571360000007, -5.078046699999959], [119.46553630000005, -5.078136399999948], [119.4653925, -5.078281699999934], [119.46529740000005, -5.07841389999993], [119.46525990000009, -5.078438099999971], [119.46490640000002, -5.078895799999941], [119.4645858, -5.079253299999948], [119.46423230000005, -5.079722199999935], [119.46379030000003, -5.080258199999946], [119.46360260000006, -5.080548399999941], [119.463415, -5.08083849999997], [119.46314970000003, -5.081140099999971], [119.46274570000003, -5.081458899999973], [119.46247950000009, -5.081537899999944], [119.46231730000011, -5.081621899999959], [119.461571, -5.082008899999948], [119.46127220000005, -5.08226609999997], [119.46119550000003, -5.082544699999971], [119.46119640000006, -5.082778399999938], [119.46120840000003, -5.083012199999928], [119.4612757000001, -5.08319], [119.4612988, -5.083434799999964], [119.46117680000009, -5.083457599999974], [119.46093220000012, -5.083369399999981], [119.46075420000011, -5.083258799999953], [119.46058750000009, -5.083214899999973], [119.46043190000012, -5.083171], [119.46026570000004, -5.083249499999965], [119.46012150000001, -5.083294599999931], [119.45997750000004, -5.08337309999996], [119.45978860000002, -5.08334039999994], [119.45958850000011, -5.083274399999937], [119.4594886000001, -5.08327479999997], [119.45926650000001, -5.083253299999967], [119.45903290000001, -5.083142899999928], [119.458988, -5.082998399999951], [119.4589208000001, -5.082853899999975], [119.45876520000002, -5.082798799999978], [119.4585770000001, -5.082933099999934], [119.4585442, -5.083066899999949], [119.45851110000001, -5.083122599999967], [119.4583113000001, -5.083134499999971], [119.458134, -5.083213099999966], [119.45796790000009, -5.08334739999998], [119.4578130000001, -5.083481499999948], [119.45780250000007, -5.08363739999993], [119.45783160000008, -5.083690499999932], [119.45786830000009, -5.083757399999968], [119.4578404, -5.083791399999939], [119.457842, -5.083809799999926], [119.45784240000012, -5.08391], [119.45779840000012, -5.084010399999954], [119.45770990000005, -5.084110899999928], [119.45749930000011, -5.084189599999945], [119.45741050000004, -5.08419], [119.45726080000009, -5.08424059999993], [119.45696120000002, -5.084275199999979], [119.45656680000002, -5.084204299999953], [119.45659980000005, -5.08412629999998], [119.45648810000012, -5.083948599999928], [119.45632150000006, -5.083915799999943], [119.45621060000008, -5.083960799999943], [119.45583370000008, -5.084106899999938], [119.45465800000011, -5.084389699999974], [119.45444740000005, -5.084501799999941], [119.4541928000001, -5.084692], [119.45389360000001, -5.084837899999968], [119.453483, -5.084884], [119.4529169000001, -5.084908399999961], [119.4524288, -5.084999299999936], [119.45199630000002, -5.085134599999947], [119.45156480000003, -5.085514699999976], [119.4512439, -5.085794199999953], [119.4510782000001, -5.086017499999969], [119.45096760000001, -5.086129299999925], [119.450779, -5.086185599999965], [119.45060160000003, -5.086230799999953], [119.45045710000011, -5.086186899999973], [119.45023540000011, -5.086276799999951], [119.45000230000005, -5.08627759999996], [119.44986860000006, -5.086166799999944], [119.44970190000004, -5.086111799999969], [119.44957920000002, -5.08595639999993], [119.44943420000004, -5.085801099999969], [119.44921240000008, -5.08585759999994], [119.44915750000007, -5.086002599999972], [119.44913560000009, -5.086102799999935], [119.44904720000011, -5.086203399999931], [119.4490475, -5.086292399999934], [119.44892550000009, -5.086326299999939], [119.44888130000004, -5.086371], [119.44877, -5.086293499999954], [119.44868110000004, -5.08628269999997], [119.44852580000008, -5.086316699999941], [119.44838170000003, -5.086372899999958], [119.44828230000007, -5.086506799999938], [119.44807120000007, -5.086463099999946], [119.44783780000012, -5.08638609999997], [119.447448, -5.086075799999946], [119.4470133000001, -5.085621099999969], [119.44683510000004, -5.08545479999998], [119.4467241000001, -5.085477399999945], [119.44668, -5.085555499999941], [119.44673630000011, -5.085755699999936], [119.4469815000001, -5.086022], [119.44729370000005, -5.086377], [119.44759470000008, -5.086698699999943], [119.4477955000001, -5.086954], [119.447896, -5.08709829999998], [119.448063, -5.087231299999928], [119.44820790000006, -5.087386599999945], [119.44837550000011, -5.087664199999949], [119.44856470000002, -5.087797099999932], [119.44868710000003, -5.087874599999964], [119.4488986, -5.088018499999976], [119.44897680000008, -5.08812949999998], [119.44905570000003, -5.088452], [119.44913370000006, -5.088540799999976], [119.44926770000006, -5.08874069999996], [119.44942340000011, -5.088810199999955], [119.449429, -5.088823599999955], [119.44957470000008, -5.089179199999933], [119.44975330000011, -5.089445699999942], [119.44984270000009, -5.089579], [119.44984330000011, -5.089746], [119.44992150000007, -5.089868099999933], [119.4499449000001, -5.090190899999925], [119.45001230000003, -5.090391], [119.45006940000007, -5.090824899999973], [119.45005950000007, -5.091147799999931], [119.45003830000007, -5.091415099999949], [119.45001750000006, -5.091782499999965], [119.45006300000011, -5.092060599999968], [119.45010800000011, -5.092227399999956], [119.45007520000001, -5.092338899999959], [119.4499727000001, -5.092504699999949], [119.44996330000004, -5.092533299999957], [119.44995410000001, -5.092628799999943], [119.45003250000002, -5.09280659999996], [119.45018850000008, -5.092939599999966], [119.45032190000006, -5.09300589999998], [119.45032240000012, -5.09313949999995], [119.45029000000011, -5.093362199999945], [119.45026810000002, -5.09338159999993], [119.45026870000004, -5.093402499999968], [119.4500686, -5.093552299999942], [119.44988080000007, -5.093786799999975], [119.4495601000001, -5.094133199999931], [119.44947230000002, -5.094400699999937], [119.4493953000001, -5.094579099999976], [119.44941820000008, -5.094757099999981], [119.449463, -5.094857099999956], [119.4495161000001, -5.094905899999958], [119.44959130000007, -5.095018099999947], [119.44971360000011, -5.095073299999967], [119.44988020000005, -5.095106], [119.44975840000006, -5.095184399999937], [119.44976980000001, -5.095262299999945], [119.44977030000007, -5.095384699999954], [119.44970400000011, -5.095462899999973], [119.44960480000009, -5.095674799999927], [119.44958340000005, -5.095864099999972], [119.44960630000003, -5.096053299999937], [119.44955190000007, -5.096354099999928], [119.44968620000009, -5.096643], [119.449999, -5.097142799999972], [119.4502553000001, -5.097397799999953], [119.45061190000001, -5.097741599999949], [119.4509571000001, -5.098018599999932], [119.4512056000001, -5.098127099999942], [119.45120330000009, -5.098135799999966], [119.45123520000004, -5.098162199999933], [119.4514914, -5.098395], [119.45165860000009, -5.098561399999937], [119.45180790000006, -5.098725599999966], [119.45222300000012, -5.098984899999948], [119.45233070000006, -5.099260799999968], [119.4526436000001, -5.099405599999955], [119.4526436000001, -5.099514699999929], [119.45259560000011, -5.099871099999973], [119.4527839000001, -5.10006], [119.4530721000001, -5.10016909999996], [119.45338530000004, -5.100113299999975], [119.45344110000008, -5.100168699999927], [119.453519, -5.100235199999929], [119.45371870000008, -5.100543], [119.45283840000002, -5.10107279999994], [119.45263590000002, -5.101322099999948], [119.4524411000001, -5.101423299999965], [119.45230860000004, -5.1014], [119.45207490000007, -5.101407799999947], [119.45191910000005, -5.101649299999963], [119.45181780000007, -5.101766099999963], [119.45161530000007, -5.101805099999979], [119.45159190000004, -5.102031], [119.4514984000001, -5.102459499999952], [119.45105440000009, -5.102529599999968], [119.44956120000006, -5.102751], [119.44921580000005, -5.102802299999951], [119.44791470000007, -5.102705], [119.44789460000004, -5.102753799999959], [119.44789030000004, -5.102703099999928], [119.4478511000001, -5.102616599999976], [119.44782110000006, -5.102538199999969], [119.44772310000008, -5.102479399999936], [119.44764410000005, -5.102432399999941], [119.4475566000001, -5.102424199999973], [119.44743820000008, -5.10246159999997], [119.44739960000004, -5.102442399999973], [119.44738630000006, -5.102433599999927], [119.44728320000002, -5.10244339999997], [119.44725560000006, -5.102379], [119.447191, -5.10238389999995], [119.44710550000002, -5.102331299999946], [119.44695520000005, -5.102175399999965], [119.446715, -5.102054799999962], [119.44663960000003, -5.101942299999962], [119.446638, -5.101861], [119.4466708000001, -5.101844599999936], [119.44712740000011, -5.10203329999996], [119.447368, -5.102049699999952], [119.44754570000009, -5.101970399999971], [119.44768510000006, -5.101806299999964], [119.44777810000005, -5.101707899999951], [119.44773710000004, -5.10164229999998], [119.447759, -5.10160129999997], [119.447841, -5.101595799999927], [119.44795580000005, -5.101497399999971], [119.44795310000006, -5.101418099999933], [119.44785190000005, -5.101254099999949], [119.4475758000001, -5.10107359999995], [119.44732150000004, -5.100983399999961], [119.44699250000008, -5.10093489999997], [119.44641270000011, -5.100914699999976], [119.44597830000009, -5.101028099999951], [119.445689, -5.101163399999962], [119.44545140000002, -5.100247599999932], [119.44363710000005, -5.101037099999928], [119.4431919000001, -5.101228799999944], [119.44294710000008, -5.10135269999995], [119.44288050000011, -5.101431199999979], [119.4427664000001, -5.101483799999926], [119.44276730000001, -5.101491899999928], [119.44268040000009, -5.101588499999934], [119.44266980000009, -5.101711499999965], [119.4426707, -5.101967], [119.44266360000006, -5.101967699999932], [119.44267130000003, -5.102125099999967], [119.44259340000008, -5.102170099999967], [119.442404, -5.102193199999931], [119.44235960000003, -5.10224919999996], [119.44207010000002, -5.102328599999964], [119.44200350000006, -5.102407099999937], [119.44178060000002, -5.10243029999998], [119.44169120000004, -5.102374699999928], [119.4416572, -5.102240699999925], [119.44159, -5.102162699999951], [119.44146740000008, -5.102152], [119.44135580000011, -5.102130099999954], [119.44123330000002, -5.102164099999925], [119.44128940000007, -5.102264499999933], [119.44125620000011, -5.102331699999979], [119.44122310000012, -5.102410099999929], [119.44113390000007, -5.102421599999957], [119.4410114000001, -5.102455599999928], [119.44085550000011, -5.102512099999956], [119.4408112000001, -5.102568099999928], [119.44065520000004, -5.102591099999927], [119.44052150000005, -5.102625099999955], [119.44045480000011, -5.102681299999972], [119.440388, -5.102692699999977], [119.44024170000012, -5.102335499999981], [119.44014160000006, -5.102391799999964], [119.44004130000008, -5.102425699999969], [119.43995240000004, -5.102482], [119.43984090000004, -5.102482399999928], [119.43970680000007, -5.10241579999996], [119.43970740000009, -5.102572299999963], [119.43971920000001, -5.102728799999966], [119.43979750000005, -5.102806699999974], [119.43982030000006, -5.102929599999925], [119.43968650000011, -5.102941299999941], [119.4396081000001, -5.102841], [119.43938490000005, -5.102774799999963], [119.43934050000007, -5.102842], [119.43932980000011, -5.102942699999971], [119.43927420000011, -5.102998799999966], [119.43914010000003, -5.102909799999964], [119.43900610000003, -5.102843299999961], [119.43901770000002, -5.102966199999969], [119.43899570000008, -5.103044499999953], [119.438918, -5.103134299999965], [119.43886240000006, -5.103168], [119.43875090000006, -5.103168399999959], [119.43864990000009, -5.10299], [119.43847140000003, -5.102957099999969], [119.4384606000001, -5.103046599999971], [119.43842730000006, -5.103091399999926], [119.43847240000002, -5.103225399999928], [119.43853970000009, -5.103336899999931], [119.43852890000005, -5.103415199999972], [119.4385516000001, -5.103526899999963], [119.43845150000004, -5.103605499999958], [119.43835090000005, -5.103516499999955], [119.43827280000005, -5.103505599999949], [119.43816090000007, -5.103405399999929], [119.43799400000012, -5.103484299999934], [119.4377985000001, -5.103563599999973], [119.43767570000011, -5.103656699999931], [119.43786470000009, -5.104032099999927], [119.4378623, -5.104038199999934], [119.43784030000006, -5.104127699999935], [119.4379077000001, -5.104250399999955], [119.43803060000005, -5.104328199999941], [119.43819810000002, -5.10438929999998], [119.43819830000007, -5.104450499999928], [119.4381763, -5.104517699999974], [119.43808750000005, -5.104641], [119.43804320000004, -5.104708199999948], [119.43786480000006, -5.104708899999935], [119.43786540000008, -5.104876599999955], [119.43774310000003, -5.104944099999955], [119.43764650000003, -5.104998399999943], [119.43764420000002, -5.105003499999953], [119.437688, -5.105112], [119.43766590000007, -5.105179199999952], [119.43754350000006, -5.105235499999935], [119.43754400000012, -5.105380799999978], [119.4374868000001, -5.105413], [119.43748860000005, -5.105470499999967], [119.43738850000011, -5.10552679999995], [119.43737950000002, -5.105532699999969], [119.4372131, -5.105641499999933], [119.43719940000005, -5.105650399999945], [119.4368290000001, -5.104992299999935], [119.43655970000009, -5.104512599999964], [119.436348, -5.10456929999998], [119.43601400000011, -5.104693599999962], [119.43572460000007, -5.104795299999978], [119.43553530000008, -5.104863099999932], [119.43526760000009, -5.104830499999935], [119.43511130000002, -5.104775199999949], [119.43504450000012, -5.104809], [119.43494460000011, -5.104921199999978], [119.43483320000007, -5.104944], [119.43469950000008, -5.104955699999948], [119.4345770000001, -5.105012], [119.43444290000002, -5.104923099999951], [119.43435340000008, -5.104845199999943], [119.434008, -5.104902399999958], [119.433886, -5.105070499999954], [119.433775, -5.105193899999961], [119.43369280000002, -5.105194199999971], [119.43361890000006, -5.105194499999925], [119.4334851000001, -5.105172699999969], [119.43338420000009, -5.105038899999954], [119.43338390000008, -5.104949499999975], [119.4333947, -5.104871199999934], [119.4333835000001, -5.10486], [119.43312690000005, -5.104805099999965], [119.43297070000006, -5.104761], [119.43293730000005, -5.104794699999957], [119.43285960000003, -5.104862], [119.43282620000002, -5.104884499999969], [119.43271470000002, -5.10487379999995], [119.43261410000002, -5.104818199999954], [119.43245780000007, -5.104762899999969], [119.43244670000001, -5.104763], [119.43232400000011, -5.104763499999933], [119.432168, -5.104764], [119.43193380000002, -5.104753799999969], [119.4317665000001, -5.104743199999973], [119.4315438000001, -5.104799899999932], [119.43138750000003, -5.104767], [119.4312533000001, -5.104655699999967], [119.43120820000001, -5.104521699999964], [119.43119690000003, -5.10446589999998], [119.43110740000009, -5.104399199999932], [119.43101800000011, -5.104321199999958], [119.43089510000004, -5.104265799999951], [119.43080590000011, -5.104266199999927], [119.43058320000011, -5.104322899999943], [119.43044050000003, -5.104317199999969], [119.430338, -5.104346199999952], [119.4299486000001, -5.10456], [119.42980350000005, -5.104527099999927], [119.4295916000001, -5.104516699999976], [119.42939130000002, -5.104618099999925], [119.42874540000003, -5.104799399999933], [119.42564590000006, -5.106759499999953], [119.42564930000003, -5.106765099999961], [119.42500970000003, -5.107174199999974], [119.42500980000011, -5.107206599999927], [119.42558950000011, -5.106848299999967], [119.42643830000009, -5.108281599999941], [119.42676130000007, -5.108755299999928], [119.42676330000006, -5.108752199999969], [119.4269624000001, -5.10906], [119.42674640000007, -5.109202399999958], [119.4266960000001, -5.109164799999974], [119.42657080000004, -5.109266099999957], [119.42640680000011, -5.109090399999957], [119.42623150000009, -5.109242199999926], [119.42602380000005, -5.108913499999971], [119.4259158000001, -5.108789899999977], [119.425778, -5.108878599999969], [119.42570200000011, -5.108715199999949], [119.42558930000007, -5.108803799999976], [119.42556520000005, -5.109093499999972], [119.42520190000005, -5.109346799999969], [119.4251901, -5.109483], [119.42518810000001, -5.109485199999938], [119.42510190000007, -5.109473099999946], [119.42467590000001, -5.10976439999996], [119.42476480000005, -5.110028599999964], [119.424462, -5.110261199999968], [119.42445550000002, -5.110266099999933], [119.42445510000005, -5.110265199999958], [119.42420360000006, -5.110409799999957], [119.42392760000007, -5.110726399999976], [119.4234973, -5.11094559999998], [119.42332680000004, -5.110872499999971], [119.42314820000001, -5.110994299999959], [119.42305890000011, -5.111091699999974], [119.42298590000007, -5.111172899999929], [119.422791, -5.111205299999938], [119.42264490000002, -5.111172899999929], [119.4225312000001, -5.111237799999969], [119.42249060000006, -5.111327099999926], [119.4223445, -5.111327099999926], [119.4221391000001, -5.111429899999962], [119.4219438, -5.111521599999946], [119.42189110000004, -5.111546299999929], [119.4217159000001, -5.111223099999961], [119.420991, -5.110063199999956], [119.42102590000002, -5.110037199999965], [119.42092050000008, -5.109866799999963], [119.42142730000012, -5.109533099999965], [119.42163630000005, -5.109813699999961], [119.422225, -5.109383299999934], [119.42212630000006, -5.109240499999942], [119.42213060000006, -5.109237599999972], [119.42203560000007, -5.109119499999963], [119.423013, -5.108486], [119.42307210000001, -5.108565499999941], [119.423162, -5.10849479999996], [119.42310070000008, -5.108410099999958], [119.4234891000001, -5.108156799999961], [119.423935, -5.10754339999994], [119.42393520000007, -5.107537399999956], [119.423851, -5.107525599999974], [119.4234636000001, -5.108056099999942], [119.42210420000004, -5.108974399999965], [119.42034990000002, -5.110127099999943], [119.4202494000001, -5.110127499999976], [119.42011040000011, -5.109913899999981], [119.42002240000011, -5.109889099999975], [119.420061, -5.110115599999972], [119.419923, -5.110166499999934], [119.4199096000001, -5.109939899999972], [119.41985950000003, -5.109990499999981], [119.419709, -5.110041399999943], [119.41966850000006, -5.109311], [119.41953030000002, -5.109286399999974], [119.41958380000005, -5.110155199999951], [119.41942070000005, -5.110206199999936], [119.419295, -5.110181499999953], [119.41903080000009, -5.110081699999967], [119.41889260000005, -5.110082299999931], [119.41883020000012, -5.11018329999996], [119.41888090000009, -5.110296399999925], [119.41890650000005, -5.110422299999925], [119.41885680000007, -5.110573599999952], [119.41858710000008, -5.110424099999932], [119.4185807, -5.110437799999943], [119.4182714000001, -5.110242], [119.41818390000003, -5.110343099999966], [119.41854350000006, -5.110550699999976], [119.41853950000007, -5.110568699999931], [119.41874410000003, -5.11067479999997], [119.4187194000001, -5.110788199999945], [119.418581, -5.110725799999955], [119.41851910000003, -5.110952699999928], [119.41851970000005, -5.111129099999971], [119.41855810000004, -5.111317799999938], [119.418659, -5.111418199999946], [119.418672, -5.111544099999946], [119.41865960000007, -5.111594499999967], [119.41829570000004, -5.111671499999943], [119.41824570000006, -5.111747299999934], [119.41784410000002, -5.111836899999957], [119.41784330000007, -5.111836399999959], [119.41779020000001, -5.111797599999932], [119.41765510000005, -5.111699099999953], [119.41775540000003, -5.111635699999965], [119.417755, -5.111522399999956], [119.41742860000011, -5.111574], [119.41742910000005, -5.111712499999953], [119.41739140000004, -5.111725299999932], [119.4163986000001, -5.111978099999931], [119.41633210000009, -5.111995099999945], [119.41626990000009, -5.112010899999973], [119.41583530000003, -5.112121599999966], [119.4157097000001, -5.112122099999965], [119.41505740000002, -5.112363799999969], [119.41496890000008, -5.112200399999949], [119.41483070000004, -5.112201], [119.41483050000011, -5.112138], [119.4146455, -5.111964199999932], [119.414615, -5.11196949999993], [119.41461390000006, -5.111934399999939], [119.4145737, -5.110667399999954], [119.41592330000003, -5.109299699999951], [119.41592260000004, -5.109298599999931], [119.41708370000003, -5.10812089999996], [119.4170061000001, -5.108053299999938], [119.41586410000002, -5.109207099999935], [119.41448, -5.110605299999975], [119.4145208000001, -5.112111599999935], [119.4143888000001, -5.112156299999981], [119.41435960000001, -5.112200599999937], [119.41434450000008, -5.112104899999963], [119.41421980000007, -5.112127499999929], [119.414198, -5.112201199999959], [119.41382350000003, -5.112202599999932], [119.4137631000001, -5.11176839999996], [119.4136602000001, -5.111754], [119.41364510000005, -5.111628899999971], [119.41352760000007, -5.111636699999963], [119.41354270000011, -5.111747099999945], [119.413506, -5.111762], [119.41349920000005, -5.111909299999979], [119.41335970000011, -5.111909799999978], [119.4132201000001, -5.111895599999968], [119.41300710000007, -5.111903799999936], [119.41306640000005, -5.112050799999963], [119.4130891000001, -5.11222749999996], [119.41300120000005, -5.112272], [119.41294220000009, -5.112205899999935], [119.41286780000007, -5.111963199999934], [119.41291910000007, -5.111933599999929], [119.4129263000001, -5.111889399999939], [119.4128965000001, -5.111779], [119.41282990000002, -5.111646699999937], [119.41279320000001, -5.11164679999996], [119.4127271000001, -5.111654499999929], [119.41269760000012, -5.111610399999961], [119.41273410000008, -5.111551299999974], [119.4128, -5.111514299999953], [119.41280370000004, -5.111512399999981], [119.41279060000011, -5.111477199999968], [119.41283180000005, -5.111423699999932], [119.41290950000007, -5.111520399999961], [119.4129094000001, -5.111481599999934], [119.41288930000007, -5.111297399999955], [119.41276320000009, -5.111191299999973], [119.4126678, -5.111252699999966], [119.41266550000012, -5.111251099999947], [119.412623, -5.111294], [119.41261570000006, -5.111323499999969], [119.41256450000003, -5.111367899999948], [119.412425, -5.111375799999962], [119.41246940000008, -5.111478699999964], [119.41251390000002, -5.111596399999939], [119.41268410000009, -5.111941799999954], [119.41271360000007, -5.111971199999971], [119.41273550000005, -5.111934299999973], [119.41280240000003, -5.112132799999927], [119.41269240000008, -5.112184799999966], [119.41264850000005, -5.112236499999938], [119.41264230000002, -5.112259699999925], [119.41262680000011, -5.112317599999926], [119.4125901000001, -5.112317699999949], [119.41256140000007, -5.112295499999959], [119.41245750000007, -5.112215099999958], [119.41200230000004, -5.112325599999963], [119.41199520000009, -5.112327299999947], [119.41199530000006, -5.112327], [119.4119846000001, -5.112329], [119.41198440000005, -5.112276399999928], [119.411984, -5.11227649999995], [119.41198350000002, -5.112150399999962], [119.411984, -5.112150199999974], [119.4119832, -5.111942699999929], [119.41189150000002, -5.111943], [119.411893, -5.112360399999943], [119.41121840000005, -5.112477899999931], [119.41031470000007, -5.112665299999946], [119.41028720000008, -5.11233679999998], [119.41015620000007, -5.112363599999981], [119.41019680000011, -5.112692], [119.40989560000003, -5.112758799999938], [119.40957, -5.113338399999975], [119.40926800000011, -5.113194899999939], [119.409242, -5.113247599999966], [119.40953090000005, -5.113404199999934], [119.40947870000002, -5.113457], [119.40955770000005, -5.113548699999967], [119.4095056000001, -5.113627799999961], [119.40924390000009, -5.113747], [119.4090996000001, -5.113721299999952], [119.40898410000011, -5.114392], [119.40878730000009, -5.114353299999948], [119.40877450000005, -5.114419099999964], [119.40895810000006, -5.114457799999968], [119.40880340000001, -5.115141899999969], [119.4087247000001, -5.115129], [119.40863330000002, -5.115221399999939], [119.4085166000001, -5.115576699999963], [119.40843970000003, -5.116023799999937], [119.40845320000005, -5.116128899999978], [119.40857090000009, -5.116075899999942], [119.40836450000006, -5.116957299999967], [119.408268, -5.117450499999961], [119.40816310000002, -5.117424599999936], [119.40795680000008, -5.118332299999963], [119.408088, -5.118384299999946], [119.40807540000003, -5.118502699999965], [119.40797040000007, -5.118476799999939], [119.40795720000006, -5.11846369999995], [119.40784350000001, -5.11896239999993], [119.4078836000001, -5.118969899999968], [119.40780390000009, -5.119177699999966], [119.40786170000001, -5.119183299999975], [119.407709, -5.119709099999966], [119.40770650000002, -5.119707], [119.4076735000001, -5.119740399999955], [119.40769640000008, -5.119815899999935], [119.40778890000001, -5.119827199999975], [119.40746170000011, -5.121332799999948], [119.40744630000006, -5.121329499999945], [119.40728950000005, -5.122150199999965], [119.40688970000008, -5.123919499999943], [119.4068784000001, -5.123917699999936], [119.406768, -5.124494399999946], [119.40653350000002, -5.125597099999936], [119.40647660000002, -5.125613599999951], [119.4064555000001, -5.125719], [119.4064555000001, -5.125727799999936], [119.40650260000007, -5.12573569999995], [119.40651480000008, -5.125841399999956], [119.40665170000011, -5.125882399999966], [119.40670860000012, -5.125882199999978], [119.40687930000001, -5.125913499999967], [119.40702490000001, -5.125928899999963], [119.40706620000003, -5.125959099999932], [119.40719820000004, -5.125963899999931], [119.40720470000008, -5.125948799999946], [119.407205, -5.125943699999937], [119.40722640000001, -5.125938499999961], [119.40726280000001, -5.125883299999941], [119.4072182000001, -5.125862499999926], [119.407218, -5.125815199999977], [119.40718920000006, -5.125815299999942], [119.40721220000012, -5.125652499999944], [119.40719380000007, -5.125642099999936], [119.40717250000012, -5.12565989999996], [119.4071484000001, -5.125654499999939], [119.40712130000009, -5.125684199999966], [119.40710390000004, -5.125676299999952], [119.40713330000005, -5.12554259999996], [119.40718820000006, -5.125539799999956], [119.40720890000011, -5.125474099999963], [119.4072384000001, -5.125467799999967], [119.40724790000002, -5.12547619999998], [119.40730940000003, -5.125498799999946], [119.40731160000007, -5.12548739999994], [119.40739810000002, -5.125505299999929], [119.40740730000005, -5.125532599999929], [119.40743, -5.125523399999963], [119.40743210000005, -5.125468699999942], [119.40747080000006, -5.125477699999976], [119.40746180000008, -5.12551869999993], [119.40745960000004, -5.12551869999993], [119.40748150000002, -5.125578], [119.40755980000006, -5.125591199999974], [119.40756220000003, -5.125584499999945], [119.40762810000001, -5.125584299999957], [119.40763490000006, -5.125575099999935], [119.40759160000005, -5.125543299999947], [119.407628, -5.12554549999993], [119.40763250000009, -5.125524899999959], [119.40759820000005, -5.125497699999926], [119.40771430000007, -5.125526899999954], [119.4077301000001, -5.125483499999973], [119.40752590000011, -5.125428499999941], [119.40753330000007, -5.125386699999979], [119.40777090000006, -5.125451399999974], [119.4077694, -5.125459199999966], [119.40780830000006, -5.125469199999941], [119.4076976, -5.125981399999944], [119.4076533000001, -5.125970799999948], [119.40765290000002, -5.125972499999932], [119.407585, -5.125958199999957], [119.4075825000001, -5.125994899999966], [119.40764410000008, -5.126010599999972], [119.40764280000008, -5.126016199999981], [119.40768730000002, -5.126020799999935], [119.40762290000009, -5.126296599999932], [119.4075812000001, -5.126281499999948], [119.40758070000004, -5.126283499999943], [119.40747550000003, -5.126257099999975], [119.40744410000002, -5.126423199999977], [119.40743740000005, -5.12642], [119.40735880000011, -5.126800899999978], [119.40731480000011, -5.126774599999976], [119.4073141, -5.12677709999997], [119.40726410000002, -5.126768199999958], [119.40726790000008, -5.126762], [119.40716120000002, -5.12675349999995], [119.40719830000012, -5.126694499999928], [119.407094, -5.126630699999964], [119.4070167000001, -5.126639], [119.4069713, -5.126620499999945], [119.40693660000011, -5.126620599999967], [119.40690160000008, -5.126584199999968], [119.40675150000004, -5.126564799999926], [119.40675110000006, -5.126566499999967], [119.40674160000003, -5.126551799999959], [119.40667230000008, -5.126565399999947], [119.40663240000003, -5.12660029999995], [119.4066295, -5.126522799999975], [119.40657830000009, -5.126523], [119.40656700000011, -5.126506199999938], [119.40648270000008, -5.126467799999944], [119.40628690000005, -5.126418299999955], [119.40617760000009, -5.126389099999926], [119.4061531000001, -5.126387099999931], [119.40603710000005, -5.12647149999998], [119.40600740000002, -5.126464799999951], [119.4060085000001, -5.126475099999936], [119.40597490000005, -5.12646849999993], [119.40596170000003, -5.126487599999962], [119.40590370000007, -5.12647469999996], [119.40589310000007, -5.126485399999979], [119.4058609000001, -5.12645079999993], [119.40577030000009, -5.126469899999961], [119.40567740000006, -5.126579899999967], [119.40565060000006, -5.126558599999953], [119.40561610000009, -5.126593499999956], [119.40565690000005, -5.126646099999959], [119.40563710000004, -5.126671499999929], [119.40547820000006, -5.126889899999981], [119.40547930000002, -5.126890399999979], [119.4054536000001, -5.126927499999965], [119.40544180000006, -5.126919599999951], [119.40540280000005, -5.126980899999978], [119.40520620000007, -5.126844], [119.40515390000007, -5.126918599999954], [119.40536080000004, -5.127069499999948], [119.405244, -5.12725329999995], [119.40524230000005, -5.127405], [119.40533290000008, -5.127407499999947], [119.40538820000006, -5.127354799999978], [119.4053431000001, -5.127422399999944], [119.40539390000004, -5.12742], [119.40521550000005, -5.127687199999968], [119.40517840000007, -5.127668], [119.4051717000001, -5.12767759999997], [119.40512890000002, -5.127662799999939], [119.4049619000001, -5.127666499999975], [119.40485350000006, -5.12761729999994], [119.40479810000011, -5.12768879999993], [119.40490650000004, -5.12773489999995], [119.40489790000004, -5.127747], [119.40496070000006, -5.12776729999996], [119.40497080000011, -5.12797489999997], [119.40507580000008, -5.127940399999943], [119.40472840000007, -5.128478099999938], [119.40459840000005, -5.128432099999941], [119.404515, -5.128451], [119.40447050000012, -5.128413899999941], [119.40446450000002, -5.128422399999977], [119.40424370000005, -5.128258199999948], [119.40419140000006, -5.12832659999998], [119.40441420000002, -5.128494699999976], [119.40440590000003, -5.12850659999998], [119.40448760000004, -5.128565799999933], [119.40448460000005, -5.128593699999954], [119.40461170000003, -5.12868], [119.4037475, -5.129942], [119.40361750000011, -5.129899099999932], [119.40355880000004, -5.129917899999953], [119.403493, -5.129871899999955], [119.40348760000006, -5.129879399999936], [119.40326750000008, -5.129736099999946], [119.40323990000002, -5.129804399999955], [119.40344290000007, -5.129941299999928], [119.40344230000005, -5.129942099999937], [119.40350030000002, -5.129977], [119.40347570000006, -5.130008099999941], [119.40348210000002, -5.130070099999955], [119.40363080000009, -5.130147], [119.40315090000001, -5.130845499999964], [119.403155, -5.130847899999935], [119.40288510000005, -5.131273399999941], [119.40192420000005, -5.13272749999993], [119.40174880000006, -5.13301279999996], [119.40202110000007, -5.133200299999942], [119.40202760000011, -5.133188399999938], [119.4021024000001, -5.133258499999954], [119.40215360000002, -5.133149699999933], [119.4021689000001, -5.133153399999969], [119.40215940000007, -5.1331], [119.40334230000008, -5.133348399999932], [119.40382260000001, -5.132584399999928], [119.4038488000001, -5.132676699999934], [119.40389660000005, -5.132711699999959], [119.40405040000007, -5.132637], [119.40404360000002, -5.132687499999975], [119.40409980000004, -5.132786199999941], [119.40407010000001, -5.132894399999941], [119.40400020000004, -5.132959899999946], [119.40401580000002, -5.133110599999952], [119.40396090000002, -5.133151], [119.40393940000001, -5.133040599999958], [119.403937, -5.133046399999955], [119.4038627000001, -5.133040799999947], [119.40383480000003, -5.133106099999964], [119.40382680000005, -5.133101499999952], [119.4037919000001, -5.133140599999933], [119.40380320000008, -5.133204299999932], [119.4037757000001, -5.133209499999964], [119.40376620000006, -5.133340099999941], [119.40381880000007, -5.133339899999953], [119.40381590000004, -5.133252], [119.40386350000006, -5.133251799999925], [119.40403150000009, -5.133296399999949], [119.4040242000001, -5.133351699999935], [119.40404930000011, -5.133361599999944], [119.40400010000008, -5.133603], [119.4039474000001, -5.133910899999933], [119.40382840000007, -5.13393119999995], [119.40382280000006, -5.133942799999943], [119.40378970000006, -5.133941599999957], [119.4037899000001, -5.133989299999939], [119.40341130000002, -5.133915399999978], [119.40341360000002, -5.133865199999946], [119.40338860000008, -5.133865199999946], [119.40337880000004, -5.133915499999944], [119.40319820000002, -5.133876], [119.40322820000006, -5.133860799999979], [119.40323060000003, -5.133815599999934], [119.4031304, -5.133816], [119.40311290000011, -5.133823599999971], [119.4031781000001, -5.133856], [119.40317070000003, -5.133876099999952], [119.40307790000008, -5.133861399999944], [119.4030977000001, -5.133803499999942], [119.40297250000003, -5.133806499999935], [119.40297260000011, -5.133834199999967], [119.40294250000011, -5.133831799999939], [119.40293990000009, -5.13380669999998], [119.4028522000001, -5.133794399999942], [119.40284720000011, -5.133809499999927], [119.4026692000001, -5.13377], [119.40265090000003, -5.133805499999937], [119.40264530000002, -5.133804399999974], [119.4026745000001, -5.133840299999974], [119.4027522, -5.133847599999967], [119.40273700000012, -5.13380989999996], [119.40324350000003, -5.133918499999936], [119.40318730000001, -5.133954899999935], [119.40321830000005, -5.133960899999977], [119.40319110000007, -5.133984], [119.40315350000003, -5.133981699999936], [119.40315120000002, -5.134021899999937], [119.403254, -5.134044099999926], [119.40328650000004, -5.134033899999963], [119.40327390000004, -5.13401639999995], [119.40333890000011, -5.133984299999952], [119.403345, -5.133985499999937], [119.40334380000002, -5.133945799999935], [119.403785, -5.134027], [119.40379280000002, -5.134109899999942], [119.40385050000009, -5.134109699999954], [119.40384070000005, -5.13417], [119.40378550000003, -5.134167699999978], [119.40378070000008, -5.134212899999966], [119.4038283000001, -5.134222799999975], [119.4038299, -5.134312], [119.40386500000011, -5.134311799999978], [119.40385770000012, -5.134364599999969], [119.40382260000001, -5.134364699999935], [119.40380760000005, -5.134374799999932], [119.40376270000002, -5.134371199999975], [119.4037446000001, -5.13428209999995], [119.40355430000011, -5.134292899999934], [119.40357960000006, -5.134375699999964], [119.40363720000005, -5.134367899999972], [119.40363730000001, -5.134396699999968], [119.40362090000008, -5.134394899999961], [119.40361790000009, -5.13442189999995], [119.4036334000001, -5.134423199999958], [119.4036076000001, -5.134473499999956], [119.40375090000009, -5.134471], [119.40375360000007, -5.134482899999966], [119.40376980000008, -5.134485599999948], [119.40376990000004, -5.134486199999969], [119.4038882000001, -5.134487599999943], [119.40388590000009, -5.134547899999973], [119.4037882, -5.134545699999933], [119.40380140000002, -5.134714], [119.403884, -5.134716199999957], [119.40391270000009, -5.134997399999975], [119.4038849000001, -5.135275], [119.40383530000008, -5.135413399999948], [119.40383070000007, -5.135534], [119.40381330000002, -5.135559099999966], [119.40381350000007, -5.135616899999945], [119.40384360000007, -5.135621799999967], [119.40383870000005, -5.13565449999993], [119.40376, -5.135657099999946], [119.40376160000005, -5.135673], [119.40353630000004, -5.135730299999977], [119.40344220000009, -5.135743699999978], [119.40344220000009, -5.13574639999996], [119.40298570000004, -5.135844899999938], [119.40297240000007, -5.13578339999998], [119.4029097, -5.135781099999974], [119.40287950000004, -5.135728399999948], [119.40286810000009, -5.135802899999931], [119.40285630000005, -5.135802899999931], [119.402887, -5.135942099999966], [119.40292270000009, -5.135948499999927], [119.40291780000007, -5.135937199999944], [119.40299550000009, -5.135939], [119.40299290000007, -5.135913899999935], [119.40303050000011, -5.135913799999969], [119.4030289000001, -5.135883899999953], [119.40319210000007, -5.135849399999927], [119.40338830000007, -5.135789299999942], [119.40373120000004, -5.135710199999949], [119.40386380000007, -5.135677], [119.40390230000003, -5.135908], [119.40385970000011, -5.135918199999935], [119.40393610000001, -5.136229299999968], [119.40386110000009, -5.136248199999955], [119.40387370000008, -5.136304199999927], [119.4038968000001, -5.136403899999948], [119.40350740000008, -5.13651729999998], [119.40344270000003, -5.136526299999957], [119.40326, -5.136586399999942], [119.40330460000007, -5.136784399999954], [119.4034180000001, -5.136761699999965], [119.40342590000012, -5.136800299999948], [119.40346450000004, -5.136803399999962], [119.40361180000002, -5.137358799999959], [119.40363320000006, -5.137500799999941], [119.4036784000001, -5.137504099999944], [119.4041664, -5.137396399999943], [119.40441690000011, -5.137302799999929], [119.40446140000006, -5.137378699999942], [119.40436380000006, -5.137395699999956], [119.404384, -5.137443399999938], [119.4044742000001, -5.137438], [119.40446190000011, -5.137488299999973], [119.40426920000004, -5.137536799999964], [119.40427680000005, -5.137571899999955], [119.4040539, -5.137602899999933], [119.40403920000006, -5.137680799999941], [119.40411730000005, -5.137803599999927], [119.40419010000005, -5.137830899999926], [119.40435270000012, -5.137780099999929], [119.4043299000001, -5.137704799999938], [119.404355, -5.137704699999972], [119.40437020000002, -5.137767499999939], [119.40445540000007, -5.137757099999931], [119.404503, -5.137754399999949], [119.4045109000001, -5.137828599999978], [119.40448910000009, -5.137837], [119.40456530000006, -5.138162499999964], [119.40464550000002, -5.138427], [119.40468580000004, -5.138612099999932], [119.40484420000007, -5.138598299999956], [119.40489760000003, -5.138756899999976], [119.40502960000003, -5.138756399999977], [119.40522750000002, -5.138729199999943], [119.40528050000012, -5.138781899999969], [119.40542570000002, -5.138781399999971], [119.40567890000011, -5.139415699999972], [119.40573620000009, -5.139509799999928], [119.40596120000009, -5.140028], [119.4059823, -5.140076599999929], [119.40603570000007, -5.14019959999996], [119.40671430000009, -5.141604399999949], [119.40721310000004, -5.142695699999933], [119.40722370000003, -5.142768299999943], [119.40718750000008, -5.14279449999998], [119.4072241, -5.142872199999942], [119.4072139000001, -5.142919], [119.40725550000002, -5.142970799999944], [119.407147, -5.143038699999977], [119.4070852000001, -5.143127199999981], [119.4070286000001, -5.143215699999928], [119.40697990000001, -5.143358699999965], [119.40697020000005, -5.14353529999994], [119.4069809, -5.14361839999998], [119.40695520000008, -5.143675599999938], [119.4069555000001, -5.143763899999954], [119.40688320000004, -5.143805699999973], [119.4068936000001, -5.143831599999942], [119.40675910000004, -5.143884], [119.40670180000006, -5.143775199999936], [119.40668620000008, -5.143759699999976], [119.4066448000001, -5.143785799999932], [119.40670220000004, -5.143894599999953], [119.40667660000008, -5.143962299999941], [119.40670260000002, -5.143988099999945], [119.40674400000012, -5.143982799999947], [119.40678580000008, -5.144091699999933], [119.4068324000001, -5.144086299999969], [119.40679050000006, -5.143967], [119.40681110000003, -5.143935799999952], [119.40690930000005, -5.143878299999926], [119.4069353000001, -5.143909299999962], [119.4069922000001, -5.143878], [119.40714790000004, -5.143960499999935], [119.40733490000002, -5.144110399999931], [119.40752170000007, -5.144182399999977], [119.40766670000005, -5.14417659999998], [119.40775990000009, -5.144181499999945], [119.40776950000009, -5.144195199999956], [119.40780680000012, -5.144248799999957], [119.40788960000009, -5.144232899999963], [119.40800050000007, -5.144798599999945], [119.40801580000004, -5.144859599999961], [119.40800370000011, -5.144868599999938], [119.40771180000002, -5.145084899999972], [119.40765310000006, -5.14514429999997], [119.40765310000006, -5.145155399999965], [119.40765460000011, -5.145161199999961], [119.406674, -5.146648099999936], [119.40506270000003, -5.149182], [119.40416960000005, -5.150623399999972], [119.40320120000001, -5.15218619999996], [119.40209030000005, -5.153707099999963], [119.40137310000011, -5.154540399999973], [119.40101530000004, -5.155155599999944], [119.40108850000001, -5.155480399999931], [119.40103550000003, -5.155723699999953], [119.4010436000001, -5.155726199999947], [119.40106020000007, -5.155731299999957], [119.40044340000009, -5.156085499999961], [119.39989680000008, -5.156537299999968], [119.39989290000005, -5.156543899999974], [119.39964910000003, -5.156963], [119.39960090000011, -5.157388], [119.39970290000008, -5.158012299999939], [119.39976370000011, -5.158176499999968], [119.39913380000007, -5.157355799999948], [119.39908760000003, -5.157139499999971], [119.39904550000006, -5.156859699999927], [119.39928160000011, -5.156691199999955], [119.39968940000006, -5.156297099999961], [119.40015060000007, -5.155867099999966], [119.4004165, -5.15559849999994], [119.40075310000009, -5.155168899999978], [119.40096520000009, -5.15479339999996], [119.4010889000001, -5.154561], [119.40119450000009, -5.154239399999938], [119.40122880000001, -5.153882299999964], [119.40145960000007, -5.153738699999963], [119.40201040000011, -5.153486799999939], [119.40193850000003, -5.153308599999946], [119.4017325000001, -5.152923399999963], [119.40100080000002, -5.150502699999947], [119.40063870000006, -5.15044359999996], [119.40060750000009, -5.150171599999965], [119.40030460000003, -5.14980989999998], [119.40027390000012, -5.149658899999963], [119.40045370000007, -5.149355799999967], [119.400995, -5.148960699999975], [119.4011451, -5.14877869999998], [119.40126340000006, -5.148143299999958], [119.40147350000007, -5.147870299999965], [119.40183510000008, -5.14780849999994], [119.40228690000004, -5.14765559999995], [119.40246730000001, -5.147503699999959], [119.40279650000002, -5.146837299999959], [119.40309700000012, -5.146533799999929], [119.4031877000001, -5.146593899999971], [119.40336860000002, -5.146593199999927], [119.40351950000002, -5.146622899999954], [119.40361640000003, -5.146777], [119.40361840000003, -5.146776], [119.40362310000012, -5.146811799999966], [119.4036387000001, -5.146850299999926], [119.40369250000003, -5.146915799999931], [119.4036943000001, -5.146931599999959], [119.4037307000001, -5.147127799999964], [119.40390880000007, -5.147180599999956], [119.40413920000003, -5.146912099999952], [119.40422660000002, -5.146483499999931], [119.40420780000011, -5.146215899999959], [119.40415650000011, -5.146107699999959], [119.40415870000004, -5.146085], [119.4041267, -5.145753599999978], [119.404098, -5.145629], [119.40420470000004, -5.14541289999994], [119.40432790000011, -5.145019899999966], [119.40425540000001, -5.144681099999957], [119.40411250000011, -5.14453889999993], [119.40372050000008, -5.14441549999998], [119.40329380000003, -5.144542], [119.40290310000012, -5.14477549999998], [119.40249470000003, -5.145009], [119.40221730000007, -5.145255599999928], [119.40219460000003, -5.145267399999966], [119.4021332000001, -5.145298499999967], [119.4020905000001, -5.145348099999978], [119.401769, -5.145566299999928], [119.40134360000002, -5.145956799999965], [119.40085890000012, -5.146437399999968], [119.40068470000006, -5.14661469999993], [119.40052420000006, -5.146869699999968], [119.40035590000002, -5.147117099999946], [119.40016480000008, -5.147418499999958], [119.39999690000002, -5.14775069999996], [119.39997720000008, -5.147756], [119.3999434000001, -5.14785889999996], [119.399789, -5.148042799999928], [119.39930850000007, -5.149642699999958], [119.39879750000011, -5.15100069999994], [119.3983574, -5.152305], [119.39793320000001, -5.15309179999997], [119.397031, -5.154540599999962], [119.39603880000004, -5.155739899999958], [119.39550680000002, -5.156259399999954], [119.39294360000008, -5.158562], [119.39276560000008, -5.158544899999981], [119.39221510000004, -5.158886], [119.39175330000012, -5.159119699999962], [119.39145080000003, -5.159156499999938], [119.39104210000005, -5.159318699999972], [119.39066810000008, -5.159266499999944], [119.3905026000001, -5.159198099999969], [119.3904692000001, -5.159213099999931], [119.39046940000003, -5.159273699999972], [119.390369, -5.159354899999926], [119.39018810000005, -5.159467399999926], [119.39015410000002, -5.15982159999993], [119.39035020000006, -5.159910099999934], [119.3902796000001, -5.160071], [119.38949780000007, -5.160430799999972], [119.38926680000009, -5.160914299999945], [119.38923290000002, -5.160985], [119.38920640000003, -5.160975299999961], [119.38914670000008, -5.161035599999934], [119.38910730000009, -5.161278099999947], [119.38908760000004, -5.161399299999971], [119.38902770000004, -5.161540899999977], [119.3889474, -5.161601799999971], [119.38882680000006, -5.161683], [119.38874620000001, -5.161683299999936], [119.38848430000007, -5.161664099999939], [119.38840340000002, -5.161563399999977], [119.388383, -5.161502899999959], [119.38832230000003, -5.161422399999935], [119.388322, -5.161341599999957], [119.38834170000007, -5.161220399999934], [119.38840170000003, -5.161119199999973], [119.3884819000001, -5.161017899999933], [119.38858220000009, -5.160916499999928], [119.3886424000001, -5.160835499999962], [119.38876320000008, -5.160835099999929], [119.38895370000012, -5.160719499999971], [119.38905380000006, -5.160435199999938], [119.38908360000005, -5.160329], [119.38908310000011, -5.160187699999938], [119.38908260000005, -5.160066499999971], [119.3891221, -5.159844199999952], [119.389162, -5.159743099999957], [119.38926220000008, -5.159621499999957], [119.38934260000008, -5.159560699999929], [119.389423, -5.15952], [119.38950330000011, -5.159459099999935], [119.38954300000012, -5.159297399999957], [119.38954280000007, -5.159257], [119.3894623000001, -5.159257299999979], [119.38946190000001, -5.15915629999995], [119.3895017000001, -5.159035], [119.38960210000005, -5.158933699999977], [119.38970270000004, -5.15891309999995], [119.38986370000009, -5.158892299999934], [119.3900049, -5.158932099999959], [119.3900804000001, -5.158945599999925], [119.39000460000011, -5.158851399999946], [119.3899841000001, -5.15875049999994], [119.39006440000003, -5.158689599999946], [119.3900847000001, -5.158729899999969], [119.39024580000012, -5.158729299999948], [119.39020490000007, -5.15856789999998], [119.39014440000005, -5.158527699999979], [119.3900638, -5.158528], [119.38992280000002, -5.158528599999954], [119.38980210000011, -5.158518], [119.38974210000003, -5.158548], [119.38980140000001, -5.158387699999935], [119.3899623000001, -5.158306299999936], [119.39008300000012, -5.158265399999948], [119.39030430000003, -5.158204], [119.39034460000005, -5.158203899999933], [119.3902839000001, -5.158143499999937], [119.39008250000006, -5.158144299999947], [119.389821, -5.158246199999951], [119.38953990000005, -5.158469399999944], [119.38927890000002, -5.158692499999972], [119.3891387000001, -5.158895], [119.38889790000007, -5.159138199999973], [119.38879410000004, -5.15929559999995], [119.38864420000004, -5.159442299999967], [119.38837710000007, -5.15990759999994], [119.38791720000006, -5.160818099999972], [119.38763190000009, -5.161482699999965], [119.38751780000007, -5.161748499999931], [119.38725980000004, -5.162759199999925], [119.38714220000008, -5.163628], [119.38706490000004, -5.164516799999944], [119.38708960000008, -5.165728399999978], [119.387155, -5.167061], [119.38711730000011, -5.167102399999976], [119.3871362000001, -5.167404399999953], [119.38711680000006, -5.167606399999954], [119.3870773000001, -5.167828699999973], [119.38707780000004, -5.167949799999974], [119.38703770000006, -5.167990399999951], [119.38693710000007, -5.168031099999951], [119.38683910000009, -5.168067299999962], [119.38684330000001, -5.168139], [119.38689740000007, -5.168192799999929], [119.38703840000005, -5.16819229999993], [119.38711880000005, -5.168151599999931], [119.3871792000001, -5.168131199999948], [119.38728, -5.168151], [119.38740120000011, -5.16825149999994], [119.38742150000007, -5.168291799999963], [119.38722040000005, -5.168393599999945], [119.3872017000001, -5.168777299999931], [119.387192, -5.171544], [119.38719230000004, -5.171624799999961], [119.38715800000011, -5.171627299999955], [119.38746220000007, -5.179156199999966], [119.38744050000003, -5.181428199999971], [119.3872847, -5.18284239999997], [119.38714670000002, -5.183630499999936], [119.38686710000002, -5.184277699999939], [119.38650790000008, -5.185167599999943], [119.38585710000007, -5.186189899999931], [119.38515530000006, -5.187040699999955], [119.38459300000011, -5.187507299999936], [119.38413120000007, -5.187892799999929], [119.38342770000008, -5.188299299999926], [119.38320650000003, -5.188401099999965], [119.38302540000007, -5.18844219999994], [119.38276350000001, -5.188423], [119.38273, -5.188415499999962], [119.3823235000001, -5.189272799999969], [119.3820641000001, -5.18992], [119.38196430000005, -5.190162699999973], [119.381684, -5.190608], [119.38142430000005, -5.191194699999926], [119.38132410000003, -5.191336399999955], [119.38104220000002, -5.191357699999969], [119.38092180000001, -5.191479299999969], [119.38128470000004, -5.191558699999973], [119.38067860000001, -5.193204299999934], [119.38066650000007, -5.193237199999942], [119.3802664000001, -5.193965699999978], [119.38010610000003, -5.194188399999973], [119.37970540000003, -5.194755399999963], [119.37934360000008, -5.194958699999972], [119.37906550000002, -5.194979599999954], [119.379044, -5.195000199999981], [119.37875960000008, -5.195001299999944], [119.37869920000003, -5.195021699999927], [119.37869950000004, -5.195102499999962], [119.37871990000008, -5.195163], [119.37896830000011, -5.195174499999951], [119.3789786000001, -5.195195799999965], [119.37919190000002, -5.19520209999996], [119.37958720000006, -5.195830899999976], [119.38019910000003, -5.197266699999943], [119.3804196000001, -5.197784099999978], [119.38079, -5.198780499999941], [119.38132580000001, -5.200216199999943], [119.38159030000008, -5.200897899999973], [119.3817375000001, -5.201724499999955], [119.38185720000001, -5.202223], [119.3819764000001, -5.202577099999928], [119.38220780000006, -5.203147299999955], [119.38226390000011, -5.203426899999954], [119.38236340000003, -5.203922599999942], [119.382408, -5.204144399999961], [119.38240910000002, -5.204446399999938], [119.3820333000001, -5.204591], [119.38203420000002, -5.204593799999941], [119.38029050000011, -5.205255299999976], [119.38035660000003, -5.205425799999944], [119.38208570000006, -5.204746799999953], [119.38208760000009, -5.204752399999961], [119.38247520000004, -5.20460369999995], [119.38272860000006, -5.205810699999972], [119.38323250000008, -5.207463099999927], [119.38345150000009, -5.20824349999998], [119.38404490000005, -5.209317899999974], [119.38407120000011, -5.209357199999943], [119.38404820000005, -5.20936219999993], [119.38415020000002, -5.209475], [119.384033, -5.209633], [119.38383750000003, -5.209883199999979], [119.38370850000001, -5.210422], [119.38370060000011, -5.211787499999957], [119.38374340000007, -5.212732699999947], [119.38378420000004, -5.213126399999965], [119.38382430000001, -5.213336399999946], [119.38375660000008, -5.213647299999934], [119.38377120000007, -5.213647699999967], [119.38374940000006, -5.214437199999963], [119.38374990000011, -5.21443869999996], [119.3839494, -5.214542799999947], [119.38422280000009, -5.214677299999948], [119.38443710000001, -5.21476709999996], [119.38472550000006, -5.214834799999949], [119.38502870000002, -5.214902599999959], [119.3852544, -5.214962399999933], [119.3852544, -5.21496], [119.38534630000004, -5.214981799999975], [119.38549050000006, -5.215014899999971], [119.38572380000005, -5.215068199999962], [119.38621910000006, -5.215247899999952], [119.38695050000001, -5.215636199999949], [119.38735670000005, -5.21587489999996], [119.38802160000012, -5.216218499999968], [119.38859050000008, -5.216502299999945], [119.38907830000005, -5.216696899999931], [119.38941840000007, -5.21680189999995], [119.38977290000003, -5.216879799999958], [119.38979560000007, -5.216884799999946], [119.3903355000001, -5.216975599999955], [119.3905797000001, -5.216998699999976], [119.39085340000008, -5.217051499999968], [119.39109, -5.217111699999975], [119.39122310000005, -5.217141799999979], [119.39140060000011, -5.217179499999929], [119.39154840000003, -5.217231899999945], [119.39167410000005, -5.217269499999929], [119.391748, -5.21730679999996], [119.39186630000006, -5.217344299999979], [119.39195490000009, -5.21739649999995], [119.39210260000004, -5.217500899999948], [119.39200030000006, -5.217769399999952], [119.39193540000008, -5.217927199999963], [119.39189670000007, -5.218098], [119.39189720000002, -5.218229299999962], [119.39171280000005, -5.218590199999937], [119.39170220000005, -5.218610799999965], [119.39162510000006, -5.218991799999969], [119.39160030000005, -5.219359499999939], [119.39162120000003, -5.219475699999975], [119.39168060000009, -5.219805599999972], [119.39161650000005, -5.220186599999977], [119.39173610000012, -5.220645699999977], [119.3917633000001, -5.22090819999994], [119.39173790000007, -5.221118399999966], [119.39166080000007, -5.221499399999971], [119.3915310000001, -5.221801899999946], [119.391318, -5.222001099999943], [119.39126450000003, -5.222132699999975], [119.3912653000001, -5.22232669999994], [119.39127990000009, -5.222352099999966], [119.39133670000001, -5.222380299999941], [119.39151680000009, -5.222408199999961], [119.39158570000006, -5.222418799999957], [119.39205730000003, -5.222456399999942], [119.3924508, -5.222599299999956], [119.39251690000003, -5.22278289999997], [119.3922698, -5.223230199999932], [119.39207490000001, -5.223624799999925], [119.39207550000003, -5.223795499999937], [119.39233790000003, -5.223912699999971], [119.39249610000002, -5.224200899999971], [119.39248440000006, -5.224555499999951], [119.39242150000007, -5.224702], [119.39222470000004, -5.225160399999936], [119.391873, -5.225660699999935], [119.39175670000009, -5.226055], [119.39187530000004, -5.226264599999979], [119.39220430000012, -5.226424], [119.39270890000012, -5.226517899999976], [119.39282290000006, -5.226579699999945], [119.39293740000005, -5.226588799999945], [119.39313420000008, -5.22668], [119.39335810000011, -5.227007399999934], [119.3934504, -5.227164599999981], [119.39354250000008, -5.227295499999968], [119.3936225000001, -5.227662799999962], [119.39374110000006, -5.227846199999931], [119.39418740000008, -5.228120199999978], [119.39447610000002, -5.228263499999969], [119.39458490000004, -5.228278699999976], [119.39462420000007, -5.228284199999962], [119.39463840000008, -5.228286099999934], [119.39493470000002, -5.228327399999955], [119.39514430000008, -5.228339799999958], [119.39526230000001, -5.228365599999961], [119.395525, -5.228574599999945], [119.39563110000006, -5.228915599999937], [119.39576320000003, -5.229230199999961], [119.39589520000004, -5.229479199999957], [119.39617090000002, -5.22966189999994], [119.39615920000006, -5.230029599999966], [119.39619960000005, -5.230318299999965], [119.39621920000002, -5.230372699999975], [119.39651780000008, -5.230712199999971], [119.3966309000001, -5.23081], [119.39671290000001, -5.230972799999961], [119.39672650000011, -5.231130299999961], [119.39683190000005, -5.231287399999928], [119.39701560000003, -5.231365499999981], [119.39723230000004, -5.231318899999962], [119.39726420000011, -5.231312], [119.39742170000011, -5.231390199999964], [119.39768460000005, -5.231651799999952], [119.39789510000003, -5.231887299999926], [119.3979680000001, -5.232132399999955], [119.39802770000006, -5.232333199999971], [119.39809630000002, -5.23245], [119.398106, -5.232452599999931], [119.3981463, -5.23251659999994], [119.39825140000005, -5.232595], [119.39851370000008, -5.232699], [119.39867140000001, -5.232829699999968], [119.39887580000004, -5.232982199999981], [119.39891080000007, -5.23302979999994], [119.39901880000002, -5.233107099999927], [119.39913090000005, -5.233158499999945], [119.399252, -5.233270299999958], [119.3993948000001, -5.233438199999966], [119.39952, -5.23350679999993], [119.39980860000003, -5.233518699999934], [119.40009290000012, -5.233500299999946], [119.40038130000005, -5.233464599999934], [119.400447, -5.233453699999927], [119.40067410000006, -5.233416], [119.400829, -5.23338519999993], [119.40092890000005, -5.233375199999955], [119.40126380000004, -5.233322599999951], [119.40175580000005, -5.233091799999954], [119.40210920000004, -5.232734799999946], [119.4022136000001, -5.232629299999928], [119.40228980000006, -5.232287099999951], [119.40229150000005, -5.232279499999947], [119.4022953000001, -5.232105699999977], [119.40231850000009, -5.231056199999955], [119.40247430000011, -5.230340699999942], [119.40277160000005, -5.229370599999925], [119.40360580000004, -5.227874099999951], [119.40429860000006, -5.226711699999953], [119.4047945000001, -5.225852], [119.40509410000004, -5.225453699999946], [119.40515620000008, -5.225135699999953], [119.40510770000003, -5.224865899999941], [119.40494730000012, -5.224358099999961], [119.4048977000001, -5.223834099999976], [119.40511540000011, -5.222737099999961], [119.40531930000009, -5.222180299999934], [119.40536910000003, -5.222072899999944], [119.40568860000008, -5.221384599999965], [119.40563310000005, -5.22117309999993], [119.40546350000011, -5.220527599999969], [119.40519030000007, -5.219527899999946], [119.40494050000007, -5.218416799999943], [119.40474930000005, -5.21814749999993], [119.40466930000002, -5.217941199999927], [119.40466860000004, -5.217766499999925], [119.40498280000008, -5.217066299999942], [119.40589670000008, -5.215696599999944], [119.40648020000003, -5.214947699999925], [119.407024, -5.214199], [119.40702740000006, -5.214183799999944], [119.40737750000005, -5.213681099999974], [119.40732250000008, -5.213581699999963], [119.40731520000008, -5.213568399999929], [119.40713240000002, -5.213237699999979], [119.40709390000006, -5.212975099999937], [119.40712950000011, -5.212474399999962], [119.407266, -5.212273599999946], [119.4073393000001, -5.211860399999978], [119.40753410000002, -5.210558099999957], [119.4075557000001, -5.210394599999972], [119.40760180000007, -5.210301299999969], [119.40764, -5.210255], [119.40790290000007, -5.210150299999952], [119.40791950000005, -5.210143699999946], [119.40798280000001, -5.210146499999951], [119.40893720000008, -5.210189], [119.40895570000009, -5.210189799999966], [119.40965480000011, -5.210212099999978], [119.40999210000007, -5.21026089999998], [119.41016020000006, -5.21022279999994], [119.41021660000001, -5.21021], [119.4103411000001, -5.210134399999959], [119.41046740000002, -5.21003], [119.41047970000011, -5.210001499999976], [119.41053180000006, -5.209880899999973], [119.41055760000006, -5.209733], [119.41061460000003, -5.209505799999931], [119.41066670000009, -5.209352599999931], [119.41076090000001, -5.20916189999997], [119.41081150000002, -5.209106499999962], [119.4109386, -5.208503699999937], [119.41099910000003, -5.208327299999951], [119.411044, -5.207981399999937], [119.41107840000006, -5.207717], [119.41089870000008, -5.206322899999975], [119.41089220000003, -5.206326199999978], [119.41079160000004, -5.20590969999995], [119.41064170000004, -5.205081599999971], [119.4101601000001, -5.20430609999994], [119.410018, -5.20400159999997], [119.40976340000009, -5.203414899999927], [119.409614, -5.20314019999995], [119.40960170000005, -5.203136799999925], [119.40898260000006, -5.202964099999974], [119.40878520000001, -5.20293259999994], [119.40861880000011, -5.202906], [119.40841120000005, -5.202944], [119.40831040000012, -5.20297549999998], [119.40802580000002, -5.203064499999925], [119.40778040000009, -5.203079699999932], [119.40751390000003, -5.203096199999948], [119.40735810000001, -5.203089299999931], [119.40730680000001, -5.203061199999979], [119.40707980000002, -5.202936399999942], [119.40685580000002, -5.202723], [119.4066921000001, -5.202589799999942], [119.40617050000003, -5.202018899999928], [119.40538830000003, -5.201203599999928], [119.40538, -5.200987899999973], [119.4053497000001, -5.200809499999934], [119.40523040000005, -5.200668599999972], [119.40507410000009, -5.200542799999937], [119.4049328000001, -5.200468899999976], [119.40467280000007, -5.200373199999945], [119.40432340000007, -5.200210899999945], [119.40396680000003, -5.200108099999966], [119.40343980000011, -5.199951799999951], [119.40341220000005, -5.19993779999993], [119.40259240000012, -5.199559299999976], [119.40216340000006, -5.199332], [119.40204310000001, -5.199323199999981], [119.40191590000006, -5.199313899999936], [119.40154540000003, -5.199467899999945], [119.4013079, -5.199573799999939], [119.40110790000006, -5.199526799999944], [119.40079350000008, -5.199432599999966], [119.40062180000007, -5.199339599999973], [119.40058370000008, -5.19931889999998], [119.40038350000009, -5.199224299999969], [119.40037430000007, -5.199222899999938], [119.40035420000004, -5.199211699999978], [119.400304, -5.199190299999941], [119.4002359000001, -5.199178], [119.40015890000006, -5.199171099999944], [119.40010310000002, -5.199171299999932], [119.40009080000004, -5.199171399999955], [119.40003530000001, -5.199177], [119.40000240000006, -5.199191299999939], [119.39941220000003, -5.199533], [119.3987201000001, -5.199868799999933], [119.39805650000005, -5.200135599999953], [119.39768990000005, -5.200165699999957], [119.39731130000007, -5.200052299999925], [119.39712770000006, -5.199995499999943], [119.3970031, -5.199892199999965], [119.3969234000001, -5.199826199999961], [119.39673770000002, -5.199610699999937], [119.39664090000008, -5.199350199999969], [119.3966468000001, -5.199096199999929], [119.3967282000001, -5.198896899999966], [119.39680470000008, -5.198751799999968], [119.39684140000008, -5.198526], [119.39683290000005, -5.198360299999933], [119.39674610000009, -5.198203599999943], [119.3966292, -5.198059899999976], [119.39650580000011, -5.198005499999965], [119.3964856, -5.198001799999929], [119.39647360000004, -5.197999599999946], [119.39632080000001, -5.19797189999997], [119.39619750000008, -5.197965499999952], [119.39619510000011, -5.197966799999961], [119.39618510000003, -5.197965299999964], [119.39615580000009, -5.197962899999936], [119.39613410000004, -5.197964699999943], [119.39611150000007, -5.197978199999966], [119.396106, -5.197985], [119.39610340000002, -5.197984899999938], [119.39586640000005, -5.198272199999963], [119.39565310000012, -5.198511699999926], [119.39529720000007, -5.198823299999958], [119.3949401000001, -5.198848599999963], [119.394889, -5.198838499999965], [119.39472210000008, -5.19884959999996], [119.39448240000002, -5.198836799999981], [119.39435930000002, -5.198851], [119.39421570000002, -5.198899599999947], [119.39390780000008, -5.198948799999926], [119.39358590000006, -5.19892939999994], [119.39337350000005, -5.198882199999957], [119.39319830000011, -5.198782599999959], [119.39310670000009, -5.198760099999959], [119.3927873, -5.198513], [119.39203220000002, -5.197928799999943], [119.39197810000007, -5.197878299999957], [119.39126870000007, -5.197478199999978], [119.3907521000001, -5.197031299999935], [119.39075150000008, -5.197031299999935], [119.3907302, -5.197009699999967], [119.39071680000006, -5.196991199999957], [119.39071500000011, -5.196988599999941], [119.390654, -5.196823799999947], [119.39063440000007, -5.196476099999927], [119.39063680000004, -5.196455499999956], [119.390616, -5.195222], [119.390742, -5.193176799999947], [119.39236460000006, -5.193145299999969], [119.39344570000003, -5.19304], [119.39383470000007, -5.192966199999944], [119.3941804000001, -5.192849199999955], [119.39446830000009, -5.192718], [119.3949861000001, -5.192383599999971], [119.39546040000005, -5.191962499999931], [119.39579060000005, -5.191556499999933], [119.396192, -5.190947699999981], [119.39622020000002, -5.190883199999973], [119.39628670000002, -5.19043819999996], [119.3960135000001, -5.190075799999931], [119.3959205000001, -5.189440199999979], [119.39576640000007, -5.188682799999981], [119.39564340000004, -5.188078299999972], [119.39518890000011, -5.187716599999931], [119.39545940000005, -5.187352199999964], [119.39654760000008, -5.187529799999936], [119.396456, -5.18725749999993], [119.3965439000001, -5.186530299999959], [119.39720340000008, -5.186566699999958], [119.3972424000001, -5.186534399999971], [119.39761710000005, -5.186460699999941], [119.39812190000009, -5.186502099999927], [119.398786, -5.186687599999971], [119.39945010000008, -5.18691629999995], [119.4002005000001, -5.187058099999945], [119.40122410000004, -5.187010799999939], [119.40123850000009, -5.187007], [119.4013781000001, -5.186936299999957], [119.40192090000005, -5.186888899999929], [119.402474, -5.186659599999928], [119.40307710000002, -5.186354399999971], [119.40361880000012, -5.185865699999965], [119.4040721, -5.185499299999947], [119.40417160000004, -5.185940199999948], [119.40450850000002, -5.186203599999942], [119.40487640000003, -5.186172899999974], [119.40596080000012, -5.186046699999963], [119.4060574, -5.185949], [119.40650810000011, -5.185311299999967], [119.40596270000003, -5.184859099999926], [119.40602660000002, -5.184768599999927], [119.4057802000001, -5.184561299999928], [119.40587730000004, -5.184364799999969], [119.40612050000004, -5.18402059999994], [119.40636390000009, -5.18372549999998], [119.4070008000001, -5.18366229999998], [119.40722620000008, -5.18349139999998], [119.40766950000011, -5.183215599999926], [119.40780160000008, -5.183022], [119.408034, -5.182681299999956], [119.40841610000007, -5.183227399999964], [119.40935030000003, -5.184547699999939], [119.41053080000006, -5.186357299999941], [119.41126330000009, -5.188083], [119.41138070000011, -5.18830209999993], [119.4118889, -5.189239899999961], [119.41198210000005, -5.189417], [119.41250040000011, -5.190401899999927], [119.41280940000001, -5.190989299999956], [119.4131354000001, -5.191385599999933], [119.41353360000005, -5.191817799999967], [119.4143997000001, -5.192489499999965], [119.41442740000002, -5.192511], [119.41460020000011, -5.192644899999948], [119.41482, -5.192771099999959], [119.41528320000009, -5.19303709999997], [119.41529870000011, -5.193046], [119.41541310000002, -5.193111699999974], [119.41637030000004, -5.193595899999934], [119.41774210000005, -5.194114699999943], [119.41948330000002, -5.194577899999956], [119.42034890000002, -5.194683], [119.4217546000001, -5.194623399999955], [119.42210220000004, -5.194541199999946], [119.422304, -5.19449359999993], [119.42323130000011, -5.194274399999927], [119.42472540000006, -5.193744599999945], [119.42515730000002, -5.193562199999974], [119.42730110000002, -5.192358099999979], [119.4273435, -5.19233429999997], [119.42800810000006, -5.191961], [119.42892430000006, -5.191383899999948], [119.4291052000001, -5.191270399999951], [119.42921690000003, -5.191210699999942], [119.42932240000005, -5.191154199999971], [119.42955390000009, -5.191031499999951], [119.43020220000005, -5.190687599999933], [119.4302024000001, -5.190687499999967], [119.43046580000009, -5.190556399999934], [119.430932, -5.190324199999964], [119.43115240000009, -5.190214399999945], [119.43115250000005, -5.190214499999968], [119.43127860000004, -5.190151699999944], [119.43129970000007, -5.190141299999937], [119.43184540000004, -5.18995659999996], [119.43191960000001, -5.189931399999978], [119.43210970000007, -5.189867099999958], [119.43235370000002, -5.189800199999979], [119.4325778000001, -5.18973879999993], [119.43352360000006, -5.189608699999951], [119.43458720000001, -5.189658799999961], [119.43572370000004, -5.189907399999925], [119.4360918000001, -5.19006], [119.43671670000003, -5.190319199999976], [119.4372767000001, -5.190660299999934], [119.43742050000003, -5.190763], [119.43798160000006, -5.191163599999925], [119.4381201000001, -5.191297199999951], [119.438299, -5.191469699999971], [119.43857870000011, -5.191739599999948], [119.43886860000009, -5.192136], [119.43911, -5.192376199999956], [119.43913120000002, -5.192397199999959], [119.4391346000001, -5.192400699999951], [119.4391485000001, -5.192414499999927], [119.43917770000007, -5.192395], [119.43917820000001, -5.192394199999967], [119.43943030000003, -5.192236399999956], [119.43954930000007, -5.192121399999962], [119.43954960000008, -5.192121099999952], [119.43976480000003, -5.191913099999965], [119.44002640000008, -5.191604799999936], [119.44006960000002, -5.191443599999957], [119.44027240000003, -5.191032899999925], [119.440591, -5.190387899999962], [119.440591, -5.190382399999976], [119.44062070000007, -5.190333099999975], [119.440635, -5.190011899999945], [119.44064290000006, -5.189675099999931], [119.44066770000006, -5.188614199999961], [119.44067780000012, -5.188614399999949], [119.4406911000001, -5.188289899999972], [119.44111540000006, -5.188273399999957], [119.44112280000002, -5.188290599999959], [119.4412397000001, -5.188297199999965], [119.44125640000004, -5.188298199999963], [119.44135030000007, -5.188571099999933], [119.44200460000002, -5.188591499999973], [119.4435539000001, -5.188639599999931], [119.44524520000004, -5.188701599999945], [119.44561090000002, -5.188700199999971], [119.44564650000007, -5.1887], [119.44629140000006, -5.188869199999942], [119.44632190000004, -5.188877199999979], [119.44781460000002, -5.189358399999946], [119.44783110000003, -5.189363699999944], [119.44898550000005, -5.189736], [119.4490896000001, -5.189772199999936], [119.44924330000003, -5.189822099999958], [119.4499148000001, -5.190055899999948], [119.4503585000001, -5.190202199999931], [119.45054530000004, -5.190263799999968], [119.45071370000005, -5.190319399999964], [119.4511132, -5.190480799999932], [119.45138540000005, -5.190509799999973], [119.45150220000005, -5.190520499999934], [119.45150560000002, -5.190522599999952], [119.45151260000011, -5.190523299999938], [119.45162830000004, -5.190596899999946], [119.45169730000009, -5.190638699999965], [119.45269850000011, -5.191224], [119.453502, -5.19133869999996], [119.4548271000001, -5.191525899999931], [119.45484570000008, -5.19152859999997], [119.45485420000011, -5.191529799999955], [119.45542350000005, -5.191861399999937], [119.45758290000003, -5.193129299999953], [119.45799540000007, -5.193422299999952], [119.45837720000009, -5.193649899999969], [119.458388, -5.193656399999952], [119.45866250000006, -5.193714199999931], [119.45917190000011, -5.193751499999962], [119.45954410000002, -5.193789299999935], [119.46056480000004, -5.194354799999928], [119.46110990000011, -5.194583], [119.46138230000008, -5.191936599999963], [119.461453, -5.191249599999935], [119.461852, -5.18906979999997], [119.46250530000009, -5.182464799999934], [119.46253840000008, -5.182082799999932], [119.46270030000005, -5.18021779999998], [119.4631356000001, -5.178507], [119.46316840000009, -5.178378099999975], [119.463384, -5.177688499999931], [119.46356630000002, -5.177105299999937], [119.46357310000008, -5.177083799999934], [119.46357340000009, -5.177082599999949], [119.46372940000003, -5.177736099999947], [119.463743, -5.177792699999941], [119.4644416000001, -5.177575099999956], [119.46460080000008, -5.177525299999957], [119.46461610000006, -5.177526099999966], [119.46585590000007, -5.177586699999949], [119.46684660000005, -5.177582799999925], [119.46770830000003, -5.178374099999928], [119.46902950000003, -5.178435099999945], [119.47041910000007, -5.179091899999946], [119.47122850000005, -5.179789699999958], [119.47141310000006, -5.179948799999977], [119.47202650000008, -5.18050809999994], [119.47272930000008, -5.181149], [119.4730039000001, -5.181399399999975], [119.47412960000008, -5.182123399999966], [119.47532280000007, -5.183244399999978], [119.47534250000001, -5.183333699999935], [119.47572610000009, -5.183855599999958], [119.47601010000005, -5.184242], [119.47605350000003, -5.184301099999971], [119.47638770000003, -5.18421989999996], [119.47697280000011, -5.184077799999955], [119.47929320000003, -5.185229599999957], [119.48336190000009, -5.187249299999962], [119.48356830000012, -5.18765929999995], [119.48359630000004, -5.187714799999981], [119.48452380000003, -5.188439499999959], [119.48470390000011, -5.188841399999944], [119.4847903000001, -5.189034499999934], [119.48617840000009, -5.189293899999939], [119.48611620000008, -5.190287399999931], [119.48658120000005, -5.190947699999981], [119.48783660000004, -5.191075199999943], [119.48895960000004, -5.191137], [119.489357, -5.191400299999941], [119.490214, -5.190999599999941], [119.49126870000009, -5.190465699999947], [119.49252150000007, -5.189931], [119.49410950000004, -5.190653099999963], [119.49516810000011, -5.191112499999974], [119.49526910000009, -5.191133], [119.497085, -5.191502199999945], [119.49827520000008, -5.191828599999951], [119.499069, -5.192156499999953], [119.50032580000004, -5.192615099999955], [119.50114790000009, -5.192809399999931], [119.50121, -5.192824099999939], [119.50121250000007, -5.19282469999996], [119.50121280000008, -5.192825099999936], [119.50124620000008, -5.192837299999951], [119.50135300000011, -5.192862199999979], [119.50139990000002, -5.192868699999963], [119.5014000000001, -5.19286829999993], [119.50141340000005, -5.192871799999978], [119.5014331000001, -5.192873099999929], [119.50144870000008, -5.19287369999995], [119.5014493000001, -5.19287479999997], [119.50144960000011, -5.192875499999957], [119.50153570000009, -5.192891599999939], [119.50283760000002, -5.193134799999939], [119.50415910000004, -5.193262], [119.50488610000002, -5.193391599999927], [119.50527080000006, -5.193438199999946], [119.50533530000007, -5.193446], [119.50594340000009, -5.193519799999933], [119.50601260000008, -5.193580899999972], [119.5065188000001, -5.193635299999926], [119.50753620000012, -5.19363119999997], [119.50766090000002, -5.193579199999931], [119.50898210000003, -5.193640199999948], [119.5103064000001, -5.194495699999948], [119.51070430000004, -5.19489139999996], [119.511695, -5.194887499999936], [119.51295010000001, -5.194948699999941], [119.5134117, -5.194748199999935], [119.51360540000007, -5.19362179999996], [119.5138677000001, -5.193157199999973], [119.51503480000008, -5.192991099999972], [119.51503150000008, -5.192939499999966], [119.51536420000002, -5.192938099999935], [119.51585090000003, -5.192881899999975], [119.51586630000008, -5.192811199999937], [119.51590410000006, -5.192637599999955], [119.515794, -5.192177], [119.515576, -5.191771], [119.51538510000012, -5.191392099999973], [119.51546470000005, -5.190984899999933], [119.51548990000003, -5.190523799999937], [119.51540760000012, -5.190225699999928], [119.51551430000006, -5.189845599999956], [119.51551270000004, -5.189438799999948], [119.51553780000006, -5.188950499999976], [119.51575160000004, -5.188298699999962], [119.51573560000008, -5.188273299999935], [119.515735, -5.188105699999937], [119.51567020000005, -5.187959], [119.5154956, -5.187849399999948], [119.51516450000008, -5.187547499999937], [119.51505380000003, -5.187364099999968], [119.51503470000011, -5.187162099999966], [119.515075, -5.186877599999946], [119.51523040000006, -5.186483599999974], [119.51529870000002, -5.186044799999934], [119.51543530000004, -5.186002499999972], [119.5157286000001, -5.185757699999954], [119.51588110000012, -5.185500499999932], [119.51609750000011, -5.185217499999965], [119.51633990000005, -5.185049799999945], [119.516582, -5.184818], [119.51655540000002, -5.184548699999937], [119.51649040000007, -5.18429249999997], [119.51623330000007, -5.183985699999937], [119.51607880000006, -5.183729799999981], [119.516154, -5.183344699999964], [119.51626770000007, -5.182985099999939], [119.51644580000004, -5.182727899999975], [119.51643220000005, -5.182522699999936], [119.51632930000005, -5.182382], [119.51575960000002, -5.182262499999979], [119.51546470000005, -5.182096899999976], [119.51520790000006, -5.181867], [119.5150139000001, -5.181329099999971], [119.5148206, -5.18099639999997], [119.51480350000008, -5.180979299999933], [119.51477160000002, -5.180896299999972], [119.51467930000001, -5.180749699999978], [119.51454150000006, -5.180658299999948], [119.51445820000004, -5.180658699999981], [119.51443540000002, -5.18063879999994], [119.51410290000001, -5.180665799999929], [119.51388550000001, -5.180692299999976], [119.5136549, -5.18059059999996], [119.513476, -5.180642599999942], [119.51325810000003, -5.180553699999962], [119.51318060000006, -5.180361599999969], [119.51308970000002, -5.180028499999935], [119.51311420000002, -5.179733399999975], [119.51326660000007, -5.17946349999994], [119.51350950000005, -5.179424], [119.51365, -5.179372199999932], [119.51364970000009, -5.179295199999956], [119.51367330000005, -5.178782099999978], [119.51357070000006, -5.178718299999957], [119.51341720000005, -5.178719], [119.51309680000008, -5.178566299999943], [119.51295560000005, -5.178464299999973], [119.51290370000004, -5.178272099999958], [119.51278810000008, -5.178157099999964], [119.5126729000001, -5.178144699999962], [119.512558, -5.178209299999935], [119.51240470000005, -5.178261199999952], [119.51221890000011, -5.178191099999935], [119.5122282000001, -5.178189599999939], [119.51227630000005, -5.178178299999956], [119.51218660000006, -5.178095399999961], [119.51209660000006, -5.177993099999981], [119.51200680000011, -5.177916499999981], [119.511853, -5.177840199999935], [119.51175, -5.177686699999981], [119.51196730000004, -5.177634499999954], [119.51211710000007, -5.177638299999956], [119.51207860000011, -5.177614], [119.51218470000003, -5.177608], [119.51237650000007, -5.177581599999939], [119.51237630000003, -5.177530299999944], [119.51238810000007, -5.17728649999998], [119.51215680000007, -5.177030899999977], [119.51190050000002, -5.176929299999927], [119.51178030000005, -5.176914099999976], [119.51180670000008, -5.176883499999974], [119.51163110000005, -5.176738], [119.511656, -5.176558299999954], [119.5117378000001, -5.17648939999998], [119.51189020000004, -5.176180799999941], [119.51204040000005, -5.176236599999925], [119.51247230000001, -5.176385299999936], [119.51250430000005, -5.176349], [119.5126216000001, -5.176215499999955], [119.512715, -5.176121199999955], [119.51288270000009, -5.175838499999941], [119.51310540000009, -5.17525489999997], [119.51342180000006, -5.174670799999944], [119.51368390000005, -5.174575799999957], [119.51418870000009, -5.174197799999945], [119.51431920000005, -5.174009299999966], [119.51439270000003, -5.173633], [119.51457930000004, -5.173387899999966], [119.51484120000009, -5.173236499999973], [119.5148961000001, -5.172897899999953], [119.5148951000001, -5.172634699999946], [119.51503060000005, -5.172387799999967], [119.51517430000001, -5.172126], [119.51498550000008, -5.171788399999969], [119.51491550000003, -5.171518499999934], [119.51491270000008, -5.171507799999972], [119.514892, -5.171428], [119.5149067000001, -5.170829899999944], [119.5150734, -5.170321699999931], [119.51555950000011, -5.169943799999942], [119.51570950000007, -5.169962], [119.51597230000004, -5.17003619999997], [119.51623510000002, -5.170091499999955], [119.51646050000011, -5.170203399999934], [119.51659180000001, -5.170202899999936], [119.51677920000009, -5.170183299999962], [119.51692880000007, -5.170088799999974], [119.51715370000011, -5.170069099999978], [119.51735990000009, -5.170049399999925], [119.51741590000006, -5.169992799999932], [119.51764090000006, -5.169973099999936], [119.51784680000003, -5.169878299999937], [119.51795880000009, -5.16976509999995], [119.51840790000006, -5.169537699999978], [119.51848240000004, -5.169405799999936], [119.5185901000001, -5.169296899999949], [119.51879990000009, -5.169085], [119.5187992000001, -5.168915799999979], [119.51868590000004, -5.168709399999955], [119.51842280000005, -5.168560099999979], [119.51834670000005, -5.168278399999963], [119.51828540000008, -5.168221499999959], [119.51819580000006, -5.168053399999962], [119.51808230000006, -5.167809499999976], [119.51804410000011, -5.167621699999927], [119.51815640000007, -5.167583599999944], [119.51828780000005, -5.167601899999966], [119.51847570000007, -5.167713899999967], [119.51862630000005, -5.167863699999941], [119.51879510000003, -5.167863099999977], [119.51888850000012, -5.167787499999974], [119.51890140000012, -5.167748299999971], [119.5189626, -5.167561599999942], [119.51901840000005, -5.167448599999943], [119.519168, -5.167335199999968], [119.51930670000002, -5.16717749999998], [119.51930820000007, -5.167084], [119.51929840000003, -5.166998199999966], [119.51934840000001, -5.166998], [119.519384, -5.166740899999979], [119.5191966000001, -5.165640099999962], [119.519153, -5.165576499999929], [119.51864410000007, -5.164834499999927], [119.51805680000007, -5.164506399999937], [119.51739650000002, -5.164215299999967], [119.51673560000006, -5.163777299999936], [119.51600140000005, -5.163339599999972], [119.51526830000012, -5.163158899999928], [119.51483, -5.163454399999978], [119.514777, -5.163507899999956], [119.51457470000003, -5.163712399999952], [119.51446710000005, -5.164300299999979], [119.51413880000007, -5.164632099999949], [119.51410410000005, -5.165109499999971], [119.51373920000003, -5.165441399999963], [119.51370210000005, -5.165331399999957], [119.51355580000006, -5.165368699999931], [119.51341230000003, -5.165083899999956], [119.51341930000001, -5.165050199999939], [119.51345780000008, -5.16456409999995], [119.5134713000001, -5.163891799999931], [119.51347810000004, -5.163575899999955], [119.51348770000004, -5.163302899999962], [119.51361090000012, -5.16282149999995], [119.5136093000001, -5.16281349999997], [119.51353670000003, -5.16245669999995], [119.5135054000001, -5.162243299999943], [119.51348680000001, -5.162116399999945], [119.51260480000008, -5.162169], [119.51218620000009, -5.162207699999954], [119.51160760000005, -5.162296499999968], [119.51091110000004, -5.16218189999995], [119.51017150000007, -5.162049], [119.50920970000004, -5.161818099999948], [119.50875370000006, -5.161745799999949], [119.50835860000007, -5.161512699999946], [119.50789040000006, -5.161489899999935], [119.5074350000001, -5.161590499999932], [119.50739090000002, -5.161603899999932], [119.50694280000005, -5.161740599999973], [119.50647550000008, -5.161927699999978], [119.50599570000008, -5.162077799999963], [119.505233, -5.16235249999994], [119.50468980000005, -5.162058299999956], [119.50422110000011, -5.161887199999967], [119.50386420000007, -5.16197509999995], [119.50349540000002, -5.162186499999962], [119.50340710000012, -5.162223399999959], [119.50332920000005, -5.162205699999959], [119.50315650000005, -5.162144599999976], [119.50300860000004, -5.162132799999938], [119.50279920000003, -5.16213369999997], [119.50247890000003, -5.162122599999975], [119.50235550000002, -5.162073699999951], [119.50204750000012, -5.162050199999953], [119.5019512, -5.162034499999947], [119.50198440000008, -5.161679899999967], [119.50195960000008, -5.161630599999967], [119.50121180000008, -5.161408899999969], [119.5012114000001, -5.16131189999993], [119.50106460000006, -5.161239099999932], [119.50106280000011, -5.160761799999932], [119.50076890000003, -5.160542599999928], [119.50078150000002, -5.16041139999993], [119.5008041000001, -5.160175299999935], [119.5005837000001, -5.159992599999953], [119.50054630000011, -5.159809199999927], [119.50043420000009, -5.159222199999931], [119.5001754000001, -5.158599], [119.499771, -5.158196699999962], [119.49955060000002, -5.158014], [119.49956680000003, -5.157879299999934], [119.49946110000008, -5.157828799999947], [119.49945890000004, -5.157816299999979], [119.49936460000004, -5.157280399999934], [119.49877620000007, -5.156658599999957], [119.49826210000003, -5.156293499999947], [119.49815010000009, -5.155743199999961], [119.497746, -5.155414299999961], [119.49726840000005, -5.155012299999953], [119.4968282000001, -5.154830499999946], [119.49662520000004, -5.154513399999928], [119.49657030000003, -5.154427599999963], [119.49634870000011, -5.153951199999938], [119.49627450000003, -5.153606799999977], [119.49617010000009, -5.153504699999928], [119.49579290000008, -5.153189499999939], [119.4955212000001, -5.152949299999932], [119.49506630000008, -5.152645699999937], [119.49490320000007, -5.15258979999993], [119.49486270000011, -5.152576], [119.49468490000004, -5.152515299999948], [119.49439890000008, -5.152448599999957], [119.49409070000002, -5.15248749999995], [119.49379040000008, -5.152602299999955], [119.49362190000011, -5.152697199999977], [119.493488, -5.152484199999947], [119.49337450000007, -5.152296199999967], [119.493223, -5.151995299999953], [119.4931471000001, -5.151807099999928], [119.49310790000004, -5.151392699999974], [119.49319770000011, -5.151118899999972], [119.49321930000008, -5.151053], [119.49324, -5.150674899999956]]], [[[119.4076778000001, -5.028795099999968], [119.40615090000006, -5.028249399999936], [119.4058973000001, -5.028214199999979], [119.40558780000003, -5.028296699999942], [119.40526710000006, -5.028722699999946], [119.40524520000008, -5.029373599999929], [119.40548730000012, -5.029951099999948], [119.40582160000008, -5.030609699999957], [119.40620050000007, -5.031313299999965], [119.4065687000001, -5.032188699999949], [119.40708670000004, -5.032566399999951], [119.40769580000006, -5.03290759999993], [119.4082462, -5.032905599999935], [119.409301, -5.032513], [119.41000090000011, -5.032275399999946], [119.41093010000009, -5.031892399999947], [119.41142260000004, -5.031474799999955], [119.41191580000009, -5.030948699999954], [119.41219010000009, -5.030324], [119.41228150000006, -5.029907899999955], [119.4120617000001, -5.029547099999945], [119.4116719000001, -5.029096699999968], [119.41131510000002, -5.028745499999957], [119.41074130000004, -5.028512599999942], [119.41016690000004, -5.028415299999949], [119.40953640000009, -5.028517099999931], [119.4088478000001, -5.028763699999956], [119.40843510000002, -5.028828499999975], [119.40789490000009, -5.028857599999981], [119.4076778000001, -5.028795099999968]]], [[[119.27656550000006, -5.032092399999954], [119.2763255000001, -5.031964], [119.27603030000012, -5.031854199999941], [119.27579020000007, -5.031688699999961], [119.2753292000001, -5.031598], [119.27495990000011, -5.031377599999928], [119.2746648000001, -5.031323199999974], [119.27431490000004, -5.031361299999958], [119.2741678000001, -5.031454199999928], [119.2740023, -5.031565699999931], [119.27383710000004, -5.031751], [119.27376410000011, -5.031954399999961], [119.27376540000012, -5.032323899999938], [119.27396930000009, -5.032674199999974], [119.27408060000005, -5.032895499999938], [119.27432130000011, -5.033208799999954], [119.27458030000003, -5.033521899999926], [119.27489330000003, -5.033446899999944], [119.274985, -5.033298799999955], [119.27500250000003, -5.033040099999937], [119.2745959, -5.032709], [119.2745579000001, -5.032358099999954], [119.27464960000009, -5.032228499999974], [119.274797, -5.032228], [119.27503660000002, -5.032264099999963], [119.27522120000003, -5.032337299999938], [119.2755532000001, -5.032447], [119.27579290000006, -5.032464599999969], [119.2759774000001, -5.032556399999976], [119.27621750000003, -5.03270329999998], [119.27640240000005, -5.032887399999936], [119.27642220000007, -5.033275299999957], [119.27642280000009, -5.033441599999946], [119.27636830000006, -5.033681899999976], [119.27629530000002, -5.033866899999964], [119.27609350000012, -5.034126299999969], [119.27594660000011, -5.034274599999947], [119.27565250000009, -5.034497299999941], [119.27554270000007, -5.034700899999962], [119.275562, -5.034959499999957], [119.2758209000001, -5.03523569999993], [119.27574790000006, -5.035439199999928], [119.27561960000003, -5.035624399999961], [119.275454, -5.035717299999931], [119.2751965000001, -5.035847499999932], [119.27499410000007, -5.035940599999947], [119.27486510000006, -5.035922599999935], [119.27473530000009, -5.035682899999927], [119.2743848, -5.035591699999941], [119.27423740000006, -5.03559219999994], [119.27414560000011, -5.035666499999934], [119.27409090000003, -5.035851399999956], [119.27409180000006, -5.03611], [119.27414780000004, -5.036313099999973], [119.27435120000007, -5.036515599999973], [119.27466520000007, -5.03673619999995], [119.27494230000002, -5.03691989999993], [119.2754417000001, -5.037472399999956], [119.275608, -5.037601199999926], [119.27577430000008, -5.037729899999931], [119.27588550000007, -5.037914299999954], [119.27607050000006, -5.038116799999955], [119.27608970000006, -5.038338499999952], [119.27605380000011, -5.03861569999998], [119.27603670000008, -5.038985199999956], [119.27601950000007, -5.039336299999945], [119.27598360000002, -5.039613599999939], [119.27585520000002, -5.039798699999949], [119.27563490000011, -5.040039699999966], [119.2754513000001, -5.04022509999993], [119.27530490000004, -5.040521199999944], [119.275177, -5.040817199999935], [119.2750860000001, -5.041150099999925], [119.2751426000001, -5.04151939999997], [119.27530890000003, -5.041666599999928], [119.2757329000001, -5.04172049999994], [119.2760647, -5.041737799999964], [119.2763222000001, -5.041607599999963], [119.27650670000003, -5.04168089999996], [119.27704140000003, -5.041752899999949], [119.27726220000011, -5.041678199999978], [119.27748280000003, -5.041511199999945], [119.2778138000001, -5.041306799999973], [119.27803380000012, -5.040992], [119.2784014, -5.040732], [119.27880550000009, -5.040342599999974], [119.27906270000005, -5.040138499999955], [119.27931940000008, -5.039768099999947], [119.279503, -5.039564299999938], [119.27966830000003, -5.039415899999938], [119.27996160000009, -5.038971499999946], [119.28010840000002, -5.038786199999947], [119.28029190000007, -5.038582399999939], [119.2804384000001, -5.038323199999979], [119.28056690000005, -5.038175], [119.28062160000002, -5.038008499999933], [119.2807130000001, -5.037786499999925], [119.2807491000001, -5.037583199999972], [119.28080290000003, -5.037158099999942], [119.28082040000004, -5.036880899999971], [119.28076410000006, -5.036604], [119.28067170000008, -5.036530399999947], [119.28052390000005, -5.036401599999976], [119.28050460000009, -5.036161499999935], [119.28046670000003, -5.035866], [119.28026320000004, -5.035626599999944], [119.280097, -5.035516299999927], [119.2800042, -5.03533189999996], [119.27976420000005, -5.035203399999943], [119.27965310000002, -5.035056], [119.27913580000006, -5.034669899999926], [119.27908030000003, -5.034596199999953], [119.27889530000004, -5.03439359999993], [119.27878410000005, -5.034209199999964], [119.27878350000003, -5.034043], [119.27870890000008, -5.03376609999998], [119.27861650000011, -5.033692499999972], [119.2784871, -5.033600599999943], [119.27832110000008, -5.033527299999946], [119.27824680000003, -5.033379799999977], [119.27822780000008, -5.033213599999954], [119.27809830000001, -5.033066199999951], [119.27795060000005, -5.032974399999944], [119.2778578000001, -5.03279], [119.2777099000001, -5.03266119999995], [119.27752540000006, -5.032569399999943], [119.277304, -5.032496299999934], [119.2770825, -5.032404699999972], [119.27680570000007, -5.032276399999944], [119.27656550000006, -5.032092399999954]]], [[[119.41257770000004, -5.03755289999998], [119.41308270000002, -5.037316], [119.41357510000012, -5.03688029999995], [119.4137922000001, -5.036472799999956], [119.41388350000011, -5.036029599999949], [119.41376810000008, -5.035740699999963], [119.41328620000002, -5.035525599999971], [119.41299920000006, -5.035463399999969], [119.41275860000007, -5.035446199999967], [119.4122192000001, -5.035366899999929], [119.411531, -5.035731], [119.41105980000009, -5.036112399999979], [119.41077470000005, -5.03671], [119.41068410000003, -5.037053799999967], [119.41079880000007, -5.037433], [119.41137270000002, -5.037557399999969], [119.41191220000007, -5.037663799999962], [119.41257770000004, -5.03755289999998]]], [[[119.42315190000011, -5.044274], [119.42301530000009, -5.04400279999993], [119.422879, -5.043765599999972], [119.4225732000001, -5.043529], [119.42243680000001, -5.043291799999963], [119.4221649000001, -5.043055099999947], [119.42209620000006, -5.04278359999995], [119.42162010000004, -5.042309899999964], [119.42138210000007, -5.042073099999925], [119.42070280000007, -5.041600099999926], [119.42043110000009, -5.041397299999971], [119.41988730000003, -5.040923899999939], [119.41951390000008, -5.040721499999961], [119.41890400000011, -5.040689799999939], [119.41826110000011, -5.040896], [119.41809380000007, -5.04144], [119.4180957000001, -5.041949399999964], [119.4183011, -5.042526], [119.41830350000009, -5.043171299999926], [119.41823870000007, -5.043986699999948], [119.41810620000001, -5.044802299999958], [119.418312, -5.04548079999995], [119.4190933000001, -5.046055199999955], [119.41973770000004, -5.046256599999936], [119.42058330000009, -5.045913799999937], [119.4212596000001, -5.045571699999925], [119.42183420000003, -5.045229899999981], [119.42237570000009, -5.045092], [119.42308720000005, -5.045123299999943], [119.42315190000011, -5.044274]]], [[[119.27575350000006, -5.043326], [119.27555510000002, -5.043183299999953], [119.2753785000001, -5.04301849999996], [119.27508100000011, -5.042865199999937], [119.2749377, -5.042777499999943], [119.27479480000011, -5.0428], [119.27471830000002, -5.042932599999972], [119.27463110000008, -5.043164499999932], [119.27446670000006, -5.043330499999968], [119.274346, -5.043408099999965], [119.27418100000011, -5.043419699999959], [119.27399340000011, -5.043232899999964], [119.27389360000006, -5.043012699999963], [119.27376120000008, -5.042891899999972], [119.27365120000002, -5.042881199999954], [119.27353130000006, -5.04320139999993], [119.27363120000007, -5.043443699999955], [119.2737423000001, -5.043763099999978], [119.27382030000001, -5.044049499999971], [119.2736781000001, -5.044281599999977], [119.27349160000006, -5.044436599999926], [119.27329450000002, -5.044679899999949], [119.27300930000001, -5.04491239999993], [119.27283460000001, -5.045265899999947], [119.27269480000007, -5.046192699999949], [119.27273980000007, -5.046490199999937], [119.27281790000006, -5.046787699999925], [119.27289560000008, -5.046997], [119.27353470000003, -5.047336599999937], [119.2738647000001, -5.047346399999981], [119.27417260000004, -5.04732329999996], [119.27437010000006, -5.047190299999954], [119.27456760000007, -5.047046199999954], [119.27477660000011, -5.04705649999994], [119.27502970000012, -5.047077699999932], [119.27539270000011, -5.047087399999953], [119.27574450000009, -5.047053099999971], [119.27604110000004, -5.046930799999927], [119.27621660000011, -5.046808899999974], [119.2763589000001, -5.046598899999935], [119.27640240000005, -5.046455399999957], [119.276501, -5.046344699999963], [119.2768195000001, -5.046200299999953], [119.27697320000004, -5.046122599999933], [119.27714870000011, -5.046000599999957], [119.2772586000001, -5.04596719999995], [119.27741240000012, -5.045911499999931], [119.277533, -5.045800799999938], [119.27756570000008, -5.045723499999951], [119.27757640000004, -5.045635199999936], [119.27756470000008, -5.045414699999981], [119.277531, -5.04523839999996], [119.27745330000005, -5.045029199999931], [119.2773208000001, -5.044864299999972], [119.27719910000008, -5.044666199999938], [119.27712180000003, -5.044578199999933], [119.27694530000008, -5.044435499999963], [119.27674650000006, -5.044193599999971], [119.2765918, -5.043995699999925], [119.27644810000004, -5.043797699999971], [119.27630490000001, -5.043721], [119.27618330000007, -5.043545], [119.27596290000008, -5.043446499999959], [119.27575350000006, -5.043326]]], [[[119.27298780000001, -5.050878199999943], [119.27279770000007, -5.050729499999932], [119.2726550000001, -5.050587399999927], [119.2724717000001, -5.050459099999955], [119.2722817, -5.050344299999949], [119.2721189, -5.050263399999949], [119.27194930000007, -5.050162199999932], [119.27177290000009, -5.050088099999925], [119.2716170000001, -5.050047899999925], [119.271373, -5.049967299999935], [119.27122390000011, -5.049940699999979], [119.27104140000006, -5.050022799999965], [119.2709334000001, -5.050138599999968], [119.27071690000002, -5.050173299999926], [119.2705820000001, -5.050329899999952], [119.27070460000004, -5.050533199999961], [119.27062440000009, -5.050838899999974], [119.27052360000005, -5.051076899999941], [119.2703623000001, -5.051416899999936], [119.27025550000008, -5.051851799999952], [119.27020270000003, -5.052245699999958], [119.2702915000001, -5.052489799999933], [119.2704288000001, -5.053018799999961], [119.27049040000009, -5.053195099999925], [119.27051110000002, -5.053317199999981], [119.27055230000008, -5.05348], [119.2706409000001, -5.053642699999955], [119.27075620000005, -5.053703299999938], [119.27086470000006, -5.053750499999978], [119.27099360000011, -5.053804399999933], [119.27125080000008, -5.053783099999976], [119.27134560000002, -5.053755599999931], [119.27150790000007, -5.053707499999973], [119.2715889000001, -5.053632499999935], [119.2717374, -5.053496299999949], [119.27190610000002, -5.053339499999936], [119.27206820000004, -5.05321669999995], [119.27216250000004, -5.053067099999964], [119.27224330000001, -5.052944599999933], [119.27232420000007, -5.052835699999946], [119.27239840000004, -5.052733599999954], [119.27244530000007, -5.052590899999927], [119.27251250000006, -5.052461599999958], [119.27257310000005, -5.052366399999926], [119.2726609, -5.052298199999939], [119.27270810000005, -5.052243699999963], [119.27280280000002, -5.052209399999981], [119.27297240000007, -5.052290299999925], [119.27301330000012, -5.052378399999952], [119.27306120000003, -5.052520799999968], [119.27314300000012, -5.05267669999995], [119.27323830000012, -5.052798499999938], [119.27335360000006, -5.052859199999943], [119.27353660000006, -5.052899299999979], [119.27370580000002, -5.052871599999946], [119.27385390000006, -5.052619899999968], [119.27391410000007, -5.052416], [119.27377810000007, -5.052267099999938], [119.27363560000003, -5.052172599999949], [119.27333040000008, -5.052024299999971], [119.27326860000005, -5.051780099999974], [119.2733492000001, -5.05159649999996], [119.27359190000004, -5.051297], [119.27374050000003, -5.051194599999974], [119.27405850000002, -5.051105199999938], [119.2741866, -5.050935099999947], [119.2741655000001, -5.050717899999938], [119.27403630000003, -5.050569], [119.27388040000005, -5.050508399999956], [119.27365710000004, -5.050577099999941], [119.27342080000005, -5.050761199999954], [119.27315070000009, -5.050993], [119.27298780000001, -5.050878199999943]]], [[[119.428847, -5.058366099999944], [119.42961620000005, -5.058119199999965], [119.43028070000003, -5.057746099999974], [119.43073920000006, -5.057428099999925], [119.43093370000008, -5.056866899999932], [119.430692, -5.056108599999959], [119.42996730000004, -5.055153299999972], [119.4293, -5.054297099999928], [119.42858660000002, -5.053350699999953], [119.4282988000001, -5.052899899999943], [119.42774680000002, -5.05186249999997], [119.42727420000006, -5.051132199999927], [119.42697540000006, -5.050771699999927], [119.42668770000012, -5.050501699999927], [119.42617120000011, -5.050386099999969], [119.42560850000007, -5.050252599999965], [119.4252527000001, -5.050299199999927], [119.42426710000007, -5.050682499999937], [119.4236929000001, -5.050937699999963], [119.42278750000003, -5.051528599999926], [119.42227190000006, -5.052235499999938], [119.42201000000011, -5.053321099999948], [119.42186210000011, -5.054605199999969], [119.42207120000012, -5.05553539999994], [119.4224981000001, -5.056564199999968], [119.42283070000008, -5.057078099999956], [119.42354440000008, -5.057979299999943], [119.42427880000002, -5.058509799999968], [119.42545080000002, -5.058595799999978], [119.426346, -5.058592499999975], [119.42728720000002, -5.058697399999971], [119.428079, -5.058775799999978], [119.428847, -5.058366099999944]]], [[[119.4047567, -5.075122799999974], [119.40561620000005, -5.074288], [119.40597120000007, -5.073708199999942], [119.40670330000012, -5.072413], [119.40717360000008, -5.071769499999959], [119.40779220000002, -5.071333299999935], [119.4084683000001, -5.07072519999997], [119.40905220000002, -5.070207799999935], [119.40937310000004, -5.069691399999954], [119.4095559000001, -5.069139299999961], [119.40943950000008, -5.068299199999956], [119.40919840000004, -5.068001799999934], [119.408601, -5.067633499999943], [119.40798060000009, -5.067283299999929], [119.40724610000007, -5.067014799999981], [119.4066481000001, -5.066628399999956], [119.40583260000005, -5.066260899999975], [119.40519, -5.066010199999937], [119.40463860000011, -5.065885699999967], [119.40409920000002, -5.065978099999938], [119.40393950000009, -5.066195599999958], [119.40358390000006, -5.066612699999951], [119.4032525, -5.067355099999929], [119.40285190000009, -5.068251399999951], [119.40278510000007, -5.068920599999956], [119.40276290000008, -5.069770299999959], [119.40272950000008, -5.070502599999941], [119.40290310000012, -5.071441899999968], [119.40315640000006, -5.071820599999967], [119.403696, -5.072098799999935], [119.40430460000005, -5.07230439999995], [119.4045804000001, -5.072538399999928], [119.40468510000005, -5.072818199999972], [119.40459320000002, -5.07311679999998], [119.40411160000008, -5.073588599999937], [119.40372180000008, -5.073906399999942], [119.40337880000004, -5.074531399999955], [119.40338010000005, -5.075046599999951], [119.40373540000007, -5.075443], [119.4042875, -5.07545], [119.4047567, -5.075122799999974]]], [[[119.41003500000011, -5.07438], [119.41058570000007, -5.074152], [119.410963, -5.073807099999954], [119.41123820000007, -5.07325469999995], [119.4114674000001, -5.072946499999944], [119.41147870000009, -5.072485499999971], [119.41123620000008, -5.072115899999972], [119.41101890000004, -5.072008199999971], [119.41070830000001, -5.071955099999968], [119.40934290000007, -5.072159099999965], [119.40878110000006, -5.072432299999946], [119.40855170000009, -5.072550699999965], [119.40825390000009, -5.073076], [119.40814020000005, -5.073573599999975], [119.4083816000001, -5.074106], [119.40895620000003, -5.074375], [119.40951880000011, -5.074472299999968], [119.41003500000011, -5.07438]]], [[[119.41022320000002, -5.077639599999941], [119.41005220000011, -5.077609099999961], [119.40992720000008, -5.077422599999977], [119.40975560000004, -5.077251899999965], [119.4094755000001, -5.077175], [119.4091022, -5.077098499999977], [119.408791, -5.076990599999931], [119.40844880000009, -5.076914], [119.40809120000006, -5.076884099999972], [119.40754690000006, -5.076792699999942], [119.40723550000007, -5.076653599999929], [119.40664520000007, -5.076718099999937], [119.40608590000011, -5.076782499999979], [119.40582240000003, -5.076986099999942], [119.40548170000011, -5.077314599999966], [119.40524960000005, -5.077580299999966], [119.40450540000006, -5.078241599999956], [119.40418040000009, -5.07860119999998], [119.40382480000005, -5.079101099999946], [119.4036082, -5.079366799999946], [119.4033922000001, -5.079803899999945], [119.40328510000006, -5.080256099999929], [119.40317820000007, -5.08077069999996], [119.40321070000005, -5.081160099999977], [119.40324380000004, -5.08168969999997], [119.40323010000009, -5.082203899999968], [119.4034180000001, -5.082577199999946], [119.40366770000003, -5.082841099999939], [119.40397930000006, -5.083042499999976], [119.40449320000005, -5.083321099999978], [119.40495970000006, -5.083381599999939], [119.40544120000004, -5.083301899999981], [119.40570480000008, -5.08312959999995], [119.40595270000006, -5.082941699999935], [119.40624760000003, -5.082815899999957], [119.40676030000009, -5.082767299999944], [119.40721130000009, -5.082843499999967], [119.40775610000003, -5.083075199999939], [119.40814460000001, -5.08305809999996], [119.40850180000007, -5.08296329999996], [119.408921, -5.082852699999933], [119.40930880000008, -5.082664299999976], [119.40971180000008, -5.082366699999966], [119.4100218000001, -5.082131799999956], [119.4103626000001, -5.081834499999957], [119.41078130000005, -5.08156809999997], [119.41099840000004, -5.081442599999946], [119.4114178000001, -5.081234399999971], [119.41158860000007, -5.081187], [119.41177490000007, -5.081124], [119.41193010000006, -5.081061099999943], [119.41202270000008, -5.08090489999995], [119.41213010000001, -5.080515], [119.412129, -5.080219], [119.41214360000004, -5.07996959999997], [119.41218880000008, -5.079579899999942], [119.41215590000002, -5.079112599999974], [119.41196820000005, -5.078770499999962], [119.4118122000001, -5.078615299999967], [119.41173330000004, -5.078304], [119.411686, -5.078117199999951], [119.4114518, -5.077822], [119.41120200000012, -5.077526899999953], [119.41113930000006, -5.077386899999965], [119.41088990000003, -5.07720089999998], [119.41071860000011, -5.077108], [119.41053240000008, -5.077186599999948], [119.41047070000002, -5.077311499999951], [119.41044040000008, -5.077529799999979], [119.41037870000002, -5.07765459999996], [119.41022320000002, -5.077639599999941]]], [[[119.31796870000005, -5.089411799999937], [119.3180781000001, -5.089246], [119.31818720000001, -5.08900669999997], [119.3183514000001, -5.08876719999995], [119.3187170000001, -5.088490199999967], [119.31897320000007, -5.08836059999993], [119.31917420000002, -5.088176099999941], [119.31943050000007, -5.088064899999949], [119.31961290000004, -5.087806899999975], [119.31981370000005, -5.087567299999932], [119.31988650000005, -5.08742], [119.3199409, -5.087254399999949], [119.31999530000007, -5.087070399999959], [119.32004920000008, -5.086776199999974], [119.32010320000006, -5.086500299999955], [119.3201391, -5.086279599999955], [119.32015640000009, -5.08600389999998], [119.320192, -5.085709699999938], [119.32024600000011, -5.085433799999976], [119.3203181, -5.085066], [119.32037220000007, -5.084826899999939], [119.32035270000006, -5.084496099999967], [119.32046160000004, -5.08418329999995], [119.32055280000009, -5.084054299999934], [119.32087980000006, -5.083226099999933], [119.3209892000001, -5.083060299999943], [119.321153, -5.08272889999995], [119.3213353000001, -5.082434199999966], [119.32146290000003, -5.08225], [119.3214805, -5.082029399999954], [119.32151620000002, -5.081771899999978], [119.32168050000007, -5.081569199999933], [119.3217896000001, -5.081329899999957], [119.32189870000002, -5.081072199999937], [119.32222650000006, -5.080446099999961], [119.32226290000006, -5.080372499999953], [119.32233440000005, -5.079857599999968], [119.32229680000012, -5.079618799999935], [119.32220460000008, -5.079453799999953], [119.32205740000006, -5.079307299999925], [119.32185520000007, -5.079161], [119.32163470000012, -5.079014699999959], [119.32123020000006, -5.078685399999927], [119.3209548000001, -5.078576099999964], [119.320661, -5.078430099999935], [119.32049560000007, -5.078320399999939], [119.32038510000007, -5.078173799999945], [119.32014650000008, -5.078101199999935], [119.31996260000005, -5.077936399999942], [119.31983350000007, -5.077734699999951], [119.31975940000007, -5.077514399999927], [119.3196484, -5.077239199999951], [119.31946440000002, -5.077037599999926], [119.31933540000011, -5.076872699999967], [119.31913350000002, -5.076781499999925], [119.3185830000001, -5.076654899999937], [119.318363, -5.076655699999947], [119.31801480000001, -5.076675299999977], [119.31772190000004, -5.076805], [119.31748420000008, -5.076971299999968], [119.31728320000002, -5.077155799999957], [119.317192, -5.07728469999995], [119.31710090000001, -5.077432099999953], [119.3169914, -5.077579499999956], [119.31680860000006, -5.07772719999997], [119.31658920000007, -5.077911799999981], [119.31642480000005, -5.07807779999996], [119.3161874000001, -5.078335899999956], [119.3160782000001, -5.078556899999967], [119.315951, -5.078869699999927], [119.31578730000001, -5.079237899999953], [119.31573390000005, -5.079660799999942], [119.315662, -5.080065399999967], [119.31546150000008, -5.080396899999926], [119.31533460000003, -5.080801699999938], [119.31528120000007, -5.081243], [119.31524850000005, -5.082345799999928], [119.3152500000001, -5.082786899999974], [119.31515990000003, -5.083228299999973], [119.31523520000007, -5.083779399999969], [119.31527370000003, -5.084275499999933], [119.31573590000005, -5.085376599999961], [119.31590190000009, -5.085633299999927], [119.31617820000008, -5.085999799999968], [119.31628940000007, -5.086348599999951], [119.31638220000002, -5.086679099999969], [119.31651170000009, -5.086991099999977], [119.31669610000006, -5.087284499999953], [119.3168621000001, -5.087577899999928], [119.31689990000007, -5.087890199999947], [119.31691950000004, -5.088239399999964], [119.3170487000001, -5.088496199999952], [119.31726970000011, -5.08875269999993], [119.31741740000007, -5.089046199999927], [119.31751010000005, -5.08933989999997], [119.31784070000003, -5.089504199999965], [119.31796870000005, -5.089411799999937]]], [[[119.40307610000002, -5.08679369999993], [119.40276530000006, -5.086583], [119.40242630000012, -5.086372299999937], [119.40231340000003, -5.086316299999964], [119.40205930000002, -5.086204199999941], [119.40143880000005, -5.086065299999973], [119.40067890000012, -5.086336499999959], [119.40054110000005, -5.087156299999947], [119.40055710000001, -5.087693], [119.400502, -5.088032299999952], [119.40023660000008, -5.088640699999928], [119.40008980000005, -5.090903799999978], [119.4003732000001, -5.091340599999967], [119.40074060000006, -5.09160769999994], [119.40107970000008, -5.091860699999927], [119.40143260000002, -5.092028899999946], [119.40179960000012, -5.092211099999929], [119.40227940000011, -5.092378799999949], [119.40251970000008, -5.092589799999928], [119.40236510000011, -5.092703399999948], [119.40197080000007, -5.092775499999959], [119.401562, -5.092720499999928], [119.40130820000002, -5.092693199999928], [119.40104110000004, -5.092849599999965], [119.40090120000002, -5.093132699999956], [119.40063640000005, -5.094003499999928], [119.40063670000006, -5.094088299999953], [119.40067950000002, -5.094215199999951], [119.40067980000003, -5.094314099999963], [119.40052520000006, -5.094399399999929], [119.40001760000007, -5.094330699999944], [119.39960910000002, -5.094346399999949], [119.39927090000003, -5.094347599999935], [119.39877750000005, -5.09430709999998], [119.39846760000012, -5.094322399999953], [119.39782050000008, -5.09460729999995], [119.39769460000002, -5.094862], [119.39759950000007, -5.095822899999973], [119.39765720000003, -5.096175899999935], [119.39789790000009, -5.096499899999969], [119.39841980000006, -5.096625099999926], [119.39877180000008, -5.096553099999937], [119.39905290000002, -5.09636839999996], [119.39937670000006, -5.096282499999973], [119.39956010000003, -5.096338299999957], [119.39975790000005, -5.09649289999993], [119.39999870000008, -5.096816899999965], [119.40007050000008, -5.097183899999948], [119.40015730000005, -5.097791], [119.40020130000005, -5.098242899999946], [119.40037180000002, -5.098623599999939], [119.40047290000007, -5.099287199999935], [119.40053130000001, -5.099837899999955], [119.40064560000008, -5.100275299999964], [119.40101360000006, -5.100711899999965], [119.401536, -5.100992399999939], [119.40207210000005, -5.101145799999927], [119.40246720000005, -5.10129969999997], [119.40291850000006, -5.101411], [119.40359540000009, -5.101535599999977], [119.40422980000005, -5.101632199999926], [119.40459590000012, -5.101560199999938], [119.404877, -5.101347199999964], [119.4051296, -5.10107789999995], [119.4055082000001, -5.10058209999994], [119.40574620000007, -5.100171499999931], [119.40577330000008, -5.099874799999952], [119.4057295, -5.099465299999963], [119.40578510000012, -5.099267299999951], [119.406109, -5.099195499999951], [119.40637820000006, -5.098627699999952], [119.40643410000007, -5.098486199999968], [119.40648920000001, -5.098147], [119.40640360000009, -5.097878899999955], [119.40633180000009, -5.097497799999928], [119.40618930000005, -5.097074599999928], [119.4060611000001, -5.096721899999977], [119.40590510000004, -5.09644], [119.40572120000002, -5.096242899999936], [119.40570570000011, -5.095875699999965], [119.40533530000005, -5.095222399999955], [119.40519360000008, -5.095011], [119.4050380000001, -5.094842099999937], [119.40507930000001, -5.094573599999933], [119.40513550000003, -5.094545099999948], [119.40527650000001, -5.094558699999936], [119.40548790000003, -5.094572], [119.40589630000011, -5.094514], [119.40612140000007, -5.094400199999939], [119.40613330000008, -5.093821], [119.4060462000001, -5.093129099999942], [119.40580540000008, -5.092805099999964], [119.40560770000002, -5.092678699999965], [119.40543760000003, -5.092411], [119.4054076000001, -5.091930799999943], [119.4055188000001, -5.091506599999946], [119.40568680000001, -5.091209399999968], [119.40579800000012, -5.090813399999945], [119.4056796000001, -5.089722199999926], [119.40565060000006, -5.089496199999928], [119.40560720000008, -5.08919979999996], [119.4055638000001, -5.088889199999926], [119.40556260000005, -5.088564299999973], [119.40566020000006, -5.088295499999958], [119.40571640000007, -5.088238799999942], [119.4059956000001, -5.087531499999955], [119.40586770000004, -5.087249399999962], [119.40512030000002, -5.087082699999939], [119.40471120000007, -5.086971199999937], [119.40420370000004, -5.086902499999951], [119.40382330000011, -5.086903899999925], [119.40342880000003, -5.086919499999965], [119.40307610000002, -5.08679369999993]]], [[[119.32462190000001, -5.005749699999967], [119.3242527000001, -5.005681099999947], [119.32392360000006, -5.005672199999935], [119.32366450000006, -5.005703099999948], [119.32342530000005, -5.005744], [119.3232660000001, -5.005814499999929], [119.32312680000007, -5.005925], [119.32293790000006, -5.006075599999974], [119.32280890000004, -5.006236], [119.32280120000007, -5.006868199999928], [119.3228418000001, -5.007078], [119.32283250000012, -5.007268], [119.32275350000009, -5.00747819999998], [119.32269440000005, -5.007698399999981], [119.32272510000007, -5.007918199999949], [119.32288540000002, -5.008127599999966], [119.32298560000004, -5.008267199999977], [119.32305620000011, -5.00848689999998], [119.3230172000001, -5.008747], [119.32291830000008, -5.008967199999972], [119.3225020000001, -5.009701399999926], [119.32241320000003, -5.009971599999972], [119.32227490000002, -5.010322], [119.32227750000004, -5.011061799999936], [119.3222879000001, -5.011181799999974], [119.32244790000004, -5.011321099999975], [119.32251830000007, -5.011490799999933], [119.32241890000012, -5.011571199999935], [119.3223597000001, -5.011761299999932], [119.322371, -5.012121199999967], [119.32231210000009, -5.012391299999933], [119.32240430000002, -5.013090799999929], [119.32243490000008, -5.013290599999948], [119.3225572, -5.014013499999976], [119.322568, -5.014233399999966], [119.32267840000009, -5.014442899999949], [119.32287840000004, -5.014612199999931], [119.32305810000003, -5.014681499999938], [119.32318820000012, -5.014811], [119.32331850000003, -5.014990499999953], [119.323349, -5.015160399999957], [119.32328970000003, -5.015300499999967], [119.32309060000011, -5.015391199999954], [119.32289130000004, -5.015421899999978], [119.32268190000002, -5.015422699999931], [119.3224924000001, -5.015433299999927], [119.32229340000004, -5.015554], [119.3221046000001, -5.015734599999973], [119.3219458000001, -5.015935099999979], [119.32157960000006, -5.016709299999945], [119.321591, -5.017089099999964], [119.32173130000001, -5.017288599999972], [119.32189130000006, -5.017428], [119.32207130000006, -5.017577299999971], [119.3222316, -5.017776699999956], [119.32240180000008, -5.017976], [119.32262140000012, -5.01804519999996], [119.32299050000006, -5.01809389999994], [119.32326970000008, -5.018092899999942], [119.32349880000004, -5.018042099999946], [119.3238275000001, -5.017940899999928], [119.32410650000008, -5.01786], [119.32436560000008, -5.017829099999972], [119.3245849000001, -5.017808299999956], [119.32529340000008, -5.017965699999934], [119.32546350000007, -5.018125099999963], [119.32549380000012, -5.018244899999956], [119.32551420000004, -5.018374799999947], [119.32551480000006, -5.018524799999966], [119.32550540000011, -5.018694799999935], [119.3254260000001, -5.018805], [119.3252867000001, -5.018875499999979], [119.32508760000007, -5.018986199999972], [119.32492830000001, -5.019046699999933], [119.32472920000009, -5.019137399999977], [119.3245303000001, -5.019278099999951], [119.32438130000003, -5.019438599999944], [119.32423250000011, -5.019669], [119.3241435000001, -5.019879299999957], [119.32402450000006, -5.020069599999943], [119.32387540000002, -5.020190099999979], [119.3237362000001, -5.020290599999953], [119.32360690000007, -5.020401], [119.32343780000008, -5.020521599999938], [119.3233785000001, -5.020661799999971], [119.323379, -5.020801699999936], [119.32344910000006, -5.020901499999979], [119.32364880000011, -5.020950699999958], [119.32378840000001, -5.020960199999934], [119.32405760000006, -5.020949299999927], [119.32427670000004, -5.020878499999981], [119.32457480000005, -5.020587499999976], [119.32473370000002, -5.020407], [119.32493250000005, -5.020216399999981], [119.32504150000011, -5.020046], [119.32519080000009, -5.01995549999998], [119.32533060000003, -5.020005], [119.32543060000012, -5.020094599999936], [119.3254511, -5.020254499999965], [119.3257109000001, -5.020393599999977], [119.325811, -5.020503199999951], [119.3258217, -5.020723099999941], [119.3257724, -5.020873199999926], [119.325683, -5.020963499999937], [119.32557350000002, -5.021033899999964], [119.32550420000007, -5.021154099999933], [119.32553460000008, -5.021293899999932], [119.3256745000001, -5.021393399999965], [119.3259240000001, -5.021452499999953], [119.32620310000004, -5.021421499999974], [119.32636250000007, -5.021381], [119.32657160000008, -5.021300199999928], [119.32671080000011, -5.02117979999997], [119.3269097000001, -5.021039099999939], [119.32714870000007, -5.020958299999961], [119.3275374000001, -5.020886899999937], [119.32771660000003, -5.020816299999979], [119.32786560000011, -5.020655799999929], [119.32806440000002, -5.020475099999942], [119.32826320000004, -5.020314499999927], [119.3284523000001, -5.020203799999933], [119.3288735000001, -5.020020599999953], [119.32899280000004, -5.019920199999945], [119.329102, -5.019789799999955], [119.32917150000003, -5.019689599999936], [119.32926060000011, -5.019509299999925], [119.32937960000004, -5.019339], [119.32948850000002, -5.019108599999925], [119.3295475000001, -5.018888499999946], [119.32960650000007, -5.018648299999938], [119.32966540000007, -5.018388199999947], [119.32965420000005, -5.018038299999944], [119.32960230000003, -5.017468699999938], [119.32959140000003, -5.017208799999935], [119.329541, -5.017059], [119.32947090000005, -5.016969299999971], [119.32939080000006, -5.01686959999995], [119.32930070000009, -5.01677], [119.32917050000003, -5.016600499999925], [119.32891970000003, -5.016498699999943], [119.32878960000005, -5.016349199999979], [119.32866960000001, -5.016249599999981], [119.32857940000008, -5.01613], [119.32849930000009, -5.016040299999929], [119.32839920000004, -5.015920699999981], [119.32831920000001, -5.015861], [119.32818920000011, -5.015771499999971], [119.32809940000004, -5.015741799999944], [119.32796990000008, -5.015772299999981], [119.32787040000005, -5.01585259999996], [119.32775120000008, -5.015963], [119.32763160000002, -5.015993399999957], [119.32750150000004, -5.015863899999943], [119.32750020000003, -5.015494], [119.32751980000012, -5.015374], [119.327569, -5.015213899999935], [119.3275784000001, -5.015033899999935], [119.32751790000009, -5.014844099999948], [119.32744750000006, -5.014674399999933], [119.32734730000004, -5.014534799999979], [119.32724730000007, -5.014455199999929], [119.327147, -5.014295599999969], [119.32705670000007, -5.014126], [119.32698620000008, -5.013936299999955], [119.3267624, -5.013003599999934], [119.32671170000003, -5.012753799999928], [119.32668110000009, -5.012564], [119.32665, -5.012244199999941], [119.32663910000008, -5.011964299999931], [119.32656830000008, -5.011704599999973], [119.326574, -5.010484899999938], [119.32658310000011, -5.010245], [119.3266321000001, -5.009984899999949], [119.32675090000009, -5.009754499999929], [119.32677980000005, -5.009454499999947], [119.32682690000001, -5.008971], [119.32673650000004, -5.008781399999975], [119.32665660000009, -5.008731699999942], [119.32655620000003, -5.008552099999974], [119.326466, -5.008402399999966], [119.32643530000007, -5.008202599999947], [119.32640470000001, -5.008002799999929], [119.32635440000001, -5.007873], [119.3263141000001, -5.007763199999943], [119.326264, -5.007673399999931], [119.32618380000008, -5.007573699999966], [119.32607360000009, -5.007404099999974], [119.32601310000007, -5.007234399999959], [119.32592270000009, -5.007024799999954], [119.3258320000001, -5.006765199999961], [119.32576160000008, -5.006585499999971], [119.32563110000001, -5.006346], [119.32556050000005, -5.00613629999998], [119.32546030000003, -5.005976699999962], [119.3253003000001, -5.005847299999971], [119.3252103000001, -5.005787599999962], [119.32506070000011, -5.005768199999977], [119.32482140000002, -5.005779], [119.32462190000001, -5.005749699999967]]], [[[119.32902850000005, -5.02242119999994], [119.32927730000006, -5.022270299999946], [119.32941630000005, -5.022099899999944], [119.32951550000007, -5.021949499999948], [119.32969420000006, -5.021749], [119.32982330000004, -5.02158849999995], [119.3299525000001, -5.021468099999936], [119.33004180000012, -5.021337799999969], [119.33011110000007, -5.021197599999937], [119.3300905000001, -5.02100779999995], [119.32999020000011, -5.020858199999964], [119.3298602000001, -5.020738599999959], [119.32968050000011, -5.020689299999958], [119.32955110000012, -5.020739699999979], [119.3293423, -5.020910499999957], [119.32923320000009, -5.021080799999936], [119.329134, -5.021231099999966], [119.32902480000007, -5.02137149999993], [119.32890570000006, -5.021531799999934], [119.32879670000011, -5.021712199999968], [119.32865750000008, -5.021832599999925], [119.3285284000001, -5.021983099999943], [119.32845960000009, -5.022253199999966], [119.32849990000011, -5.02236309999995], [119.3286098000001, -5.022442599999977], [119.32866970000009, -5.022452399999963], [119.32902850000005, -5.02242119999994]]], [[[119.32217450000007, -5.036125899999945], [119.3224378000001, -5.035871899999961], [119.32267890000003, -5.035391899999979], [119.32267860000002, -5.035391499999946], [119.32267910000007, -5.035390499999949], [119.32203420000008, -5.034642599999927], [119.3218051, -5.034534899999926], [119.3214147000001, -5.034527299999979], [119.32105940000008, -5.034727399999952], [119.32078400000012, -5.035080899999969], [119.3206358000001, -5.035569599999974], [119.32063590000007, -5.035570199999938], [119.32063570000003, -5.035571], [119.3206934000001, -5.035977499999944], [119.32102670000006, -5.036229399999968], [119.32168180000008, -5.03635369999995], [119.32217450000007, -5.036125899999945]]], [[[119.33128030000012, -5.049869799999954], [119.3312562000001, -5.048965899999928], [119.33150720000003, -5.048413599999947], [119.33186310000008, -5.047725399999933], [119.33198720000007, -5.046983699999942], [119.33199250000007, -5.046902299999942], [119.33203220000007, -5.046188099999938], [119.33183640000004, -5.045293899999933], [119.33132970000008, -5.04430149999996], [119.33085770000002, -5.043697499999951], [119.33037490000004, -5.043057499999975], [119.32962730000008, -5.042111099999943], [119.32906490000005, -5.041597799999977], [119.32821460000002, -5.041402], [119.32775560000005, -5.041286199999945], [119.32710050000003, -5.041152899999929], [119.32573550000006, -5.041311499999949], [119.32512740000004, -5.041431199999977], [119.32465730000001, -5.041514199999938], [119.32385410000006, -5.041716], [119.32321190000005, -5.042061799999942], [119.32259280000005, -5.042389399999934], [119.3220768000001, -5.043014899999946], [119.32167650000008, -5.043730499999981], [119.32143650000012, -5.044526799999971], [119.321381, -5.045557499999973], [119.32193290000009, -5.046134], [119.32254050000006, -5.046529499999963], [119.32321900000011, -5.046897699999931], [119.32358670000008, -5.047312199999965], [119.32365670000002, -5.047519799999975], [119.32340450000004, -5.048036], [119.323049, -5.048516399999926], [119.32280890000004, -5.04911379999993], [119.32293620000007, -5.049737], [119.32374030000005, -5.049960099999964], [119.32430260000001, -5.049958099999969], [119.32470410000008, -5.050065099999927], [119.32468210000002, -5.050698], [119.32444210000006, -5.051168899999936], [119.32421330000011, -5.051775299999974], [119.32424910000009, -5.052344699999935], [119.32461680000006, -5.052587399999936], [119.32517960000007, -5.052901799999972], [119.3256378000001, -5.053126099999929], [119.32586920000006, -5.053712799999971], [119.32581260000006, -5.054264399999965], [119.32581320000008, -5.05475249999995], [119.32643320000011, -5.05512989999994], [119.3272253, -5.055289799999969], [119.32862540000008, -5.055474599999968], [119.32952080000007, -5.055218299999979], [119.33031210000001, -5.054673099999945], [119.33073560000003, -5.054138199999954], [119.33130840000001, -5.053313599999967], [119.33155990000012, -5.052743199999952], [119.33182240000008, -5.051784099999963], [119.33190250000007, -5.051187199999958], [119.331522, -5.050492599999927], [119.33128030000012, -5.049869799999954]]], [[[119.35468580000008, -5.055170799999928], [119.35526780000009, -5.055015799999978], [119.35579490000009, -5.054670399999964], [119.35621910000009, -5.054343399999937], [119.35640250000006, -5.053945], [119.35650570000007, -5.053528899999947], [119.35650570000007, -5.05352819999996], [119.35650590000012, -5.053527499999973], [119.356482, -5.053147899999942], [119.35590740000009, -5.052526299999954], [119.35556130000009, -5.052166], [119.3550907, -5.05180619999993], [119.35448240000005, -5.051690899999926], [119.35400040000002, -5.051783], [119.35358740000004, -5.052218399999958], [119.3531756000001, -5.05301529999997], [119.35284410000008, -5.053730599999938], [119.35284410000008, -5.053731699999958], [119.35284400000012, -5.053732], [119.35284540000009, -5.054428], [119.35332830000004, -5.054778799999951], [119.35394880000001, -5.055138099999965], [119.3545107000001, -5.055217399999947], [119.35468580000008, -5.055170799999928]]], [[[119.32290300000011, -5.055858099999966], [119.32299820000003, -5.055799599999943], [119.32310160000009, -5.055720199999939], [119.32331660000011, -5.055548899999962], [119.32340750000003, -5.055444699999953], [119.32358470000008, -5.055128], [119.32386140000006, -5.054702599999928], [119.32396490000008, -5.054644099999962], [119.32409730000006, -5.054556299999945], [119.32428350000009, -5.05441419999994], [119.3243619000001, -5.054326599999968], [119.32443620000004, -5.054222399999958], [119.32443160000003, -5.054097699999943], [119.32438980000006, -5.053985599999976], [119.32433560000004, -5.053910899999948], [119.32419820000007, -5.053761699999939], [119.32398190000004, -5.053592], [119.32389870000009, -5.053509199999951], [119.32380300000011, -5.053426299999956], [119.3236700000001, -5.053347799999926], [119.32349150000005, -5.053323499999976], [119.32332130000009, -5.05326169999995], [119.323122, -5.053212599999938], [119.32278950000011, -5.05302249999994], [119.32266070000003, -5.052956399999971], [119.32238270000005, -5.052899199999956], [119.32218740000008, -5.052812599999925], [119.32200060000002, -5.052750899999978], [119.32188830000007, -5.052668099999948], [119.32175530000006, -5.052597899999967], [119.32165140000006, -5.052527599999962], [119.3215394, -5.052536299999929], [119.32145220000007, -5.052582599999937], [119.32139010000003, -5.052636899999925], [119.32136140000011, -5.052724299999966], [119.32133280000005, -5.052845], [119.32132910000007, -5.052961399999958], [119.32132950000005, -5.053069599999958], [119.32132990000002, -5.053198499999951], [119.32127650000007, -5.053327499999966], [119.32123560000002, -5.053502299999934], [119.321162, -5.053789499999937], [119.32118340000011, -5.053984799999967], [119.32122560000005, -5.054192599999965], [119.32127730000002, -5.054720499999974], [119.32129010000006, -5.054841], [119.32147750000001, -5.055056599999944], [119.32170180000003, -5.055147199999965], [119.32185960000004, -5.055188199999975], [119.3219759000001, -5.055233599999951], [119.3223465000001, -5.055656399999975], [119.3224838000001, -5.055788899999925], [119.32275790000006, -5.055866899999955], [119.32290300000011, -5.055858099999966]]], [[[119.28785760000005, -5.102567799999974], [119.28752740000004, -5.102492599999948], [119.28724820000002, -5.102493599999946], [119.28707070000007, -5.102519699999959], [119.28676640000003, -5.102597099999969], [119.28648730000009, -5.102598099999966], [119.28615720000005, -5.102548399999932], [119.28577650000011, -5.10252429999997], [119.28554820000011, -5.10255049999995], [119.28519380000012, -5.102806199999975], [119.285017, -5.103061199999956], [119.2848404, -5.10334169999993], [119.2846889000001, -5.103571199999976], [119.28448670000012, -5.103800899999953], [119.2841836, -5.104183499999976], [119.2841082000001, -5.104412799999977], [119.28405870000006, -5.104769099999942], [119.28398360000006, -5.105049199999939], [119.2838832000001, -5.10535479999993], [119.28375740000001, -5.105660599999965], [119.28365750000012, -5.106118799999933], [119.2836334000001, -5.106475099999955], [119.28373580000004, -5.106729099999939], [119.28388960000007, -5.107161099999928], [119.28386530000012, -5.107466399999964], [119.28386630000011, -5.107746299999974], [119.28399380000008, -5.107923899999946], [119.284071, -5.108228899999972], [119.28419850000012, -5.108406499999944], [119.28435180000008, -5.108685799999932], [119.28445410000006, -5.108914399999946], [119.28448010000011, -5.109092399999952], [119.28445540000007, -5.109296], [119.28448220000007, -5.109677499999975], [119.28455870000005, -5.109779], [119.28471130000003, -5.109880199999964], [119.2849149000001, -5.110057499999925], [119.28506770000001, -5.110209599999962], [119.28522010000006, -5.110234499999933], [119.28537270000004, -5.110335799999973], [119.28557580000006, -5.110360499999956], [119.28590560000009, -5.110333899999944], [119.28608330000009, -5.110333199999957], [119.2862857, -5.110154399999942], [119.28694240000004, -5.10928709999996], [119.28714380000008, -5.108828499999959], [119.2874213, -5.108369599999946], [119.28762270000004, -5.107910899999979], [119.28782440000009, -5.107528599999966], [119.2880262000001, -5.107197199999973], [119.28825340000003, -5.106840199999965], [119.28855650000003, -5.106457599999942], [119.28883420000011, -5.106049499999926], [119.28906160000008, -5.10576889999993], [119.28926390000004, -5.10556459999998], [119.28954240000007, -5.105360099999928], [119.2897944, -5.104875899999968], [119.289794, -5.104748699999959], [119.28984380000009, -5.104494099999954], [119.28974130000006, -5.104214599999978], [119.28956290000008, -5.103986299999974], [119.28946040000005, -5.103732299999933], [119.28918030000011, -5.103453399999978], [119.28890060000003, -5.10330179999994], [119.2885702000001, -5.103150299999925], [119.288316, -5.103024], [119.28818850000005, -5.102871899999968], [119.28808650000008, -5.102719599999944], [119.28785760000005, -5.102567799999974]]], [[[119.26546230000008, -5.145524499999965], [119.26535590000003, -5.14546219999994], [119.2650741000001, -5.145262799999955], [119.26489250000009, -5.145144499999958], [119.26481750000005, -5.145119699999952], [119.26468630000011, -5.145120099999929], [119.2645864000001, -5.145139299999926], [119.26443670000003, -5.145183699999961], [119.26440550000007, -5.145208799999978], [119.2643432000001, -5.145240399999977], [119.26426820000006, -5.145240599999966], [119.26416210000002, -5.145266099999958], [119.26402470000005, -5.145279099999925], [119.26384370000005, -5.145317299999931], [119.26367520000008, -5.145355499999937], [119.26361290000011, -5.145405799999935], [119.26360690000001, -5.145474699999966], [119.26357570000005, -5.145499899999948], [119.26344470000004, -5.145550499999956], [119.26335740000002, -5.145588299999929], [119.263245, -5.145595], [119.26314910000008, -5.145571299999972], [119.26306390000002, -5.145614399999943], [119.26280810000003, -5.14571559999996], [119.26270210000007, -5.145759799999951], [119.26257750000002, -5.145873], [119.26248420000002, -5.145986], [119.26247200000012, -5.146061199999963], [119.26244670000005, -5.146225799999968], [119.26245190000009, -5.146232], [119.26246060000005, -5.146355599999936], [119.26248, -5.146556], [119.26249970000003, -5.146825199999967], [119.26252560000012, -5.147075699999959], [119.26258280000002, -5.147344799999928], [119.26262080000004, -5.147501199999965], [119.26281470000004, -5.147582], [119.26292790000002, -5.147794499999975], [119.26297810000005, -5.147850699999935], [119.26300990000004, -5.148026], [119.263098, -5.148182199999951], [119.26314820000005, -5.148263499999928], [119.26325520000012, -5.148482299999955], [119.2633432, -5.148632299999974], [119.2634375, -5.14880729999993], [119.26344510000001, -5.148877199999959], [119.26345970000011, -5.148910599999965], [119.26348510000003, -5.149010699999963], [119.26349160000007, -5.149092099999962], [119.263492, -5.149211099999945], [119.26348670000004, -5.149467899999934], [119.26347010000006, -5.149594199999967], [119.26347370000008, -5.149598899999944], [119.26345020000008, -5.149743699999931], [119.26346330000001, -5.149925199999927], [119.26348260000009, -5.150081799999953], [119.26349590000007, -5.150313399999959], [119.26352140000006, -5.150457399999937], [119.26363460000005, -5.150676199999964], [119.26368510000009, -5.150826399999971], [119.26369820000002, -5.150976599999979], [119.26375120000012, -5.151160199999936], [119.26373550000005, -5.151244499999962], [119.26376190000008, -5.151345899999967], [119.26374420000002, -5.151615299999946], [119.26366990000008, -5.151803499999971], [119.26362660000007, -5.151922599999978], [119.26355190000004, -5.152010599999926], [119.26352090000012, -5.152073299999927], [119.26345850000007, -5.152098599999931], [119.26341380000008, -5.152121199999954], [119.26340820000007, -5.152148599999975], [119.26334010000005, -5.152180399999963], [119.26330270000005, -5.152205599999945], [119.2633029000001, -5.152252199999964], [119.26335290000009, -5.152274299999931], [119.26335940000001, -5.152324399999941], [119.26337840000008, -5.15240579999994], [119.2631546, -5.152719699999977], [119.263092, -5.152676099999951], [119.26303570000005, -5.152651299999945], [119.262942, -5.152664099999981], [119.26295470000002, -5.152714199999934], [119.2630425000001, -5.152801499999953], [119.2630425000001, -5.152826599999969], [119.26299290000009, -5.152908199999956], [119.26293070000008, -5.15298359999997], [119.26290570000003, -5.152989899999966], [119.26281790000007, -5.152902599999948], [119.26274920000003, -5.152909099999931], [119.26271820000011, -5.152959299999964], [119.26274350000006, -5.15304059999994], [119.26277880000009, -5.153075799999954], [119.26270620000003, -5.153109599999937], [119.26265640000008, -5.15316619999993], [119.2626629, -5.153228799999965], [119.2627007000001, -5.153303799999946], [119.262782, -5.153341099999977], [119.26285690000009, -5.153328299999941], [119.262888, -5.153284399999961], [119.262937, -5.153190799999948], [119.26295180000011, -5.15318469999994], [119.26298110000005, -5.15312119999993], [119.26308690000008, -5.15299559999994], [119.26326090000009, -5.152750699999956], [119.26337910000007, -5.152612499999975], [119.26344150000011, -5.152580899999975], [119.26351000000011, -5.15253679999995], [119.263541, -5.152474099999949], [119.26355330000001, -5.152392599999928], [119.26359650000006, -5.152260899999931], [119.26371460000007, -5.152097699999956], [119.26388270000007, -5.151928], [119.26403820000007, -5.151752], [119.26420010000004, -5.151607399999932], [119.26433720000011, -5.15150669999997], [119.26447420000011, -5.151374699999963], [119.26456750000011, -5.151267899999937], [119.26464830000009, -5.151154899999938], [119.264754, -5.151010399999961], [119.26484720000008, -5.150878599999942], [119.26494050000008, -5.150759299999947], [119.26504010000008, -5.150646199999926], [119.26526410000008, -5.150413599999979], [119.26532020000002, -5.150363299999981], [119.26539780000007, -5.150234599999976], [119.265466, -5.150102899999979], [119.2655095, -5.150021299999935], [119.26552790000005, -5.149933499999975], [119.26550880000002, -5.149820899999952], [119.26549590000002, -5.149714499999959], [119.2655016000001, -5.149557899999934], [119.26556360000006, -5.149419799999976], [119.26568170000007, -5.149256599999944], [119.26573760000008, -5.149162399999966], [119.26576840000007, -5.149055799999928], [119.26584290000005, -5.148924099999931], [119.26597950000007, -5.148691799999938], [119.26606670000001, -5.14859759999996], [119.26608520000002, -5.148547399999927], [119.26608510000005, -5.14850359999997], [119.26606620000007, -5.148459799999955], [119.26599740000006, -5.148435], [119.26601260000007, -5.148337799999979], [119.26608110000006, -5.148256199999935], [119.26613080000004, -5.148180799999977], [119.26623180000001, -5.148074799999961], [119.26627780000001, -5.147978499999965], [119.26634320000005, -5.147897599999965], [119.2663606000001, -5.147823], [119.2664291000001, -5.147747599999946], [119.26651630000003, -5.147678399999961], [119.26657210000008, -5.147565499999928], [119.26659060000009, -5.147502799999927], [119.26661530000001, -5.147408699999971], [119.26664, -5.147333499999945], [119.26664590000007, -5.147233299999925], [119.26664560000006, -5.147145599999931], [119.26664520000008, -5.147045399999968], [119.2666451, -5.147020299999951], [119.266647, -5.147019799999953], [119.26664720000008, -5.147014399999932], [119.2667341, -5.14699], [119.2667341, -5.14698919999995], [119.26685730000008, -5.146963199999959], [119.266951, -5.146944099999928], [119.26695380000001, -5.146944099999928], [119.26696290000007, -5.146939299999929], [119.266966, -5.146934899999962], [119.2669691000001, -5.146929899999975], [119.26696780000009, -5.146922299999972], [119.26696780000009, -5.146917299999927], [119.26696210000011, -5.146910399999967], [119.266954, -5.146903599999973], [119.2669489000001, -5.146898599999929], [119.26693770000008, -5.146898], [119.26692450000007, -5.146898699999952], [119.26690270000006, -5.146900599999981], [119.26684960000011, -5.146909599999958], [119.26672930000007, -5.146934199999976], [119.26672880000001, -5.146928], [119.2666048000001, -5.146955799999944], [119.26658350000002, -5.146863199999927], [119.26657710000006, -5.146734599999945], [119.26658270000007, -5.146635899999978], [119.26659740000002, -5.146555], [119.26658220000002, -5.146492299999977], [119.26657890000001, -5.14640849999995], [119.26662350000004, -5.146339599999976], [119.266686, -5.146315399999935], [119.26671290000002, -5.146321299999954], [119.26673270000003, -5.146312899999941], [119.26673310000001, -5.146311299999979], [119.26675910000006, -5.146304699999973], [119.266771, -5.146292699999947], [119.26677980000011, -5.146271699999943], [119.26677680000012, -5.146256799999946], [119.26675280000006, -5.146227], [119.26674, -5.146224399999937], [119.2667398000001, -5.146221799999978], [119.26671850000002, -5.146228599999972], [119.26667380000004, -5.146240699999964], [119.26666190000003, -5.146252699999934], [119.26667390000011, -5.146273599999972], [119.2666173, -5.146288799999979], [119.2666051000001, -5.146211], [119.26659, -5.146157199999948], [119.26658390000011, -5.146130299999925], [119.26654630000007, -5.146048199999939], [119.2665455, -5.146047199999941], [119.26651980000008, -5.146028], [119.2663758000001, -5.145934599999975], [119.26617570000008, -5.145872699999927], [119.2659566000001, -5.145748199999957], [119.26580020000006, -5.145667299999957], [119.26565, -5.145605199999977], [119.26546230000008, -5.145524499999965]]], [[[119.40052430000003, -5.113421499999959], [119.40053650000004, -5.113407399999971], [119.4005264000001, -5.113333], [119.40054580000003, -5.113228699999979], [119.4005012, -5.11322389999998], [119.4002885000001, -5.113249599999961], [119.4002938000001, -5.113343799999939], [119.40031390000001, -5.113438099999939], [119.40034960000003, -5.113467699999944], [119.40034790000004, -5.113469], [119.40036290000012, -5.113503799999933], [119.400431, -5.113610199999925], [119.40045050000003, -5.113668299999972], [119.4002190000001, -5.113804899999934], [119.400007, -5.113989799999956], [119.39991080000004, -5.114106499999934], [119.39983390000009, -5.114213399999926], [119.39980130000004, -5.114318099999934], [119.39982290000012, -5.11438579999998], [119.3997965000001, -5.114562499999977], [119.39965150000012, -5.114563099999941], [119.39963190000003, -5.114505], [119.39940960000001, -5.114515499999925], [119.39941010000007, -5.114651199999969], [119.39966160000006, -5.114679299999978], [119.39964210000005, -5.114631], [119.39982570000006, -5.114630299999931], [119.39983610000002, -5.114804699999979], [119.39989430000003, -5.114862599999981], [119.4000009, -5.114930099999981], [119.40006830000004, -5.114862], [119.40012750000005, -5.115172], [119.40004050000005, -5.115191699999968], [119.40012780000006, -5.115268899999933], [119.4001664000001, -5.115249399999925], [119.40018610000004, -5.11535589999994], [119.40011850000008, -5.115356199999951], [119.40012850000005, -5.115462799999932], [119.4002928000001, -5.115452399999981], [119.40028280000001, -5.115345899999966], [119.40022470000008, -5.115336399999933], [119.4002144000001, -5.115142599999956], [119.4002723000001, -5.115132599999981], [119.40027210000005, -5.115084199999956], [119.40017550000005, -5.115084499999966], [119.40012640000009, -5.114890899999978], [119.4002554000001, -5.114819699999941], [119.40029030000005, -5.114764199999968], [119.40047350000009, -5.114647199999979], [119.40069530000005, -5.114481599999976], [119.40085990000011, -5.114548799999966], [119.4008725000001, -5.114553899999976], [119.40087430000005, -5.114551699999936], [119.4008751, -5.114550299999962], [119.40090220000002, -5.114577299999951], [119.40117970000006, -5.114665599999967], [119.4012143000001, -5.114630799999929], [119.40118940000002, -5.114601099999959], [119.40107540000008, -5.114561799999933], [119.40089690000002, -5.114510099999961], [119.40090490000011, -5.114495499999975], [119.40079180000009, -5.11445219999996], [119.40093640000009, -5.114345], [119.4010158000001, -5.114291499999979], [119.40110090000007, -5.114135099999942], [119.40129980000006, -5.11384419999996], [119.40128260000006, -5.113839599999949], [119.4011279, -5.113849899999934], [119.40105, -5.113675699999931], [119.40091440000003, -5.11361809999994], [119.40080780000005, -5.11355059999994], [119.40081730000009, -5.113502099999948], [119.40076870000007, -5.113434499999926], [119.40052720000006, -5.113474099999962], [119.40052430000003, -5.113421499999959]]], [[[119.39253860000008, -5.128579299999956], [119.392531, -5.128492699999981], [119.39249110000003, -5.128422199999932], [119.3925676, -5.128179599999953], [119.39264440000011, -5.128053299999976], [119.39282670000011, -5.127674599999978], [119.39303780000012, -5.127247299999965], [119.39340240000001, -5.12650919999993], [119.39374780000003, -5.125790599999959], [119.39383350000003, -5.125597099999936], [119.39387520000002, -5.125554899999941], [119.39390130000004, -5.125479899999959], [119.3940301, -5.125390399999958], [119.39402430000007, -5.12534519999997], [119.39411480000001, -5.125284199999953], [119.39420940000002, -5.125129799999968], [119.39433430000008, -5.124916], [119.3944494000001, -5.124692699999969], [119.39455490000012, -5.124449899999945], [119.39467960000002, -5.124187799999959], [119.39477560000012, -5.124012899999968], [119.3948233000001, -5.12384789999993], [119.394958, -5.123673], [119.39503450000007, -5.123449699999981], [119.39513040000008, -5.12324579999995], [119.39523610000003, -5.123070899999959], [119.39533210000002, -5.12288639999997], [119.3953653000001, -5.122838599999966], [119.39541840000004, -5.12269219999996], [119.39549520000003, -5.122536799999978], [119.39554310000005, -5.12243], [119.39556190000008, -5.122274899999979], [119.39556120000009, -5.122081], [119.39561880000008, -5.121983899999975], [119.39574360000006, -5.121741099999952], [119.39587820000008, -5.121546699999953], [119.3960221000001, -5.121255299999973], [119.39610850000008, -5.121090199999969], [119.3961174000001, -5.121081299999958], [119.39613710000003, -5.120973799999945], [119.3961852000001, -5.120925199999931], [119.39624290000006, -5.120828], [119.3962907, -5.120682399999964], [119.39636470000005, -5.120638199999973], [119.39647150000008, -5.120404699999938], [119.39659160000008, -5.120291699999939], [119.39661750000005, -5.120177199999944], [119.39662690000011, -5.120109299999967], [119.39662670000007, -5.120060799999976], [119.39652980000005, -5.120003], [119.39644290000001, -5.120032399999957], [119.39636580000001, -5.12009089999998], [119.39632270000004, -5.120107699999949], [119.396308, -5.120136299999956], [119.39629610000009, -5.120163], [119.3962428000001, -5.120194699999956], [119.39609010000004, -5.120383299999958], [119.3957842000001, -5.120640799999933], [119.39553, -5.121017799999947], [119.395361, -5.121428599999945], [119.39524340000003, -5.121890499999949], [119.39522780000004, -5.122266599999932], [119.39522090000003, -5.122298199999932], [119.39515620000009, -5.122363599999971], [119.3950986000001, -5.122480199999927], [119.39503150000007, -5.122635499999944], [119.39499340000009, -5.122781], [119.39497640000002, -5.122835], [119.39485550000006, -5.123003], [119.39485610000008, -5.123091199999976], [119.394751, -5.123339599999952], [119.3947286, -5.123419199999944], [119.39467990000003, -5.123540699999978], [119.39462730000002, -5.123620399999936], [119.394605, -5.123707699999954], [119.39460280000003, -5.123716799999954], [119.3945235000001, -5.123810299999946], [119.39445640000008, -5.123975299999927], [119.39437020000003, -5.124179199999958], [119.39432410000006, -5.124319499999956], [119.39422600000012, -5.124498], [119.39415170000007, -5.12459089999993], [119.39413030000003, -5.124664799999948], [119.39405370000009, -5.124858899999936], [119.39398670000003, -5.12503369999996], [119.39387150000005, -5.125266699999941], [119.39375610000002, -5.125412599999947], [119.39370150000002, -5.125477699999976], [119.39364820000003, -5.125663399999951], [119.3935954000001, -5.125690099999929], [119.39356160000011, -5.125743299999954], [119.39352780000002, -5.12580029999998], [119.39351290000002, -5.125857199999928], [119.39349430000004, -5.125936799999977], [119.39339280000002, -5.126215099999968], [119.39333250000004, -5.126283499999943], [119.39325740000004, -5.126420199999927], [119.39321250000012, -5.126518899999951], [119.393175, -5.126598599999966], [119.39309980000007, -5.126712599999962], [119.39304340000001, -5.126807499999927], [119.39286690000006, -5.12720719999993], [119.39281420000009, -5.127275599999962], [119.39277290000007, -5.127355399999942], [119.39271660000009, -5.127457899999968], [119.39260800000011, -5.127723499999945], [119.392578, -5.127795599999956], [119.39251420000005, -5.127924699999937], [119.39245030000006, -5.128023399999961], [119.39241670000001, -5.128110699999979], [119.3923754000001, -5.128194199999939], [119.39234540000007, -5.128255], [119.39234560000011, -5.128308], [119.392355, -5.128323899999941], [119.39231160000008, -5.128489199999933], [119.392433, -5.128625099999965], [119.39253860000008, -5.128579299999956]]], [[[119.34336630000007, -5.12616509999998], [119.34352910000007, -5.126019299999939], [119.34364220000009, -5.125955499999975], [119.34372090000011, -5.125894499999958], [119.343776, -5.125854699999934], [119.343852, -5.125774299999932], [119.34388350000006, -5.125729199999967], [119.34390170000006, -5.125697499999944], [119.34392250000008, -5.125631399999975], [119.34392770000011, -5.125581199999942], [119.34391950000008, -5.125520499999936], [119.34390090000011, -5.125465199999951], [119.3438718000001, -5.125446699999941], [119.34382960000005, -5.125436299999933], [119.34378470000001, -5.125389], [119.34377670000003, -5.12534409999995], [119.34378970000012, -5.125293899999974], [119.34374950000006, -5.125117199999977], [119.34373620000008, -5.125082899999938], [119.34372540000004, -5.125006399999961], [119.34369370000002, -5.124966899999947], [119.34366180000006, -5.124914199999978], [119.3436405000001, -5.124861499999952], [119.3436273000001, -5.124832399999946], [119.34361390000004, -5.124779699999976], [119.34357960000011, -5.124735], [119.34346820000007, -5.124644899999964], [119.343418, -5.124589699999945], [119.34333870000012, -5.124537199999963], [119.34327560000008, -5.124524199999939], [119.34320960000002, -5.124492699999962], [119.343133, -5.124429699999951], [119.34300330000008, -5.124271699999952], [119.342966, -5.124171499999932], [119.34295010000005, -5.124126699999977], [119.3429235000001, -5.124052899999981], [119.34287860000006, -5.124008099999969], [119.342789, -5.123992599999951], [119.34271510000008, -5.123966499999938], [119.34268070000007, -5.123919099999966], [119.34265410000012, -5.12386639999994], [119.34259880000002, -5.123834899999963], [119.3425433000001, -5.123821899999939], [119.34246170000006, -5.123816899999952], [119.34234590000005, -5.123825299999964], [119.34227210000006, -5.123849299999961], [119.34222750000004, -5.123873199999935], [119.34215920000008, -5.123921], [119.3421383000001, -5.123960699999941], [119.34214220000001, -5.124312299999929], [119.3421479000001, -5.124433799999963], [119.34214040000006, -5.124547399999926], [119.34213540000007, -5.124618699999928], [119.34212520000005, -5.124727], [119.34213350000005, -5.124822], [119.34217090000004, -5.124980299999947], [119.342277, -5.125148899999942], [119.34230880000007, -5.125214799999981], [119.34234330000004, -5.125283299999978], [119.34246810000002, -5.125442199999952], [119.3425079000001, -5.125508099999934], [119.34254240000007, -5.125595099999941], [119.34258480000005, -5.125655699999925], [119.34264280000002, -5.125695099999973], [119.342701, -5.125734499999965], [119.34276970000008, -5.125789599999962], [119.34280950000004, -5.125871399999937], [119.3428441000001, -5.125976899999955], [119.3428894000001, -5.126119299999971], [119.34296860000006, -5.126187699999946], [119.343111, -5.126205599999935], [119.34320580000008, -5.126210499999956], [119.34329, -5.126212899999928], [119.34336630000007, -5.12616509999998]]], [[[119.38932380000006, -5.131033199999933], [119.3893058000001, -5.131024299999979], [119.38927290000004, -5.131021399999952], [119.38926210000011, -5.131018899999958], [119.38917890000005, -5.131041499999981], [119.38917590000005, -5.131037899999967], [119.38916840000002, -5.131051699999944], [119.38915340000005, -5.131042799999932], [119.38913840000009, -5.131024899999943], [119.38909650000005, -5.131025], [119.38905470000009, -5.131031199999939], [119.38903080000011, -5.131052299999965], [119.389013, -5.13109129999998], [119.3890149, -5.13112689999997], [119.38902530000007, -5.131174199999975], [119.3890219000001, -5.131177599999944], [119.389178, -5.13171269999998], [119.38919040000007, -5.131782599999951], [119.38923390000002, -5.132088599999975], [119.38931180000009, -5.132513499999959], [119.38931230000003, -5.13251379999997], [119.38931750000006, -5.132559], [119.38937080000005, -5.132620499999973], [119.38952340000003, -5.133107199999927], [119.38976510000009, -5.133909599999981], [119.38979580000012, -5.134027299999957], [119.38982930000009, -5.134816299999954], [119.38985670000011, -5.135334899999975], [119.38988250000011, -5.135428399999967], [119.38987440000005, -5.135522], [119.38988170000005, -5.13563849999997], [119.38998570000001, -5.135793699999965], [119.3900542, -5.13598049999996], [119.3901313, -5.136184399999934], [119.390208, -5.136277599999971], [119.39021650000007, -5.13628609999995], [119.39006340000003, -5.136532699999975], [119.38987640000005, -5.136873099999946], [119.38986150000005, -5.136900299999979], [119.38986220000004, -5.136902199999952], [119.38984820000007, -5.13693619999998], [119.38983830000006, -5.136974299999963], [119.38983840000003, -5.137], [119.3899302000001, -5.137070799999947], [119.38993030000006, -5.137071], [119.39019170000006, -5.137279099999944], [119.39066230000003, -5.137573799999927], [119.39097290000007, -5.137735799999973], [119.39128690000007, -5.137928099999954], [119.39161780000006, -5.138175399999966], [119.3916733000001, -5.138209599999925], [119.39192980000007, -5.138430799999981], [119.39196370000002, -5.138471599999946], [119.39201880000007, -5.138505599999974], [119.3920839000001, -5.138591899999938], [119.39227950000009, -5.138730899999928], [119.39257780000003, -5.138897499999928], [119.39268820000007, -5.138951099999929], [119.39277770000001, -5.138985099999957], [119.39282790000004, -5.138990499999977], [119.39286030000005, -5.139000399999929], [119.39291950000006, -5.139036], [119.39297540000007, -5.139072699999929], [119.39304690000006, -5.139112599999976], [119.3931162, -5.139140299999951], [119.39317190000008, -5.139144599999952], [119.393221, -5.139132099999927], [119.39324980000004, -5.139100699999972], [119.39328650000004, -5.139058099999943], [119.39331980000009, -5.139016599999934], [119.39332750000005, -5.138988599999948], [119.39333180000006, -5.13895279999997], [119.39334170000006, -5.138919199999975], [119.39335050000011, -5.138892399999975], [119.3933637, -5.138854299999934], [119.39339540000003, -5.138819799999965], [119.393396, -5.138816899999938], [119.39342320000003, -5.138778299999956], [119.39346420000004, -5.138723099999936], [119.39346890000002, -5.138717299999939], [119.39351120000003, -5.138650799999937], [119.39365, -5.138462], [119.39380090000009, -5.138256199999944], [119.3938108000001, -5.138235499999951], [119.39383180000004, -5.138190699999939], [119.39383820000012, -5.138123599999972], [119.39383440000006, -5.138064399999962], [119.39382850000004, -5.138052699999946], [119.39382730000011, -5.138027], [119.39383390000012, -5.138001199999962], [119.39384810000001, -5.137920699999938], [119.39389840000001, -5.137864599999943], [119.39391300000011, -5.137856299999953], [119.39393860000007, -5.137825899999939], [119.3939918000001, -5.137749699999972], [119.39402060000009, -5.137689199999954], [119.3940315000001, -5.137613099999953], [119.39403230000005, -5.137542699999926], [119.39399520000006, -5.137470199999939], [119.39397840000004, -5.137445599999978], [119.39391240000009, -5.137387699999977], [119.39390810000009, -5.137379799999962], [119.39382920000003, -5.137319399999967], [119.3937836, -5.137299299999938], [119.393593, -5.137252599999954], [119.3934312, -5.137208399999963], [119.39332740000009, -5.137189799999931], [119.3932516000001, -5.13718], [119.39319360000002, -5.13716919999996], [119.39319010000008, -5.137170199999957], [119.39316680000002, -5.137165799999934], [119.39310870000008, -5.137149299999976], [119.39305520000005, -5.137141699999972], [119.39300960000003, -5.137162], [119.39297290000002, -5.137200099999973], [119.3929329, -5.137247199999933], [119.39289310000004, -5.13729909999995], [119.3928671000001, -5.137299199999973], [119.39273560000004, -5.137240499999962], [119.392329, -5.136998], [119.3923205000001, -5.136992899999939], [119.392311, -5.136983399999963], [119.39179590000003, -5.136567799999966], [119.39178880000009, -5.136563], [119.39155620000008, -5.136397799999941], [119.39115790000005, -5.136216599999955], [119.39070920000006, -5.135836199999972], [119.3905042, -5.135604], [119.390485, -5.135494199999926], [119.3903477, -5.135078], [119.39014120000002, -5.134287799999925], [119.39000990000011, -5.134066], [119.38997890000007, -5.133949], [119.3898766000001, -5.133585899999957], [119.38979720000009, -5.133335099999954], [119.38952270000004, -5.132382499999949], [119.38923280000006, -5.131298799999968], [119.38921950000008, -5.13124339999996], [119.38921440000001, -5.131222199999968], [119.38921890000006, -5.131220199999973], [119.38921370000003, -5.131189499999948], [119.38922860000002, -5.131165399999929], [119.38925540000002, -5.13115629999993], [119.38927340000009, -5.13115629999993], [119.38930330000005, -5.131165199999941], [119.38931240000011, -5.131186099999979], [119.38931550000007, -5.131213099999968], [119.38933050000003, -5.13124], [119.38935740000011, -5.131245899999954], [119.38939030000006, -5.131236799999954], [119.3894021000001, -5.131209699999943], [119.38942, -5.131188699999939], [119.38941690000001, -5.131158699999958], [119.38940180000009, -5.131116799999972], [119.38936580000006, -5.131072], [119.38932380000006, -5.131033199999933]]]] 
      }
    }
  ]
}