{
  "type": "FeatureCollection",
  "name": "map",
  "crs": {
    "type": "name",
    "properties": {
      "name": "urn:ogc:def:crs:OGC:1.3:CRS84"
    }
  },
  "features": [
    {
      "type": "Feature",
      "properties": {
        "district_id": "3515010",
        "province": "Jawa Timur",
        "regency": "Sidoarjo",
        "district": "Tarik",
        "pria": 34287,
        "wanita": 33661,
        "total_penduduk": 67948
      },
      "geometry": {
        "type": "Polygon",
        "coordinates": [[[112.5549198000001, -7.445225899999969], [112.55491670000004, -7.445224799999949], [112.555, -7.445069799999942], [112.55502850000005, -7.445016799999962], [112.55502880000006, -7.445015799999965], [112.5551597000001, -7.444595699999979], [112.55520850000005, -7.444122799999946], [112.55527010000003, -7.443668799999955], [112.55530570000008, -7.443294299999934], [112.55564620000007, -7.442003], [112.55602660000011, -7.44074889999996], [112.55604660000006, -7.440703799999937], [112.55636570000001, -7.439983], [112.55665770000007, -7.439651499999968], [112.557125, -7.438737699999933], [112.55714620000003, -7.438696299999947], [112.5576410000001, -7.437572], [112.55708980000009, -7.437422599999934], [112.5565865000001, -7.437369699999977], [112.55571440000006, -7.437392799999941], [112.55532260000007, -7.437154], [112.55492150000009, -7.437125399999957], [112.55448020000006, -7.437066899999934], [112.55292530000008, -7.436782199999925], [112.55289130000006, -7.436787899999956], [112.55286790000002, -7.436784599999953], [112.55261510000003, -7.43674859999993], [112.55127560000005, -7.436548499999958], [112.55127510000011, -7.43654209999994], [112.5512682000001, -7.436439], [112.55126610000002, -7.436407699999961], [112.55118650000009, -7.435224699999935], [112.55113930000005, -7.43438029999993], [112.55107210000006, -7.433208199999967], [112.5510521000001, -7.432924599999978], [112.55099810000002, -7.432466799999929], [112.55097400000011, -7.432263099999943], [112.55092830000001, -7.431922799999938], [112.55089920000012, -7.431806699999981], [112.55088460000002, -7.431752199999949], [112.55086, -7.43171], [112.5508271000001, -7.431738099999961], [112.55081730000006, -7.431814199999963], [112.55081, -7.43192], [112.550807, -7.43216], [112.55079480000006, -7.432264499999974], [112.55078770000011, -7.432282799999939], [112.55061, -7.43231], [112.55013, -7.43227], [112.54993, -7.43222], [112.54946, -7.43192], [112.54938, -7.43188], [112.54901, -7.43217], [112.54871, -7.43237], [112.54848, -7.4321], [112.54837, -7.43194], [112.5483, -7.43189], [112.5482300000001, -7.43191], [112.54817, -7.43197], [112.54825, -7.43224], [112.54828, -7.43236], [112.54825, -7.43252], [112.54821, -7.43258], [112.54812, -7.43259], [112.54786, -7.43248], [112.5476900000001, -7.4324], [112.54728000000011, -7.4322], [112.54714, -7.43215], [112.54692000000011, -7.43219], [112.54677, -7.43227], [112.54651, -7.43248], [112.54639, -7.43253], [112.54633, -7.43254], [112.54624, -7.43243], [112.54614, -7.43212], [112.5461, -7.43198], [112.54602000000011, -7.4319], [112.54588, -7.43197], [112.5456, -7.43248], [112.54553, -7.43259], [112.54545, -7.43264], [112.54535, -7.43263], [112.54528, -7.43258], [112.54523, -7.43219], [112.54521000000011, -7.43211], [112.54484, -7.432], [112.54472, -7.43197], [112.54466, -7.4319], [112.54463, -7.43177], [112.5447, -7.43138], [112.54491750000011, -7.431175399999972], [112.544933, -7.43108049999995], [112.54486, -7.43099], [112.54401, -7.4308], [112.54389, -7.4308], [112.54359000000011, -7.43096], [112.54339, -7.43105], [112.543372, -7.430928699999981], [112.54338040000005, -7.430769899999973], [112.54332000000011, -7.43053], [112.54325, -7.43031], [112.54316, -7.43032], [112.5431, -7.4304], [112.54301, -7.43056], [112.54285, -7.43049], [112.54265150000003, -7.43057749999997], [112.54259380000008, -7.430677799999955], [112.54224150000005, -7.431031899999937], [112.54212570000004, -7.431106099999965], [112.54205740000009, -7.431211699999949], [112.5419700000001, -7.43124], [112.54175020000002, -7.431548599999928], [112.54153810000003, -7.431535199999928], [112.54138120000005, -7.431525299999976], [112.54111060000002, -7.431485299999963], [112.54070890000003, -7.431486699999937], [112.54036410000003, -7.431357], [112.53999520000002, -7.43134189999995], [112.5396012000001, -7.431220599999961], [112.53925690000005, -7.431197199999929], [112.53878920000011, -7.431092399999955], [112.538371, -7.431061199999931], [112.53806750000001, -7.431013099999973], [112.53773130000002, -7.430989699999941], [112.53733760000011, -7.430925599999966], [112.53679620000003, -7.430821099999946], [112.53655040000001, -7.430846499999973], [112.53607450000004, -7.43073359999994], [112.535525, -7.430653699999937], [112.53527070000007, -7.430613699999981], [112.53503300000011, -7.430614499999933], [112.534828, -7.430615199999977], [112.53443410000011, -7.430502], [112.53410620000011, -7.430494899999928], [112.53381900000011, -7.430422299999975], [112.53355650000003, -7.43036589999997], [112.53335650000008, -7.430349099999944], [112.53328150000004, -7.430342799999949], [112.5330891000001, -7.430326599999944], [112.532728, -7.430221499999959], [112.53251480000006, -7.430214], [112.53227730000003, -7.430280299999936], [112.53227420000007, -7.430280599999946], [112.53193310000006, -7.430306099999939], [112.53154720000009, -7.430135599999971], [112.5312024000001, -7.429989499999976], [112.5308821000001, -7.429826899999966], [112.53064410000002, -7.429737699999976], [112.530209, -7.429567399999939], [112.52987240000004, -7.429429399999947], [112.52956040000004, -7.429291399999954], [112.52914140000007, -7.42901459999996], [112.52889540000001, -7.428990899999974], [112.52869030000011, -7.428967099999966], [112.5283376000001, -7.428902799999946], [112.5281917000001, -7.428678], [112.52786, -7.42846], [112.5276639000001, -7.428487799999971], [112.52737690000004, -7.428447899999981], [112.5270895000001, -7.428318], [112.52685950000011, -7.428171499999962], [112.52661280000007, -7.427967699999954], [112.526285, -7.427985199999966], [112.52573510000002, -7.427790699999946], [112.52543910000009, -7.42753], [112.52544060000002, -7.427524099999971], [112.52532, -7.42732], [112.52526780000005, -7.427235099999962], [112.52524, -7.42719], [112.52518420000001, -7.42714239999998], [112.52490000000012, -7.4269], [112.52488260000007, -7.426888399999939], [112.52467, -7.42675], [112.52447, -7.42662], [112.52446970000005, -7.426619599999981], [112.52446960000009, -7.426619599999981], [112.5242, -7.42629], [112.5241046000001, -7.425997099999961], [112.52406030000009, -7.425860799999953], [112.52399, -7.425619799999936], [112.5239001000001, -7.425479799999948], [112.52359980000006, -7.425339899999926], [112.52331590000006, -7.425244699999951], [112.52331590000006, -7.425244799999973], [112.523312, -7.425243799999976], [112.52331190000007, -7.425244299999974], [112.52330560000007, -7.425242599999933], [112.52330570000004, -7.425242299999979], [112.52306980000003, -7.425184299999955], [112.52285440000003, -7.425139], [112.52268490000006, -7.42501679999998], [112.52246950000006, -7.424963799999944], [112.5220031, -7.425156499999957], [112.52199260000009, -7.425155099999927], [112.5215399000001, -7.425043799999969], [112.5213324, -7.425067499999955], [112.52087030000007, -7.424792899999943], [112.52060060000008, -7.424571299999968], [112.52032390000011, -7.42455689999997], [112.51997030000007, -7.424550499999953], [112.51984750000008, -7.424596899999926], [112.51967040000011, -7.424513099999956], [112.51938630000006, -7.424583199999972], [112.51923990000012, -7.424476299999981], [112.5190708, -7.424476799999979], [112.5189888000001, -7.424473599999942], [112.51870960000008, -7.424462699999935], [112.51850220000006, -7.424501799999973], [112.51831040000002, -7.424594499999955], [112.51768760000004, -7.424527599999976], [112.51768460000005, -7.424575499999946], [112.51767980000011, -7.424651499999925], [112.51761470000008, -7.425678599999969], [112.51738410000007, -7.42565639999998], [112.5171458000001, -7.425657199999932], [112.5169002, -7.425757699999963], [112.51679290000004, -7.425842499999931], [112.51652, -7.42585], [112.51604, -7.42577], [112.51592, -7.42576], [112.51586, -7.42576], [112.5156, -7.42583], [112.51534, -7.42593], [112.51507, -7.42597], [112.5149100000001, -7.42595], [112.51477000000011, -7.42591], [112.51466, -7.42587], [112.51445, -7.42579], [112.51429, -7.42579], [112.51406, -7.42583], [112.5138, -7.42594], [112.51364, -7.42602], [112.5135, -7.42603], [112.51326, -7.42597], [112.51313, -7.42592], [112.51302, -7.42588], [112.51271, -7.42564], [112.51263, -7.42559], [112.5123, -7.42574], [112.51207000000011, -7.42588], [112.51133, -7.42612], [112.51089710000008, -7.42875209999994], [112.5105105, -7.431426399999964], [112.510454, -7.431821599999978], [112.51044610000008, -7.431877499999928], [112.5101883000001, -7.433424], [112.50970560000007, -7.436481299999969], [112.50964520000002, -7.436864], [112.509293, -7.439094499999953], [112.5090758, -7.43904589999994], [112.50708880000002, -7.438549899999941], [112.50541720000001, -7.43816819999995], [112.50413490000005, -7.437941199999955], [112.50297360000002, -7.437681599999962], [112.50306060000003, -7.43676389999996], [112.50317120000011, -7.435640599999942], [112.50306060000003, -7.435617599999944], [112.50306450000005, -7.435589], [112.50223440000002, -7.435386699999981], [112.50229180000008, -7.434958499999937], [112.50235740000005, -7.43464419999998], [112.50220550000006, -7.434617299999957], [112.50222280000003, -7.434499399999936], [112.50077220000003, -7.434241899999961], [112.50076150000007, -7.43350769999995], [112.5006294000001, -7.433553099999926], [112.50062060000005, -7.433389899999952], [112.50062, -7.43337809999997], [112.5005139000001, -7.433419599999979], [112.50026570000011, -7.433516699999927], [112.49961370000005, -7.433771699999966], [112.4991533000001, -7.433951699999966], [112.49890540000001, -7.434075], [112.49876940000001, -7.433745], [112.49811740000007, -7.434028699999942], [112.49770690000003, -7.43410659999995], [112.49748650000004, -7.434098], [112.49727150000001, -7.434089699999959], [112.49711, -7.43405], [112.49685000000011, -7.43406], [112.49654, -7.43403], [112.49353680000002, -7.433587899999964], [112.49354, -7.43326], [112.49356000000012, -7.43251], [112.49356000000012, -7.43245], [112.4936100000001, -7.43176], [112.49366, -7.43155], [112.49394, -7.43114], [112.49407, -7.43097], [112.49412, -7.43087], [112.4941927000001, -7.430570499999931], [112.4940610000001, -7.43053459999993], [112.49406810000005, -7.430440899999951], [112.49404740000011, -7.430436199999974], [112.4938, -7.43038], [112.49185060000002, -7.430102599999941], [112.4919033000001, -7.43015], [112.49193, -7.43024], [112.49192340000002, -7.430444899999941], [112.49182850000011, -7.430597499999976], [112.49173, -7.43075], [112.49178250000011, -7.431082899999979], [112.49163080000005, -7.431330799999955], [112.49168860000009, -7.431501899999944], [112.49168050000003, -7.431930199999954], [112.49149000000011, -7.43219], [112.49152, -7.43247], [112.49144, -7.43274], [112.4913600000001, -7.43293], [112.49141, -7.43327], [112.49149580000005, -7.433691199999942], [112.4912045000001, -7.433880199999976], [112.49108940000008, -7.433776499999965], [112.49103, -7.433747099999948], [112.49083220000011, -7.43366889999993], [112.4905946, -7.433521799999937], [112.4904365000001, -7.433482899999944], [112.49028830000009, -7.433473599999957], [112.48994240000002, -7.433425399999976], [112.48976430000005, -7.433347099999935], [112.489596, -7.433239299999968], [112.48947740000006, -7.433219899999926], [112.48926, -7.433191099999931], [112.48914140000011, -7.433181599999955], [112.4890028000001, -7.433073599999943], [112.48888430000011, -7.433074], [112.48720880000008, -7.432589899999925], [112.48714840000002, -7.432596499999931], [112.48709970000004, -7.432558399999948], [112.4842599000001, -7.431737799999951], [112.48414620000005, -7.431708699999945], [112.48421420000011, -7.431241499999942], [112.4842298000001, -7.43113429999994], [112.48419560000002, -7.431127599999968], [112.48395, -7.431123099999979], [112.483942, -7.431207599999937], [112.4778583000001, -7.431065799999942], [112.47789300000011, -7.431012299999963], [112.47792360000005, -7.430965199999946], [112.47792410000011, -7.430964299999971], [112.4779175000001, -7.430964899999935], [112.47789130000001, -7.430967199999941], [112.477373, -7.431012], [112.47684490000006, -7.431097899999941], [112.476424, -7.431191], [112.47603360000005, -7.431222899999966], [112.47582680000005, -7.431215899999927], [112.47535220000009, -7.431271], [112.47424150000006, -7.43116], [112.47324590000005, -7.431148], [112.4721588000001, -7.431235699999945], [112.47187560000009, -7.431267199999979], [112.47187520000011, -7.431156099999953], [112.47176, -7.43119], [112.47179, -7.43102], [112.47175, -7.43079], [112.47171, -7.43037], [112.4717, -7.43029], [112.47167, -7.4302], [112.471651, -7.430133499999954], [112.47161920000008, -7.430144499999926], [112.47066330000007, -7.430545099999961], [112.46989, -7.430601199999955], [112.469673, -7.430696699999942], [112.46885780000002, -7.431055599999979], [112.46818530000007, -7.431485799999962], [112.46781080000005, -7.431708799999967], [112.46704540000007, -7.431818299999975], [112.46610320000002, -7.431714399999976], [112.46562040000003, -7.431684099999927], [112.46484070000008, -7.431635099999937], [112.46407370000009, -7.431675199999972], [112.4639519000001, -7.43166089999994], [112.46337660000006, -7.431593499999963], [112.46299440000007, -7.431801099999973], [112.46232290000012, -7.432275799999957], [112.46200140000008, -7.432951299999957], [112.46175190000008, -7.434132499999976], [112.46173250000004, -7.434332499999925], [112.46167240000011, -7.434954699999935], [112.46156610000003, -7.435237799999925], [112.46121490000007, -7.435552399999949], [112.4608938, -7.435698699999932], [112.4602900000001, -7.436059899999975], [112.45993880000003, -7.436382099999946], [112.45947540000009, -7.43751489999994], [112.45955360000005, -7.43799619999993], [112.45970050000005, -7.438416099999927], [112.45969830000001, -7.438930899999946], [112.45970160000002, -7.43893079999998], [112.45967760000008, -7.439223599999934], [112.45980070000007, -7.439492099999939], [112.4596481000001, -7.440080499999965], [112.459648, -7.440080599999931], [112.459648, -7.440081], [112.4595352, -7.440306], [112.45934360000001, -7.440688], [112.45934320000003, -7.440689299999974], [112.4593430000001, -7.44069], [112.4592474000001, -7.440826399999935], [112.4589, -7.441322], [112.45829, -7.44218], [112.45771800000011, -7.442649], [112.45771800000011, -7.442649199999948], [112.45771780000007, -7.442649199999948], [112.45741270000008, -7.443641499999956], [112.4572296, -7.444554699999969], [112.45710930000007, -7.445002099999954], [112.45701530000008, -7.445350499999961], [112.456947, -7.445605], [112.45684140000003, -7.446197599999948], [112.45680990000005, -7.446373799999947], [112.4566886, -7.446966], [112.45668790000002, -7.446969399999944], [112.45706530000007, -7.446896399999957], [112.4571, -7.44689], [112.45778830000006, -7.44681259999993], [112.458198, -7.446766], [112.459808, -7.446589], [112.460067, -7.446532799999943], [112.46089170000005, -7.446354299999939], [112.46149660000003, -7.446188099999972], [112.46203570000011, -7.446040399999958], [112.462189, -7.445998], [112.46239960000003, -7.445921599999963], [112.46391290000008, -7.445373399999937], [112.46492760000001, -7.445172199999945], [112.46493120000002, -7.445171499999958], [112.4649376000001, -7.445170499999961], [112.46540820000007, -7.445083199999942], [112.4664001000001, -7.44489939999994], [112.46698220000007, -7.444921299999976], [112.467339, -7.444935], [112.4684999000001, -7.44525219999997], [112.468643, -7.445291], [112.4689317000001, -7.445500299999935], [112.46947470000009, -7.445894099999975], [112.47044370000003, -7.446951699999943], [112.470579, -7.447093199999927], [112.471374, -7.447925], [112.47199960000012, -7.448405199999968], [112.472557, -7.448833299999933], [112.47288980000008, -7.449051599999962], [112.473495, -7.449449], [112.47426130000008, -7.44987], [112.47429950000003, -7.449890899999957], [112.474686, -7.450103], [112.475109, -7.450260199999946], [112.47560880000003, -7.450445499999944], [112.47730700000011, -7.451753099999962], [112.47848180000005, -7.452657699999975], [112.47900940000011, -7.453168299999959], [112.4790054, -7.453172799999948], [112.47959350000008, -7.453596599999969], [112.48280360000001, -7.455994199999964], [112.48338930000011, -7.456431599999974], [112.48425630000008, -7.457029499999976], [112.48477250000008, -7.457416099999932], [112.48492210000006, -7.457586699999979], [112.485018, -7.457696], [112.485201, -7.457904599999949], [112.485542, -7.458159], [112.48670690000006, -7.458956099999966], [112.48671720000004, -7.458962799999938], [112.48671900000011, -7.458963799999935], [112.4873027000001, -7.459300499999927], [112.48806, -7.459737], [112.488594, -7.459949], [112.48964350000006, -7.460158199999967], [112.4898376000001, -7.460196799999949], [112.491516, -7.460389], [112.4927398000001, -7.460522499999968], [112.49274, -7.460522499999968], [112.49274150000008, -7.460522699999956], [112.492744, -7.460523], [112.49291270000003, -7.460550599999976], [112.494446, -7.460802], [112.4951089000001, -7.460986599999956], [112.495735, -7.461161], [112.496741, -7.461442499999976], [112.497261, -7.461588199999937], [112.49879450000003, -7.461901099999977], [112.49977870000009, -7.462002599999948], [112.50056870000003, -7.462125599999979], [112.5017160000001, -7.46225579999998], [112.501717, -7.462256], [112.50301350000007, -7.462294], [112.503014, -7.462294], [112.503632, -7.462292], [112.50424570000007, -7.462319499999978], [112.50450130000002, -7.462331199999937], [112.50466060000008, -7.462351199999944], [112.50515740000003, -7.462413599999934], [112.5053292, -7.462447599999962], [112.50548550000008, -7.462478499999975], [112.505487, -7.462479199999962], [112.50549, -7.462481], [112.506131, -7.462779499999954], [112.506203, -7.462813], [112.50679800000012, -7.463172], [112.506976, -7.463311899999951], [112.5075230000001, -7.463742], [112.5080180000001, -7.464101], [112.508568, -7.464587], [112.50918600000011, -7.46503], [112.510124, -7.465663], [112.510742, -7.466042], [112.511146, -7.466336], [112.51115, -7.466339099999971], [112.511383, -7.466506], [112.511742, -7.466802], [112.512192, -7.466928], [112.51238940000007, -7.466938399999947], [112.5124, -7.466939], [112.512405, -7.466939], [112.51254930000005, -7.46694789999998], [112.51255, -7.466948], [112.5126656000001, -7.466949599999964], [112.513306, -7.466959], [112.513312, -7.466958499999976], [112.513786, -7.466965], [112.51472300000012, -7.467088699999977], [112.51472500000011, -7.467089], [112.514776, -7.467095499999971], [112.51498420000007, -7.467122299999971], [112.51519, -7.467148099999974], [112.515213, -7.467151], [112.516464, -7.467295], [112.517616, -7.467333], [112.51762030000009, -7.467333199999928], [112.51899110000011, -7.467412699999954], [112.518997, -7.467413], [112.519569, -7.467411], [112.519867, -7.467453], [112.51986950000003, -7.46745379999993], [112.51987, -7.467454], [112.520531, -7.46762], [112.521469, -7.467893], [112.52242300000012, -7.468186], [112.5231480000001, -7.468396], [112.523948, -7.468723], [112.524742, -7.468878], [112.525106, -7.468951], [112.52534, -7.468957], [112.5257600000001, -7.469016], [112.526039, -7.469063], [112.526621, -7.469119], [112.526925, -7.469152], [112.52724500000011, -7.46917], [112.52755900000011, -7.469195], [112.527999, -7.469197], [112.52821340000003, -7.469216], [112.52821910000011, -7.469184899999959], [112.528225, -7.469153], [112.529217, -7.469222], [112.530226, -7.469439], [112.53036220000001, -7.469504399999948], [112.531689, -7.47014], [112.531719, -7.470101], [112.53215000000012, -7.470311], [112.532631, -7.470691], [112.53275380000002, -7.470755499999939], [112.533127, -7.470951], [112.533562, -7.471116], [112.534065, -7.47121], [112.534683, -7.471184], [112.53505830000006, -7.471159], [112.535423, -7.471134], [112.536095, -7.470988], [112.5365680000001, -7.470891], [112.536903, -7.470819], [112.53733100000011, -7.47077], [112.53743550000002, -7.470757699999979], [112.5376576000001, -7.470730499999945], [112.53772170000002, -7.470404099999939], [112.537675, -7.470408199999952], [112.53771040000004, -7.469883599999946], [112.53771340000003, -7.469838699999968], [112.53780250000011, -7.468984899999953], [112.53782050000007, -7.468854199999953], [112.53785380000011, -7.468610599999977], [112.53768930000001, -7.468591499999945], [112.537761, -7.468381099999931], [112.5377602000001, -7.468151399999954], [112.53780510000001, -7.467842699999949], [112.53783, -7.467442099999971], [112.53787530000011, -7.467225299999939], [112.53793150000001, -7.466927099999964], [112.53797740000005, -7.466946], [112.53819310000006, -7.466999], [112.53846950000002, -7.466654499999947], [112.53873820000001, -7.466404699999941], [112.53896910000003, -7.466181399999925], [112.539128, -7.466151099999934], [112.539253, -7.46617759999998], [112.539393, -7.466234399999962], [112.53950280000004, -7.46634419999998], [112.5396012000001, -7.466476599999964], [112.53972230000011, -7.466525899999965], [112.53980560000002, -7.466575099999943], [112.5398699000001, -7.466650799999968], [112.5400327000001, -7.466737799999976], [112.5402219, -7.466798399999959], [112.54044150000004, -7.466813499999944], [112.54069130000005, -7.466688599999941], [112.54074280000009, -7.46667489999993], [112.5408069, -7.46665779999995], [112.54091840000001, -7.466628], [112.54111140000009, -7.466582599999981], [112.5412477000001, -7.466552299999933], [112.5413612000001, -7.466529599999944], [112.54146340000011, -7.466506899999956], [112.54158, -7.4665], [112.54169, -7.46661], [112.54191380000009, -7.466609099999971], [112.54214470000011, -7.466669699999954], [112.54242860000011, -7.466616699999975], [112.54264260000002, -7.466549099999952], [112.54264020000005, -7.466554599999938], [112.54251540000007, -7.466849699999955], [112.54229480000004, -7.467084499999942], [112.54225770000005, -7.467245299999945], [112.5422625000001, -7.468605799999978], [112.54248920000009, -7.468676099999925], [112.54281320000007, -7.468577299999936], [112.542834, -7.468570899999975], [112.54326380000009, -7.468588899999929], [112.54355040000007, -7.468600899999956], [112.54423450000002, -7.468696], [112.544736, -7.468726799999956], [112.54591490000007, -7.468820099999959], [112.54646860000003, -7.468876699999953], [112.54665110000008, -7.468921499999965], [112.5466828000001, -7.468661499999939], [112.546852, -7.468634899999927], [112.54709950000006, -7.46866], [112.54730160000008, -7.468717799999979], [112.5476076000001, -7.468710199999975], [112.54792020000002, -7.468728599999963], [112.54831750000005, -7.46874669999994], [112.54859750000003, -7.468752199999926], [112.54889060000005, -7.468764199999953], [112.54927250000003, -7.468769299999963], [112.54927440000006, -7.468754799999942], [112.54928, -7.46871], [112.54935000000012, -7.46827], [112.54939, -7.46789], [112.54944580000006, -7.467489099999966], [112.54948850000005, -7.467169299999966], [112.54954180000004, -7.466822899999954], [112.54988280000009, -7.466897499999959], [112.55050630000005, -7.466977499999928], [112.55133770000009, -7.4671], [112.5520997000001, -7.467243899999971], [112.552574, -7.46730789999998], [112.5535599000001, -7.467489099999966], [112.55387440000004, -7.467531699999938], [112.55397030000006, -7.46732389999994], [112.55405, -7.46709], [112.55418, -7.46677], [112.55434330000003, -7.466407199999935], [112.55451920000007, -7.466050199999927], [112.55464180000001, -7.465735799999948], [112.55476970000007, -7.465448], [112.55504140000005, -7.465154899999959], [112.5560167000001, -7.464366199999972], [112.55623520000006, -7.464227599999958], [112.55644830000006, -7.463998499999946], [112.55657090000011, -7.463875899999948], [112.55657620000011, -7.463806599999941], [112.55660290000003, -7.463790599999982], [112.55675740000004, -7.463790599999982], [112.55685340000002, -7.46372139999994], [112.556848, -7.463566799999967], [112.55695990000004, -7.463486899999964], [112.55706120000002, -7.463449599999933], [112.55730630000005, -7.463460199999929], [112.5574236000001, -7.463422899999955], [112.5574875000001, -7.463390899999979], [112.55758880000008, -7.463375], [112.55765270000006, -7.463295], [112.55778, -7.46324], [112.55795, -7.4632], [112.55812, -7.46313], [112.55834, -7.46303], [112.5586, -7.46294], [112.55875590000005, -7.462911299999973], [112.55891570000006, -7.462863399999947], [112.558981, -7.462842099999932], [112.55916090000005, -7.462783399999978], [112.55926210000007, -7.46262349999995], [112.559422, -7.462719499999935], [112.55957590000003, -7.462740699999927], [112.55957620000004, -7.462739499999941], [112.55979, -7.46287], [112.55979, -7.462870299999963], [112.55980120000004, -7.462871699999937], [112.55984500000011, -7.462648799999954], [112.55990010000005, -7.462352499999952], [112.560153, -7.461327399999959], [112.56060480000008, -7.459869499999968], [112.56083450000006, -7.459076599999946], [112.56097750000004, -7.458708], [112.56094550000012, -7.458633099999929], [112.56075160000012, -7.458178099999941], [112.56075170000008, -7.458076299999959], [112.56062910000003, -7.458008599999971], [112.56068440000001, -7.457961399999931], [112.5609687000001, -7.457463399999938], [112.56106410000007, -7.457123599999932], [112.56087080000009, -7.45650059999997], [112.56101130000002, -7.456349899999964], [112.561036, -7.45607119999994], [112.56104650000009, -7.455952799999977], [112.56123390000005, -7.455456], [112.56124690000001, -7.455406599999947], [112.56150790000004, -7.454418299999929], [112.56159860000002, -7.45417939999993], [112.56174420000002, -7.453892499999938], [112.56197540000005, -7.453160499999967], [112.5621188, -7.453093099999933], [112.5624246000001, -7.452949499999932], [112.56284620000008, -7.452797499999974], [112.56310210000004, -7.452676199999928], [112.5633342000001, -7.452563299999952], [112.56342670000004, -7.452518299999952], [112.56414870000003, -7.452341499999932], [112.56446270000004, -7.452171499999963], [112.5648715000001, -7.452075599999944], [112.56494590000011, -7.45206909999996], [112.56494710000004, -7.452069], [112.564972, -7.452094399999964], [112.56506760000002, -7.452068899999972], [112.56506760000002, -7.451999799999953], [112.5649294000001, -7.451685], [112.56494470000007, -7.451224399999944], [112.5649601, -7.450786699999981], [112.56494840000005, -7.450732699999946], [112.56493480000006, -7.450732699999946], [112.56488650000006, -7.450732899999934], [112.56478880000009, -7.450733199999945], [112.56473, -7.45077], [112.56456120000007, -7.45087], [112.5644866, -7.450897399999974], [112.56448710000006, -7.451039099999946], [112.56444610000005, -7.45105609999996], [112.56393560000004, -7.451160799999968], [112.56381990000011, -7.451153399999953], [112.56354640000006, -7.45113589999994], [112.56315810000001, -7.450995699999964], [112.56294070000001, -7.451053099999967], [112.56271830000003, -7.451501099999973], [112.56244350000009, -7.451474899999937], [112.56212930000004, -7.451317899999935], [112.56203770000002, -7.450964499999941], [112.56180210000002, -7.45063719999996], [112.5614356000001, -7.450401599999964], [112.561291, -7.450455199999965], [112.5610822000001, -7.450532499999952], [112.56087280000008, -7.450598], [112.56061250000005, -7.45065539999996], [112.56045230000007, -7.450825899999927], [112.56048670000007, -7.451008499999944], [112.56049320000011, -7.451043], [112.56055230000004, -7.451227299999971], [112.5605342, -7.451300799999956], [112.56042180000009, -7.451504399999976], [112.56045350000011, -7.451918099999943], [112.56042390000005, -7.452098799999931], [112.56036, -7.45219], [112.56027, -7.45219], [112.56013, -7.45213], [112.55999, -7.45205], [112.55998820000002, -7.452049], [112.55979, -7.45194], [112.55960140000002, -7.451853399999948], [112.55927, -7.45191], [112.559233, -7.451912399999969], [112.5590664, -7.451923], [112.55884820000006, -7.452021599999966], [112.55876, -7.4522], [112.55861, -7.45231], [112.55841920000012, -7.452218699999946], [112.558253, -7.452136499999938], [112.55813240000009, -7.452121899999952], [112.55795180000007, -7.452212799999927], [112.55744750000008, -7.452447899999981], [112.55735, -7.45256859999995], [112.5572343, -7.452688799999976], [112.55715950000001, -7.452766699999927], [112.55719420000003, -7.452396199999953], [112.55734130000008, -7.45191559999995], [112.55735840000011, -7.451859699999943], [112.55752220000011, -7.451461], [112.557535, -7.451421899999957], [112.55816350000009, -7.44950579999994], [112.55843790000006, -7.448856499999977], [112.5589652000001, -7.447800399999949], [112.55899220000003, -7.447450699999933], [112.5590873000001, -7.447202299999958], [112.55926490000002, -7.447075499999926], [112.55948190000004, -7.446969799999977], [112.55952180000008, -7.446866399999976], [112.55839380000009, -7.446446199999968], [112.5549198000001, -7.445225899999969]]] 
      }
    },
    {
      "type": "Feature",
      "properties": {
        "district_id": "3515020",
        "province": "Jawa Timur",
        "regency": "Sidoarjo",
        "district": "Prambon",
        "pria": 40264,
        "wanita": 39307,
        "total_penduduk": 79571
      },
      "geometry": {
        "type": "Polygon",
        "coordinates": [[[112.56494840000005, -7.450732699999946], [112.5649601, -7.450786699999981], [112.56494470000007, -7.451224399999944], [112.5649294000001, -7.451685], [112.56506760000002, -7.451999799999953], [112.56506760000002, -7.452068899999972], [112.564972, -7.452094399999964], [112.56494710000004, -7.452069], [112.56494590000011, -7.45206909999996], [112.5648715000001, -7.452075599999944], [112.56446270000004, -7.452171499999963], [112.56414870000003, -7.452341499999932], [112.56342670000004, -7.452518299999952], [112.5633342000001, -7.452563299999952], [112.56310210000004, -7.452676199999928], [112.56284620000008, -7.452797499999974], [112.5624246000001, -7.452949499999932], [112.5621188, -7.453093099999933], [112.56197540000005, -7.453160499999967], [112.56174420000002, -7.453892499999938], [112.56159860000002, -7.45417939999993], [112.56150790000004, -7.454418299999929], [112.56124690000001, -7.455406599999947], [112.56123390000005, -7.455456], [112.56104650000009, -7.455952799999977], [112.561036, -7.45607119999994], [112.56101130000002, -7.456349899999964], [112.56087080000009, -7.45650059999997], [112.56106410000007, -7.457123599999932], [112.5609687000001, -7.457463399999938], [112.56068440000001, -7.457961399999931], [112.56062910000003, -7.458008599999971], [112.56075170000008, -7.458076299999959], [112.56075160000012, -7.458178099999941], [112.56094550000012, -7.458633099999929], [112.56097750000004, -7.458708], [112.56083450000006, -7.459076599999946], [112.56060480000008, -7.459869499999968], [112.560153, -7.461327399999959], [112.55990010000005, -7.462352499999952], [112.55984500000011, -7.462648799999954], [112.55980120000004, -7.462871699999937], [112.55979, -7.462870299999963], [112.55979, -7.46287], [112.55957620000004, -7.462739499999941], [112.55957590000003, -7.462740699999927], [112.559422, -7.462719499999935], [112.55926210000007, -7.46262349999995], [112.55916090000005, -7.462783399999978], [112.558981, -7.462842099999932], [112.55891570000006, -7.462863399999947], [112.55875590000005, -7.462911299999973], [112.5586, -7.46294], [112.55834, -7.46303], [112.55812, -7.46313], [112.55795, -7.4632], [112.55778, -7.46324], [112.55765270000006, -7.463295], [112.55758880000008, -7.463375], [112.5574875000001, -7.463390899999979], [112.5574236000001, -7.463422899999955], [112.55730630000005, -7.463460199999929], [112.55706120000002, -7.463449599999933], [112.55695990000004, -7.463486899999964], [112.556848, -7.463566799999967], [112.55685340000002, -7.46372139999994], [112.55675740000004, -7.463790599999982], [112.55660290000003, -7.463790599999982], [112.55657620000011, -7.463806599999941], [112.55657090000011, -7.463875899999948], [112.55644830000006, -7.463998499999946], [112.55623520000006, -7.464227599999958], [112.5560167000001, -7.464366199999972], [112.55504140000005, -7.465154899999959], [112.55476970000007, -7.465448], [112.55464180000001, -7.465735799999948], [112.55451920000007, -7.466050199999927], [112.55434330000003, -7.466407199999935], [112.55418, -7.46677], [112.55405, -7.46709], [112.55397030000006, -7.46732389999994], [112.55387440000004, -7.467531699999938], [112.5535599000001, -7.467489099999966], [112.552574, -7.46730789999998], [112.5520997000001, -7.467243899999971], [112.55133770000009, -7.4671], [112.55050630000005, -7.466977499999928], [112.54988280000009, -7.466897499999959], [112.54954180000004, -7.466822899999954], [112.54948850000005, -7.467169299999966], [112.54944580000006, -7.467489099999966], [112.54939, -7.46789], [112.54935000000012, -7.46827], [112.54928, -7.46871], [112.54927440000006, -7.468754799999942], [112.54927250000003, -7.468769299999963], [112.54889060000005, -7.468764199999953], [112.54859750000003, -7.468752199999926], [112.54831750000005, -7.46874669999994], [112.54792020000002, -7.468728599999963], [112.5476076000001, -7.468710199999975], [112.54730160000008, -7.468717799999979], [112.54709950000006, -7.46866], [112.546852, -7.468634899999927], [112.5466828000001, -7.468661499999939], [112.54665110000008, -7.468921499999965], [112.54646860000003, -7.468876699999953], [112.54591490000007, -7.468820099999959], [112.544736, -7.468726799999956], [112.54423450000002, -7.468696], [112.54355040000007, -7.468600899999956], [112.54326380000009, -7.468588899999929], [112.542834, -7.468570899999975], [112.54281320000007, -7.468577299999936], [112.54248920000009, -7.468676099999925], [112.5422625000001, -7.468605799999978], [112.54225770000005, -7.467245299999945], [112.54229480000004, -7.467084499999942], [112.54251540000007, -7.466849699999955], [112.54264020000005, -7.466554599999938], [112.54264260000002, -7.466549099999952], [112.54242860000011, -7.466616699999975], [112.54214470000011, -7.466669699999954], [112.54191380000009, -7.466609099999971], [112.54169, -7.46661], [112.54158, -7.4665], [112.54146340000011, -7.466506899999956], [112.5413612000001, -7.466529599999944], [112.5412477000001, -7.466552299999933], [112.54111140000009, -7.466582599999981], [112.54091840000001, -7.466628], [112.5408069, -7.46665779999995], [112.54074280000009, -7.46667489999993], [112.54069130000005, -7.466688599999941], [112.54044150000004, -7.466813499999944], [112.5402219, -7.466798399999959], [112.5400327000001, -7.466737799999976], [112.5398699000001, -7.466650799999968], [112.53980560000002, -7.466575099999943], [112.53972230000011, -7.466525899999965], [112.5396012000001, -7.466476599999964], [112.53950280000004, -7.46634419999998], [112.539393, -7.466234399999962], [112.539253, -7.46617759999998], [112.539128, -7.466151099999934], [112.53896910000003, -7.466181399999925], [112.53873820000001, -7.466404699999941], [112.53846950000002, -7.466654499999947], [112.53819310000006, -7.466999], [112.53797740000005, -7.466946], [112.53793150000001, -7.466927099999964], [112.53787530000011, -7.467225299999939], [112.53783, -7.467442099999971], [112.53780510000001, -7.467842699999949], [112.5377602000001, -7.468151399999954], [112.537761, -7.468381099999931], [112.53768930000001, -7.468591499999945], [112.53785380000011, -7.468610599999977], [112.53782050000007, -7.468854199999953], [112.53780250000011, -7.468984899999953], [112.53771340000003, -7.469838699999968], [112.53771040000004, -7.469883599999946], [112.537675, -7.470408199999952], [112.53772170000002, -7.470404099999939], [112.53830260000007, -7.470611899999938], [112.53866470000003, -7.470717], [112.538666, -7.470717], [112.539024, -7.470811], [112.539482, -7.470977], [112.540176, -7.471331], [112.540413, -7.471447], [112.540639, -7.47156], [112.5409393000001, -7.47170959999994], [112.54142260000003, -7.47196589999993], [112.54151900000011, -7.472017], [112.542206, -7.472217], [112.54220840000005, -7.472218199999929], [112.54221, -7.472219], [112.54232800000011, -7.472253], [112.542395, -7.472271599999942], [112.54306630000008, -7.472451199999966], [112.54311360000008, -7.472464], [112.54321330000005, -7.472496399999955], [112.543549, -7.472606], [112.54412050000008, -7.472692499999937], [112.544166, -7.472699], [112.54417410000008, -7.47269979999993], [112.545051, -7.472791], [112.54572130000008, -7.47283589999995], [112.545723, -7.472836], [112.5461391, -7.472814399999947], [112.546196, -7.472811], [112.54689, -7.472832], [112.54741700000011, -7.472878], [112.548393, -7.473112], [112.54850540000007, -7.473133099999927], [112.54977170000006, -7.473367099999962], [112.549782, -7.473369], [112.55023860000006, -7.473497399999928], [112.550621, -7.473604499999965], [112.55131530000006, -7.473863899999969], [112.55153020000012, -7.47395279999995], [112.551887, -7.4741], [112.552605, -7.474384], [112.55276830000003, -7.474449], [112.5532, -7.47462], [112.553657, -7.474761], [112.554184, -7.474902], [112.554779, -7.475043], [112.55506900000012, -7.475113], [112.555473, -7.475159], [112.5554790000001, -7.475159], [112.55594630000007, -7.475157599999932], [112.55678550000005, -7.475178599999936], [112.5573806000001, -7.475223899999946], [112.55768450000005, -7.475255499999946], [112.55826560000003, -7.475315899999941], [112.55826600000012, -7.475316], [112.5591280000001, -7.475479], [112.559925, -7.475664399999971], [112.56021020000003, -7.475649399999952], [112.56021790000011, -7.475649], [112.56081480000012, -7.47551969999995], [112.56081490000008, -7.475519299999974], [112.56086440000001, -7.475272], [112.560893, -7.475271], [112.561409, -7.475108], [112.561763, -7.475108], [112.562034, -7.475217], [112.562632, -7.475217], [112.563013, -7.475325], [112.563611, -7.475543], [112.564128, -7.475679], [112.5648791000001, -7.475958], [112.565079, -7.476032], [112.565867, -7.476304], [112.565897, -7.476322799999934], [112.56589710000003, -7.476322799999934], [112.566302, -7.476576], [112.566846, -7.477038], [112.56763400000011, -7.477636], [112.568123, -7.47788], [112.568749, -7.478125], [112.569401, -7.478207], [112.56963560000008, -7.478190799999936], [112.569782, -7.47818], [112.570325, -7.478125], [112.570597, -7.47837], [112.570951, -7.478995], [112.570885, -7.479119], [112.572205, -7.481447], [112.572233, -7.481436], [112.572235, -7.481436], [112.57229740000002, -7.481558499999949], [112.57254000000012, -7.482035], [112.572555, -7.482085], [112.57258600000011, -7.482226], [112.572647, -7.482496], [112.572754, -7.482734], [112.572899, -7.483009], [112.573029, -7.483163], [112.573158, -7.483305], [112.573212, -7.483362], [112.573318, -7.483407], [112.5733689000001, -7.483419399999946], [112.57353200000011, -7.483458], [112.573769, -7.483454], [112.574692, -7.48321], [112.574921, -7.483175], [112.5751570000001, -7.483197], [112.575432, -7.483273], [112.575569, -7.483353], [112.5756149, -7.483396399999947], [112.575806, -7.483577], [112.576073, -7.483745], [112.576187, -7.483792], [112.576309, -7.483837], [112.5765530000001, -7.483906], [112.576752, -7.483959], [112.576843, -7.483978], [112.577011, -7.483995], [112.5774080000001, -7.48395], [112.577599, -7.483964], [112.57782, -7.484037], [112.5779950000001, -7.484147], [112.578186, -7.484416], [112.578613, -7.485289], [112.578796, -7.485617], [112.57897900000012, -7.485833], [112.579422, -7.486065], [112.579491, -7.486097], [112.579819, -7.486272], [112.579956, -7.48639], [112.579994, -7.48643], [112.580055, -7.486633], [112.580101, -7.486819], [112.580093, -7.487027], [112.57997100000011, -7.48751], [112.579887, -7.487858], [112.579834, -7.48823], [112.57988000000012, -7.488686], [112.579941, -7.488942], [112.580185, -7.489379], [112.580383, -7.489734], [112.580437, -7.489835], [112.580681, -7.490136], [112.58089770000004, -7.490459], [112.580933, -7.490511], [112.580955, -7.490555], [112.580978, -7.490608], [112.581108, -7.490746], [112.581184, -7.490828], [112.581627, -7.49164], [112.58162780000009, -7.491641], [112.58182710000005, -7.491891199999941], [112.58185930000002, -7.49193159999993], [112.5822998000001, -7.49219839999995], [112.58293090000006, -7.49255009999996], [112.58368450000012, -7.492944099999931], [112.58450520000008, -7.493313299999954], [112.58450520000008, -7.493313399999977], [112.58536330000004, -7.49353919999993], [112.58599110000011, -7.493650299999956], [112.58645090000005, -7.493675699999926], [112.587035, -7.493679], [112.58758090000003, -7.493574399999943], [112.58813210000005, -7.493426699999929], [112.5884400000001, -7.493411099999946], [112.58870530000002, -7.49339759999998], [112.58927910000011, -7.493535899999927], [112.58961110000007, -7.493652599999962], [112.589729, -7.493659], [112.5903320000001, -7.493823], [112.591309, -7.494201], [112.5925830000001, -7.494958], [112.59291830000006, -7.495194199999958], [112.593323, -7.495479], [112.594086, -7.496167], [112.5945901, -7.496638899999937], [112.594948, -7.496974], [112.59539840000002, -7.497475899999927], [112.59607690000007, -7.498231699999963], [112.59635710000009, -7.498632099999952], [112.59654130000001, -7.498895199999936], [112.59672540000008, -7.499158199999954], [112.5977282, -7.500064599999973], [112.598626, -7.500237699999957], [112.59881030000008, -7.500273199999981], [112.59946860000002, -7.500331899999935], [112.5999432000001, -7.500350799999978], [112.59995750000007, -7.500351399999943], [112.60068780000006, -7.500406799999951], [112.6014100000001, -7.500576599999931], [112.60159280000005, -7.500619599999936], [112.60218440000006, -7.500866799999926], [112.60256520000007, -7.501129], [112.60263220000002, -7.501175099999955], [112.60264260000008, -7.501158399999952], [112.60293070000012, -7.500693399999932], [112.60296280000011, -7.500641599999938], [112.60405980000007, -7.498034399999938], [112.60410270000011, -7.497951199999932], [112.6041815000001, -7.497798199999977], [112.60418760000005, -7.497786399999939], [112.60486380000009, -7.495938], [112.60466090000011, -7.495817799999941], [112.60526960000004, -7.494420299999945], [112.60559720000003, -7.493723099999954], [112.60567090000006, -7.493566499999929], [112.606036, -7.492789799999969], [112.60622590000003, -7.492380199999957], [112.606229, -7.492373599999951], [112.6068077000001, -7.492602199999965], [112.6071028, -7.492727599999967], [112.60733790000006, -7.49279], [112.60752450000007, -7.49284149999994], [112.60769650000009, -7.492481699999928], [112.60775320000005, -7.492360099999928], [112.6079595000001, -7.49191819999993], [112.60888370000009, -7.49011489999998], [112.6089184000001, -7.49004489999993], [112.60755920000008, -7.489410799999973], [112.60722040000007, -7.489252799999974], [112.60620760000006, -7.488752399999953], [112.60603750000007, -7.488670799999966], [112.60569450000003, -7.488506199999961], [112.6054779000001, -7.488314099999968], [112.60542250000003, -7.488276699999972], [112.60536030000003, -7.488217899999938], [112.60535550000009, -7.488182199999926], [112.60535440000001, -7.488174199999946], [112.60542920000012, -7.488043699999935], [112.60562890000006, -7.487755099999958], [112.60564650000003, -7.487729699999932], [112.6057899000001, -7.48751649999997], [112.60603090000006, -7.487341699999945], [112.60612450000008, -7.487207299999966], [112.6062018, -7.486910699999953], [112.60623080000005, -7.486526199999957], [112.606236, -7.486396], [112.60624530000007, -7.486163399999953], [112.60614370000008, -7.485778899999957], [112.60613090000004, -7.485725199999933], [112.60617940000009, -7.485466599999938], [112.60620870000002, -7.485310399999946], [112.60631610000007, -7.484780499999943], [112.60638990000007, -7.484684199999947], [112.60640850000004, -7.48465989999994], [112.6064328000001, -7.484444399999973], [112.60639750000007, -7.484401899999966], [112.60635980000006, -7.484394499999951], [112.6063147000001, -7.484311799999944], [112.60625170000003, -7.484080399999925], [112.60606480000001, -7.48385339999993], [112.605771, -7.483586399999979], [112.6055507000001, -7.483212499999979], [112.60539040000003, -7.482831899999951], [112.6053571000001, -7.482578199999978], [112.60534370000005, -7.482391299999961], [112.605317, -7.48222439999995], [112.605337, -7.482117499999958], [112.60536420000005, -7.482024199999955], [112.60541820000003, -7.481919399999981], [112.605433, -7.481841699999961], [112.60543410000002, -7.481839599999944], [112.605482, -7.481768], [112.60547880000001, -7.481686899999943], [112.60548510000001, -7.481565199999977], [112.6054749000001, -7.481479699999966], [112.605474, -7.481385399999965], [112.60548230000006, -7.481309899999928], [112.6055778000001, -7.481196499999953], [112.60558440000011, -7.481054799999981], [112.60558390000006, -7.480906899999979], [112.60549780000008, -7.480699299999969], [112.60546950000003, -7.480647], [112.60541440000009, -7.480540499999961], [112.60538, -7.48047239999994], [112.60533870000006, -7.480398799999932], [112.60528410000006, -7.480059], [112.60524580000003, -7.479686399999935], [112.60518750000006, -7.479449099999954], [112.60513320000007, -7.479187099999933], [112.60502980000001, -7.478966299999968], [112.60499260000006, -7.478896799999973], [112.6049498000001, -7.478822], [112.60491360000003, -7.478775799999937], [112.60485520000009, -7.478771199999926], [112.60491470000011, -7.47877509999995], [112.6049858, -7.47878], [112.6050752000001, -7.478786199999945], [112.60510160000001, -7.478791399999977], [112.605176, -7.478829099999928], [112.605268, -7.478875699999946], [112.60532810000007, -7.478885699999978], [112.60540320000007, -7.478862899999967], [112.60548940000001, -7.478786299999967], [112.60559650000005, -7.478637499999934], [112.60579040000005, -7.478362299999958], [112.60610940000004, -7.478224699999942], [112.6062783000001, -7.478149599999938], [112.60649260000002, -7.478030599999954], [112.60655970000005, -7.47799329999998], [112.6067974, -7.477924499999972], [112.60694750000005, -7.477880699999957], [112.60710390000008, -7.477774299999965], [112.607229, -7.477655499999969], [112.60733, -7.47758], [112.60747, -7.47748], [112.60759010000004, -7.477406599999938], [112.60783, -7.47726], [112.60796, -7.4772], [112.60809, -7.47719], [112.60844240000006, -7.477211399999931], [112.60871140000006, -7.477380299999936], [112.608851, -7.477559], [112.60883260000003, -7.477849399999968], [112.60882450000008, -7.477978], [112.60890990000007, -7.478368599999953], [112.60920030000011, -7.478730599999949], [112.60936850000007, -7.478818399999966], [112.60956460000011, -7.478887499999928], [112.6096950000001, -7.478849799999978], [112.60969520000003, -7.478849799999978], [112.60981370000002, -7.478938], [112.6099551000001, -7.478944099999978], [112.61014060000002, -7.478865699999972], [112.61016310000002, -7.478838099999962], [112.61030610000012, -7.47881], [112.61045920000004, -7.478806899999938], [112.61051960000009, -7.478846799999928], [112.61059210000008, -7.478763799999967], [112.61066690000007, -7.47863579999995], [112.61080690000006, -7.478457399999968], [112.610962, -7.478304], [112.61106990000007, -7.478286], [112.61113770000009, -7.478313299999968], [112.6113845000001, -7.47824369999995], [112.61160680000012, -7.478198899999938], [112.61186260000011, -7.478115199999934], [112.6122186, -7.477998699999944], [112.61261490000004, -7.477889499999947], [112.61291340000002, -7.477810699999964], [112.61307160000001, -7.477830199999971], [112.61328220000007, -7.477764299999933], [112.61336730000005, -7.477683799999966], [112.61343520000003, -7.477716099999952], [112.61337330000003, -7.47794179999994], [112.61333280000008, -7.478019599999925], [112.61357670000007, -7.477904899999942], [112.61353430000008, -7.477717699999971], [112.61360450000006, -7.477654099999938], [112.61374220000005, -7.477529599999968], [112.61361610000006, -7.477280299999961], [112.61369840000009, -7.476967799999954], [112.61438940000005, -7.475918799999931], [112.61480130000007, -7.475293599999929], [112.6145292000001, -7.475108399999954], [112.61438580000004, -7.474930799999981], [112.61429270000008, -7.474815499999977], [112.61415420000003, -7.474502599999937], [112.61429070000008, -7.474267099999963], [112.61438260000011, -7.474063299999955], [112.61448530000007, -7.47383549999995], [112.61454550000008, -7.473326899999961], [112.6145805000001, -7.473032199999977], [112.61446110000009, -7.47260179999995], [112.6143757000001, -7.472195299999953], [112.61432130000003, -7.471936399999947], [112.614337, -7.471671399999934], [112.61433980000004, -7.471623], [112.61437090000004, -7.471495199999936], [112.61468780000007, -7.470192], [112.6148631000001, -7.469858399999964], [112.615352, -7.46938659999995], [112.61527610000007, -7.469350199999951], [112.61405460000003, -7.468764599999929], [112.614112, -7.468353099999945], [112.614386, -7.468175799999926], [112.61456030000011, -7.467548499999964], [112.61495350000007, -7.467742899999962], [112.6152757000001, -7.467331899999976], [112.6154563, -7.467403299999944], [112.61574220000011, -7.467503299999976], [112.616233, -7.46772679999998], [112.61684920000005, -7.468426199999953], [112.6170211000001, -7.468621299999938], [112.61722150000003, -7.468869199999972], [112.61745330000008, -7.468997199999933], [112.617819, -7.468995899999925], [112.61809340000002, -7.469011], [112.61852360000012, -7.468993299999966], [112.6188896000001, -7.469067099999961], [112.61910450000005, -7.469063499999947], [112.61919850000004, -7.469061899999929], [112.61935390000008, -7.469078099999933], [112.61935830000004, -7.469078099999933], [112.6199818, -7.469075799999928], [112.62027680000006, -7.469270599999959], [112.62037830000008, -7.469278], [112.6204100000001, -7.46924], [112.62045, -7.46913], [112.6206, -7.46827], [112.62061290000008, -7.46812129999995], [112.62062, -7.46804], [112.6206, -7.46778], [112.62056, -7.46736], [112.62058, -7.46725], [112.62058520000005, -7.467203199999972], [112.62069, -7.46625], [112.62071, -7.46606], [112.62071230000004, -7.466028299999948], [112.62072, -7.46592], [112.62089, -7.466], [112.62096, -7.46595], [112.62103130000003, -7.465891299999953], [112.62065210000003, -7.465800099999967], [112.62051960000008, -7.465743799999927], [112.62049720000005, -7.465597499999944], [112.6204275, -7.465326699999935], [112.62043920000008, -7.465102299999955], [112.62041370000009, -7.464971599999956], [112.62041560000011, -7.464895], [112.62053440000011, -7.464684499999976], [112.620691, -7.464283], [112.62097860000006, -7.463538699999958], [112.62133480000011, -7.46258], [112.62079050000011, -7.462166299999978], [112.62052590000008, -7.462024499999927], [112.620487, -7.462003599999946], [112.62025290000008, -7.46183439999993], [112.61893150000003, -7.461184199999934], [112.61883030000001, -7.46111529999996], [112.61841290000007, -7.460877399999958], [112.61812840000005, -7.460733599999969], [112.617926, -7.460627299999942], [112.617376, -7.460364699999957], [112.61673790000009, -7.46008089999998], [112.61680880000006, -7.459858899999972], [112.61649530000011, -7.45970269999998], [112.6162177000001, -7.459567899999968], [112.61617360000002, -7.459628], [112.61620190000008, -7.459573399999954], [112.61630020000007, -7.459362899999974], [112.61598390000006, -7.459209599999951], [112.61396850000006, -7.458382599999936], [112.61420150000004, -7.45776989999996], [112.6140021000001, -7.457412199999965], [112.61396430000002, -7.457233099999939], [112.61334080000006, -7.456067299999972], [112.61286730000006, -7.455271799999935], [112.61287520000008, -7.455270799999937], [112.61300960000005, -7.455252799999926], [112.61323830000003, -7.455134499999929], [112.61331210000003, -7.455052499999965], [112.61336530000005, -7.454993299999956], [112.61358980000011, -7.454743899999926], [112.61381260000007, -7.454706], [112.61385570000004, -7.454724399999975], [112.61445760000004, -7.454981699999962], [112.61464920000003, -7.454906899999969], [112.61485980000009, -7.45492459999997], [112.61501250000003, -7.454794099999958], [112.61510670000007, -7.454713599999934], [112.6153948000001, -7.454677799999956], [112.61546570000007, -7.454669], [112.6155768000001, -7.454569799999945], [112.61558430000002, -7.45455], [112.61593960000005, -7.454471599999977], [112.61609010000006, -7.454182899999978], [112.6162524, -7.453871599999957], [112.61616, -7.4539], [112.61598, -7.45389], [112.61581, -7.45385], [112.61563, -7.45373], [112.61528, -7.45345], [112.61453, -7.45278], [112.61451340000008, -7.452766499999939], [112.61432, -7.45261], [112.61411, -7.45246], [112.61373390000006, -7.452242699999942], [112.61383820000003, -7.451707799999951], [112.61364970000011, -7.45156929999996], [112.61361310000007, -7.451508899999965], [112.6136729000001, -7.451284799999939], [112.6137384000001, -7.450957699999947], [112.61369550000006, -7.450818699999957], [112.6135557, -7.450722399999961], [112.61351460000003, -7.450549399999943], [112.61283560000004, -7.45068619999995], [112.61263130000009, -7.450686899999937], [112.6123391000001, -7.450571499999967], [112.61185340000009, -7.450241199999937], [112.611437, -7.449873899999943], [112.61149000000012, -7.44978], [112.6116, -7.44946], [112.61162, -7.44936], [112.6115, -7.44933], [112.61133, -7.44927], [112.61111, -7.44925], [112.61087, -7.4493], [112.6105500000001, -7.44942], [112.61031, -7.44948], [112.61013, -7.44949], [112.60998, -7.44946], [112.60971, -7.44936], [112.6093, -7.44921], [112.60906000000011, -7.44912], [112.60874, -7.44901], [112.60839, -7.4489], [112.60795, -7.44881], [112.60764, -7.44881], [112.60742, -7.44884], [112.60712, -7.44894], [112.607065, -7.448970599999939], [112.607024, -7.448970699999961], [112.60680760000002, -7.449064199999953], [112.60658250000006, -7.449196], [112.60630530000003, -7.449410599999965], [112.60614090000001, -7.449616699999979], [112.60611330000006, -7.449637499999938], [112.60591860000011, -7.449784299999976], [112.60571440000001, -7.449822199999971], [112.6054914, -7.449798299999941], [112.6052807000001, -7.449743399999932], [112.60506380000004, -7.449694699999952], [112.60479150000003, -7.449720399999933], [112.6042900000001, -7.449747], [112.60401720000004, -7.449655299999961], [112.60397650000004, -7.450318299999935], [112.6040144000001, -7.449656799999957], [112.6038608, -7.449536799999976], [112.60364940000011, -7.449292499999956], [112.60342360000004, -7.448929199999952], [112.6032752000001, -7.448621599999967], [112.60319040000002, -7.448453899999947], [112.60311960000001, -7.448279099999979], [112.60299310000005, -7.448216499999944], [112.60280360000002, -7.448203199999966], [112.60262820000003, -7.448196799999948], [112.60243900000012, -7.448246499999925], [112.60218640000005, -7.448240399999975], [112.60194080000008, -7.448220299999946], [112.60168090000002, -7.448144199999945], [112.60139310000011, -7.448096299999975], [112.60112630000003, -7.448027199999956], [112.6008313000001, -7.447944199999938], [112.60033950000002, -7.447749899999963], [112.59994620000009, -7.447632299999952], [112.5997145, -7.447563099999968], [112.59954610000011, -7.447563699999932], [112.599434, -7.447548199999972], [112.59939870000005, -7.44754329999995], [112.59923760000004, -7.447627899999929], [112.59903580000002, -7.447882099999958], [112.5988268000001, -7.448139699999956], [112.59879770000009, -7.448175699999979], [112.598665, -7.448358199999973], [112.59846920000007, -7.448541], [112.59825930000011, -7.448688799999957], [112.59801420000008, -7.448794699999951], [112.59782530000007, -7.448933499999953], [112.59765240000002, -7.449147899999957], [112.5975625000001, -7.449217099999942], [112.5975108, -7.449293699999942], [112.59746120000011, -7.449355299999979], [112.59739210000009, -7.449441199999967], [112.597196, -7.449532899999951], [112.59699220000005, -7.449428599999976], [112.59667600000012, -7.449282699999969], [112.59651440000005, -7.449220299999979], [112.59632470000008, -7.449164899999971], [112.59604390000004, -7.449102899999957], [112.59569970000007, -7.448992099999941], [112.5953416000001, -7.448902399999952], [112.59529630000009, -7.448890199999937], [112.59490620000008, -7.448784899999964], [112.5945762, -7.448695099999952], [112.59438650000004, -7.448611699999958], [112.5941547000001, -7.448556499999938], [112.59395130000007, -7.448571299999969], [112.59365, -7.448649399999965], [112.59336960000007, -7.448734399999978], [112.59330890000001, -7.448741799999937], [112.59329, -7.4486], [112.59327, -7.44851], [112.59327, -7.44795], [112.59328, -7.44778], [112.59338, -7.44694], [112.59339220000004, -7.446833799999979], [112.59349, -7.44598], [112.5935300000001, -7.44553], [112.59354, -7.44537], [112.59359, -7.44503], [112.59359, -7.44494], [112.59359, -7.44491789999995], [112.59359, -7.44489939999994], [112.59272610000005, -7.445508699999948], [112.59243550000008, -7.445556199999942], [112.5923418000001, -7.445370799999978], [112.592234, -7.444936699999971], [112.59222370000009, -7.444895199999962], [112.59203710000008, -7.444756599999948], [112.5914097000001, -7.444933], [112.5912115000001, -7.444817599999965], [112.59103630000004, -7.444609199999945], [112.59101080000005, -7.443970799999931], [112.59067290000007, -7.44382109999998], [112.5906582, -7.443817199999955], [112.59032370000011, -7.443729499999961], [112.59019480000006, -7.443474499999979], [112.59044820000008, -7.442788699999937], [112.59008490000008, -7.442012099999943], [112.58958270000005, -7.441445099999953], [112.58898780000004, -7.440971199999979], [112.5887768, -7.440507599999933], [112.58875090000004, -7.439776299999949], [112.5885866000001, -7.439382199999955], [112.58852120000006, -7.438970299999937], [112.58852370000011, -7.438962699999934], [112.58854570000005, -7.438897699999927], [112.5886938000001, -7.438458799999978], [112.5886809000001, -7.438110599999959], [112.58844770000007, -7.437948899999981], [112.587738, -7.43789339999995], [112.58773940000003, -7.437863], [112.58766, -7.437869699999965], [112.58724640000003, -7.437904199999934], [112.58640960000002, -7.437621099999944], [112.58612190000008, -7.437312299999974], [112.585573, -7.437409599999967], [112.58523890000004, -7.437482299999942], [112.58504690000007, -7.437197], [112.5849316, -7.436855699999967], [112.58504240000002, -7.436702399999945], [112.58514650000006, -7.436446599999954], [112.58515150000005, -7.436424], [112.58530610000003, -7.436242599999957], [112.5853767000001, -7.43595629999993], [112.58537580000007, -7.435694099999978], [112.58511240000007, -7.435504399999957], [112.584706, -7.43536279999995], [112.58441870000001, -7.435149299999978], [112.58437050000009, -7.435030299999937], [112.58429840000008, -7.434911399999976], [112.58429810000007, -7.434816099999978], [112.58429740000008, -7.434625399999959], [112.5841051000001, -7.434292399999947], [112.58405630000004, -7.433982699999945], [112.5838887000001, -7.433864099999937], [112.58355430000006, -7.433841399999949], [112.58331550000003, -7.433842299999981], [112.5829811000001, -7.433819599999936], [112.58277870000006, -7.433546199999967], [112.58271710000008, -7.433463099999926], [112.5826770000001, -7.433423199999936], [112.5825254, -7.433273], [112.58230990000004, -7.433107], [112.58211870000002, -7.43306], [112.58176120000007, -7.433251899999959], [112.581427, -7.433277], [112.58120140000005, -7.43312149999997], [112.58114130000001, -7.433334399999978], [112.58112230000006, -7.433313699999928], [112.58111110000004, -7.433302599999934], [112.5810662, -7.433247], [112.58103710000012, -7.433236], [112.58101910000005, -7.433220399999925], [112.58091070000012, -7.433164499999975], [112.58071390000009, -7.433225], [112.580549, -7.433275699999967], [112.580403, -7.433320599999945], [112.58029720000002, -7.433702599999947], [112.5801881000001, -7.433729899999946], [112.57935320000001, -7.436302], [112.5792808000001, -7.436496099999943], [112.57914320000009, -7.436752699999943], [112.57912650000003, -7.436783899999966], [112.57904460000009, -7.437070499999948], [112.57714650000003, -7.436757099999966], [112.57608120000009, -7.436581099999955], [112.57606730000009, -7.436409], [112.57587810000007, -7.436301199999946], [112.57587120000005, -7.436297299999978], [112.57581770000002, -7.434587199999953], [112.57577490000006, -7.434214499999939], [112.57566140000006, -7.433996], [112.57563080000011, -7.433706099999938], [112.5755593, -7.433629399999973], [112.57538140000008, -7.433600499999955], [112.57515610000007, -7.433607199999926], [112.57484180000006, -7.43359049999998], [112.57445050000001, -7.433591899999954], [112.5739526000001, -7.43359959999998], [112.5739364000001, -7.433597899999938], [112.57385810000005, -7.433589799999936], [112.57373310000003, -7.433576699999946], [112.57332980000001, -7.433530799999971], [112.572381, -7.433463199999949], [112.5721254, -7.433424199999934], [112.5714319000001, -7.43331859999995], [112.57095720000007, -7.433231499999977], [112.57059680000009, -7.43316539999995], [112.57057760000009, -7.433161799999937], [112.57029340000008, -7.433039], [112.57022620000009, -7.432709799999941], [112.57015520000004, -7.432467], [112.570166, -7.43232949999998], [112.57019070000001, -7.432013899999959], [112.57021940000004, -7.431885399999942], [112.5702394000001, -7.431795399999942], [112.57016390000001, -7.431449699999973], [112.57015530000001, -7.431372299999964], [112.57013410000002, -7.431182099999944], [112.57006330000002, -7.430997099999956], [112.56989750000002, -7.430775299999937], [112.56982240000002, -7.430536699999948], [112.56966920000002, -7.430405399999927], [112.56862060000003, -7.430377399999941], [112.56839960000002, -7.430406], [112.56804190000003, -7.431330199999934], [112.5677439000001, -7.43251609999993], [112.56774170000006, -7.432525], [112.56713030000003, -7.43240469999995], [112.56684750000011, -7.432896899999946], [112.56609340000011, -7.434272499999963], [112.5651332000001, -7.436015699999928], [112.56511920000003, -7.436057499999947], [112.56489590000001, -7.43672289999995], [112.56464470000003, -7.437450199999944], [112.56464410000001, -7.437451899999928], [112.56445320000012, -7.437433799999951], [112.56377860000009, -7.437495699999943], [112.56344060000004, -7.437295699999936], [112.56326950000005, -7.437050799999952], [112.56301370000006, -7.436929], [112.56279690000008, -7.436932799999965], [112.5622949000001, -7.436959899999977], [112.56201150000004, -7.436788899999954], [112.56177590000004, -7.436566399999947], [112.5614604000001, -7.436339699999962], [112.56116740000004, -7.436406799999929], [112.56092190000004, -7.436530399999981], [112.56065750000005, -7.436635199999955], [112.56057210000006, -7.436599399999977], [112.56049320000011, -7.436566399999947], [112.56015280000008, -7.436147499999947], [112.55961620000005, -7.435427599999969], [112.559145, -7.435401399999932], [112.55869990000008, -7.435427599999969], [112.55849790000002, -7.435764799999959], [112.55814080000005, -7.436436299999968], [112.5576410000001, -7.437572], [112.55714620000003, -7.438696299999947], [112.557125, -7.438737699999933], [112.55665770000007, -7.439651499999968], [112.55636570000001, -7.439983], [112.55604660000006, -7.440703799999937], [112.55602660000011, -7.44074889999996], [112.55564620000007, -7.442003], [112.55530570000008, -7.443294299999934], [112.55527010000003, -7.443668799999955], [112.55520850000005, -7.444122799999946], [112.5551597000001, -7.444595699999979], [112.55502880000006, -7.445015799999965], [112.55502850000005, -7.445016799999962], [112.555, -7.445069799999942], [112.55491670000004, -7.445224799999949], [112.5549198000001, -7.445225899999969], [112.55839380000009, -7.446446199999968], [112.55952180000008, -7.446866399999976], [112.55948190000004, -7.446969799999977], [112.55926490000002, -7.447075499999926], [112.5590873000001, -7.447202299999958], [112.55899220000003, -7.447450699999933], [112.5589652000001, -7.447800399999949], [112.55843790000006, -7.448856499999977], [112.55816350000009, -7.44950579999994], [112.557535, -7.451421899999957], [112.55752220000011, -7.451461], [112.55735840000011, -7.451859699999943], [112.55734130000008, -7.45191559999995], [112.55719420000003, -7.452396199999953], [112.55715950000001, -7.452766699999927], [112.5572343, -7.452688799999976], [112.55735, -7.45256859999995], [112.55744750000008, -7.452447899999981], [112.55795180000007, -7.452212799999927], [112.55813240000009, -7.452121899999952], [112.558253, -7.452136499999938], [112.55841920000012, -7.452218699999946], [112.55861, -7.45231], [112.55876, -7.4522], [112.55884820000006, -7.452021599999966], [112.5590664, -7.451923], [112.559233, -7.451912399999969], [112.55927, -7.45191], [112.55960140000002, -7.451853399999948], [112.55979, -7.45194], [112.55998820000002, -7.452049], [112.55999, -7.45205], [112.56013, -7.45213], [112.56027, -7.45219], [112.56036, -7.45219], [112.56042390000005, -7.452098799999931], [112.56045350000011, -7.451918099999943], [112.56042180000009, -7.451504399999976], [112.5605342, -7.451300799999956], [112.56055230000004, -7.451227299999971], [112.56049320000011, -7.451043], [112.56048670000007, -7.451008499999944], [112.56045230000007, -7.450825899999927], [112.56061250000005, -7.45065539999996], [112.56087280000008, -7.450598], [112.5610822000001, -7.450532499999952], [112.561291, -7.450455199999965], [112.5614356000001, -7.450401599999964], [112.56180210000002, -7.45063719999996], [112.56203770000002, -7.450964499999941], [112.56212930000004, -7.451317899999935], [112.56244350000009, -7.451474899999937], [112.56271830000003, -7.451501099999973], [112.56294070000001, -7.451053099999967], [112.56315810000001, -7.450995699999964], [112.56354640000006, -7.45113589999994], [112.56381990000011, -7.451153399999953], [112.56393560000004, -7.451160799999968], [112.56444610000005, -7.45105609999996], [112.56448710000006, -7.451039099999946], [112.5644866, -7.450897399999974], [112.56456120000007, -7.45087], [112.56473, -7.45077], [112.56478880000009, -7.450733199999945], [112.56488650000006, -7.450732899999934], [112.56493480000006, -7.450732699999946], [112.56494840000005, -7.450732699999946]]] 
        }
    },
    {
      "type": "Feature",
      "properties": {
        "district_id": "3515030",
        "province": "Jawa Timur",
        "regency": "Sidoarjo",
        "district": "Krembung",
        "pria": 34613,
        "wanita": 34488,
        "total_penduduk": 69101
      },
      "geometry": {
        "type": "Polygon",
        "coordinates": [[[112.64166690000002, -7.497133099999928], [112.64175590000002, -7.497144099999957], [112.64191760000006, -7.496590699999956], [112.642173, -7.49566429999993], [112.6422917000001, -7.495189099999948], [112.64241680000009, -7.494722], [112.64244520000011, -7.494615799999963], [112.64184340000008, -7.494463699999926], [112.6414516000001, -7.494357], [112.64108390000001, -7.494250199999954], [112.64071020000006, -7.494149399999969], [112.6401919000001, -7.494019099999946], [112.63979410000002, -7.493912499999965], [112.63942040000006, -7.493793699999969], [112.639153, -7.493726099999947], [112.63902120000012, -7.493692799999963], [112.63899850000007, -7.493687099999931], [112.63921280000011, -7.493049299999939], [112.63941470000009, -7.492291299999977], [112.6395126000001, -7.492019699999958], [112.63955780000003, -7.491894199999933], [112.639371, -7.491858799999932], [112.63923250000005, -7.49185929999993], [112.63906350000002, -7.491757799999959], [112.63890660000004, -7.491650199999981], [112.6385874, -7.491651399999967], [112.63849610000011, -7.491542199999969], [112.6383661000001, -7.491557099999966], [112.63830510000003, -7.491476499999976], [112.63825280000003, -7.491396], [112.6380792000001, -7.491384699999969], [112.63799260000008, -7.491376799999955], [112.63771210000004, -7.491308599999968], [112.63766620000001, -7.491279799999973], [112.63759330000005, -7.491234], [112.6374747000001, -7.491205599999944], [112.63738220000005, -7.491197299999953], [112.6370581000001, -7.491097599999932], [112.636928, -7.491057699999942], [112.636821, -7.491063799999949], [112.6367024000001, -7.491015299999958], [112.6366154000001, -7.49092909999996], [112.63627990000009, -7.490872599999932], [112.63615820000007, -7.490775], [112.636054, -7.490732099999946], [112.63585450000005, -7.490727099999958], [112.6356201000001, -7.490638599999954], [112.63544370000011, -7.490593099999955], [112.63528190000011, -7.490556], [112.6351165000001, -7.490415499999926], [112.63506450000011, -7.490421399999946], [112.63494910000009, -7.490479499999935], [112.63482510000006, -7.490555], [112.63477580000006, -7.490517699999941], [112.634651, -7.490365299999951], [112.63448620000008, -7.490345699999978], [112.63406950000001, -7.490214599999945], [112.63385340000002, -7.490379799999971], [112.6336682000001, -7.490314099999978], [112.63350330000003, -7.490274299999953], [112.63325960000009, -7.490283099999942], [112.63303270000006, -7.490782699999954], [112.63262080000004, -7.491751699999952], [112.63236390000009, -7.49229349999996], [112.632221, -7.492631099999926], [112.631986, -7.493033199999957], [112.63184500000011, -7.493064199999935], [112.63143760000003, -7.493065699999931], [112.63108450000004, -7.493243499999949], [112.63042770000004, -7.493296399999963], [112.63003340000012, -7.493505399999947], [112.63011080000001, -7.493118399999958], [112.6301856, -7.492914399999961], [112.63019240000006, -7.492744499999958], [112.63015310000003, -7.492636599999969], [112.6301724000001, -7.492591199999936], [112.63011590000008, -7.492396699999972], [112.63010510000004, -7.492359399999941], [112.63007, -7.492238599999951], [112.63002330000006, -7.492226699999947], [112.62864430000002, -7.491877599999953], [112.62849660000006, -7.491839099999936], [112.62803240000005, -7.49170259999994], [112.62760460000004, -7.491614], [112.62604580000004, -7.491181299999937], [112.623395, -7.490445399999942], [112.62265130000003, -7.49026079999993], [112.62215690000005, -7.49012], [112.62181370000008, -7.490039799999977], [112.62024460000009, -7.489621899999975], [112.62011350000012, -7.489591399999938], [112.62004050000007, -7.489574399999981], [112.62004, -7.489573899999925], [112.62004150000007, -7.48956869999995], [112.62000540000008, -7.489328299999954], [112.6200076, -7.489248799999928], [112.62001, -7.48916], [112.62002, -7.48909], [112.62000740000008, -7.48900169999996], [112.62077120000004, -7.485337899999934], [112.620985, -7.484790199999964], [112.62088030000007, -7.484705399999939], [112.62016810000011, -7.483854599999972], [112.619936, -7.483710199999962], [112.61993450000011, -7.483708399999955], [112.61967260000006, -7.48350389999996], [112.619499, -7.483406799999955], [112.61946380000006, -7.483386199999927], [112.61914430000002, -7.483200099999976], [112.618903, -7.483120799999938], [112.61875480000003, -7.483096299999943], [112.61856640000008, -7.483079499999974], [112.61839050000003, -7.483025], [112.61818690000007, -7.482970599999931], [112.6180412000001, -7.482948599999929], [112.61780050000004, -7.483024599999965], [112.61760230000004, -7.48307049999994], [112.61758040000007, -7.483062299999972], [112.61745650000012, -7.483015899999941], [112.61715950000007, -7.482799], [112.6167521000001, -7.482617599999969], [112.6163527000001, -7.482553899999971], [112.6159646000001, -7.48245129999998], [112.61578080000004, -7.482331299999942], [112.6152403000001, -7.48197829999998], [112.61520650000011, -7.481956299999979], [112.61512510000011, -7.481899399999975], [112.61502410000003, -7.481837199999973], [112.61485840000012, -7.481735], [112.61436770000012, -7.481416099999933], [112.61405650000006, -7.481230899999957], [112.61399530000006, -7.481194399999936], [112.61372260000007, -7.481071199999974], [112.6136709000001, -7.481047799999942], [112.61344480000002, -7.481001], [112.61310290000006, -7.480884499999945], [112.61301430000003, -7.480844299999944], [112.61310590000005, -7.480321099999969], [112.61309820000008, -7.480082799999934], [112.6130955000001, -7.479998399999943], [112.613093, -7.479922899999963], [112.61306180000008, -7.478954699999974], [112.61309170000004, -7.478827499999966], [112.6131620000001, -7.478528899999958], [112.61326610000003, -7.478147699999965], [112.613278, -7.478124799999932], [112.61333280000008, -7.478019599999925], [112.61337330000003, -7.47794179999994], [112.61343520000003, -7.477716099999952], [112.61336730000005, -7.477683799999966], [112.61328220000007, -7.477764299999933], [112.61307160000001, -7.477830199999971], [112.61291340000002, -7.477810699999964], [112.61261490000004, -7.477889499999947], [112.6122186, -7.477998699999944], [112.61186260000011, -7.478115199999934], [112.61160680000012, -7.478198899999938], [112.6113845000001, -7.47824369999995], [112.61113770000009, -7.478313299999968], [112.61106990000007, -7.478286], [112.610962, -7.478304], [112.61080690000006, -7.478457399999968], [112.61066690000007, -7.47863579999995], [112.61059210000008, -7.478763799999967], [112.61051960000009, -7.478846799999928], [112.61045920000004, -7.478806899999938], [112.61030610000012, -7.47881], [112.61016310000002, -7.478838099999962], [112.61014060000002, -7.478865699999972], [112.6099551000001, -7.478944099999978], [112.60981370000002, -7.478938], [112.60969520000003, -7.478849799999978], [112.6096950000001, -7.478849799999978], [112.60956460000011, -7.478887499999928], [112.60936850000007, -7.478818399999966], [112.60920030000011, -7.478730599999949], [112.60890990000007, -7.478368599999953], [112.60882450000008, -7.477978], [112.60883260000003, -7.477849399999968], [112.608851, -7.477559], [112.60871140000006, -7.477380299999936], [112.60844240000006, -7.477211399999931], [112.60809, -7.47719], [112.60796, -7.4772], [112.60783, -7.47726], [112.60759010000004, -7.477406599999938], [112.60747, -7.47748], [112.60733, -7.47758], [112.607229, -7.477655499999969], [112.60710390000008, -7.477774299999965], [112.60694750000005, -7.477880699999957], [112.6067974, -7.477924499999972], [112.60655970000005, -7.47799329999998], [112.60649260000002, -7.478030599999954], [112.6062783000001, -7.478149599999938], [112.60610940000004, -7.478224699999942], [112.60579040000005, -7.478362299999958], [112.60559650000005, -7.478637499999934], [112.60548940000001, -7.478786299999967], [112.60540320000007, -7.478862899999967], [112.60532810000007, -7.478885699999978], [112.605268, -7.478875699999946], [112.605176, -7.478829099999928], [112.60510160000001, -7.478791399999977], [112.6050752000001, -7.478786199999945], [112.6049858, -7.47878], [112.60491470000011, -7.47877509999995], [112.60485520000009, -7.478771199999926], [112.60491360000003, -7.478775799999937], [112.6049498000001, -7.478822], [112.60499260000006, -7.478896799999973], [112.60502980000001, -7.478966299999968], [112.60513320000007, -7.479187099999933], [112.60518750000006, -7.479449099999954], [112.60524580000003, -7.479686399999935], [112.60528410000006, -7.480059], [112.60533870000006, -7.480398799999932], [112.60538, -7.48047239999994], [112.60541440000009, -7.480540499999961], [112.60546950000003, -7.480647], [112.60549780000008, -7.480699299999969], [112.60558390000006, -7.480906899999979], [112.60558440000011, -7.481054799999981], [112.6055778000001, -7.481196499999953], [112.60548230000006, -7.481309899999928], [112.605474, -7.481385399999965], [112.6054749000001, -7.481479699999966], [112.60548510000001, -7.481565199999977], [112.60547880000001, -7.481686899999943], [112.605482, -7.481768], [112.60543410000002, -7.481839599999944], [112.605433, -7.481841699999961], [112.60541820000003, -7.481919399999981], [112.60536420000005, -7.482024199999955], [112.605337, -7.482117499999958], [112.605317, -7.48222439999995], [112.60534370000005, -7.482391299999961], [112.6053571000001, -7.482578199999978], [112.60539040000003, -7.482831899999951], [112.6055507000001, -7.483212499999979], [112.605771, -7.483586399999979], [112.60606480000001, -7.48385339999993], [112.60625170000003, -7.484080399999925], [112.6063147000001, -7.484311799999944], [112.60635980000006, -7.484394499999951], [112.60639750000007, -7.484401899999966], [112.6064328000001, -7.484444399999973], [112.60640850000004, -7.48465989999994], [112.60638990000007, -7.484684199999947], [112.60631610000007, -7.484780499999943], [112.60620870000002, -7.485310399999946], [112.60617940000009, -7.485466599999938], [112.60613090000004, -7.485725199999933], [112.60614370000008, -7.485778899999957], [112.60624530000007, -7.486163399999953], [112.606236, -7.486396], [112.60623080000005, -7.486526199999957], [112.6062018, -7.486910699999953], [112.60612450000008, -7.487207299999966], [112.60603090000006, -7.487341699999945], [112.6057899000001, -7.48751649999997], [112.60564650000003, -7.487729699999932], [112.60562890000006, -7.487755099999958], [112.60542920000012, -7.488043699999935], [112.60535440000001, -7.488174199999946], [112.60535550000009, -7.488182199999926], [112.60536030000003, -7.488217899999938], [112.60542250000003, -7.488276699999972], [112.6054779000001, -7.488314099999968], [112.60569450000003, -7.488506199999961], [112.60603750000007, -7.488670799999966], [112.60620760000006, -7.488752399999953], [112.60722040000007, -7.489252799999974], [112.60755920000008, -7.489410799999973], [112.6089184000001, -7.49004489999993], [112.60888370000009, -7.49011489999998], [112.6079595000001, -7.49191819999993], [112.60775320000005, -7.492360099999928], [112.60769650000009, -7.492481699999928], [112.60752450000007, -7.49284149999994], [112.60733790000006, -7.49279], [112.6071028, -7.492727599999967], [112.6068077000001, -7.492602199999965], [112.606229, -7.492373599999951], [112.60622590000003, -7.492380199999957], [112.606036, -7.492789799999969], [112.60567090000006, -7.493566499999929], [112.60559720000003, -7.493723099999954], [112.60526960000004, -7.494420299999945], [112.60466090000011, -7.495817799999941], [112.60486380000009, -7.495938], [112.60418760000005, -7.497786399999939], [112.6041815000001, -7.497798199999977], [112.60410270000011, -7.497951199999932], [112.60405980000007, -7.498034399999938], [112.60296280000011, -7.500641599999938], [112.60293070000012, -7.500693399999932], [112.60264260000008, -7.501158399999952], [112.60263220000002, -7.501175099999955], [112.60276230000011, -7.501311299999941], [112.60293370000011, -7.501490799999942], [112.60324140000012, -7.501943899999958], [112.603583, -7.502282499999978], [112.603874, -7.502431299999955], [112.60393210000007, -7.502531199999964], [112.604163, -7.502669], [112.604237, -7.502819], [112.6042318000001, -7.50290949999993], [112.60421270000006, -7.503243599999962], [112.6041686000001, -7.503447], [112.60416810000004, -7.503449499999931], [112.60403850000012, -7.503835599999945], [112.60397660000001, -7.504117599999972], [112.60399070000005, -7.504284299999938], [112.604163, -7.504555], [112.60431870000002, -7.50484739999996], [112.604402, -7.505004], [112.60496530000012, -7.505822], [112.60503, -7.505916], [112.60544820000007, -7.50661649999995], [112.60552740000003, -7.50668909999996], [112.60575440000002, -7.506733599999961], [112.60691, -7.506773899999928], [112.60752720000005, -7.50679539999993], [112.607744, -7.506803], [112.60801880000008, -7.506921599999941], [112.608694, -7.507213], [112.608716, -7.50723], [112.608954, -7.507726], [112.609265, -7.508408], [112.609516, -7.509018], [112.60977900000012, -7.509377], [112.61021, -7.509784], [112.610605, -7.509952], [112.61095300000011, -7.510371], [112.611204, -7.510838], [112.61154970000007, -7.511086099999943], [112.612633, -7.511863], [112.612812, -7.511983], [112.613097, -7.512282], [112.613321, -7.512581], [112.613456, -7.51288], [112.613546, -7.513868], [112.613845, -7.51493], [112.614234, -7.515409], [112.614518, -7.515678], [112.615033, -7.516024], [112.61550000000011, -7.516455], [112.615837, -7.516772], [112.616099, -7.517109], [112.61639800000012, -7.517334], [112.61647660000006, -7.517400799999962], [112.616772, -7.517652], [112.616978, -7.517857], [112.61724, -7.518007], [112.617576, -7.518119], [112.618081, -7.518269], [112.618642, -7.5184], [112.619072, -7.518605], [112.619615, -7.51883], [112.619858, -7.518998], [112.619989, -7.519204], [112.62027, -7.51969], [112.6207, -7.520177], [112.621074, -7.520513], [112.62120830000003, -7.520655799999929], [112.621373, -7.520831], [112.62165370000002, -7.521382], [112.621779, -7.521695], [112.622094, -7.522211], [112.62270400000011, -7.522665], [112.623135, -7.522964], [112.623147, -7.522988], [112.623482, -7.523479], [112.62364900000011, -7.523754], [112.623889, -7.524304], [112.624032, -7.524734], [112.624152, -7.52495], [112.624247, -7.525297], [112.6242840000001, -7.525363], [112.6242999000001, -7.525449799999933], [112.6243300000001, -7.525533899999971], [112.624436, -7.525932399999931], [112.624633, -7.526367], [112.6247843000001, -7.526630699999941], [112.62493660000007, -7.52684389999996], [112.62503150000009, -7.526962099999935], [112.62508900000012, -7.527023], [112.62509690000002, -7.527043599999956], [112.62523390000001, -7.527214199999946], [112.6253147000001, -7.527333], [112.62539, -7.527363], [112.625775, -7.52786], [112.62615890000006, -7.52827949999994], [112.62623890000009, -7.528366799999958], [112.62640250000004, -7.528501799999958], [112.62645610000004, -7.528571799999952], [112.626584, -7.528648], [112.626591, -7.528684], [112.62661, -7.528697], [112.626839, -7.52882], [112.626944, -7.528925], [112.627202, -7.529626], [112.627441, -7.529889], [112.6278, -7.530212], [112.628302, -7.530547], [112.628768, -7.530822], [112.62959400000011, -7.531337], [112.629976, -7.531791], [112.630251, -7.532293], [112.630479, -7.532712], [112.630849, -7.532975], [112.631256, -7.533226], [112.631854, -7.533418], [112.63244, -7.533466], [112.632934, -7.533475], [112.632934, -7.533535], [112.633126, -7.533635699999934], [112.633209, -7.533679], [112.634125, -7.533773], [112.634979, -7.533928], [112.635658, -7.534278], [112.636291, -7.534541], [112.63657980000005, -7.534623899999929], [112.636749, -7.534672], [112.636856, -7.534706], [112.637031, -7.53479], [112.6372530000001, -7.534907], [112.63742800000011, -7.53499], [112.637604, -7.535052], [112.63781, -7.535123], [112.637822, -7.535126], [112.637846, -7.535176], [112.6381090000001, -7.535343], [112.638397, -7.535523], [112.638624, -7.535666], [112.638875, -7.535762], [112.63913800000012, -7.535834], [112.63927, -7.535834], [112.6395930000001, -7.535977], [112.63995100000011, -7.536169], [112.640167, -7.536288], [112.640514, -7.536288], [112.64057550000007, -7.536276], [112.640813, -7.536228], [112.640829, -7.536225], [112.641098, -7.536285], [112.641239, -7.536300399999959], [112.641418, -7.53632], [112.641739, -7.536264], [112.64209, -7.536208], [112.642211, -7.536230899999964], [112.642349, -7.536257], [112.642647, -7.536374], [112.643112, -7.536574], [112.643677, -7.536704], [112.644241, -7.536742], [112.6445460000001, -7.53676], [112.644742, -7.536856399999976], [112.64478130000009, -7.536779499999966], [112.64486130000012, -7.536840499999926], [112.64500810000004, -7.536963799999967], [112.6452154000001, -7.537166299999967], [112.6453371, -7.537334199999975], [112.64557430000002, -7.537550299999964], [112.64577570000006, -7.537666099999967], [112.64603260000001, -7.53761389999994], [112.64626140000007, -7.53753839999996], [112.64645240000004, -7.537374399999976], [112.64658720000011, -7.537154599999951], [112.6467364, -7.537051399999939], [112.64674530000002, -7.537044699999967], [112.64688920000003, -7.537760599999956], [112.64697740000008, -7.538086899999939], [112.64720150000005, -7.539112299999942], [112.647229, -7.539174], [112.64723290000006, -7.539195699999937], [112.647376, -7.539987], [112.64746, -7.540431], [112.647552, -7.540684], [112.6477430000001, -7.540928], [112.64783250000005, -7.541045099999963], [112.64789460000009, -7.541138299999943], [112.64814150000007, -7.541473399999973], [112.6484855000001, -7.54187909999996], [112.64852350000001, -7.541933599999936], [112.64866070000005, -7.54213059999995], [112.648692, -7.542207], [112.64891910000006, -7.54258509999994], [112.648922, -7.54259], [112.649116, -7.542885], [112.64918460000001, -7.543029799999942], [112.64918920000002, -7.543039699999952], [112.649239, -7.543144], [112.649313, -7.543242], [112.649682, -7.544137], [112.6512388000001, -7.546239], [112.65157310000006, -7.546725099999946], [112.65200040000002, -7.547223899999949], [112.65201260000003, -7.547236199999929], [112.65219380000008, -7.547418799999946], [112.652403, -7.547629], [112.6526225, -7.547850499999981], [112.65272520000008, -7.547953899999925], [112.65296550000005, -7.548180499999944], [112.653519, -7.548702], [112.65410280000003, -7.549311], [112.65430450000008, -7.549521299999981], [112.65502920000006, -7.550054899999964], [112.65523560000008, -7.550247499999955], [112.6556015000001, -7.55058889999998], [112.65607620000003, -7.550975699999981], [112.656235, -7.551105], [112.656769, -7.551621], [112.65705790000004, -7.551905], [112.65729510000006, -7.552137699999946], [112.65747610000005, -7.55229989999998], [112.65769200000011, -7.552493], [112.658157, -7.552867], [112.65815710000004, -7.552867099999958], [112.65815730000008, -7.552867299999946], [112.65820630000007, -7.552920799999981], [112.658516, -7.553259], [112.658913, -7.553579], [112.65940100000012, -7.554078], [112.65967550000005, -7.554337099999941], [112.66007990000003, -7.554718799999932], [112.66016, -7.554782699999976], [112.66066, -7.555181], [112.661308, -7.555697], [112.66143580000005, -7.555790899999977], [112.661987, -7.556196], [112.662208, -7.556357], [112.66221070000006, -7.556358799999941], [112.6622109000001, -7.556358499999931], [112.66239, -7.55605], [112.66242000000011, -7.556], [112.66264, -7.55562], [112.66282510000008, -7.555331199999955], [112.66341780000005, -7.554140699999948], [112.66368850000003, -7.553383099999962], [112.66399280000007, -7.553124799999978], [112.66430030000004, -7.552466099999947], [112.665266, -7.551871399999925], [112.665498, -7.551963499999943], [112.66569040000002, -7.552039799999932], [112.66570210000009, -7.552010699999926], [112.6659777000001, -7.551328299999966], [112.66657510000005, -7.549821099999974], [112.66697720000002, -7.54880049999997], [112.66702320000002, -7.548683899999958], [112.66733870000007, -7.548723699999925], [112.66777800000011, -7.548872499999959], [112.668285, -7.548802199999955], [112.66876430000002, -7.548677199999929], [112.668854, -7.548630299999957], [112.66910640000003, -7.548498099999961], [112.669597, -7.547716399999956], [112.67011480000008, -7.546907199999964], [112.670355, -7.54644339999993], [112.67041390000009, -7.546356], [112.67057020000004, -7.546112799999946], [112.67073590000007, -7.545806], [112.6707996, -7.545688], [112.67096230000004, -7.545345299999951], [112.67107110000006, -7.54500319999994], [112.67110140000011, -7.544874599999957], [112.67102950000003, -7.544782699999928], [112.67099640000004, -7.54469649999993], [112.6709095000001, -7.544592699999953], [112.67077770000003, -7.544432499999971], [112.670592, -7.54423079999998], [112.6705022000001, -7.544127], [112.67047240000011, -7.544098599999927], [112.6704377000001, -7.544065399999965], [112.670427, -7.544055199999946], [112.67042580000009, -7.544058099999972], [112.67026460000011, -7.543948499999942], [112.67005840000002, -7.543825599999934], [112.66993820000005, -7.543681599999957], [112.6698133000001, -7.543521599999963], [112.66957680000007, -7.543416899999954], [112.66929960000004, -7.543341599999962], [112.66904470000009, -7.54324], [112.6689957000001, -7.543184899999972], [112.66891280000004, -7.543160299999954], [112.668774, -7.54319], [112.66846380000004, -7.543408], [112.66828550000002, -7.543512799999974], [112.66787690000001, -7.543718599999977], [112.66755310000008, -7.543877299999963], [112.66746590000002, -7.54385659999997], [112.667334, -7.543828099999928], [112.66715990000012, -7.543828799999972], [112.66702260000011, -7.543781899999942], [112.66707340000005, -7.543696799999964], [112.66707480000002, -7.543694399999936], [112.66793350000012, -7.542255799999964], [112.6681297, -7.541948699999978], [112.66866070000003, -7.541074599999945], [112.668827, -7.540800799999943], [112.6693034000001, -7.540168], [112.6694271, -7.540028899999982], [112.66947510000011, -7.539949], [112.66963780000003, -7.539678], [112.67021960000011, -7.538909799999942], [112.67035080000005, -7.538814499999944], [112.6703692000001, -7.538792199999932], [112.67091470000003, -7.538130299999978], [112.67098710000005, -7.537933099999975], [112.6711193000001, -7.537712599999963], [112.67145190000008, -7.537158099999942], [112.6714445, -7.537136199999964], [112.672813, -7.535154699999964], [112.6728127, -7.535154699999964], [112.6728035000001, -7.535153399999956], [112.6728025000001, -7.535154699999964], [112.67279860000008, -7.535160099999928], [112.67279250000001, -7.53515479999993], [112.6725219000001, -7.534913199999949], [112.67229470000007, -7.534696699999927], [112.67205010000009, -7.534443099999976], [112.67168330000004, -7.534074099999941], [112.67153360000009, -7.533923099999981], [112.67131790000008, -7.53370659999996], [112.67094390000011, -7.533350499999926], [112.6707785000001, -7.533201], [112.67050250000011, -7.532970299999931], [112.67049720000011, -7.532965199999978], [112.66997750000007, -7.532456099999933], [112.66970980000008, -7.532168199999944], [112.66925650000007, -7.531662299999937], [112.66920770000002, -7.531607], [112.66917590000003, -7.531571099999951], [112.66894, -7.531346], [112.66849250000007, -7.530848599999956], [112.6682277000001, -7.530575099999965], [112.66783630000009, -7.530133299999932], [112.66769670000008, -7.529989299999954], [112.66763910000009, -7.529906599999947], [112.66753260000007, -7.529801199999952], [112.66740310000012, -7.529655799999944], [112.66738550000002, -7.529635799999937], [112.66721030000008, -7.529436299999929], [112.66713820000007, -7.529336499999943], [112.66706640000007, -7.529288199999939], [112.66703760000007, -7.529245399999979], [112.6669743000001, -7.529188399999953], [112.66691960000003, -7.529125699999952], [112.66686790000006, -7.529088699999932], [112.66685050000001, -7.529045899999971], [112.66679440000007, -7.528984599999944], [112.666685, -7.528859199999943], [112.66665340000009, -7.528847799999937], [112.66661890000012, -7.528810799999974], [112.6665296000001, -7.528702399999929], [112.66643750000003, -7.528594099999964], [112.6663195000001, -7.528471599999932], [112.6662745000001, -7.528454899999929], [112.66627670000003, -7.528449099999932], [112.6662189000001, -7.528389], [112.66627310000001, -7.528320199999939], [112.66630510000005, -7.528266699999961], [112.66630650000002, -7.528264499999977], [112.6663516000001, -7.528189299999951], [112.6666136, -7.527552699999944], [112.66662970000004, -7.527513699999929], [112.6669988000001, -7.52659129999995], [112.66701520000004, -7.526396799999929], [112.667078, -7.526322199999981], [112.6672311000001, -7.525881099999935], [112.667261, -7.525859399999945], [112.66689030000009, -7.52577249999996], [112.66608570000005, -7.525522599999931], [112.66573270000004, -7.525363599999935], [112.6654668000001, -7.525333699999976], [112.66489790000003, -7.525292699999966], [112.66448340000011, -7.525201699999968], [112.66404440000008, -7.525178699999969], [112.66372380000007, -7.525426699999969], [112.66312980000009, -7.525262399999974], [112.66262240000003, -7.52514709999997], [112.66226660000007, -7.525046699999962], [112.662044, -7.524783399999933], [112.66203930000006, -7.524788099999967], [112.66202340000007, -7.524797899999953], [112.66185970000004, -7.524899299999959], [112.66166980000003, -7.525031299999966], [112.66157370000008, -7.52498559999998], [112.66142250000007, -7.524904099999958], [112.661307, -7.524897799999962], [112.66130590000012, -7.52489769999994], [112.66070160000004, -7.524653699999931], [112.66021410000008, -7.524484399999949], [112.65976780000005, -7.52430819999995], [112.65940400000011, -7.524206899999967], [112.65914380000004, -7.524093599999958], [112.658943, -7.523798099999965], [112.65891450000004, -7.523497199999952], [112.65897470000004, -7.523113699999953], [112.65906210000003, -7.52266179999998], [112.65901330000008, -7.522650699999929], [112.65901340000005, -7.522650299999952], [112.659064, -7.522661699999958], [112.65907260000006, -7.522638499999971], [112.65960890000008, -7.52120489999993], [112.65961630000004, -7.52118459999997], [112.659744, -7.520712699999933], [112.6599619000001, -7.520156399999962], [112.65984530000003, -7.520124599999974], [112.65974810000012, -7.520105499999943], [112.65951490000009, -7.520048299999928], [112.65921020000008, -7.519907399999965], [112.65921890000004, -7.519889299999932], [112.65931300000011, -7.51969379999997], [112.65959530000009, -7.519046899999978], [112.65963220000003, -7.518960899999968], [112.65984540000011, -7.518464699999981], [112.6600701000001, -7.517979499999967], [112.66032660000008, -7.517345599999942], [112.66074980000008, -7.516323599999964], [112.6607504000001, -7.516322599999967], [112.6607543, -7.516316099999926], [112.66109060000008, -7.515760399999976], [112.66113810000002, -7.515657], [112.6611587000001, -7.515659699999958], [112.66126650000001, -7.515733], [112.66131, -7.51565], [112.66153280000003, -7.515234799999973], [112.66175, -7.51483], [112.6619, -7.51457], [112.66204180000011, -7.514562699999942], [112.66229, -7.51455], [112.66259, -7.51456], [112.66261730000008, -7.51456769999993], [112.66281490000006, -7.514562699999942], [112.662924, -7.514587399999925], [112.66318440000009, -7.514678499999945], [112.663344, -7.51473649999997], [112.66355390000001, -7.514794299999949], [112.66359880000005, -7.514802399999951], [112.66378050000003, -7.514835299999959], [112.66410790000009, -7.514909399999965], [112.66436790000012, -7.51491679999998], [112.66466180000009, -7.515007699999956], [112.66497230000004, -7.515031599999929], [112.66519870000002, -7.515030799999977], [112.66554280000003, -7.515071299999931], [112.66566000000012, -7.515012299999967], [112.66573520000009, -7.514936699999964], [112.66574950000006, -7.514928], [112.6657672, -7.514923499999952], [112.66578550000008, -7.51490629999995], [112.66581890000009, -7.514886099999956], [112.66591960000005, -7.514902499999948], [112.6660204000001, -7.514960699999961], [112.6661305, -7.515030699999954], [112.66613810000001, -7.515035599999976], [112.66623040000002, -7.515026899999953], [112.66625520000002, -7.514943099999925], [112.66625850000003, -7.514898699999947], [112.66630550000002, -7.514908399999968], [112.66634890000012, -7.514812099999972], [112.66633080000008, -7.514646199999959], [112.66624680000007, -7.514436899999964], [112.66616290000002, -7.514253699999927], [112.66621950000001, -7.514174899999944], [112.66636270000004, -7.513829299999941], [112.6664326, -7.513768299999981], [112.66648540000006, -7.513728499999957], [112.66649940000002, -7.513710099999969], [112.666559, -7.513658199999952], [112.66682890000004, -7.513277199999948], [112.66710730000011, -7.512834899999973], [112.6676251, -7.512029299999938], [112.66829110000003, -7.511092], [112.66831030000003, -7.511069199999952], [112.66860380000003, -7.510720299999946], [112.66884240000002, -7.51046759999997], [112.66896770000005, -7.510316399999965], [112.66900930000008, -7.510240899999928], [112.66901130000008, -7.510231], [112.66910130000008, -7.510075499999971], [112.66917060000003, -7.509832299999971], [112.66924230000006, -7.509754599999951], [112.66939260000004, -7.509586599999977], [112.66943420000007, -7.509486], [112.66945950000002, -7.509448899999938], [112.66956170000003, -7.509328299999936], [112.66969330000006, -7.50924219999996], [112.6699192000001, -7.509090699999945], [112.67001940000011, -7.508973199999957], [112.67013650000001, -7.508889], [112.67043750000005, -7.50865349999998], [112.67059620000009, -7.508579699999927], [112.67062070000009, -7.508566], [112.6705928, -7.508543199999963], [112.67051330000004, -7.508518099999947], [112.67041360000007, -7.508486499999947], [112.67023050000012, -7.508335399999964], [112.67001650000009, -7.508063], [112.66985350000004, -7.507871299999977], [112.66983660000005, -7.507810199999938], [112.66865840000003, -7.50755689999994], [112.6677648000001, -7.507341899999972], [112.6670507, -7.507183], [112.66644180000003, -7.507023699999934], [112.66552190000004, -7.506830599999944], [112.6648034000001, -7.506645499999934], [112.6642687000001, -7.50643789999998], [112.66387860000009, -7.506295199999954], [112.66330920000007, -7.506170699999927], [112.66265240000007, -7.506094599999926], [112.66254580000009, -7.506072699999947], [112.6622976000001, -7.50602159999994], [112.66188140000008, -7.505922799999951], [112.66178610000009, -7.506172099999958], [112.66172130000007, -7.506421299999943], [112.66163080000001, -7.506792899999937], [112.66160850000006, -7.50686079999997], [112.66147940000008, -7.506978499999946], [112.66139, -7.50706], [112.66111, -7.50729], [112.66092, -7.50741], [112.66089130000012, -7.507419599999935], [112.66050010000004, -7.508701599999938], [112.66046540000002, -7.508771699999954], [112.66046380000012, -7.508771299999978], [112.66015880000009, -7.508707299999969], [112.65970760000005, -7.508599799999956], [112.65945050000005, -7.508429099999944], [112.65936090000002, -7.50836959999998], [112.65895340000009, -7.508235799999966], [112.6585156000001, -7.508206799999925], [112.65808220000008, -7.508199699999977], [112.6575835000001, -7.508262799999954], [112.65730770000005, -7.508224499999926], [112.65705320000006, -7.508076899999935], [112.65680330000009, -7.50795119999998], [112.65661910000006, -7.507864499999926], [112.65654430000006, -7.507839099999956], [112.6564012, -7.507746899999972], [112.655865, -7.50740129999997], [112.65577740000003, -7.507344799999942], [112.65460510000003, -7.510028199999965], [112.65456170000004, -7.509964699999955], [112.654562, -7.510047099999952], [112.65445260000001, -7.509866799999941], [112.65433840000003, -7.509678099999974], [112.65432310000006, -7.509653499999956], [112.653754, -7.508739699999978], [112.65346180000006, -7.508297399999947], [112.65325, -7.507988499999954], [112.65280030000008, -7.507313799999963], [112.65257710000003, -7.507010599999944], [112.65237080000009, -7.506681699999945], [112.65211910000005, -7.506381399999952], [112.65216690000011, -7.50621069999994], [112.65221680000002, -7.505875199999934], [112.65222, -7.505840299999932], [112.65236330000005, -7.505503099999942], [112.65245620000007, -7.505315899999971], [112.6524611000001, -7.505306099999927], [112.65207770000006, -7.505229899999961], [112.65141920000008, -7.505099], [112.65081570000007, -7.504979], [112.65064080000002, -7.504909299999952], [112.65039420000005, -7.504798499999936], [112.65037990000008, -7.504768499999955], [112.65037770000004, -7.504763899999944], [112.650304, -7.504609], [112.6499622, -7.504493], [112.64950280000005, -7.504327199999977], [112.64853930000004, -7.504029299999956], [112.6471371, -7.503566099999944], [112.64709290000008, -7.503551499999958], [112.6470931, -7.503550799999971], [112.64713660000007, -7.503427299999942], [112.646901, -7.50335], [112.64512740000009, -7.502707099999952], [112.64498030000004, -7.502650699999947], [112.64444860000003, -7.502433199999928], [112.64447160000009, -7.502416399999959], [112.6448382000001, -7.502148199999965], [112.645091, -7.501963199999977], [112.645166, -7.501792699999953], [112.64515810000012, -7.501713199999926], [112.64547750000008, -7.50090739999996], [112.64578930000005, -7.500084699999945], [112.64590020000003, -7.499806], [112.6459622000001, -7.49964209999996], [112.6460035, -7.499533], [112.64421490000007, -7.499043799999981], [112.64360720000002, -7.498866199999952], [112.64164, -7.498284799999965], [112.6415316, -7.498224599999958], [112.64150210000003, -7.498228099999949], [112.64146530000005, -7.498232499999972], [112.64140080000004, -7.498234599999932], [112.6416918000001, -7.497504899999967], [112.64179230000002, -7.49726869999995], [112.64174790000004, -7.497144099999957], [112.64166690000002, -7.497133099999928]]] 
      }
    },
    {
      "type": "Feature",
      "properties": {
        "district_id": "3515040",
        "province": "Jawa Timur",
        "regency": "Sidoarjo",
        "district": "Porong",
        "pria": 35479,
        "wanita": 34976,
        "total_penduduk": 70455
      },
      "geometry": {
        "type": "MultiPolygon",
        "coordinates": [[[[112.72584610000001, -7.520510199999933], [112.72579, -7.5205], [112.72563, -7.52042], [112.72554, -7.5203], [112.72552, -7.52019], [112.72571, -7.51978], [112.7256900000001, -7.51972], [112.72557, -7.51966], [112.72499, -7.51947], [112.72443, -7.51925], [112.72392, -7.5191], [112.7222289, -7.518604799999935], [112.72194780000007, -7.518540399999949], [112.72183480000001, -7.518514499999981], [112.7218401, -7.518418699999927], [112.7218325, -7.518517799999927], [112.7217217000001, -7.518611499999963], [112.72149810000008, -7.518907299999967], [112.72116930000004, -7.520083199999931], [112.72095800000011, -7.520938499999943], [112.72080380000011, -7.521534], [112.7206394000001, -7.522121899999945], [112.72047540000005, -7.522813199999973], [112.72040820000007, -7.523068099999932], [112.71992000000012, -7.52295], [112.71981, -7.52293], [112.7186, -7.52275], [112.71841, -7.52272], [112.71673, -7.52231], [112.71633, -7.52222], [112.71531, -7.52195], [112.71499, -7.52205], [112.71473, -7.52219], [112.71441, -7.52252], [112.71432, -7.52277], [112.71396, -7.52393], [112.7138900000001, -7.52418], [112.71255, -7.52371], [112.71253, -7.52356], [112.71232, -7.52351], [112.71143, -7.52329], [112.71024000000011, -7.52293], [112.70885590000012, -7.522557599999971], [112.7086154000001, -7.522474699999975], [112.70856680000009, -7.522331099999974], [112.70851420000008, -7.522183499999926], [112.70846570000003, -7.522063799999955], [112.70841, -7.52199], [112.70826420000003, -7.521953599999961], [112.70801, -7.52189], [112.70788, -7.52186], [112.70782470000006, -7.521885099999963], [112.70777, -7.52191], [112.70771, -7.52205], [112.70761, -7.52234], [112.70752, -7.52233], [112.70725, -7.52229], [112.70687, -7.52212], [112.70665, -7.52201], [112.70654960000002, -7.521997299999953], [112.70653390000007, -7.521995299999958], [112.70650410000007, -7.521991599999978], [112.70651730000009, -7.521983499999976], [112.7065, -7.52198], [112.70639, -7.52175], [112.70630560000006, -7.521665599999949], [112.70588210000005, -7.52137689999995], [112.70515080000007, -7.52088329999998], [112.70517250000012, -7.520769899999948], [112.70516, -7.52076], [112.70512510000003, -7.520744899999954], [112.70442, -7.52044], [112.70383, -7.52011], [112.70347, -7.51988], [112.70245000000011, -7.51921], [112.7024100000001, -7.51949], [112.7023726000001, -7.519592799999941], [112.70237, -7.5196], [112.7023, -7.5198], [112.70223370000008, -7.519932499999925], [112.70208190000005, -7.519822599999941], [112.70204080000008, -7.519792799999948], [112.70173590000002, -7.519551299999932], [112.70103390000008, -7.518815899999936], [112.7010322000001, -7.518821799999955], [112.69989640000006, -7.517171299999973], [112.69974170000012, -7.51709059999996], [112.69926870000006, -7.516944799999976], [112.6991322, -7.516902699999946], [112.69903510000006, -7.516872799999931], [112.698898, -7.516787], [112.69887890000007, -7.516777599999955], [112.69880410000007, -7.516728199999932], [112.6986849000001, -7.516653599999927], [112.6981426000001, -7.516534799999931], [112.69772830000011, -7.51633], [112.697236, -7.516218099999946], [112.69714540000007, -7.516144599999961], [112.69707770000002, -7.516117799999961], [112.6969894, -7.516017899999952], [112.69687840000006, -7.515927799999929], [112.69662, -7.51576], [112.69655950000003, -7.515695699999981], [112.69651890000011, -7.515697399999965], [112.696517, -7.515704899999946], [112.69651180000005, -7.51598649999994], [112.696395, -7.51596539999997], [112.69597580000004, -7.515889899999934], [112.695933, -7.515882199999965], [112.69586590000006, -7.51585179999995], [112.69535260000009, -7.515618899999936], [112.69533490000003, -7.515598], [112.69523780000009, -7.515548599999931], [112.69518270000003, -7.515541799999937], [112.69430090000003, -7.515141699999958], [112.6942666000001, -7.515124599999979], [112.69425360000002, -7.515076099999931], [112.6940624, -7.515003599999943], [112.693886, -7.514948599999968], [112.69385250000005, -7.514945499999953], [112.69379490000006, -7.514940099999933], [112.69370980000008, -7.514958], [112.69362770000009, -7.514999399999965], [112.69356360000006, -7.515005499999972], [112.6935036000001, -7.514999799999941], [112.6934132, -7.51497089999998], [112.69337330000008, -7.51495], [112.69336380000004, -7.51495], [112.693283, -7.514906199999928], [112.69307, -7.514888699999972], [112.69275420000008, -7.514860599999963], [112.69220730000006, -7.514762599999926], [112.69184, -7.51468], [112.69147, -7.51464], [112.69146520000004, -7.514639899999963], [112.69118930000002, -7.514599199999964], [112.6910057, -7.514585199999942], [112.69100770000011, -7.514576899999952], [112.69102380000004, -7.514508199999966], [112.69111350000003, -7.513980299999957], [112.69122630000004, -7.513249], [112.6903387000001, -7.513119499999959], [112.69023940000011, -7.513102299999957], [112.68931730000008, -7.512943599999971], [112.6883041000001, -7.512769099999957], [112.68866390000005, -7.51047989999995], [112.68886320000001, -7.510397799999964], [112.68885100000011, -7.510184299999935], [112.6888887, -7.510176], [112.68886980000002, -7.510159299999941], [112.68884690000004, -7.510139], [112.68869080000002, -7.510125799999969], [112.6884937000001, -7.510163199999965], [112.68828750000011, -7.510246499999937], [112.68804470000009, -7.510361899999964], [112.6879212, -7.510432899999955], [112.68786710000006, -7.510455799999932], [112.68762660000004, -7.51048], [112.68760010000005, -7.510482699999955], [112.687288, -7.51048389999994], [112.68702650000012, -7.510484899999938], [112.68682440000009, -7.510449], [112.68667730000004, -7.510371699999951], [112.68643410000004, -7.510334199999932], [112.686441, -7.510333599999967], [112.68638280000005, -7.510287499999947], [112.686344, -7.510247799999945], [112.68627830000003, -7.510180599999956], [112.6862053000001, -7.510139299999935], [112.68607680000002, -7.510098299999981], [112.6860233000001, -7.510068799999942], [112.68597280000006, -7.510036199999945], [112.6858959000001, -7.509957], [112.6857463, -7.509850299999925], [112.68564170000002, -7.509705299999951], [112.685584, -7.509591199999932], [112.68545, -7.5095], [112.68543230000012, -7.509491499999967], [112.68533320000006, -7.50946719999996], [112.68518930000005, -7.509424099999933], [112.68508830000007, -7.509374199999968], [112.68504270000005, -7.509368699999925], [112.68493560000002, -7.509303399999965], [112.68487, -7.509306799999933], [112.68471380000005, -7.509323], [112.68449540000006, -7.509352599999943], [112.68434280000008, -7.509350199999972], [112.68420760000004, -7.509365499999944], [112.68407940000009, -7.509359699999948], [112.68399190000002, -7.50935069999997], [112.68391080000004, -7.509321099999966], [112.68390620000002, -7.509318], [112.68385710000007, -7.509242], [112.68381590000001, -7.509173399999952], [112.68379820000007, -7.509121099999959], [112.68377980000002, -7.509117199999935], [112.68375330000003, -7.509077099999956], [112.68370630000004, -7.509052299999951], [112.68352650000008, -7.50901719999996], [112.68336690000001, -7.508989699999972], [112.68318240000008, -7.508946699999967], [112.6830854000001, -7.508922199999972], [112.68294440000011, -7.508844699999941], [112.68284440000002, -7.508851299999947], [112.68279810000001, -7.508840499999963], [112.68275720000008, -7.508820899999932], [112.68259530000012, -7.508710399999927], [112.68256540000004, -7.508627799999942], [112.68247150000002, -7.508603199999925], [112.68243040000004, -7.508565199999964], [112.68235250000009, -7.508473599999945], [112.68238770000005, -7.508312399999966], [112.68253040000002, -7.508115], [112.68269950000001, -7.507792299999949], [112.68286910000006, -7.507612699999981], [112.68288640000003, -7.507442699999956], [112.68284570000003, -7.507299199999977], [112.68284840000001, -7.50727489999997], [112.68283850000012, -7.50727379999995], [112.68277730000011, -7.507058399999949], [112.682745, -7.506693799999937], [112.68262510000011, -7.50637009999997], [112.682769, -7.505974399999957], [112.68290090000005, -7.50573449999996], [112.6826400000001, -7.50582129999998], [112.68260110000006, -7.505698499999937], [112.68233730000009, -7.505890399999942], [112.6822294000001, -7.505686599999933], [112.6822294000001, -7.505206899999962], [112.6820255, -7.504919099999938], [112.68215740000005, -7.504607299999975], [112.6821814000001, -7.504403499999967], [112.68230130000006, -7.504295499999955], [112.68244130000005, -7.504181], [112.6821718000001, -7.50438829999996], [112.6817747, -7.504215299999942], [112.68100430000004, -7.503962299999955], [112.68096880000007, -7.503822799999966], [112.68082850000008, -7.503741899999966], [112.6807811000001, -7.50354429999993], [112.68092020000006, -7.503334299999949], [112.6808496000001, -7.50314839999993], [112.68097710000006, -7.502961699999958], [112.68086050000011, -7.502897099999927], [112.68076180000003, -7.502808899999934], [112.68058420000011, -7.502764099999979], [112.68059970000002, -7.50272979999994], [112.68058530000008, -7.502760199999955], [112.68034590000002, -7.50314579999997], [112.67989380000006, -7.503943599999957], [112.67954810000003, -7.504768], [112.679451, -7.504759199999967], [112.67881670000008, -7.504701599999976], [112.6779524000001, -7.504621799999939], [112.67683540000007, -7.504542], [112.67586470000003, -7.504409], [112.67556470000011, -7.504369899999972], [112.67555890000006, -7.504369099999963], [112.67489400000011, -7.50422279999998], [112.67413610000006, -7.504156399999943], [112.6737769, -7.504046599999981], [112.67365130000007, -7.504021699999953], [112.67318160000002, -7.503924299999937], [112.67284630000006, -7.503863799999976], [112.67238390000011, -7.503775399999938], [112.67195680000009, -7.503704299999981], [112.6718479000001, -7.503677099999948], [112.6711309000001, -7.503571299999976], [112.67070540000009, -7.503478199999961], [112.6701336000001, -7.503425], [112.66860740000004, -7.503141099999937], [112.66838570000004, -7.503099799999973], [112.66840050000008, -7.502953399999967], [112.668329, -7.50293389999996], [112.6683402000001, -7.503227299999935], [112.6683713000001, -7.503389099999936], [112.6683925000001, -7.503631899999959], [112.66847410000003, -7.503802199999939], [112.66848450000009, -7.503823799999964], [112.66849570000011, -7.504107099999942], [112.66862850000007, -7.504379799999981], [112.66873120000002, -7.504723499999955], [112.66884420000008, -7.505097399999954], [112.66892610000002, -7.505289399999981], [112.6690483000001, -7.505450799999949], [112.66921180000008, -7.505784099999971], [112.66929440000001, -7.506168399999979], [112.6693868000001, -7.506451399999946], [112.66944850000004, -7.506683899999928], [112.66956610000011, -7.506951599999979], [112.66968920000011, -7.507315399999925], [112.6697918000001, -7.507648899999936], [112.66983660000005, -7.507810199999938], [112.66985350000004, -7.507871299999977], [112.67001650000009, -7.508063], [112.67023050000012, -7.508335399999964], [112.67041360000007, -7.508486499999947], [112.67051330000004, -7.508518099999947], [112.6705928, -7.508543199999963], [112.67062070000009, -7.508566], [112.67059620000009, -7.508579699999927], [112.67043750000005, -7.50865349999998], [112.67013650000001, -7.508889], [112.67001940000011, -7.508973199999957], [112.6699192000001, -7.509090699999945], [112.66969330000006, -7.50924219999996], [112.66956170000003, -7.509328299999936], [112.66945950000002, -7.509448899999938], [112.66943420000007, -7.509486], [112.66939260000004, -7.509586599999977], [112.66924230000006, -7.509754599999951], [112.66917060000003, -7.509832299999971], [112.66910130000008, -7.510075499999971], [112.66901130000008, -7.510231], [112.66900930000008, -7.510240899999928], [112.66896770000005, -7.510316399999965], [112.66884240000002, -7.51046759999997], [112.66860380000003, -7.510720299999946], [112.66831030000003, -7.511069199999952], [112.66829110000003, -7.511092], [112.6676251, -7.512029299999938], [112.66710730000011, -7.512834899999973], [112.66682890000004, -7.513277199999948], [112.666559, -7.513658199999952], [112.66649940000002, -7.513710099999969], [112.66648540000006, -7.513728499999957], [112.6664326, -7.513768299999981], [112.66636270000004, -7.513829299999941], [112.66621950000001, -7.514174899999944], [112.66616290000002, -7.514253699999927], [112.66624680000007, -7.514436899999964], [112.66633080000008, -7.514646199999959], [112.66634890000012, -7.514812099999972], [112.66630550000002, -7.514908399999968], [112.66625850000003, -7.514898699999947], [112.66625520000002, -7.514943099999925], [112.66623040000002, -7.515026899999953], [112.66613810000001, -7.515035599999976], [112.6661305, -7.515030699999954], [112.6660204000001, -7.514960699999961], [112.66591960000005, -7.514902499999948], [112.66581890000009, -7.514886099999956], [112.66578550000008, -7.51490629999995], [112.6657672, -7.514923499999952], [112.66574950000006, -7.514928], [112.66573520000009, -7.514936699999964], [112.66566000000012, -7.515012299999967], [112.66554280000003, -7.515071299999931], [112.66519870000002, -7.515030799999977], [112.66497230000004, -7.515031599999929], [112.66466180000009, -7.515007699999956], [112.66436790000012, -7.51491679999998], [112.66410790000009, -7.514909399999965], [112.66378050000003, -7.514835299999959], [112.66359880000005, -7.514802399999951], [112.66355390000001, -7.514794299999949], [112.663344, -7.51473649999997], [112.66318440000009, -7.514678499999945], [112.662924, -7.514587399999925], [112.66281490000006, -7.514562699999942], [112.66261730000008, -7.51456769999993], [112.66259, -7.51456], [112.66229, -7.51455], [112.66204180000011, -7.514562699999942], [112.6619, -7.51457], [112.66175, -7.51483], [112.66153280000003, -7.515234799999973], [112.66131, -7.51565], [112.66126650000001, -7.515733], [112.6611587000001, -7.515659699999958], [112.66113810000002, -7.515657], [112.66109060000008, -7.515760399999976], [112.6607543, -7.516316099999926], [112.6607504000001, -7.516322599999967], [112.66074980000008, -7.516323599999964], [112.66032660000008, -7.517345599999942], [112.6600701000001, -7.517979499999967], [112.65984540000011, -7.518464699999981], [112.65963220000003, -7.518960899999968], [112.65959530000009, -7.519046899999978], [112.65931300000011, -7.51969379999997], [112.65921890000004, -7.519889299999932], [112.65921020000008, -7.519907399999965], [112.65951490000009, -7.520048299999928], [112.65974810000012, -7.520105499999943], [112.65984530000003, -7.520124599999974], [112.6599619000001, -7.520156399999962], [112.659744, -7.520712699999933], [112.65961630000004, -7.52118459999997], [112.65960890000008, -7.52120489999993], [112.65907260000006, -7.522638499999971], [112.659064, -7.522661699999958], [112.65901340000005, -7.522650299999952], [112.65901330000008, -7.522650699999929], [112.65906210000003, -7.52266179999998], [112.65897470000004, -7.523113699999953], [112.65891450000004, -7.523497199999952], [112.658943, -7.523798099999965], [112.65914380000004, -7.524093599999958], [112.65940400000011, -7.524206899999967], [112.65976780000005, -7.52430819999995], [112.66021410000008, -7.524484399999949], [112.66070160000004, -7.524653699999931], [112.66130590000012, -7.52489769999994], [112.661307, -7.524897799999962], [112.66142250000007, -7.524904099999958], [112.66157370000008, -7.52498559999998], [112.66166980000003, -7.525031299999966], [112.66185970000004, -7.524899299999959], [112.66202340000007, -7.524797899999953], [112.66203930000006, -7.524788099999967], [112.662044, -7.524783399999933], [112.66226660000007, -7.525046699999962], [112.66262240000003, -7.52514709999997], [112.66312980000009, -7.525262399999974], [112.66372380000007, -7.525426699999969], [112.66404440000008, -7.525178699999969], [112.66448340000011, -7.525201699999968], [112.66489790000003, -7.525292699999966], [112.6654668000001, -7.525333699999976], [112.66573270000004, -7.525363599999935], [112.66608570000005, -7.525522599999931], [112.66689030000009, -7.52577249999996], [112.667261, -7.525859399999945], [112.6672311000001, -7.525881099999935], [112.667078, -7.526322199999981], [112.66701520000004, -7.526396799999929], [112.6669988000001, -7.52659129999995], [112.66662970000004, -7.527513699999929], [112.6666136, -7.527552699999944], [112.6663516000001, -7.528189299999951], [112.66630650000002, -7.528264499999977], [112.66630510000005, -7.528266699999961], [112.66627310000001, -7.528320199999939], [112.6662189000001, -7.528389], [112.66627670000003, -7.528449099999932], [112.6662745000001, -7.528454899999929], [112.6663195000001, -7.528471599999932], [112.66643750000003, -7.528594099999964], [112.6665296000001, -7.528702399999929], [112.66661890000012, -7.528810799999974], [112.66665340000009, -7.528847799999937], [112.666685, -7.528859199999943], [112.66679440000007, -7.528984599999944], [112.66685050000001, -7.529045899999971], [112.66686790000006, -7.529088699999932], [112.66691960000003, -7.529125699999952], [112.6669743000001, -7.529188399999953], [112.66703760000007, -7.529245399999979], [112.66706640000007, -7.529288199999939], [112.66713820000007, -7.529336499999943], [112.66721030000008, -7.529436299999929], [112.66738550000002, -7.529635799999937], [112.66740310000012, -7.529655799999944], [112.66753260000007, -7.529801199999952], [112.66763910000009, -7.529906599999947], [112.66769670000008, -7.529989299999954], [112.66783630000009, -7.530133299999932], [112.6682277000001, -7.530575099999965], [112.66849250000007, -7.530848599999956], [112.66894, -7.531346], [112.66917590000003, -7.531571099999951], [112.66920770000002, -7.531607], [112.66925650000007, -7.531662299999937], [112.66970980000008, -7.532168199999944], [112.66997750000007, -7.532456099999933], [112.67049720000011, -7.532965199999978], [112.67050250000011, -7.532970299999931], [112.6707785000001, -7.533201], [112.67094390000011, -7.533350499999926], [112.67131790000008, -7.53370659999996], [112.67153360000009, -7.533923099999981], [112.67168330000004, -7.534074099999941], [112.67205010000009, -7.534443099999976], [112.67229470000007, -7.534696699999927], [112.6725219000001, -7.534913199999949], [112.67279250000001, -7.53515479999993], [112.67279860000008, -7.535160099999928], [112.6728025000001, -7.535154699999964], [112.6728035000001, -7.535153399999956], [112.6728127, -7.535154699999964], [112.672813, -7.535154699999964], [112.6714445, -7.537136199999964], [112.67145190000008, -7.537158099999942], [112.6711193000001, -7.537712599999963], [112.67098710000005, -7.537933099999975], [112.67091470000003, -7.538130299999978], [112.6703692000001, -7.538792199999932], [112.67035080000005, -7.538814499999944], [112.67021960000011, -7.538909799999942], [112.66963780000003, -7.539678], [112.66947510000011, -7.539949], [112.6694271, -7.540028899999982], [112.6693034000001, -7.540168], [112.668827, -7.540800799999943], [112.66866070000003, -7.541074599999945], [112.6681297, -7.541948699999978], [112.66793350000012, -7.542255799999964], [112.66707480000002, -7.543694399999936], [112.66707340000005, -7.543696799999964], [112.66702260000011, -7.543781899999942], [112.66715990000012, -7.543828799999972], [112.667334, -7.543828099999928], [112.66746590000002, -7.54385659999997], [112.66755310000008, -7.543877299999963], [112.66787690000001, -7.543718599999977], [112.66828550000002, -7.543512799999974], [112.66846380000004, -7.543408], [112.668774, -7.54319], [112.66891280000004, -7.543160299999954], [112.6689957000001, -7.543184899999972], [112.66904470000009, -7.54324], [112.66929960000004, -7.543341599999962], [112.66957680000007, -7.543416899999954], [112.6698133000001, -7.543521599999963], [112.66993820000005, -7.543681599999957], [112.67005840000002, -7.543825599999934], [112.67026460000011, -7.543948499999942], [112.67042580000009, -7.544058099999972], [112.670427, -7.544055199999946], [112.6704377000001, -7.544065399999965], [112.67047240000011, -7.544098599999927], [112.6705022000001, -7.544127], [112.670592, -7.54423079999998], [112.67077770000003, -7.544432499999971], [112.6709095000001, -7.544592699999953], [112.67099640000004, -7.54469649999993], [112.67102950000003, -7.544782699999928], [112.67110140000011, -7.544874599999957], [112.67107110000006, -7.54500319999994], [112.67096230000004, -7.545345299999951], [112.6707996, -7.545688], [112.67073590000007, -7.545806], [112.67057020000004, -7.546112799999946], [112.67041390000009, -7.546356], [112.670355, -7.54644339999993], [112.67011480000008, -7.546907199999964], [112.669597, -7.547716399999956], [112.66910640000003, -7.548498099999961], [112.668854, -7.548630299999957], [112.66876430000002, -7.548677199999929], [112.668285, -7.548802199999955], [112.66777800000011, -7.548872499999959], [112.66733870000007, -7.548723699999925], [112.66702320000002, -7.548683899999958], [112.66697720000002, -7.54880049999997], [112.66657510000005, -7.549821099999974], [112.6659777000001, -7.551328299999966], [112.66570210000009, -7.552010699999926], [112.66569040000002, -7.552039799999932], [112.665498, -7.551963499999943], [112.665266, -7.551871399999925], [112.66430030000004, -7.552466099999947], [112.66399280000007, -7.553124799999978], [112.66368850000003, -7.553383099999962], [112.66341780000005, -7.554140699999948], [112.66282510000008, -7.555331199999955], [112.66264, -7.55562], [112.66242000000011, -7.556], [112.66239, -7.55605], [112.6622109000001, -7.556358499999931], [112.66221070000006, -7.556358799999941], [112.662211, -7.556359], [112.66221280000002, -7.556360299999938], [112.66221660000008, -7.556363099999942], [112.662544, -7.556604], [112.663246, -7.556977], [112.663694, -7.557212], [112.663568, -7.55875], [112.663535, -7.559789], [112.66352670000003, -7.55989059999996], [112.66539940000007, -7.560318699999925], [112.66596210000012, -7.560114699999929], [112.66671330000008, -7.560097399999961], [112.6674786000001, -7.56002239999998], [112.66817260000005, -7.560149499999966], [112.66865040000005, -7.560421599999927], [112.6697206, -7.560734599999932], [112.67048650000004, -7.560775], [112.670564, -7.560774699999968], [112.670891, -7.56077339999996], [112.67130880000002, -7.560469099999978], [112.67164120000007, -7.560511099999928], [112.671959, -7.560495399999979], [112.67230570000004, -7.560494099999971], [112.67263770000011, -7.560420699999952], [112.67305660000011, -7.560404699999935], [112.67333110000004, -7.560403699999938], [112.67336250000005, -7.560401], [112.67341750000003, -7.560345699999971], [112.67383510000002, -7.559998099999973], [112.67422740000006, -7.559561299999928], [112.67421590000004, -7.559550499999943], [112.67426660000001, -7.559506299999953], [112.67396130000009, -7.559252399999934], [112.673975, -7.559243199999969], [112.6739622, -7.559233499999948], [112.67377370000008, -7.559046899999942], [112.67338820000009, -7.55883659999995], [112.67335380000009, -7.558817799999929], [112.67371530000003, -7.558514899999977], [112.6739586000001, -7.558310899999981], [112.67436160000011, -7.557905699999935], [112.67488, -7.557285699999966], [112.6748937000001, -7.557269399999939], [112.67592820000004, -7.55580939999993], [112.677892, -7.553261599999928], [112.67740480000009, -7.552893], [112.6775368000001, -7.552546499999949], [112.67835720000005, -7.551981699999942], [112.67926460000001, -7.551503], [112.6798672000001, -7.550593299999946], [112.68008160000011, -7.55005239999997], [112.68070750000004, -7.549553199999934], [112.6817013000001, -7.549030899999934], [112.68256550000001, -7.548573899999951], [112.683517, -7.548311], [112.68352240000002, -7.548305499999969], [112.68371750000006, -7.548365499999932], [112.68378740000003, -7.548427], [112.6840059000001, -7.548887499999978], [112.68397920000007, -7.549297099999933], [112.684239, -7.549391199999945], [112.68480280000006, -7.549489899999969], [112.6858721000001, -7.549557899999968], [112.686449, -7.549590899999941], [112.68636660000004, -7.550198399999942], [112.686352, -7.550306099999943], [112.68626830000005, -7.550923499999953], [112.68693850000011, -7.550683299999946], [112.68724390000011, -7.551287], [112.68795670000009, -7.550873799999977], [112.68894150000006, -7.551046699999972], [112.68901, -7.55044], [112.6891700000001, -7.54972], [112.68918, -7.54965], [112.689192, -7.549577899999974], [112.69115580000005, -7.548629199999937], [112.69186130000003, -7.548021], [112.69250210000007, -7.547359399999948], [112.6927032000001, -7.547268199999962], [112.69304650000004, -7.546956899999941], [112.69358060000002, -7.546503899999948], [112.69376490000002, -7.546379499999944], [112.6937713000001, -7.546375099999977], [112.69428510000012, -7.546127199999944], [112.69470210000009, -7.545925899999929], [112.69585440000003, -7.545690199999967], [112.69587700000011, -7.545685599999956], [112.696762, -7.545623599999942], [112.69757070000003, -7.545600699999966], [112.69794460000003, -7.545579699999962], [112.69798970000011, -7.545584499999961], [112.69865410000011, -7.545655099999976], [112.69865860000004, -7.545654899999931], [112.69964820000007, -7.545612399999925], [112.69965350000007, -7.545612199999937], [112.700449, -7.545627399999944], [112.70050040000001, -7.545628399999941], [112.70162090000008, -7.545499599999971], [112.70173640000007, -7.545486299999936], [112.70264430000009, -7.545325599999956], [112.70361030000004, -7.545168699999977], [112.70361320000006, -7.545168199999978], [112.70400810000001, -7.545100899999966], [112.70363910000003, -7.544040399999972], [112.70362650000004, -7.543215], [112.70369750000009, -7.543012799999929], [112.70377750000011, -7.542862799999966], [112.70398750000004, -7.54233279999994], [112.70402750000005, -7.542252799999972], [112.70434750000004, -7.541452799999945], [112.70460750000007, -7.540812799999969], [112.70481640000003, -7.540339199999949], [112.704891, -7.54017], [112.70517010000003, -7.539607499999931], [112.705227, -7.539468], [112.70532020000007, -7.539239799999962], [112.7054922000001, -7.538958399999956], [112.70575010000005, -7.538525599999957], [112.70586060000005, -7.538406099999975], [112.70716750000008, -7.53699279999995], [112.7074675, -7.536412799999937], [112.70762270000012, -7.53611849999993], [112.70803400000011, -7.536279899999954], [112.70834, -7.5364], [112.70871000000011, -7.53656], [112.70873620000009, -7.536572199999966], [112.70916000000011, -7.53677], [112.70961000000011, -7.537], [112.70997000000011, -7.53716], [112.71052, -7.53741], [112.71099, -7.5376], [112.71136910000007, -7.537786399999959], [112.71158750000006, -7.537522799999977], [112.71181750000005, -7.537202799999932], [112.71204750000004, -7.536892799999976], [112.71241750000002, -7.536572799999931], [112.71271750000005, -7.536252799999943], [112.71310750000009, -7.535892799999942], [112.7134175000001, -7.535582799999929], [112.71371750000003, -7.535332799999935], [112.71389750000003, -7.535152799999935], [112.7139853000001, -7.53506509999994], [112.713985, -7.534993799999938], [112.71526440000002, -7.534316499999932], [112.71543980000001, -7.534403199999929], [112.71575870000004, -7.534518399999968], [112.71623680000005, -7.534643699999947], [112.7164120000001, -7.53466949999995], [112.71645980000005, -7.534679899999958], [112.71641770000008, -7.534770099999946], [112.716406, -7.53483], [112.71651, -7.53483], [112.71674, -7.53478], [112.71754, -7.53461], [112.71802, -7.5344], [112.71847, -7.53415], [112.71869, -7.53408], [112.71885, -7.53404], [112.71957, -7.53387], [112.72009, -7.53381], [112.7206000000001, -7.5338], [112.72070570000005, -7.533814599999971], [112.72118000000012, -7.53388], [112.72139, -7.53395], [112.72157, -7.53407], [112.72174670000004, -7.534109299999955], [112.72186670000008, -7.534066], [112.72195410000006, -7.534008299999925], [112.72210330000007, -7.533878], [112.72226450000005, -7.533758199999966], [112.72236710000004, -7.533699], [112.72242290000008, -7.533686699999976], [112.72252590000005, -7.533722499999953], [112.72267910000005, -7.533762299999978], [112.72269, -7.53376], [112.7235, -7.53399], [112.72381760000007, -7.534069399999964], [112.72386, -7.53408], [112.72473, -7.53431], [112.7257800000001, -7.53466], [112.72616, -7.53481], [112.72618140000009, -7.53476], [112.72701030000007, -7.53505169999994], [112.72738990000005, -7.535192099999961], [112.72751030000006, -7.53483719999997], [112.72751590000007, -7.534833399999968], [112.7275333, -7.534826399999929], [112.72757540000009, -7.534836299999938], [112.7275366, -7.534825099999978], [112.727731, -7.534746499999926], [112.72797890000004, -7.53475629999997], [112.72824850000006, -7.534830499999941], [112.72857190000002, -7.534872199999938], [112.72867, -7.534917899999925], [112.72866660000011, -7.534931499999971], [112.7286798, -7.534925599999951], [112.72868280000012, -7.534923799999945], [112.7288410000001, -7.534828199999936], [112.72907780000003, -7.534773499999972], [112.72914230000003, -7.534730199999956], [112.72915820000003, -7.534720199999981], [112.72935770000004, -7.534039699999937], [112.72951680000006, -7.534092699999974], [112.7296311, -7.534130799999957], [112.72971770000004, -7.533870499999978], [112.72982730000001, -7.533541499999956], [112.7299193, -7.533265099999937], [112.72993770000005, -7.53327749999994], [112.72992420000003, -7.533252799999957], [112.73002580000002, -7.532994299999928], [112.73013020000008, -7.532728499999962], [112.73026390000007, -7.532388399999945], [112.73035340000001, -7.532160599999941], [112.73047780000002, -7.531929699999978], [112.73068260000002, -7.531950399999971], [112.73089570000002, -7.532041799999945], [112.73117900000011, -7.532163399999945], [112.73150270000008, -7.532156599999951], [112.7317174000001, -7.532096799999977], [112.73192910000012, -7.532049699999959], [112.73206190000008, -7.532020199999977], [112.732692, -7.532152799999949], [112.73285780000003, -7.532180899999958], [112.7328788000001, -7.532054599999981], [112.73292780000008, -7.531760099999929], [112.73294280000005, -7.531684299999938], [112.7330502000001, -7.531141399999967], [112.733102, -7.530368], [112.73319030000005, -7.529839], [112.733277, -7.529430299999945], [112.7333741000001, -7.528924899999936], [112.73338390000004, -7.528891399999964], [112.73355680000009, -7.528303], [112.73364370000002, -7.527967399999966], [112.733786, -7.527634299999931], [112.73380810000003, -7.527561699999978], [112.73398480000003, -7.527142699999956], [112.73418320000007, -7.526611399999979], [112.7344068000001, -7.525987199999975], [112.734595, -7.525542599999937], [112.73466990000009, -7.52536559999993], [112.73481220000008, -7.525029299999971], [112.7350934000001, -7.524418399999945], [112.7352542000001, -7.524069], [112.7357333000001, -7.523274399999934], [112.73586050000006, -7.523063399999955], [112.73588490000009, -7.523022899999944], [112.73602960000005, -7.522735], [112.73556280000003, -7.522604199999932], [112.73499360000005, -7.522456], [112.73499420000007, -7.522454899999957], [112.7335101000001, -7.521995799999956], [112.7324099000001, -7.521683799999948], [112.73211650000007, -7.521604499999967], [112.73210610000001, -7.521601699999962], [112.73155520000012, -7.521420299999932], [112.73145750000003, -7.521388199999933], [112.73140840000008, -7.521366399999977], [112.73094030000004, -7.521158299999968], [112.73086820000003, -7.521132699999953], [112.73058, -7.5212], [112.72958, -7.52128], [112.7289, -7.52119], [112.7286, -7.52111], [112.72783, -7.52089], [112.72661, -7.52056], [112.72634, -7.52052], [112.72609000000011, -7.52054], [112.72601, -7.52054], [112.72584610000001, -7.520510199999933]]], [[[112.79268430000002, -7.518446], [112.79230880000011, -7.518115499999965], [112.79199970000002, -7.51790589999996], [112.79158530000007, -7.517740699999933], [112.79119750000007, -7.517654399999969], [112.79086560000007, -7.517573499999969], [112.79079860000002, -7.517565799999943], [112.79074770000011, -7.517569499999979], [112.7903500000001, -7.51763], [112.78999210000006, -7.517826199999945], [112.78968370000007, -7.517974299999935], [112.7893219, -7.51821549999994], [112.7889755000001, -7.518444699999975], [112.78889430000004, -7.518552599999964], [112.78881990000002, -7.518694], [112.7886899, -7.518812099999934], [112.78847730000007, -7.518894799999941], [112.788241, -7.51890659999998], [112.787922, -7.51890659999998], [112.7878075000001, -7.518880599999932], [112.78780410000002, -7.518880699999954], [112.78780270000004, -7.518879499999969], [112.78766210000003, -7.518847499999936], [112.787414, -7.518575799999951], [112.78728410000008, -7.518493099999944], [112.7870478000001, -7.518315899999948], [112.7868817000001, -7.518176099999948], [112.78670910000005, -7.518076899999926], [112.78668410000012, -7.518044399999951], [112.78650440000001, -7.517937899999936], [112.78634690000001, -7.517768299999943], [112.78619690000005, -7.517683599999941], [112.78620010000009, -7.517610199999979], [112.78619720000006, -7.517607099999964], [112.78616390000002, -7.517608499999938], [112.78621710000004, -7.517298399999959], [112.78622140000004, -7.517226599999958], [112.78616770000008, -7.517015899999933], [112.78638930000011, -7.516693699999962], [112.78646890000005, -7.516555699999969], [112.78651690000004, -7.51652439999998], [112.7867897000001, -7.516257799999948], [112.786826, -7.516207799999961], [112.78698870000005, -7.51588229999993], [112.78701090000004, -7.515687599999978], [112.78699840000002, -7.515606699999978], [112.78702310000006, -7.515193699999941], [112.78698640000005, -7.514842399999964], [112.78684420000002, -7.514509], [112.78647210000008, -7.513930699999946], [112.78610880000008, -7.513369799999964], [112.78569270000003, -7.512809199999936], [112.78541610000002, -7.512505], [112.78518120000001, -7.512432699999977], [112.784815, -7.512385399999971], [112.78454330000011, -7.512302699999964], [112.7843425000001, -7.512161], [112.78396440000006, -7.512007399999959], [112.78356280000003, -7.511806599999943], [112.78312570000003, -7.511534899999958], [112.78226810000001, -7.511058399999968], [112.7820848, -7.511084099999948], [112.78163640000002, -7.511226499999964], [112.78119580000009, -7.511149199999977], [112.78118040000004, -7.511149], [112.78079960000002, -7.511142099999972], [112.78035110000008, -7.511266899999953], [112.78013970000006, -7.51124139999996], [112.77997280000011, -7.511321199999941], [112.77982390000011, -7.511523799999964], [112.77952560000006, -7.511779899999965], [112.77936850000003, -7.512105599999927], [112.7793617000001, -7.512245699999937], [112.77935710000008, -7.512338399999976], [112.77940720000004, -7.512592899999959], [112.77946310000004, -7.512895799999967], [112.77941580000004, -7.513214199999936], [112.77933180000002, -7.513487399999974], [112.779322, -7.51350489999993], [112.77921360000005, -7.513699499999973], [112.77918110000007, -7.513757699999928], [112.77899690000004, -7.514028199999927], [112.77862220000009, -7.514499499999943], [112.77827940000009, -7.514582799999971], [112.77789690000009, -7.514620699999966], [112.77742930000011, -7.514668099999938], [112.776549, -7.51477159999996], [112.77653060000011, -7.514773899999966], [112.77639420000003, -7.514790399999981], [112.77628780000009, -7.514769699999931], [112.77618740000003, -7.514730699999973], [112.77586770000005, -7.514538], [112.77555710000001, -7.51436659999996], [112.77530060000004, -7.514195699999959], [112.77496520000011, -7.513986099999954], [112.77453460000004, -7.513747799999976], [112.77452770000002, -7.51375319999994], [112.77447990000007, -7.513724499999967], [112.77431260000003, -7.513716399999964], [112.77427030000001, -7.513742599999944], [112.77420960000006, -7.513780299999951], [112.77417930000001, -7.513835599999936], [112.77412230000004, -7.514023699999939], [112.77412660000005, -7.514323799999943], [112.77417860000003, -7.514682899999968], [112.77421, -7.5149], [112.77409000000011, -7.5155], [112.77397, -7.51582], [112.77381, -7.51609], [112.7736000000001, -7.5163], [112.773, -7.51663], [112.77263, -7.51688], [112.77245820000007, -7.517064499999947], [112.77221580000003, -7.51720789999996], [112.77197590000003, -7.517208899999957], [112.77194470000006, -7.517185099999949], [112.77191430000005, -7.51717919999993], [112.77185640000005, -7.517117699999972], [112.77168340000003, -7.516985699999964], [112.77145030000008, -7.516667699999971], [112.77141030000007, -7.516636399999925], [112.77121610000006, -7.516531799999939], [112.771103, -7.516419699999972], [112.77105720000009, -7.516374399999961], [112.77104140000006, -7.516358799999978], [112.77106, -7.51639], [112.77073280000002, -7.516453799999965], [112.76929840000003, -7.516789699999947], [112.768899, -7.516907699999933], [112.76885780000009, -7.516906799999958], [112.76877470000011, -7.516967799999975], [112.7684756000001, -7.51702169999993], [112.76826490000008, -7.517163099999948], [112.76794880000011, -7.517375299999969], [112.767703, -7.517569599999945], [112.76746620000006, -7.517799], [112.76713290000009, -7.518099], [112.76693950000003, -7.518178899999953], [112.76676380000004, -7.518276299999968], [112.7666425000001, -7.518364499999961], [112.76657040000009, -7.518514099999948], [112.766545, -7.518602199999975], [112.7665022000001, -7.518883599999981], [112.76647690000004, -7.519164899999964], [112.76653930000009, -7.519349099999943], [112.76660420000007, -7.519488], [112.7666458000001, -7.519577099999935], [112.76674950000006, -7.519750599999952], [112.76673460000006, -7.519752499999981], [112.76664620000008, -7.5198], [112.7666028000001, -7.519823299999928], [112.76659240000004, -7.519828599999926], [112.76656770000011, -7.519841], [112.7665300000001, -7.519848], [112.76653670000007, -7.519848699999955], [112.76672890000009, -7.519830399999933], [112.766774, -7.519826099999932], [112.7667748, -7.519826499999965], [112.7668900000001, -7.51989], [112.76706, -7.51989], [112.76726, -7.51995], [112.76740040000004, -7.520095499999968], [112.76754830000004, -7.520370199999945], [112.76766520000001, -7.520660599999928], [112.7677417000001, -7.520884499999966], [112.76765620000003, -7.521186799999953], [112.76751530000001, -7.521571399999971], [112.76731430000007, -7.521907499999941], [112.76706650000006, -7.522263699999939], [112.76679650000005, -7.522606699999926], [112.7663715000001, -7.523134599999935], [112.76617880000003, -7.52334849999994], [112.76598320000005, -7.523382599999934], [112.76567790000001, -7.523259499999938], [112.765456, -7.523404699999958], [112.76508, -7.523379599999942], [112.76495320000004, -7.523379599999942], [112.7648, -7.523458399999981], [112.7643594000001, -7.523442399999965], [112.76440030000003, -7.522674699999925], [112.76384640000003, -7.522369499999968], [112.76330380000002, -7.522064299999954], [112.76311160000012, -7.522007699999961], [112.76284030000011, -7.522030399999949], [112.76264820000006, -7.522109499999942], [112.76225260000001, -7.52215469999993], [112.76238820000003, -7.52154429999996], [112.76204910000001, -7.521589499999948], [112.76201230000004, -7.521554499999979], [112.76199630000008, -7.521555199999966], [112.76187260000006, -7.52145029999997], [112.76183560000004, -7.521386199999938], [112.76181170000007, -7.521363399999927], [112.76180690000001, -7.521336599999927], [112.76180170000009, -7.52132759999995], [112.76173790000007, -7.521247199999948], [112.76148890000002, -7.521062899999947], [112.76138860000003, -7.521012199999973], [112.7612008000001, -7.520793199999957], [112.760884, -7.52056349999998], [112.76055, -7.52038], [112.75999, -7.52012], [112.75997140000004, -7.5201], [112.75976530000003, -7.520081799999957], [112.75975870000002, -7.520032199999946], [112.75972740000009, -7.52002669999996], [112.75970930000005, -7.519903799999952], [112.75970210000003, -7.519757699999957], [112.75968860000012, -7.519746899999973], [112.75968210000008, -7.519710599999939], [112.75964640000007, -7.519596499999977], [112.75958440000011, -7.51949129999997], [112.75954910000007, -7.519466899999941], [112.75949610000009, -7.519430099999965], [112.75942570000007, -7.519430399999976], [112.75928490000001, -7.519466099999931], [112.75906080000004, -7.519443099999933], [112.75893340000005, -7.519347599999946], [112.75892350000004, -7.519344599999954], [112.75885640000001, -7.519344799999942], [112.75877450000007, -7.519324299999937], [112.75861450000002, -7.519371599999943], [112.75849630000005, -7.519335], [112.75846550000006, -7.51931129999997], [112.75845370000002, -7.519323099999951], [112.7583340000001, -7.519317199999932], [112.75808130000007, -7.519549099999949], [112.75783890000002, -7.519645199999957], [112.75778510000009, -7.519658299999946], [112.75748240000007, -7.519679199999928], [112.75714330000005, -7.519679199999928], [112.75692530000003, -7.519760199999951], [112.75692440000012, -7.519762299999968], [112.7559367, -7.519923299999959], [112.7555235000001, -7.52006549999993], [112.75511010000002, -7.520181399999956], [112.75485430000003, -7.520219699999927], [112.75440780000008, -7.520267], [112.75374090000003, -7.52025569999995], [112.75365490000002, -7.520267099999955], [112.75358720000008, -7.520249], [112.75351680000006, -7.520249299999932], [112.753464, -7.520258299999966], [112.7533936000001, -7.520276099999933], [112.75331470000003, -7.520355499999937], [112.75322380000011, -7.520505299999968], [112.75318350000009, -7.520551699999942], [112.753087, -7.520655199999965], [112.75305430000003, -7.520700099999942], [112.75287430000003, -7.520906899999943], [112.75285040000006, -7.520902099999944], [112.7528420000001, -7.520910499999957], [112.75234350000005, -7.520897099999956], [112.75164930000005, -7.521094299999959], [112.75133380000011, -7.52110209999995], [112.75095520000002, -7.520991699999968], [112.75072650000004, -7.520928599999934], [112.75051930000006, -7.520922599999949], [112.7501463000001, -7.520877399999961], [112.75012210000011, -7.520918], [112.75008760000003, -7.520975899999939], [112.74996920000001, -7.521062699999959], [112.7496986000001, -7.521116799999959], [112.74954070000001, -7.52111739999998], [112.74927430000002, -7.521078299999942], [112.7492142000001, -7.52106189999995], [112.74917960000005, -7.521049499999947], [112.74910050000005, -7.521001], [112.749047, -7.520961299999954], [112.7488704000001, -7.520830199999978], [112.74865880000004, -7.520760699999926], [112.7485620000001, -7.520769899999948], [112.74846290000005, -7.520826], [112.74838380000006, -7.520834], [112.748226, -7.521007499999939], [112.7480131000001, -7.521244099999933], [112.74787320000007, -7.521445899999947], [112.74787050000009, -7.521445399999948], [112.7479598000001, -7.521727299999952], [112.74796830000003, -7.522019899999975], [112.7480299, -7.52211669999997], [112.7480369000001, -7.522170199999948], [112.74815650000005, -7.522303099999931], [112.74822510000001, -7.522388], [112.74832230000004, -7.522466599999973], [112.74843720000001, -7.522649799999954], [112.74842780000006, -7.522693799999956], [112.74841830000003, -7.522747299999935], [112.74838240000008, -7.522777699999949], [112.74827870000001, -7.522842499999967], [112.74791360000006, -7.523142], [112.74772840000003, -7.523334], [112.74758810000003, -7.523469499999976], [112.74751540000011, -7.523616], [112.74748750000003, -7.52438369999993], [112.747472, -7.524738], [112.74749110000005, -7.525983499999938], [112.74752620000004, -7.526298299999951], [112.74756800000011, -7.526899799999967], [112.74757720000002, -7.527081299999963], [112.7475803000001, -7.527141599999936], [112.74769230000004, -7.527689399999929], [112.74773820000007, -7.527891699999941], [112.74778390000006, -7.52803769999997], [112.74788070000011, -7.528296], [112.74794920000011, -7.528509399999962], [112.7480064, -7.528711599999951], [112.748041, -7.528908299999955], [112.74809830000004, -7.529155499999945], [112.74812720000011, -7.529335299999957], [112.74809990000006, -7.529554799999971], [112.74805530000003, -7.529673], [112.7479892, -7.529767], [112.74798410000005, -7.529778], [112.74790210000003, -7.529951099999948], [112.74782190000008, -7.530030299999964], [112.74757120000004, -7.530277699999942], [112.74751580000009, -7.530332499999929], [112.7471263000001, -7.530065399999955], [112.74704210000004, -7.530003], [112.74689290000003, -7.52989249999996], [112.74682590000009, -7.529842899999949], [112.74675470000011, -7.529710099999932], [112.74670770000012, -7.529622599999925], [112.74658120000004, -7.529386699999975], [112.74638090000008, -7.529420099999982], [112.74609160000011, -7.529998699999965], [112.74588690000007, -7.530296499999963], [112.745803, -7.530444599999953], [112.74566270000003, -7.530722899999944], [112.74557980000009, -7.53097779999996], [112.74556910000001, -7.531001099999969], [112.74541970000007, -7.531328599999938], [112.74534620000009, -7.531489599999929], [112.74516810000011, -7.531956899999955], [112.74464520000004, -7.532223899999963], [112.74382190000006, -7.531923499999948], [112.74348810000004, -7.532435299999975], [112.74335540000004, -7.533028], [112.74335130000009, -7.533046299999967], [112.74332950000007, -7.533102299999939], [112.7432778000001, -7.533144799999945], [112.74306550000006, -7.533086], [112.7427566, -7.532975299999976], [112.74263760000008, -7.532940199999928], [112.74248210000007, -7.532980899999927], [112.74233640000011, -7.533060899999953], [112.74207430000001, -7.533090799999968], [112.74185010000008, -7.533051599999965], [112.74175350000007, -7.533082599999943], [112.74156240000002, -7.533095199999934], [112.7413878000001, -7.533086399999945], [112.7412743000001, -7.533023299999968], [112.74117950000004, -7.532931899999937], [112.74112750000006, -7.532889699999942], [112.74106110000002, -7.532866499999955], [112.7408464, -7.532873699999925], [112.74062550000008, -7.532906], [112.74053730000003, -7.532963099999961], [112.740219, -7.533704299999954], [112.74019890000011, -7.533742599999925], [112.73934640000004, -7.533604299999979], [112.73877740000012, -7.533535599999936], [112.73839, -7.53343], [112.73803, -7.53334], [112.7377100000001, -7.53327], [112.73749850000002, -7.533252399999981], [112.73737730000005, -7.533242299999927], [112.7373252000001, -7.533334699999955], [112.737309, -7.533363399999928], [112.7372808, -7.533424], [112.73712110000008, -7.533824099999947], [112.73649960000012, -7.535381799999925], [112.736487, -7.535374599999955], [112.736485, -7.535378799999933], [112.73715990000005, -7.535851799999932], [112.73856, -7.536417899999947], [112.73856, -7.53632], [112.73913, -7.53646], [112.74038, -7.53669], [112.74143, -7.53697], [112.74207, -7.53711], [112.74233290000006, -7.537174399999969], [112.74257570000009, -7.536590199999978], [112.74261050000007, -7.53644259999993], [112.74270290000004, -7.536051599999951], [112.7427143000001, -7.536053399999957], [112.74304870000003, -7.535185], [112.744502, -7.534101799999974], [112.74503990000005, -7.533614799999953], [112.74606790000007, -7.534203299999945], [112.74812040000006, -7.534464499999956], [112.74925540000004, -7.534783199999936], [112.74946630000011, -7.534879299999943], [112.74950740000008, -7.534832899999969], [112.74983740000005, -7.534292899999969], [112.75006740000003, -7.533912899999962], [112.75025740000001, -7.533602899999948], [112.75040740000009, -7.533302899999967], [112.75051740000004, -7.533082899999954], [112.75055740000005, -7.532952899999941], [112.75064740000005, -7.532802899999979], [112.75076740000009, -7.532592899999941], [112.75108690000002, -7.532070099999942], [112.75157270000011, -7.532085499999937], [112.75205890000007, -7.532204699999966], [112.75208710000004, -7.532212099999981], [112.75226540000006, -7.530929899999933], [112.752318, -7.53085939999994], [112.75241170000004, -7.530077], [112.75204190000011, -7.530069699999956], [112.75211790000003, -7.529269799999952], [112.75219490000006, -7.528707199999928], [112.75239740000006, -7.528706399999976], [112.75282020000009, -7.528748599999972], [112.75350620000006, -7.528570099999968], [112.75409590000004, -7.528523899999925], [112.7541824000001, -7.528128099999947], [112.75415520000001, -7.527926099999945], [112.75418090000005, -7.527759099999969], [112.75426720000007, -7.52753249999995], [112.754268, -7.527530299999967], [112.75459230000001, -7.527151199999935], [112.75514440000006, -7.526525099999958], [112.75544410000009, -7.526611799999955], [112.75557580000009, -7.526514599999928], [112.75576950000004, -7.526522599999964], [112.75594520000004, -7.526407699999936], [112.75635040000009, -7.52645], [112.75657890000002, -7.52637], [112.75670960000002, -7.526009199999976], [112.75686810000002, -7.526026199999933], [112.75710570000001, -7.525998899999934], [112.75747590000003, -7.526094], [112.75775670000007, -7.525864399999932], [112.7580458000001, -7.525511799999947], [112.7583012, -7.525355899999965], [112.75833570000009, -7.525334899999962], [112.75917330000004, -7.525621499999943], [112.75983540000004, -7.526075799999944], [112.7604172, -7.52623159999996], [112.76085820000003, -7.526431899999977], [112.76151980000009, -7.526736799999981], [112.76218140000003, -7.52705919999994], [112.76255130000004, -7.527084099999968], [112.76321180000002, -7.527134099999955], [112.76370470000006, -7.527097], [112.76405680000005, -7.527078], [112.76454060000003, -7.526953099999957], [112.7650900000001, -7.5268], [112.76517, -7.52674], [112.765412, -7.526905599999964], [112.76589780000006, -7.527290299999947], [112.76606860000004, -7.52744569999993], [112.76611880000007, -7.52749149999994], [112.7665601000001, -7.527753299999972], [112.7668159000001, -7.527866499999959], [112.767001, -7.527918399999976], [112.76724, -7.52782], [112.7674316, -7.527723399999957], [112.76771210000004, -7.527414699999952], [112.76804520000007, -7.527053199999955], [112.76856380000004, -7.526831399999935], [112.76939930000003, -7.526625899999942], [112.76988310000002, -7.526501], [112.7707458000001, -7.526462299999935], [112.771327, -7.526503899999966], [112.77161, -7.52651], [112.77214, -7.52644], [112.77292770000008, -7.526066899999933], [112.77349, -7.5258], [112.77381, -7.52572], [112.77402670000004, -7.525684699999942], [112.77429170000005, -7.525903199999959], [112.77447, -7.52614], [112.77488660000006, -7.527130899999975], [112.7752316000001, -7.527533699999935], [112.77569910000011, -7.527751499999965], [112.77598000000012, -7.52772], [112.77658, -7.52767], [112.77745, -7.52741], [112.77804, -7.52712], [112.77876, -7.52686], [112.77912, -7.526762299999973], [112.77950780000003, -7.526857399999926], [112.77978210000003, -7.52719019999995], [112.78024260000007, -7.527847299999962], [112.78073710000001, -7.528187899999978], [112.78125000000011, -7.52833], [112.78173310000011, -7.528456199999937], [112.7822701, -7.52844529999993], [112.78287680000005, -7.528258299999948], [112.78324540000006, -7.527966799999945], [112.78364040000008, -7.527675299999942], [112.78415040000004, -7.527497499999981], [112.78445820000002, -7.527417199999945], [112.78497760000005, -7.52739749999995], [112.78552, -7.5275], [112.78601, -7.52765], [112.78663530000006, -7.52800579999996], [112.78719190000004, -7.528469199999961], [112.78790640000011, -7.528808899999945], [112.78861, -7.5289], [112.78931480000006, -7.528732899999966], [112.78974490000007, -7.528397199999972], [112.78997290000007, -7.528176599999938], [112.79006860000004, -7.527895099999967], [112.79007600000011, -7.52757], [112.79010920000007, -7.527069], [112.7901078000001, -7.52672629999995], [112.7901068000001, -7.526724399999978], [112.79010730000005, -7.526722899999982], [112.7900873000001, -7.526592899999969], [112.7900873000001, -7.526312899999937], [112.79013730000008, -7.525582899999961], [112.79005730000006, -7.525352899999973], [112.78992730000004, -7.525182899999947], [112.78947730000004, -7.524662899999953], [112.7890473000001, -7.524302899999952], [112.7888173, -7.52417289999994], [112.78862730000003, -7.524102899999946], [112.78799730000003, -7.523742899999945], [112.78783250000004, -7.523545099999978], [112.78754730000003, -7.523202899999944], [112.78752730000008, -7.522662899999943], [112.78773730000012, -7.522522899999956], [112.78802730000007, -7.522382899999968], [112.78837730000009, -7.52235289999993], [112.78940730000011, -7.522292899999968], [112.79050730000006, -7.522272899999962], [112.79167730000006, -7.522372899999937], [112.7930573000001, -7.522552899999937], [112.79367730000001, -7.52277289999995], [112.79453730000012, -7.523172899999963], [112.79524730000003, -7.523612899999932], [112.79558730000008, -7.523572899999976], [112.7960273000001, -7.523272899999938], [112.79657730000008, -7.52313289999995], [112.79713730000003, -7.52304289999995], [112.79755730000011, -7.52295289999995], [112.7984073, -7.522422899999981], [112.79918180000004, -7.521644299999934], [112.79971740000008, -7.521105499999976], [112.80008730000009, -7.520792899999947], [112.80046730000004, -7.520612899999946], [112.8009459000001, -7.520373399999926], [112.80113050000011, -7.520328399999926], [112.8011408000001, -7.520243499999935], [112.80113950000009, -7.519921799999963], [112.80090890000008, -7.519830799999966], [112.80010730000004, -7.519779299999925], [112.79892980000011, -7.520328899999981], [112.79831370000011, -7.520366599999932], [112.79726890000006, -7.521073799999954], [112.79677560000005, -7.521023099999979], [112.79621210000005, -7.520999], [112.79554150000001, -7.520659099999932], [112.79514530000006, -7.520652], [112.79398960000003, -7.520068], [112.79268430000002, -7.518446]]]] 
      }
    },
    {
      "type": "Feature",
      "properties": {
        "district_id": "3515050",
        "province": "Jawa Timur",
        "regency": "Sidoarjo",
        "district": "Jabon",
        "pria": 28000,
        "wanita": 27737,
        "total_penduduk": 55737
      },
      "geometry": {
        "type": "Polygon",
        "coordinates": [[[112.7139853000001, -7.53506509999994], [112.71389750000003, -7.535152799999935], [112.71371750000003, -7.535332799999935], [112.7134175000001, -7.535582799999929], [112.71310750000009, -7.535892799999942], [112.71271750000005, -7.536252799999943], [112.71241750000002, -7.536572799999931], [112.71204750000004, -7.536892799999976], [112.71181750000005, -7.537202799999932], [112.71158750000006, -7.537522799999977], [112.71136910000007, -7.537786399999959], [112.71099, -7.5376], [112.71052, -7.53741], [112.70997000000011, -7.53716], [112.70961000000011, -7.537], [112.70916000000011, -7.53677], [112.70873620000009, -7.536572199999966], [112.70871000000011, -7.53656], [112.70834, -7.5364], [112.70803400000011, -7.536279899999954], [112.70762270000012, -7.53611849999993], [112.7074675, -7.536412799999937], [112.70716750000008, -7.53699279999995], [112.70586060000005, -7.538406099999975], [112.70575010000005, -7.538525599999957], [112.7054922000001, -7.538958399999956], [112.70532020000007, -7.539239799999962], [112.705227, -7.539468], [112.70517010000003, -7.539607499999931], [112.704891, -7.54017], [112.70481640000003, -7.540339199999949], [112.70460750000007, -7.540812799999969], [112.70434750000004, -7.541452799999945], [112.70402750000005, -7.542252799999972], [112.70398750000004, -7.54233279999994], [112.70377750000011, -7.542862799999966], [112.70369750000009, -7.543012799999929], [112.70362650000004, -7.543215], [112.70363910000003, -7.544040399999972], [112.70400810000001, -7.545100899999966], [112.7044601, -7.545023799999967], [112.70564260000003, -7.544934599999976], [112.70572650000008, -7.544934299999966], [112.70618430000002, -7.544932699999947], [112.70618430000002, -7.545214499999929], [112.70624540000006, -7.545552599999951], [112.70629880000001, -7.545805799999926], [112.70638270000006, -7.546031299999981], [112.70647420000012, -7.546228199999973], [112.7067565000001, -7.546452399999964], [112.70720670000003, -7.546676499999933], [112.70763390000002, -7.546843799999976], [112.70828240000003, -7.547095099999979], [112.70874, -7.547300099999973], [112.70874020000008, -7.547300199999938], [112.709048, -7.547499899999934], [112.70924370000012, -7.547626799999932], [112.7095336000001, -7.547935799999948], [112.70984640000006, -7.548329199999955], [112.71001430000001, -7.548610499999938], [112.71012870000004, -7.54894859999996], [112.71013540000001, -7.549034799999959], [112.71015920000002, -7.549343], [112.71015920000002, -7.549737799999946], [112.71014680000008, -7.549966899999959], [112.71013630000004, -7.550160699999935], [112.71010580000006, -7.550696699999946], [112.71013630000004, -7.551485799999966], [112.71016530000009, -7.552234299999952], [112.7101669000001, -7.552275], [112.71028890000002, -7.553063699999939], [112.7103423000001, -7.55371219999995], [112.71048730000007, -7.554303499999946], [112.71056690000012, -7.554597399999977], [112.71071620000009, -7.55514839999995], [112.71085330000005, -7.555437799999936], [112.7108535000001, -7.555438299999935], [112.711029, -7.55582359999994], [112.71134940000002, -7.556527399999936], [112.7115606000001, -7.556885199999954], [112.71163170000011, -7.557005699999934], [112.71188350000011, -7.557371], [112.7124252000001, -7.55790449999995], [112.71274, -7.55812839999993], [112.71309210000004, -7.558378799999957], [112.71313470000007, -7.558409], [112.71364590000007, -7.558773799999926], [112.71381910000002, -7.55891029999998], [112.71407310000006, -7.559110499999974], [112.71452320000003, -7.559390399999927], [112.71494860000007, -7.559538499999974], [112.71548450000012, -7.55972509999998], [112.71571340000003, -7.559777099999963], [112.71572060000005, -7.559778699999981], [112.71585160000006, -7.559808499999974], [112.71623180000006, -7.559894799999938], [112.716339, -7.559919199999968], [112.71704090000003, -7.560028899999963], [112.71775050000008, -7.560139], [112.71835260000012, -7.560425799999962], [112.7185134, -7.560502399999962], [112.719223, -7.561007299999972], [112.71940160000008, -7.561183899999946], [112.7197341000001, -7.561512799999946], [112.72019190000003, -7.562018199999955], [112.72072590000005, -7.562636199999929], [112.72121420000008, -7.563254699999959], [112.72157930000003, -7.563731], [112.72158040000011, -7.563732399999935], [112.72177880000004, -7.564351899999963], [112.7219315000001, -7.564832], [112.72198480000009, -7.564999399999977], [112.72218320000002, -7.565421399999934], [112.7223815000001, -7.565730899999949], [112.7226409000001, -7.566181], [112.72274650000008, -7.566382499999975], [112.72254090000001, -7.566901499999972], [112.7228957000001, -7.567532899999946], [112.72300430000007, -7.568270699999971], [112.72283030000006, -7.568798799999968], [112.72374950000005, -7.569603699999959], [112.72459760000004, -7.570233199999961], [112.72547980000002, -7.570581299999958], [112.72615460000009, -7.571149099999957], [112.72618680000005, -7.571176099999946], [112.72731450000003, -7.571242], [112.72816190000003, -7.571695599999941], [112.72856800000011, -7.571775], [112.7286908000001, -7.571799], [112.7290425000001, -7.571657], [112.72906640000008, -7.57163689999993], [112.72946390000004, -7.57130369999993], [112.73027420000005, -7.57130049999995], [112.731261, -7.57136689999993], [112.732317, -7.571116599999925], [112.7328027000001, -7.571038099999953], [112.73298590000002, -7.571008499999948], [112.73393830000009, -7.571286], [112.735209, -7.571878599999934], [112.73658660000001, -7.572752], [112.73694080000007, -7.572767399999975], [112.73697570000002, -7.572680699999978], [112.73698, -7.57267], [112.73715, -7.57225], [112.73715040000002, -7.572248899999977], [112.737152, -7.572250199999928], [112.73748010000008, -7.572521499999937], [112.73752030000003, -7.572552299999927], [112.73784630000011, -7.572801899999945], [112.73830410000005, -7.573026], [112.73889150000002, -7.573220599999956], [112.73916620000011, -7.573238199999935], [112.73917090000009, -7.573238499999945], [112.7397155000001, -7.573274], [112.73977120000006, -7.573271399999953], [112.74107350000008, -7.573212], [112.7422332000001, -7.573066499999925], [112.7434158000001, -7.572836199999927], [112.74446100000011, -7.572409], [112.744538, -7.572372799999926], [112.74530780000009, -7.572011299999929], [112.74615470000003, -7.571781899999962], [112.74691770000004, -7.571750899999927], [112.74771110000006, -7.571888699999931], [112.74830620000012, -7.572224399999925], [112.7488174, -7.572532499999966], [112.749382, -7.572896799999967], [112.74972530000002, -7.573120899999935], [112.74999990000003, -7.573246299999937], [112.75004550000006, -7.573282899999981], [112.75202930000012, -7.574876099999926], [112.75291430000004, -7.575239], [112.7531557000001, -7.575256799999977], [112.75338740000007, -7.575273799999934], [112.7540130000001, -7.574941499999966], [112.75500480000005, -7.574168], [112.7558441000001, -7.573468], [112.75591270000007, -7.573440399999981], [112.75643150000008, -7.573209099999929], [112.75759490000007, -7.573281799999961], [112.75808710000001, -7.573312599999952], [112.7593002000001, -7.57356429999993], [112.75935130000005, -7.573585899999955], [112.76020040000003, -7.573943399999962], [112.76136770000005, -7.57443509999996], [112.76243580000005, -7.574870899999951], [112.763977, -7.574608199999943], [112.76430120000009, -7.574564199999941], [112.76537320000011, -7.574418799999933], [112.766838, -7.574303], [112.76746360000004, -7.574190899999962], [112.76747780000005, -7.574177499999962], [112.76767080000002, -7.574165299999947], [112.7679237000001, -7.574073299999952], [112.76793050000003, -7.574078], [112.76810490000003, -7.574015299999928], [112.76833890000012, -7.573972499999968], [112.76834230000009, -7.573965799999939], [112.76901520000001, -7.573855499999979], [112.76987560000009, -7.574006399999973], [112.7695652000001, -7.573628499999927], [112.76954190000004, -7.573543299999926], [112.76936590000003, -7.572901399999978], [112.76966860000005, -7.572053899999958], [112.76972650000005, -7.571892], [112.7706763000001, -7.570880199999976], [112.77162870000006, -7.570484399999941], [112.77206190000004, -7.570541499999933], [112.77286390000006, -7.570647299999962], [112.77409990000001, -7.571006299999965], [112.774719, -7.571451699999955], [112.77472080000007, -7.57189969999996], [112.77516220000007, -7.572104699999954], [112.77519870000003, -7.572121699999968], [112.77573240000004, -7.572259499999973], [112.77654710000002, -7.572508199999959], [112.77694880000001, -7.57254949999998], [112.77695, -7.57254], [112.77692190000005, -7.572455799999943], [112.77692, -7.57245], [112.77679710000007, -7.572257899999954], [112.77676, -7.5722], [112.77649, -7.57195], [112.77629260000003, -7.571792099999925], [112.7765121000001, -7.571572099999969], [112.77665310000009, -7.571313599999939], [112.77690120000011, -7.570858799999939], [112.7774429000001, -7.570217899999932], [112.77753440000004, -7.569137399999931], [112.77799980000009, -7.568349699999942], [112.77929680000011, -7.56721529999993], [112.78018180000004, -7.566524299999969], [112.78166190000002, -7.566002699999956], [112.78209680000009, -7.565734199999952], [112.78221890000009, -7.565666499999963], [112.782257, -7.565057599999932], [112.7823409, -7.564905], [112.78282160000003, -7.564734299999941], [112.78329460000009, -7.564486299999942], [112.78387440000006, -7.564170599999954], [112.78430930000002, -7.563592699999958], [112.78450770000006, -7.563133599999958], [112.784706, -7.562778299999934], [112.78574360000005, -7.562777799999935], [112.7862014000001, -7.562981399999956], [112.78710930000011, -7.563509299999964], [112.78721610000002, -7.56359649999996], [112.78767390000007, -7.564016199999969], [112.78784170000006, -7.564124399999969], [112.7880401000001, -7.564169699999979], [112.78851310000005, -7.56402049999997], [112.78909090000002, -7.563829], [112.78909290000001, -7.563828299999955], [112.78974140000003, -7.564313199999958], [112.78992460000006, -7.564398599999947], [112.79019160000007, -7.564448199999958], [112.79049670000006, -7.564431], [112.79071040000008, -7.564364199999943], [112.7913741000001, -7.563792499999977], [112.79257960000007, -7.56286979999993], [112.79328150000003, -7.562387799999954], [112.79353320000007, -7.562211799999943], [112.79461660000004, -7.562434899999971], [112.79477680000002, -7.562374899999952], [112.79495230000009, -7.562223299999971], [112.79515830000003, -7.561944299999936], [112.79554740000003, -7.561431699999957], [112.795845, -7.561188499999957], [112.79592720000005, -7.561151699999925], [112.79650050000009, -7.561692099999959], [112.7972344000001, -7.561788799999931], [112.79754160000005, -7.561556899999971], [112.79762260000007, -7.561622899999975], [112.7982558000001, -7.561187099999927], [112.798355, -7.561022099999946], [112.79840840000008, -7.560812299999952], [112.79840690000003, -7.560789], [112.7989424000001, -7.56053959999997], [112.7995218000001, -7.560545899999966], [112.79970990000004, -7.560633799999948], [112.799652, -7.561541799999929], [112.7998275000001, -7.561858499999971], [112.80032340000002, -7.562070199999937], [112.80091090000008, -7.56212789999995], [112.80144110000003, -7.562046499999951], [112.80144490000009, -7.56204589999993], [112.80163570000002, -7.561554199999932], [112.8018035, -7.56068879999998], [112.80202480000003, -7.560016399999938], [112.80213160000005, -7.559575799999948], [112.80213160000005, -7.559101399999975], [112.80273430000011, -7.558991699999979], [112.80296320000002, -7.558956899999941], [112.80318440000008, -7.55900459999998], [112.803749, -7.559348399999976], [112.80394740000008, -7.55947], [112.804222, -7.559508599999958], [112.8045806, -7.55948049999995], [112.804779, -7.55941329999996], [112.8049926000001, -7.559256399999981], [112.80508410000004, -7.55911709999998], [112.80514520000008, -7.558817699999963], [112.80512990000011, -7.558359], [112.80503070000009, -7.557842099999959], [112.80490870000006, -7.557371899999964], [112.80487820000008, -7.557096299999955], [112.80493150000007, -7.556695699999977], [112.805046, -7.556312899999966], [112.80520620000004, -7.555966199999943], [112.80542750000006, -7.555659599999956], [112.80563350000011, -7.555463599999939], [112.806137, -7.55518369999993], [112.80651080000007, -7.555036799999925], [112.80718990000003, -7.554955799999959], [112.80783840000004, -7.554941], [112.808525, -7.555026799999951], [112.809471, -7.555353899999943], [112.80975330000001, -7.555435], [112.80995170000006, -7.555451699999935], [112.81009830000005, -7.55540039999994], [112.81010430000003, -7.555398299999979], [112.81034840000007, -7.555172699999957], [112.81067650000011, -7.554812199999958], [112.810913, -7.554606299999932], [112.8110656, -7.554524199999946], [112.81163780000009, -7.554587199999958], [112.8117294000001, -7.55462289999997], [112.81187200000011, -7.554694199999972], [112.81187430000011, -7.554695399999957], [112.81184960000007, -7.554758599999957], [112.81152340000006, -7.555593299999941], [112.811264, -7.556268], [112.81092830000011, -7.556824499999948], [112.81105800000012, -7.556885499999964], [112.81111140000007, -7.556907899999942], [112.81118, -7.55694989999995], [112.8112258000001, -7.556978499999957], [112.81125630000008, -7.556993299999931], [112.81132810000008, -7.557039399999951], [112.81153860000006, -7.557174499999974], [112.81186670000011, -7.557397199999969], [112.81219470000008, -7.557624199999964], [112.8125152, -7.557872599999939], [112.812622, -7.557973699999934], [112.81272120000006, -7.558128199999942], [112.8128051000001, -7.558264099999974], [112.81285090000006, -7.558397099999979], [112.81289670000001, -7.558538699999929], [112.81289670000001, -7.558673699999929], [112.81394190000003, -7.559081799999944], [112.81460560000005, -7.559054199999935], [112.8165206000001, -7.558917799999961], [112.81672660000004, -7.558873499999947], [112.816986, -7.558692299999962], [112.8175887000001, -7.558176299999957], [112.81823720000011, -7.557609399999933], [112.81861110000011, -7.557291799999973], [112.8189086000001, -7.557118199999934], [112.81999960000007, -7.556799699999942], [112.82056420000004, -7.556607499999927], [112.82151790000012, -7.556149299999959], [112.82273090000001, -7.555489399999942], [112.8232650000001, -7.555175099999929], [112.82352440000011, -7.55506639999993], [112.82392870000001, -7.555008699999973], [112.82425680000006, -7.555003499999941], [112.8243331000001, -7.555041099999926], [112.824562, -7.554855599999939], [112.82492060000004, -7.554651499999977], [112.82556910000005, -7.554397899999969], [112.8259048000001, -7.554265799999939], [112.82648460000007, -7.553795599999944], [112.82669820000001, -7.553625899999929], [112.82708730000002, -7.553461299999981], [112.82772820000002, -7.553314499999942], [112.82799520000003, -7.553196699999944], [112.828392, -7.553027399999962], [112.82889550000004, -7.552859599999977], [112.82915490000005, -7.552815199999941], [112.8296279000001, -7.552853399999947], [112.82997890000001, -7.552892499999928], [112.83009330000004, -7.552882499999953], [112.830223, -7.552784199999962], [112.83039080000003, -7.552606899999944], [112.83059680000008, -7.552516799999978], [112.83088680000003, -7.552478599999972], [112.83130640000002, -7.552554399999963], [112.8316039, -7.552614499999947], [112.83174130000009, -7.552594], [112.8318938000001, -7.55251149999998], [112.83203120000007, -7.552370399999973], [112.83229060000008, -7.552749399999925], [112.8330535, -7.553345], [112.83391560000007, -7.553771299999937], [112.83422110000004, -7.553862299999935], [112.83388580000008, -7.554755499999942], [112.83392430000004, -7.555836399999976], [112.83416520000003, -7.556781399999977], [112.8343718000001, -7.557591399999978], [112.83481740000002, -7.558873299999959], [112.8350276000001, -7.55963], [112.83522990000006, -7.560358199999939], [112.83558270000003, -7.561264899999969], [112.83601720000001, -7.562381899999934], [112.83612390000008, -7.563597799999968], [112.83622950000006, -7.564543299999968], [112.83663830000012, -7.565149699999949], [112.83687820000011, -7.56582439999994], [112.83726370000011, -7.566480499999955], [112.837387, -7.56695869999993], [112.83750140000006, -7.568353899999977], [112.8384704, -7.569745799999964], [112.83891920000008, -7.570240299999966], [112.83892050000009, -7.57024169999994], [112.8402023000001, -7.571671299999934], [112.84126970000011, -7.572270299999957], [112.8412704000001, -7.572270699999933], [112.84172050000006, -7.572523899999965], [112.8424758000001, -7.573379799999941], [112.84334560000002, -7.574879499999952], [112.84399410000003, -7.576379599999939], [112.84446710000009, -7.576888799999949], [112.84447080000007, -7.576892799999939], [112.84454, -7.57715], [112.84467, -7.57755], [112.8448, -7.57786], [112.84537000000012, -7.57832], [112.84574, -7.5786], [112.84645, -7.57899], [112.84694, -7.57922], [112.84756, -7.5795], [112.850675, -7.579484099999945], [112.852638, -7.579424599999982], [112.854839, -7.579662599999949], [112.85638570000003, -7.580079], [112.85636370000009, -7.580222], [112.8612041, -7.580079], [112.8632861000001, -7.579484099999945], [112.86447580000004, -7.578294399999947], [112.86703380000006, -7.576747699999942], [112.868283, -7.57650979999994], [112.87399370000003, -7.57704519999993], [112.88059670000007, -7.57805639999998], [112.88166750000005, -7.577937499999962], [112.88166750000005, -7.577342599999952], [112.87571880000007, -7.571929299999965], [112.87536190000003, -7.56889549999994], [112.87411270000007, -7.566813499999967], [112.87357730000008, -7.565623699999946], [112.87411270000007, -7.563958099999979], [112.874648, -7.562173499999972], [112.87452910000002, -7.55925869999993], [112.8736368000001, -7.554559299999937], [112.872276, -7.553504699999962], [112.8709123000001, -7.552643799999942], [112.87002, -7.552643799999942], [112.86900870000011, -7.55282219999998], [112.86841390000006, -7.552346399999976], [112.86805690000006, -7.551394599999981], [112.86820380000006, -7.550586799999962], [112.86853280000003, -7.548777199999961], [112.86853280000003, -7.547527899999977], [112.86888970000007, -7.546040799999957], [112.86948460000008, -7.545326899999964], [112.8697820000001, -7.544672599999956], [112.86894450000011, -7.543634], [112.8690534000001, -7.543581], [112.86951710000005, -7.542676699999959], [112.8696546000001, -7.541830599999969], [112.86969890000012, -7.54117279999997], [112.86955530000012, -7.540609699999948], [112.86880110000004, -7.540378099999941], [112.87055540000006, -7.538961899999947], [112.87180460000002, -7.538545499999941], [112.87257790000001, -7.538545499999941], [112.87311330000011, -7.538069599999972], [112.87311330000011, -7.53723679999996], [112.87227160000009, -7.536731799999927], [112.87132870000005, -7.536166], [112.87079330000006, -7.534857299999942], [112.8703729, -7.533701099999973], [112.87027710000007, -7.532913], [112.86948460000008, -7.532002], [112.86823540000012, -7.532358899999963], [112.8676405000001, -7.532180399999959], [112.86746210000001, -7.531288099999927], [112.86716460000002, -7.530574299999955], [112.86645080000005, -7.530633799999976], [112.86597490000008, -7.530574299999955], [112.86615340000003, -7.529860399999961], [112.86645080000005, -7.52908709999997], [112.86609390000001, -7.528373299999942], [112.86591540000006, -7.528194799999937], [112.86508260000005, -7.528016399999956], [112.86460670000008, -7.527718899999968], [112.86460670000008, -7.527183599999944], [112.86460670000008, -7.526707699999974], [112.86424980000004, -7.526350699999966], [112.863417, -7.524625599999979], [112.86288160000004, -7.523792799999967], [112.8619298000001, -7.523673799999926], [112.86103750000007, -7.524090299999955], [112.8603237000001, -7.524268699999936], [112.85895550000009, -7.523316899999941], [112.85782530000006, -7.522543599999949], [112.8578063000001, -7.522151699999938], [112.86004360000004, -7.522185399999955], [112.86138210000001, -7.521679799999959], [112.8615903000001, -7.521263399999953], [112.86126310000009, -7.520936199999937], [112.8607277000001, -7.520936199999937], [112.85897280000006, -7.520579299999952], [112.85772470000006, -7.520464599999968], [112.8561472, -7.519687], [112.85504670000012, -7.519181399999979], [112.85483850000003, -7.51867569999996], [112.8544816000001, -7.518140399999936], [112.8542437000001, -7.518021399999952], [112.85358930000007, -7.517872699999941], [112.85236980000002, -7.517753699999957], [112.85135860000003, -7.517753699999957], [112.85085290000006, -7.517426499999942], [112.85043650000011, -7.517129099999977], [112.84948470000006, -7.517307599999981], [112.84900890000006, -7.517307599999981], [112.84883040000011, -7.516831699999955], [112.84865190000005, -7.51650449999994], [112.8480571, -7.516236799999945], [112.84659970000007, -7.515225499999929], [112.845172, -7.514363], [112.8450064000001, -7.513952599999925], [112.84438720000003, -7.513663], [112.84410720000005, -7.513433], [112.843554, -7.513069], [112.84219760000008, -7.511686099999963], [112.83969920000004, -7.510526099999936], [112.83862850000003, -7.510258399999941], [112.83791460000009, -7.510645099999977], [112.837378, -7.511763], [112.83699260000003, -7.511715799999934], [112.8366357000001, -7.511210199999937], [112.83636050000007, -7.510227399999962], [112.836011, -7.50897939999993], [112.835089, -7.506956899999977], [112.83162850000008, -7.502081699999962], [112.83146720000002, -7.501772899999935], [112.8313472000001, -7.501512899999966], [112.83101720000002, -7.50089289999994], [112.83012640000004, -7.499814899999933], [112.82970150000006, -7.49948779999994], [112.82922790000009, -7.498785199999929], [112.8290267000001, -7.498602], [112.827241, -7.496397699999932], [112.8265321, -7.495696], [112.82587060000003, -7.495088099999975], [112.825539, -7.494572799999958], [112.82523960000003, -7.494443499999932], [112.82331070000009, -7.493066799999951], [112.82283480000001, -7.492650399999945], [112.82266080000011, -7.492964799999982], [112.82128810000006, -7.495446299999969], [112.82057430000009, -7.496963199999925], [112.82054460000006, -7.497736499999974], [112.82125840000003, -7.49877749999996], [112.82325950000006, -7.500030699999968], [112.82359, -7.5011], [112.82386, -7.502], [112.82373, -7.50257], [112.8236, -7.50313], [112.82328, -7.50396], [112.82284, -7.50542], [112.82271, -7.5059], [112.8227, -7.50626], [112.82275, -7.50656], [112.82307, -7.50744], [112.82359, -7.50822], [112.82379, -7.50865], [112.82386, -7.50932], [112.8238, -7.50992], [112.8236700000001, -7.51049], [112.82357, -7.51082], [112.82327, -7.51152], [112.8230400000001, -7.51232], [112.82274, -7.51318], [112.82254000000012, -7.51382], [112.82182000000012, -7.51538], [112.82132, -7.51658], [112.82093, -7.51768], [112.82068, -7.51839], [112.82018, -7.51894], [112.81969, -7.51943], [112.81888, -7.51988], [112.8159, -7.52119], [112.81523, -7.52157], [112.81481, -7.52191], [112.81447, -7.52236], [112.81415, -7.52302], [112.81395, -7.52381], [112.81384, -7.52492], [112.81381010000007, -7.525268899999958], [112.8138100000001, -7.52527], [112.81357, -7.52549], [112.8132, -7.52559], [112.81265, -7.52559], [112.81189, -7.52557], [112.81147, -7.52557], [112.81083, -7.52546], [112.81058, -7.52516], [112.81029, -7.52441], [112.80995, -7.52375], [112.80966, -7.52308], [112.80941, -7.52272], [112.80907, -7.52254], [112.80866, -7.52242], [112.80842, -7.5224], [112.80843, -7.52221], [112.80843, -7.52206], [112.8084, -7.52188], [112.80828, -7.52173], [112.80805, -7.52156], [112.80772, -7.52139], [112.807253, -7.521214099999952], [112.80697670000006, -7.52124589999994], [112.80663930000003, -7.521284699999967], [112.80577180000012, -7.521253699999932], [112.80499020000002, -7.520997199999954], [112.80471250000005, -7.52088219999996], [112.8046806000001, -7.520869], [112.8041214000001, -7.520637299999976], [112.80347890000007, -7.520484099999976], [112.80282480000005, -7.520368499999961], [112.80280570000002, -7.520365099999935], [112.80239730000005, -7.520292899999959], [112.80131730000005, -7.520282899999927], [112.80113050000011, -7.520328399999926], [112.8009459000001, -7.520373399999926], [112.80046730000004, -7.520612899999946], [112.80008730000009, -7.520792899999947], [112.79971740000008, -7.521105499999976], [112.79918180000004, -7.521644299999934], [112.7984073, -7.522422899999981], [112.79755730000011, -7.52295289999995], [112.79713730000003, -7.52304289999995], [112.79657730000008, -7.52313289999995], [112.7960273000001, -7.523272899999938], [112.79558730000008, -7.523572899999976], [112.79524730000003, -7.523612899999932], [112.79453730000012, -7.523172899999963], [112.79367730000001, -7.52277289999995], [112.7930573000001, -7.522552899999937], [112.79167730000006, -7.522372899999937], [112.79050730000006, -7.522272899999962], [112.78940730000011, -7.522292899999968], [112.78837730000009, -7.52235289999993], [112.78802730000007, -7.522382899999968], [112.78773730000012, -7.522522899999956], [112.78752730000008, -7.522662899999943], [112.78754730000003, -7.523202899999944], [112.78783250000004, -7.523545099999978], [112.78799730000003, -7.523742899999945], [112.78862730000003, -7.524102899999946], [112.7888173, -7.52417289999994], [112.7890473000001, -7.524302899999952], [112.78947730000004, -7.524662899999953], [112.78992730000004, -7.525182899999947], [112.79005730000006, -7.525352899999973], [112.79013730000008, -7.525582899999961], [112.7900873000001, -7.526312899999937], [112.7900873000001, -7.526592899999969], [112.79010730000005, -7.526722899999982], [112.7901068000001, -7.526724399999978], [112.7901078000001, -7.52672629999995], [112.79010920000007, -7.527069], [112.79007600000011, -7.52757], [112.79006860000004, -7.527895099999967], [112.78997290000007, -7.528176599999938], [112.78974490000007, -7.528397199999972], [112.78931480000006, -7.528732899999966], [112.78861, -7.5289], [112.78790640000011, -7.528808899999945], [112.78719190000004, -7.528469199999961], [112.78663530000006, -7.52800579999996], [112.78601, -7.52765], [112.78552, -7.5275], [112.78497760000005, -7.52739749999995], [112.78445820000002, -7.527417199999945], [112.78415040000004, -7.527497499999981], [112.78364040000008, -7.527675299999942], [112.78324540000006, -7.527966799999945], [112.78287680000005, -7.528258299999948], [112.7822701, -7.52844529999993], [112.78173310000011, -7.528456199999937], [112.78125000000011, -7.52833], [112.78073710000001, -7.528187899999978], [112.78024260000007, -7.527847299999962], [112.77978210000003, -7.52719019999995], [112.77950780000003, -7.526857399999926], [112.77912, -7.526762299999973], [112.77876, -7.52686], [112.77804, -7.52712], [112.77745, -7.52741], [112.77658, -7.52767], [112.77598000000012, -7.52772], [112.77569910000011, -7.527751499999965], [112.7752316000001, -7.527533699999935], [112.77488660000006, -7.527130899999975], [112.77447, -7.52614], [112.77429170000005, -7.525903199999959], [112.77402670000004, -7.525684699999942], [112.77381, -7.52572], [112.77349, -7.5258], [112.77292770000008, -7.526066899999933], [112.77214, -7.52644], [112.77161, -7.52651], [112.771327, -7.526503899999966], [112.7707458000001, -7.526462299999935], [112.76988310000002, -7.526501], [112.76939930000003, -7.526625899999942], [112.76856380000004, -7.526831399999935], [112.76804520000007, -7.527053199999955], [112.76771210000004, -7.527414699999952], [112.7674316, -7.527723399999957], [112.76724, -7.52782], [112.767001, -7.527918399999976], [112.7668159000001, -7.527866499999959], [112.7665601000001, -7.527753299999972], [112.76611880000007, -7.52749149999994], [112.76606860000004, -7.52744569999993], [112.76589780000006, -7.527290299999947], [112.765412, -7.526905599999964], [112.76517, -7.52674], [112.7650900000001, -7.5268], [112.76454060000003, -7.526953099999957], [112.76405680000005, -7.527078], [112.76370470000006, -7.527097], [112.76321180000002, -7.527134099999955], [112.76255130000004, -7.527084099999968], [112.76218140000003, -7.52705919999994], [112.76151980000009, -7.526736799999981], [112.76085820000003, -7.526431899999977], [112.7604172, -7.52623159999996], [112.75983540000004, -7.526075799999944], [112.75917330000004, -7.525621499999943], [112.75833570000009, -7.525334899999962], [112.7583012, -7.525355899999965], [112.7580458000001, -7.525511799999947], [112.75775670000007, -7.525864399999932], [112.75747590000003, -7.526094], [112.75710570000001, -7.525998899999934], [112.75686810000002, -7.526026199999933], [112.75670960000002, -7.526009199999976], [112.75657890000002, -7.52637], [112.75635040000009, -7.52645], [112.75594520000004, -7.526407699999936], [112.75576950000004, -7.526522599999964], [112.75557580000009, -7.526514599999928], [112.75544410000009, -7.526611799999955], [112.75514440000006, -7.526525099999958], [112.75459230000001, -7.527151199999935], [112.754268, -7.527530299999967], [112.75426720000007, -7.52753249999995], [112.75418090000005, -7.527759099999969], [112.75415520000001, -7.527926099999945], [112.7541824000001, -7.528128099999947], [112.75409590000004, -7.528523899999925], [112.75350620000006, -7.528570099999968], [112.75282020000009, -7.528748599999972], [112.75239740000006, -7.528706399999976], [112.75219490000006, -7.528707199999928], [112.75211790000003, -7.529269799999952], [112.75204190000011, -7.530069699999956], [112.75241170000004, -7.530077], [112.752318, -7.53085939999994], [112.75226540000006, -7.530929899999933], [112.75208710000004, -7.532212099999981], [112.75205890000007, -7.532204699999966], [112.75157270000011, -7.532085499999937], [112.75108690000002, -7.532070099999942], [112.75076740000009, -7.532592899999941], [112.75064740000005, -7.532802899999979], [112.75055740000005, -7.532952899999941], [112.75051740000004, -7.533082899999954], [112.75040740000009, -7.533302899999967], [112.75025740000001, -7.533602899999948], [112.75006740000003, -7.533912899999962], [112.74983740000005, -7.534292899999969], [112.74950740000008, -7.534832899999969], [112.74946630000011, -7.534879299999943], [112.74925540000004, -7.534783199999936], [112.74812040000006, -7.534464499999956], [112.74606790000007, -7.534203299999945], [112.74503990000005, -7.533614799999953], [112.744502, -7.534101799999974], [112.74304870000003, -7.535185], [112.7427143000001, -7.536053399999957], [112.74270290000004, -7.536051599999951], [112.74261050000007, -7.53644259999993], [112.74257570000009, -7.536590199999978], [112.74233290000006, -7.537174399999969], [112.74207, -7.53711], [112.74143, -7.53697], [112.74038, -7.53669], [112.73913, -7.53646], [112.73856, -7.53632], [112.73856, -7.536417899999947], [112.73715990000005, -7.535851799999932], [112.736485, -7.535378799999933], [112.736487, -7.535374599999955], [112.736207, -7.535216], [112.73609520000002, -7.535170199999925], [112.7355778000001, -7.535041099999944], [112.73538940000003, -7.534779699999945], [112.73524270000007, -7.534711499999958], [112.7348766, -7.534719399999972], [112.73456270000008, -7.534534399999927], [112.7340180000001, -7.534463799999969], [112.73370530000011, -7.534221699999932], [112.733392, -7.533977399999969], [112.73316050000005, -7.53389889999994], [112.73257540000009, -7.533828199999959], [112.73258080000005, -7.533799599999952], [112.73264860000006, -7.533440299999938], [112.73280740000007, -7.532597499999952], [112.73287190000008, -7.532183299999929], [112.73285780000003, -7.532180899999958], [112.732692, -7.532152799999949], [112.73206190000008, -7.532020199999977], [112.73192910000012, -7.532049699999959], [112.7317174000001, -7.532096799999977], [112.73150270000008, -7.532156599999951], [112.73117900000011, -7.532163399999945], [112.73089570000002, -7.532041799999945], [112.73068260000002, -7.531950399999971], [112.73047780000002, -7.531929699999978], [112.73035340000001, -7.532160599999941], [112.73026390000007, -7.532388399999945], [112.73013020000008, -7.532728499999962], [112.73002580000002, -7.532994299999928], [112.72992420000003, -7.533252799999957], [112.72993770000005, -7.53327749999994], [112.7299193, -7.533265099999937], [112.72982730000001, -7.533541499999956], [112.72971770000004, -7.533870499999978], [112.7296311, -7.534130799999957], [112.72951680000006, -7.534092699999974], [112.72935770000004, -7.534039699999937], [112.72915820000003, -7.534720199999981], [112.72914230000003, -7.534730199999956], [112.72907780000003, -7.534773499999972], [112.7288410000001, -7.534828199999936], [112.72868280000012, -7.534923799999945], [112.7286798, -7.534925599999951], [112.72866660000011, -7.534931499999971], [112.72867, -7.534917899999925], [112.72857190000002, -7.534872199999938], [112.72824850000006, -7.534830499999941], [112.72797890000004, -7.53475629999997], [112.727731, -7.534746499999926], [112.7275366, -7.534825099999978], [112.72757540000009, -7.534836299999938], [112.7275333, -7.534826399999929], [112.72751590000007, -7.534833399999968], [112.72751030000006, -7.53483719999997], [112.72738990000005, -7.535192099999961], [112.72701030000007, -7.53505169999994], [112.72618140000009, -7.53476], [112.72616, -7.53481], [112.7257800000001, -7.53466], [112.72473, -7.53431], [112.72386, -7.53408], [112.72381760000007, -7.534069399999964], [112.7235, -7.53399], [112.72269, -7.53376], [112.72267910000005, -7.533762299999978], [112.72252590000005, -7.533722499999953], [112.72242290000008, -7.533686699999976], [112.72236710000004, -7.533699], [112.72226450000005, -7.533758199999966], [112.72210330000007, -7.533878], [112.72195410000006, -7.534008299999925], [112.72186670000008, -7.534066], [112.72174670000004, -7.534109299999955], [112.72157, -7.53407], [112.72139, -7.53395], [112.72118000000012, -7.53388], [112.72070570000005, -7.533814599999971], [112.7206000000001, -7.5338], [112.72009, -7.53381], [112.71957, -7.53387], [112.71885, -7.53404], [112.71869, -7.53408], [112.71847, -7.53415], [112.71802, -7.5344], [112.71754, -7.53461], [112.71674, -7.53478], [112.71651, -7.53483], [112.716406, -7.53483], [112.71641770000008, -7.534770099999946], [112.71645980000005, -7.534679899999958], [112.7164120000001, -7.53466949999995], [112.71623680000005, -7.534643699999947], [112.71575870000004, -7.534518399999968], [112.71543980000001, -7.534403199999929], [112.71526440000002, -7.534316499999932], [112.713985, -7.534993799999938], [112.7139853000001, -7.53506509999994]]] 
      }
    },
    {
      "type": "Feature",
      "properties": {
        "district_id": "3515060",
        "province": "Jawa Timur",
        "regency": "Sidoarjo",
        "district": "Tanggulangin",
        "pria": 44192,
        "wanita": 44093,
        "total_penduduk": 88285
      },
      "geometry": {
        "type": "Polygon",
        "coordinates": [[[112.77104140000006, -7.516358799999978], [112.77105720000009, -7.516374399999961], [112.771103, -7.516419699999972], [112.77121610000006, -7.516531799999939], [112.77141030000007, -7.516636399999925], [112.77145030000008, -7.516667699999971], [112.77168340000003, -7.516985699999964], [112.77185640000005, -7.517117699999972], [112.77191430000005, -7.51717919999993], [112.77194470000006, -7.517185099999949], [112.77197590000003, -7.517208899999957], [112.77221580000003, -7.51720789999996], [112.77245820000007, -7.517064499999947], [112.77263, -7.51688], [112.773, -7.51663], [112.7736000000001, -7.5163], [112.77381, -7.51609], [112.77397, -7.51582], [112.77409000000011, -7.5155], [112.77421, -7.5149], [112.77417860000003, -7.514682899999968], [112.77412660000005, -7.514323799999943], [112.77412230000004, -7.514023699999939], [112.77417930000001, -7.513835599999936], [112.77420960000006, -7.513780299999951], [112.77427030000001, -7.513742599999944], [112.77431260000003, -7.513716399999964], [112.77447990000007, -7.513724499999967], [112.77452770000002, -7.51375319999994], [112.77453460000004, -7.513747799999976], [112.77496520000011, -7.513986099999954], [112.77530060000004, -7.514195699999959], [112.77555710000001, -7.51436659999996], [112.77586770000005, -7.514538], [112.77618740000003, -7.514730699999973], [112.77628780000009, -7.514769699999931], [112.77639420000003, -7.514790399999981], [112.77653060000011, -7.514773899999966], [112.776549, -7.51477159999996], [112.77742930000011, -7.514668099999938], [112.77789690000009, -7.514620699999966], [112.77827940000009, -7.514582799999971], [112.77862220000009, -7.514499499999943], [112.77899690000004, -7.514028199999927], [112.77918110000007, -7.513757699999928], [112.77921360000005, -7.513699499999973], [112.779322, -7.51350489999993], [112.77933180000002, -7.513487399999974], [112.77941580000004, -7.513214199999936], [112.77946310000004, -7.512895799999967], [112.77940720000004, -7.512592899999959], [112.77935710000008, -7.512338399999976], [112.7793617000001, -7.512245699999937], [112.77936850000003, -7.512105599999927], [112.77952560000006, -7.511779899999965], [112.77982390000011, -7.511523799999964], [112.77997280000011, -7.511321199999941], [112.78013970000006, -7.51124139999996], [112.78035110000008, -7.511266899999953], [112.78079960000002, -7.511142099999972], [112.78118040000004, -7.511149], [112.78119850000007, -7.510955], [112.78119880000008, -7.510933199999954], [112.78120330000002, -7.510639699999956], [112.781278, -7.510348499999964], [112.78145040000004, -7.510175], [112.7816504000001, -7.510074199999963], [112.78174090000005, -7.509925299999963], [112.7817338000001, -7.509673699999951], [112.78167530000007, -7.509464799999932], [112.78159890000006, -7.509362099999976], [112.7814098, -7.509165799999948], [112.78122050000002, -7.508902899999953], [112.78121260000012, -7.508861], [112.7811584000001, -7.508572799999968], [112.781139, -7.508294], [112.781153, -7.507984799999974], [112.781246, -7.507723799999951], [112.78142980000007, -7.507350199999962], [112.78157110000006, -7.507010199999968], [112.78164330000004, -7.506831], [112.78150320000009, -7.506725499999959], [112.78139380000005, -7.506710799999951], [112.78122660000008, -7.506672099999946], [112.7810535000001, -7.506672799999933], [112.78087, -7.50671], [112.78064970000003, -7.506704699999943], [112.78044590000002, -7.506641899999977], [112.78029980000008, -7.506548599999974], [112.7802233000001, -7.506418499999938], [112.7801773000001, -7.506300499999952], [112.78007330000003, -7.50613119999997], [112.78004570000007, -7.50605859999996], [112.78015130000006, -7.505885399999954], [112.78018720000011, -7.505757899999935], [112.779953, -7.505667899999935], [112.77985590000003, -7.505686499999968], [112.77967640000008, -7.50560239999993], [112.77948170000002, -7.505530399999941], [112.7793, -7.50544], [112.77912, -7.50539], [112.77890030000003, -7.505334], [112.77888150000001, -7.505328299999974], [112.77884640000002, -7.505305], [112.77878670000007, -7.505236], [112.77861930000006, -7.505032099999937], [112.77851620000001, -7.504894699999966], [112.77847710000003, -7.504672899999946], [112.778491, -7.504449799999975], [112.7784213000001, -7.504254599999967], [112.77841230000001, -7.504251], [112.77841, -7.50422], [112.77825050000001, -7.504166699999928], [112.778202, -7.504165499999942], [112.77819820000002, -7.504164], [112.7781725000001, -7.504164799999955], [112.7779809000001, -7.504160099999979], [112.77773630000002, -7.504120499999942], [112.77772760000005, -7.504118699999935], [112.77760730000011, -7.504098599999963], [112.77729000000011, -7.50397], [112.77699, -7.5039], [112.77692390000004, -7.503913199999943], [112.77689790000011, -7.503902499999981], [112.77675150000005, -7.503937399999927], [112.776664, -7.503966599999956], [112.77655, -7.50398], [112.77633250000008, -7.503997699999957], [112.77625970000008, -7.503973899999949], [112.77615890000004, -7.503923499999928], [112.7760889000001, -7.503910699999949], [112.77597830000002, -7.503868299999965], [112.77593580000007, -7.503825899999981], [112.77583820000007, -7.503777], [112.77576150000004, -7.503686399999935], [112.7757127000001, -7.503588799999932], [112.775643, -7.503470299999947], [112.77555930000005, -7.503365699999961], [112.77549350000004, -7.503340499999979], [112.77534220000007, -7.503282599999977], [112.77528330000007, -7.503260099999977], [112.7754198, -7.503010099999926], [112.77554110000005, -7.502540799999963], [112.77559350000001, -7.502164099999959], [112.77576080000006, -7.501640799999961], [112.77589730000011, -7.501133099999947], [112.77568440000005, -7.501115199999958], [112.77557720000004, -7.501076099999977], [112.775381, -7.501124399999981], [112.7752144000001, -7.501135], [112.77508150000006, -7.501121599999976], [112.77492290000009, -7.50115], [112.77470670000002, -7.501144899999929], [112.77455390000011, -7.501111899999955], [112.77440110000009, -7.501094699999953], [112.7741751000001, -7.501129299999945], [112.77388380000002, -7.501191799999958], [112.77364410000007, -7.501273899999944], [112.77354090000006, -7.501272399999948], [112.7733306, -7.501237599999968], [112.7732155000001, -7.501216299999953], [112.77299110000001, -7.501167699999939], [112.77281760000005, -7.500981599999932], [112.77258390000009, -7.500737], [112.77238040000009, -7.500578599999926], [112.77220370000009, -7.50044319999995], [112.77203370000007, -7.500337799999954], [112.77183720000005, -7.500255599999946], [112.77166770000008, -7.500263299999972], [112.7715382, -7.500306599999931], [112.77148860000011, -7.50036979999993], [112.77169970000011, -7.50078039999994], [112.77173, -7.500869799999975], [112.77166760000011, -7.50105259999998], [112.77155860000005, -7.501222199999972], [112.77143280000007, -7.501358799999934], [112.77139050000005, -7.50159119999995], [112.77138820000005, -7.501836699999956], [112.77122910000003, -7.501960099999962], [112.77116690000003, -7.502199299999972], [112.771038, -7.502392199999974], [112.7708364, -7.502668399999948], [112.77058370000009, -7.502679399999977], [112.77036730000009, -7.502587399999925], [112.770168, -7.502566], [112.77000440000006, -7.502449499999955], [112.76978740000004, -7.502427799999964], [112.7697280000001, -7.50234439999997], [112.76976690000004, -7.502112], [112.76977580000005, -7.501839899999936], [112.76986470000008, -7.501617199999941], [112.76999330000001, -7.501357899999959], [112.76985190000005, -7.500923899999975], [112.76969210000004, -7.500864799999931], [112.7693650000001, -7.500547599999948], [112.76910110000006, -7.500230099999953], [112.76888780000002, -7.500098299999934], [112.76869420000003, -7.499906599999974], [112.76857410000002, -7.499804199999971], [112.76792280000006, -7.499886499999945], [112.76763110000002, -7.499912599999959], [112.7673473000001, -7.499792599999978], [112.76724030000003, -7.49963379999997], [112.76693040000009, -7.499442599999952], [112.76661380000007, -7.499258], [112.76636070000006, -7.499156199999959], [112.76590440000007, -7.498935699999947], [112.76575090000006, -7.498800299999971], [112.76568730000008, -7.498681099999942], [112.76552970000012, -7.498363299999937], [112.76535940000008, -7.498168199999952], [112.76513590000002, -7.49798329999993], [112.76482830000009, -7.497549899999967], [112.76472190000004, -7.49753039999996], [112.76462550000008, -7.497554], [112.76445980000005, -7.497667499999977], [112.76439710000011, -7.497777199999973], [112.76443740000002, -7.497889899999961], [112.76439790000006, -7.497982899999954], [112.764199, -7.498139699999967], [112.7640732000001, -7.498266199999932], [112.76399040000001, -7.498346199999958], [112.7639163, -7.498369399999945], [112.76374770000007, -7.498327299999971], [112.76364120000005, -7.49831439999997], [112.76358470000002, -7.498318], [112.76351850000003, -7.498381299999949], [112.7634756000001, -7.498471], [112.76336330000004, -7.498647299999959], [112.76338370000008, -7.49876009999997], [112.76292590000003, -7.499000799999976], [112.762709, -7.498795899999948], [112.762692, -7.49869979999994], [112.76276770000004, -7.498507], [112.76280670000006, -7.498284599999977], [112.7627232000001, -7.498185399999954], [112.76237720000006, -7.498137], [112.76197130000003, -7.498055699999952], [112.76180130000012, -7.497950199999934], [112.761721, -7.497804499999972], [112.76157090000004, -7.497692299999926], [112.76172980000001, -7.497519199999942], [112.76190860000008, -7.497349199999974], [112.76181210000004, -7.497309799999925], [112.76165910000009, -7.497310399999947], [112.76148620000004, -7.497301199999981], [112.76123380000001, -7.497351899999956], [112.76106430000004, -7.497359199999948], [112.76096430000007, -7.49729659999997], [112.76086090000001, -7.497214099999951], [112.7604520000001, -7.497225699999944], [112.76018250000004, -7.497157099999981], [112.75991990000011, -7.49717469999996], [112.75977650000004, -7.497065799999973], [112.75972940000008, -7.49693659999997], [112.7596248000001, -7.496532199999933], [112.75950730000011, -7.496263899999974], [112.759327, -7.496059], [112.75930660000006, -7.495946199999935], [112.75930290000008, -7.495866599999943], [112.75924280000004, -7.495800499999973], [112.7591632000001, -7.495837299999948], [112.75910350000004, -7.495884], [112.75902, -7.495778199999961], [112.7586841000001, -7.495736399999942], [112.7584409000001, -7.49562119999996], [112.758211, -7.495492699999943], [112.75801750000005, -7.495311], [112.75772710000001, -7.495013599999936], [112.7574823000001, -7.494799599999965], [112.75715120000007, -7.49479], [112.75685320000002, -7.494769099999928], [112.756511, -7.494692099999952], [112.7562613, -7.494815899999935], [112.75595550000003, -7.494728299999963], [112.7558074000001, -7.494685799999957], [112.75558180000007, -7.494881599999928], [112.75547680000011, -7.494920499999978], [112.755252, -7.494781499999931], [112.75501350000002, -7.494733499999938], [112.75466670000003, -7.494759299999942], [112.75450550000005, -7.494739], [112.754063, -7.494492499999978], [112.75403440000002, -7.49435619999997], [112.75377450000008, -7.494189399999925], [112.75340940000001, -7.494033499999944], [112.75331840000001, -7.494040799999937], [112.75324840000007, -7.494076099999972], [112.75314380000009, -7.494198899999958], [112.75291070000003, -7.49461249999996], [112.75256260000003, -7.495514199999946], [112.75253650000002, -7.495670099999927], [112.75254760000007, -7.495823899999948], [112.7525763000001, -7.495991599999968], [112.7525419000001, -7.496159599999942], [112.752518, -7.496299599999929], [112.75249770000005, -7.49649549999998], [112.75245960000007, -7.496604099999956], [112.752337, -7.496615], [112.7522636000001, -7.496664299999964], [112.7521736000001, -7.496919899999966], [112.75203150000004, -7.497322699999927], [112.74755650000009, -7.495696099999975], [112.747604, -7.495851799999969], [112.74769530000003, -7.496121599999981], [112.74775660000012, -7.496272899999951], [112.74799260000009, -7.496535299999948], [112.748059, -7.49718], [112.747942, -7.497849299999928], [112.747861, -7.497928099999967], [112.74770950000004, -7.498075699999958], [112.74751170000002, -7.498182399999962], [112.74725260000002, -7.498251], [112.74710670000002, -7.498268899999971], [112.74701710000011, -7.498279899999943], [112.747, -7.498282], [112.74699320000002, -7.49828279999997], [112.74691550000011, -7.498292399999968], [112.7468242000001, -7.498303599999929], [112.74656690000006, -7.498229599999945], [112.74647630000004, -7.498203599999954], [112.746294, -7.498086899999976], [112.74602, -7.49803], [112.74600640000006, -7.498041599999965], [112.745941, -7.49802429999994], [112.74585210000009, -7.49802909999994], [112.74583610000002, -7.498019899999974], [112.74583070000006, -7.498016799999959], [112.74569010000005, -7.497935899999959], [112.74558720000005, -7.497868799999935], [112.74528490000012, -7.497822799999938], [112.745235, -7.497812899999929], [112.74490730000002, -7.497741], [112.7443158000001, -7.497581799999978], [112.744116, -7.497567499999946], [112.743828, -7.497504399999968], [112.74319820000005, -7.497406299999966], [112.74306280000008, -7.497438299999942], [112.74263910000002, -7.497521499999948], [112.74250170000005, -7.497528299999942], [112.74235950000002, -7.497535299999981], [112.7418391000001, -7.49751219999996], [112.74137180000002, -7.497538], [112.74118460000011, -7.497548299999949], [112.74028720000001, -7.497694299999978], [112.74017450000008, -7.497723299999961], [112.73968150000007, -7.497786799999972], [112.73862550000001, -7.497766299999967], [112.73814070000003, -7.497786499999961], [112.7378668, -7.497787599999981], [112.73784090000004, -7.497787699999947], [112.73779120000006, -7.497755699999971], [112.7375813000001, -7.498424799999952], [112.73717550000003, -7.499680199999943], [112.7368312000001, -7.500897499999951], [112.73677950000001, -7.501030499999956], [112.73677930000008, -7.501034499999946], [112.73677510000005, -7.501120499999956], [112.73678, -7.50117739999996], [112.73679450000009, -7.501239], [112.73663980000003, -7.501736899999969], [112.73647890000007, -7.502254499999935], [112.7363931000001, -7.502530499999978], [112.73635860000002, -7.502660599999956], [112.73635800000011, -7.502662699999973], [112.73635460000003, -7.502674], [112.73623010000006, -7.503089599999953], [112.73622680000005, -7.503090199999974], [112.73619210000004, -7.503151299999956], [112.7361859, -7.503149299999961], [112.73573080000006, -7.503004199999964], [112.73565870000004, -7.502981299999931], [112.73560390000011, -7.502932199999975], [112.73549490000005, -7.502834599999971], [112.73547460000009, -7.502816399999972], [112.73525360000008, -7.502651899999933], [112.73520960000008, -7.502619099999947], [112.7350345000001, -7.502519599999971], [112.734954, -7.502485399999955], [112.73494820000008, -7.50248449999998], [112.734706, -7.502396499999975], [112.73460260000002, -7.502336599999978], [112.7345696000001, -7.502322599999957], [112.73435180000001, -7.502215099999944], [112.73429170000009, -7.502220299999976], [112.73408780000011, -7.502164], [112.73390940000002, -7.502107499999966], [112.73374950000004, -7.501917599999956], [112.7337040000001, -7.501670099999956], [112.73368820000007, -7.501513299999942], [112.7333685000001, -7.501390899999933], [112.73317570000006, -7.501114], [112.73312560000011, -7.501053099999979], [112.733095, -7.500998099999947], [112.7330492000001, -7.500932299999931], [112.73295810000002, -7.500887199999966], [112.73291490000008, -7.500869799999975], [112.73286420000011, -7.500840699999969], [112.7322319000001, -7.500527899999952], [112.73214330000008, -7.500491699999941], [112.73204120000003, -7.500422299999968], [112.73198960000002, -7.500375799999972], [112.73186850000002, -7.500290099999972], [112.73183070000005, -7.500283399999944], [112.73171620000005, -7.500302899999951], [112.731576, -7.500265299999967], [112.73143590000006, -7.500227699999925], [112.73132120000002, -7.500196399999936], [112.7312286, -7.500117399999965], [112.7311836, -7.499990599999933], [112.73110560000009, -7.499851699999965], [112.730984, -7.499796899999978], [112.73097280000002, -7.49979449999995], [112.73088370000005, -7.499788499999966], [112.73075190000009, -7.499697799999979], [112.73052790000008, -7.499631399999942], [112.73028780000004, -7.499592099999973], [112.73020010000005, -7.499600599999951], [112.72987750000004, -7.499736299999938], [112.72982710000008, -7.499767299999974], [112.72968070000002, -7.499742399999946], [112.72957210000004, -7.499653899999942], [112.729483, -7.499647899999957], [112.72943220000002, -7.499667199999976], [112.72929850000003, -7.499648699999966], [112.72925040000007, -7.499570499999948], [112.72912770000005, -7.499489499999981], [112.72896250000008, -7.499493799999925], [112.72894780000001, -7.499497599999927], [112.72878790000004, -7.499498199999948], [112.728782, -7.499498399999936], [112.728737, -7.499514499999975], [112.72793630000001, -7.499802], [112.72786, -7.49983009999994], [112.72751, -7.499962499999981], [112.72714840000003, -7.500437799999929], [112.72714, -7.500448799999958], [112.72701330000007, -7.500615299999936], [112.7266538, -7.500492299999962], [112.7266585000001, -7.500355199999944], [112.72609090000003, -7.500331499999959], [112.72607670000002, -7.500000399999976], [112.7259064000001, -7.499995699999943], [112.72571240000002, -7.50027], [112.72529620000012, -7.500492299999962], [112.72504040000001, -7.500476299999946], [112.72468630000003, -7.500683599999945], [112.72412080000004, -7.500786399999981], [112.72411650000004, -7.500787199999934], [112.72410610000009, -7.500781399999937], [112.72410420000006, -7.500777699999958], [112.72388, -7.500660299999936], [112.72360470000001, -7.50051609999997], [112.72309590000009, -7.50031359999997], [112.72299590000011, -7.500273799999945], [112.72292430000005, -7.500256499999978], [112.72245, -7.500098899999955], [112.72244320000004, -7.500183399999969], [112.72242890000007, -7.500363299999947], [112.72240220000003, -7.500474099999963], [112.7223993, -7.50048529999998], [112.72218840000005, -7.500714799999969], [112.7216853000001, -7.500621599999931], [112.7212631000001, -7.500311299999964], [112.72116970000002, -7.500242699999944], [112.7210861000001, -7.500181099999963], [112.72093370000005, -7.500068799999951], [112.72061030000009, -7.499889099999962], [112.72054240000011, -7.499851399999955], [112.7201076, -7.499627799999928], [112.71978600000011, -7.499574199999927], [112.7197460000001, -7.499563], [112.71971480000002, -7.49956229999998], [112.71969760000002, -7.499559499999975], [112.71965040000009, -7.499561], [112.71947450000005, -7.499557399999958], [112.7192837, -7.499573099999964], [112.71913230000007, -7.499578099999951], [112.71899850000011, -7.499691599999949], [112.71891240000002, -7.499757899999963], [112.71881990000008, -7.49984319999993], [112.71872320000011, -7.499925299999973], [112.71872240000005, -7.499926], [112.71856090000006, -7.500174399999935], [112.71856710000009, -7.500814199999979], [112.7187100000001, -7.501336], [112.7184367000001, -7.501687299999958], [112.71835840000006, -7.501692899999966], [112.71768210000005, -7.501517599999943], [112.71743480000009, -7.501444699999979], [112.7174242000001, -7.501441599999964], [112.71725160000005, -7.501357199999973], [112.71720240000002, -7.501308499999936], [112.71681490000003, -7.501201199999969], [112.71668960000011, -7.501166499999954], [112.7161913000001, -7.501053199999944], [112.71616110000002, -7.501047], [112.7161135, -7.501031599999976], [112.71582780000006, -7.500975699999969], [112.71515000000011, -7.50071], [112.71497580000005, -7.50051069999995], [112.71497690000001, -7.500474699999927], [112.71487460000003, -7.500394899999947], [112.71483400000011, -7.500348299999928], [112.71456610000007, -7.500152599999979], [112.71452090000002, -7.500116399999968], [112.71451580000007, -7.500115899999969], [112.71451090000005, -7.500112299999955], [112.7144995000001, -7.500114], [112.7143982, -7.500102499999969], [112.71424680000007, -7.500131899999928], [112.71404490000009, -7.500168699999961], [112.71403080000005, -7.500171599999931], [112.71384, -7.50018], [112.71368160000009, -7.500116599999956], [112.71359, -7.50008], [112.71349, -7.5], [112.71331, -7.49986], [112.71322610000004, -7.499820499999942], [112.7128, -7.49962], [112.71172, -7.49931], [112.71144110000012, -7.499170599999957], [112.71144, -7.49917], [112.7114262, -7.499162299999966], [112.71061, -7.49871], [112.7100200000001, -7.49841], [112.70983, -7.49834], [112.70968, -7.49831], [112.70953, -7.49828], [112.70942460000003, -7.498261299999967], [112.70914990000006, -7.498212599999931], [112.7091534000001, -7.498204399999963], [112.70905, -7.49818], [112.7087467, -7.498144399999944], [112.70856990000004, -7.49812339999994], [112.70856150000009, -7.498122099999932], [112.70840110000006, -7.49809689999995], [112.70825960000002, -7.498056799999972], [112.70813410000005, -7.49795679999994], [112.70805480000001, -7.497854], [112.70798910000008, -7.497745699999939], [112.7079864000001, -7.497744699999942], [112.70766230000004, -7.497630199999946], [112.70721560000004, -7.497463699999969], [112.70652110000003, -7.497205799999961], [112.7062558, -7.49711869999993], [112.7061126000001, -7.497071699999935], [112.70598110000003, -7.497028499999942], [112.70575320000012, -7.496953699999949], [112.70496620000006, -7.496682599999929], [112.70471480000003, -7.496591099999932], [112.7039694, -7.49632], [112.70363040000007, -7.49620189999996], [112.7028365000001, -7.495925399999976], [112.70244430000002, -7.495761399999935], [112.70242760000008, -7.495751], [112.70119590000002, -7.494981699999926], [112.70111390000011, -7.494930499999953], [112.70040790000007, -7.494509799999946], [112.70022950000009, -7.494397099999958], [112.69988720000003, -7.494180699999959], [112.70004, -7.493629099999964], [112.700039, -7.493628699999931], [112.6996620000001, -7.493473499999936], [112.69946530000004, -7.49339249999997], [112.69936440000004, -7.49331959999995], [112.6992087000001, -7.493162799999936], [112.69893310000009, -7.49291409999995], [112.69888950000006, -7.492832599999929], [112.69882010000003, -7.492702699999938], [112.6985122000001, -7.492715899999951], [112.69840180000006, -7.492696499999965], [112.69832050000002, -7.492679299999963], [112.69818240000006, -7.49265], [112.697785, -7.492715799999928], [112.6968501, -7.492554299999938], [112.69665570000006, -7.492523199999937], [112.69590290000008, -7.492348299999946], [112.69478680000009, -7.492088799999976], [112.694787, -7.492087199999958], [112.69479760000002, -7.492005399999925], [112.69483020000007, -7.491782699999931], [112.69484880000005, -7.491668699999934], [112.6948738000001, -7.491515499999934], [112.69488320000005, -7.491345199999955], [112.69488420000005, -7.491326399999934], [112.69486160000008, -7.491243], [112.69481970000004, -7.491179], [112.69479990000002, -7.49114869999994], [112.694688, -7.491043399999967], [112.6945482000001, -7.490916], [112.69431920000011, -7.490783399999941], [112.69418480000002, -7.490724399999976], [112.69418180000002, -7.49072579999995], [112.69401180000011, -7.490663699999971], [112.69394770000008, -7.490636099999961], [112.69370070000002, -7.490508299999931], [112.69366610000009, -7.490450399999929], [112.69366060000004, -7.490445799999975], [112.693642, -7.49043], [112.693501, -7.490351799999928], [112.69337030000008, -7.490263199999958], [112.69323530000008, -7.490216], [112.69323220000001, -7.490214], [112.6930109000001, -7.490131699999949], [112.69299050000006, -7.490130299999976], [112.692843, -7.49007869999997], [112.6918376000001, -7.490058499999975], [112.69160210000007, -7.489934499999947], [112.69102420000002, -7.489563399999952], [112.69095190000007, -7.489488399999971], [112.690931, -7.489396], [112.69093750000002, -7.489320699999951], [112.69099210000002, -7.489228], [112.6910501000001, -7.489109499999927], [112.69105510000009, -7.489099299999964], [112.691123, -7.488934699999959], [112.69115210000007, -7.48883369999993], [112.69119410000008, -7.488687899999945], [112.69122560000005, -7.488553099999933], [112.6912718000001, -7.488355399999932], [112.69128660000001, -7.488270199999931], [112.69131370000002, -7.488113899999973], [112.69132020000006, -7.48802139999998], [112.6912923000001, -7.487898199999961], [112.69128380000006, -7.487873099999945], [112.69126110000002, -7.487805899999955], [112.69123330000002, -7.487734099999955], [112.69122620000007, -7.487669], [112.69121410000002, -7.487589599999978], [112.6912195000001, -7.487490899999955], [112.69117, -7.48739], [112.69109, -7.48733], [112.69081280000012, -7.487228399999935], [112.690494, -7.487081199999977], [112.69048110000006, -7.487070899999935], [112.690328, -7.486953399999948], [112.69008350000001, -7.486735199999941], [112.689894, -7.486513299999956], [112.68978330000004, -7.486274099999946], [112.68975160000002, -7.486193299999968], [112.689641, -7.485994299999959], [112.6896028000001, -7.485935899999959], [112.6895091, -7.485793099999967], [112.68948650000004, -7.485782299999926], [112.68941590000009, -7.485694899999942], [112.68927930000007, -7.485559599999931], [112.68918890000009, -7.485467899999946], [112.6889576000001, -7.485275899999976], [112.68869120000011, -7.485103799999933], [112.68865590000007, -7.485123599999952], [112.68835380000007, -7.485293599999977], [112.68817410000008, -7.48539889999995], [112.68815440000003, -7.485410499999944], [112.68805150000003, -7.485494099999926], [112.68796, -7.4856], [112.68781, -7.48558], [112.68763360000003, -7.485561399999938], [112.68761490000009, -7.485565799999961], [112.68739460000006, -7.485525399999972], [112.68730270000003, -7.48548459999995], [112.68717830000003, -7.485347699999977], [112.68669820000002, -7.484548399999937], [112.6865891000001, -7.484372], [112.68646590000003, -7.484334099999955], [112.68626160000008, -7.484334899999965], [112.68607810000003, -7.484321899999941], [112.68601910000007, -7.484284699999932], [112.6860024, -7.484280599999977], [112.68599490000008, -7.484269499999925], [112.685977, -7.484258199999942], [112.6859171000001, -7.484189699999945], [112.68583390000003, -7.484025199999962], [112.68577360000006, -7.483860599999957], [112.68572040000004, -7.483752899999956], [112.68566520000002, -7.483654099999967], [112.68557510000005, -7.483545499999934], [112.6854694000001, -7.483472699999936], [112.6853943000001, -7.483436499999925], [112.68495910000001, -7.483621], [112.68494340000007, -7.483632599999964], [112.684814, -7.483728], [112.68460570000002, -7.483757799999978], [112.6845803000001, -7.483467599999926], [112.684473, -7.483298599999955], [112.6843262000001, -7.482950799999969], [112.68423870000004, -7.482902699999954], [112.68413910000004, -7.48286429999996], [112.684056, -7.482832299999927], [112.68405, -7.48283], [112.68396, -7.482825], [112.68382140000006, -7.482817199999943], [112.6837101000001, -7.482866], [112.683396, -7.483143], [112.68298070000003, -7.483580199999949], [112.68289870000001, -7.483716], [112.6828944, -7.483856299999957], [112.68292950000011, -7.484146599999974], [112.68296480000004, -7.484514199999978], [112.68282090000002, -7.484911599999975], [112.68272, -7.485144199999979], [112.6827062000001, -7.485352399999954], [112.68274110000004, -7.485584499999959], [112.68273080000006, -7.485704799999951], [112.6825718, -7.485762199999954], [112.68232400000011, -7.485813099999973], [112.68214810000006, -7.485901699999943], [112.68199, -7.48591], [112.6818300000001, -7.48586], [112.68178000000012, -7.48582], [112.68173, -7.48579], [112.68163, -7.48564], [112.68145, -7.48539], [112.6809, -7.48484], [112.68072, -7.48477], [112.68059, -7.48478], [112.68058680000001, -7.484781299999952], [112.68051320000006, -7.484720899999957], [112.6804062000001, -7.484709899999928], [112.6803063000001, -7.484769299999925], [112.68001, -7.48509], [112.67992, -7.48507], [112.67983, -7.48499], [112.67933, -7.48441], [112.67905, -7.48409], [112.67846, -7.48358], [112.6781, -7.48335], [112.67795, -7.48321], [112.6778, -7.48312], [112.67734, -7.48287], [112.677258, -7.482838799999968], [112.67713, -7.48279], [112.67698, -7.48275], [112.67697610000005, -7.482749099999978], [112.67674870000008, -7.482659599999977], [112.67655960000002, -7.482615099999975], [112.67620160000001, -7.482588], [112.67604, -7.48256], [112.67592, -7.48251], [112.6758, -7.48246], [112.67533, -7.48219], [112.67511, -7.48207], [112.67484, -7.48186], [112.67454, -7.4816], [112.67438, -7.4815], [112.67421, -7.48141], [112.67404520000002, -7.481334799999956], [112.67402690000006, -7.481321099999946], [112.67377840000006, -7.481185799999935], [112.6735192000001, -7.481091799999945], [112.67343, -7.48105], [112.67308, -7.4809], [112.67285, -7.48079], [112.6727499000001, -7.480746699999941], [112.67252470000005, -7.480600099999947], [112.6720461000001, -7.480377099999941], [112.6717566000001, -7.480253299999958], [112.67150160000006, -7.480192899999963], [112.67124890000002, -7.480165299999953], [112.67101460000003, -7.480167499999936], [112.67077490000008, -7.480222399999946], [112.67070780000006, -7.480225699999949], [112.67061, -7.4802], [112.67041, -7.48007], [112.67015, -7.47992], [112.67014140000003, -7.479921399999967], [112.67011250000007, -7.479900699999973], [112.67002140000011, -7.479880599999944], [112.66983280000011, -7.479935799999964], [112.6693848000001, -7.480066], [112.66937590000009, -7.480068299999971], [112.66920610000011, -7.480078799999944], [112.66908710000007, -7.480086299999925], [112.66872990000002, -7.480010799999945], [112.66853830000002, -7.479970299999934], [112.667985, -7.479858799999931], [112.66724480000005, -7.479666299999963], [112.66722060000006, -7.479658599999937], [112.66676180000002, -7.479511399999978], [112.66633220000006, -7.479480099999932], [112.66561890000003, -7.479499299999929], [112.66528, -7.47944], [112.66491, -7.47934], [112.6648699000001, -7.479286499999944], [112.66484430000003, -7.479040299999951], [112.66479920000006, -7.479022499999928], [112.66476350000005, -7.478802499999972], [112.66473630000007, -7.478763899999933], [112.66468960000009, -7.478698399999928], [112.6644066, -7.478599], [112.66433290000009, -7.478541399999926], [112.66429420000009, -7.478541499999949], [112.66426710000007, -7.478560899999934], [112.66420130000006, -7.478545699999927], [112.664147, -7.478522799999951], [112.6641082000001, -7.478492], [112.6640268000001, -7.478476799999953], [112.66391440000007, -7.478438599999947], [112.66384080000012, -7.478431199999932], [112.66377490000002, -7.47838889999997], [112.6637598000001, -7.478385499999945], [112.663709, -7.478373699999963], [112.66361610000001, -7.47837409999994], [112.6635308000001, -7.478347399999961], [112.66346120000003, -7.47834759999995], [112.66339930000004, -7.478374899999949], [112.66327540000009, -7.478363799999954], [112.66319410000006, -7.478356399999939], [112.66302760000008, -7.478333799999973], [112.66299090000007, -7.478388399999972], [112.662979, -7.478406099999972], [112.66297170000007, -7.478405399999929], [112.66296210000007, -7.478404499999954], [112.66279290000011, -7.478389099999958], [112.662792, -7.478392299999939], [112.6626513000001, -7.478863399999966], [112.66258490000007, -7.479269], [112.66257460000008, -7.479332], [112.66228, -7.48025279999996], [112.66211810000004, -7.480778], [112.66210810000007, -7.480812], [112.6620170000001, -7.481121299999927], [112.66195660000005, -7.481384899999966], [112.66192380000007, -7.481598599999927], [112.66179820000002, -7.482004099999926], [112.66171070000007, -7.482260099999962], [112.6615872000001, -7.482595499999945], [112.66150220000009, -7.482832299999927], [112.66141270000003, -7.483081299999981], [112.66119580000009, -7.48374339999998], [112.66136470000004, -7.483785799999964], [112.66341330000012, -7.484299899999939], [112.66396670000006, -7.484416499999952], [112.66415010000003, -7.484455099999934], [112.6642571000001, -7.484063], [112.6642915000001, -7.484071699999959], [112.66452020000008, -7.484107699999981], [112.66475570000011, -7.484120899999937], [112.66494750000004, -7.484160499999973], [112.6651882000001, -7.484142], [112.66529030000004, -7.484169699999939], [112.665366, -7.484199199999978], [112.6655065000001, -7.484184699999958], [112.66551320000008, -7.484133299999939], [112.66561330000002, -7.48414589999993], [112.66566720000003, -7.484152699999981], [112.6657100000001, -7.48383], [112.66571210000006, -7.483816499999932], [112.66584260000002, -7.483825499999966], [112.66607470000008, -7.483849199999952], [112.66648, -7.48386], [112.66667940000002, -7.483864499999981], [112.66688620000002, -7.483871399999941], [112.66713660000005, -7.483894299999974], [112.66736330000003, -7.483897], [112.66753390000008, -7.483934899999952], [112.66775010000003, -7.483930599999951], [112.66773110000008, -7.484059399999978], [112.66751190000002, -7.48554189999993], [112.66723880000006, -7.48720069999996], [112.66711840000005, -7.487911699999927], [112.66704290000007, -7.488382099999967], [112.666852, -7.489507299999957], [112.66697230000011, -7.489523], [112.66705020000006, -7.489533199999926], [112.66709880000008, -7.489549699999941], [112.66738160000011, -7.48964559999996], [112.66738140000007, -7.48965979999997], [112.66737590000002, -7.489997599999981], [112.66738950000001, -7.49031059999993], [112.667396, -7.490703], [112.6674025000001, -7.491098], [112.66759390000004, -7.491035199999942], [112.66784490000009, -7.490962899999943], [112.66784750000011, -7.490962199999956], [112.66810590000011, -7.490834499999949], [112.6683392000001, -7.490669699999955], [112.66862240000012, -7.490524499999935], [112.6687243, -7.490494299999966], [112.66886370000009, -7.49048879999998], [112.66904880000004, -7.49052839999996], [112.66931310000007, -7.49051419999995], [112.6700638000001, -7.490780699999959], [112.6705452000001, -7.491197899999975], [112.67081740000003, -7.491795499999967], [112.671089, -7.49224339999995], [112.67116080000005, -7.492287099999942], [112.67132790000005, -7.492388799999958], [112.6713873000001, -7.492372199999977], [112.67161440000007, -7.49244269999997], [112.67180510000003, -7.492480099999966], [112.67203720000009, -7.492525599999965], [112.67204090000007, -7.492526599999962], [112.67241, -7.492627499999969], [112.67259, -7.492656699999941], [112.6725355000001, -7.49284259999996], [112.67253480000011, -7.492845199999977], [112.67232400000012, -7.493563599999959], [112.67204070000003, -7.49452969999993], [112.671731, -7.495585499999947], [112.67090260000009, -7.498409699999968], [112.67086290000009, -7.498394399999938], [112.67085870000005, -7.498409299999935], [112.66995220000001, -7.498044099999959], [112.66913060000002, -7.497728], [112.66911, -7.497792799999957], [112.66837550000002, -7.500095099999953], [112.66834570000003, -7.500076099999944], [112.66833720000011, -7.50008779999996], [112.668438, -7.500166099999944], [112.66869250000002, -7.50036369999998], [112.66861190000009, -7.501054199999942], [112.66853660000004, -7.501744699999961], [112.66844580000009, -7.502502799999945], [112.66840050000008, -7.502953399999967], [112.66838570000004, -7.503099799999973], [112.66860740000004, -7.503141099999937], [112.6701336000001, -7.503425], [112.67070540000009, -7.503478199999961], [112.6711309000001, -7.503571299999976], [112.6718479000001, -7.503677099999948], [112.67195680000009, -7.503704299999981], [112.67238390000011, -7.503775399999938], [112.67284630000006, -7.503863799999976], [112.67318160000002, -7.503924299999937], [112.67365130000007, -7.504021699999953], [112.6737769, -7.504046599999981], [112.67413610000006, -7.504156399999943], [112.67489400000011, -7.50422279999998], [112.67555890000006, -7.504369099999963], [112.67556470000011, -7.504369899999972], [112.67586470000003, -7.504409], [112.67683540000007, -7.504542], [112.6779524000001, -7.504621799999939], [112.67881670000008, -7.504701599999976], [112.679451, -7.504759199999967], [112.67954810000003, -7.504768], [112.67989380000006, -7.503943599999957], [112.68034590000002, -7.50314579999997], [112.68058530000008, -7.502760199999955], [112.68059970000002, -7.50272979999994], [112.68058420000011, -7.502764099999979], [112.68076180000003, -7.502808899999934], [112.68086050000011, -7.502897099999927], [112.68097710000006, -7.502961699999958], [112.6808496000001, -7.50314839999993], [112.68092020000006, -7.503334299999949], [112.6807811000001, -7.50354429999993], [112.68082850000008, -7.503741899999966], [112.68096880000007, -7.503822799999966], [112.68100430000004, -7.503962299999955], [112.6817747, -7.504215299999942], [112.6821718000001, -7.50438829999996], [112.68244130000005, -7.504181], [112.68230130000006, -7.504295499999955], [112.6821814000001, -7.504403499999967], [112.68215740000005, -7.504607299999975], [112.6820255, -7.504919099999938], [112.6822294000001, -7.505206899999962], [112.6822294000001, -7.505686599999933], [112.68233730000009, -7.505890399999942], [112.68260110000006, -7.505698499999937], [112.6826400000001, -7.50582129999998], [112.68290090000005, -7.50573449999996], [112.682769, -7.505974399999957], [112.68262510000011, -7.50637009999997], [112.682745, -7.506693799999937], [112.68277730000011, -7.507058399999949], [112.68283850000012, -7.50727379999995], [112.68284840000001, -7.50727489999997], [112.68284570000003, -7.507299199999977], [112.68288640000003, -7.507442699999956], [112.68286910000006, -7.507612699999981], [112.68269950000001, -7.507792299999949], [112.68253040000002, -7.508115], [112.68238770000005, -7.508312399999966], [112.68235250000009, -7.508473599999945], [112.68243040000004, -7.508565199999964], [112.68247150000002, -7.508603199999925], [112.68256540000004, -7.508627799999942], [112.68259530000012, -7.508710399999927], [112.68275720000008, -7.508820899999932], [112.68279810000001, -7.508840499999963], [112.68284440000002, -7.508851299999947], [112.68294440000011, -7.508844699999941], [112.6830854000001, -7.508922199999972], [112.68318240000008, -7.508946699999967], [112.68336690000001, -7.508989699999972], [112.68352650000008, -7.50901719999996], [112.68370630000004, -7.509052299999951], [112.68375330000003, -7.509077099999956], [112.68377980000002, -7.509117199999935], [112.68379820000007, -7.509121099999959], [112.68381590000001, -7.509173399999952], [112.68385710000007, -7.509242], [112.68390620000002, -7.509318], [112.68391080000004, -7.509321099999966], [112.68399190000002, -7.50935069999997], [112.68407940000009, -7.509359699999948], [112.68420760000004, -7.509365499999944], [112.68434280000008, -7.509350199999972], [112.68449540000006, -7.509352599999943], [112.68471380000005, -7.509323], [112.68487, -7.509306799999933], [112.68493560000002, -7.509303399999965], [112.68504270000005, -7.509368699999925], [112.68508830000007, -7.509374199999968], [112.68518930000005, -7.509424099999933], [112.68533320000006, -7.50946719999996], [112.68543230000012, -7.509491499999967], [112.68545, -7.5095], [112.685584, -7.509591199999932], [112.68564170000002, -7.509705299999951], [112.6857463, -7.509850299999925], [112.6858959000001, -7.509957], [112.68597280000006, -7.510036199999945], [112.6860233000001, -7.510068799999942], [112.68607680000002, -7.510098299999981], [112.6862053000001, -7.510139299999935], [112.68627830000003, -7.510180599999956], [112.686344, -7.510247799999945], [112.68638280000005, -7.510287499999947], [112.686441, -7.510333599999967], [112.68643410000004, -7.510334199999932], [112.68667730000004, -7.510371699999951], [112.68682440000009, -7.510449], [112.68702650000012, -7.510484899999938], [112.687288, -7.51048389999994], [112.68760010000005, -7.510482699999955], [112.68762660000004, -7.51048], [112.68786710000006, -7.510455799999932], [112.6879212, -7.510432899999955], [112.68804470000009, -7.510361899999964], [112.68828750000011, -7.510246499999937], [112.6884937000001, -7.510163199999965], [112.68869080000002, -7.510125799999969], [112.68884690000004, -7.510139], [112.68886980000002, -7.510159299999941], [112.6888887, -7.510176], [112.68885100000011, -7.510184299999935], [112.68886320000001, -7.510397799999964], [112.68866390000005, -7.51047989999995], [112.6883041000001, -7.512769099999957], [112.68931730000008, -7.512943599999971], [112.69023940000011, -7.513102299999957], [112.6903387000001, -7.513119499999959], [112.69122630000004, -7.513249], [112.69111350000003, -7.513980299999957], [112.69102380000004, -7.514508199999966], [112.69100770000011, -7.514576899999952], [112.6910057, -7.514585199999942], [112.69118930000002, -7.514599199999964], [112.69146520000004, -7.514639899999963], [112.69147, -7.51464], [112.69184, -7.51468], [112.69220730000006, -7.514762599999926], [112.69275420000008, -7.514860599999963], [112.69307, -7.514888699999972], [112.693283, -7.514906199999928], [112.69336380000004, -7.51495], [112.69337330000008, -7.51495], [112.6934132, -7.51497089999998], [112.6935036000001, -7.514999799999941], [112.69356360000006, -7.515005499999972], [112.69362770000009, -7.514999399999965], [112.69370980000008, -7.514958], [112.69379490000006, -7.514940099999933], [112.69385250000005, -7.514945499999953], [112.693886, -7.514948599999968], [112.6940624, -7.515003599999943], [112.69425360000002, -7.515076099999931], [112.6942666000001, -7.515124599999979], [112.69430090000003, -7.515141699999958], [112.69518270000003, -7.515541799999937], [112.69523780000009, -7.515548599999931], [112.69533490000003, -7.515598], [112.69535260000009, -7.515618899999936], [112.69586590000006, -7.51585179999995], [112.695933, -7.515882199999965], [112.69597580000004, -7.515889899999934], [112.696395, -7.51596539999997], [112.69651180000005, -7.51598649999994], [112.696517, -7.515704899999946], [112.69651890000011, -7.515697399999965], [112.69655950000003, -7.515695699999981], [112.69662, -7.51576], [112.69687840000006, -7.515927799999929], [112.6969894, -7.516017899999952], [112.69707770000002, -7.516117799999961], [112.69714540000007, -7.516144599999961], [112.697236, -7.516218099999946], [112.69772830000011, -7.51633], [112.6981426000001, -7.516534799999931], [112.6986849000001, -7.516653599999927], [112.69880410000007, -7.516728199999932], [112.69887890000007, -7.516777599999955], [112.698898, -7.516787], [112.69903510000006, -7.516872799999931], [112.6991322, -7.516902699999946], [112.69926870000006, -7.516944799999976], [112.69974170000012, -7.51709059999996], [112.69989640000006, -7.517171299999973], [112.7010322000001, -7.518821799999955], [112.70103390000008, -7.518815899999936], [112.70173590000002, -7.519551299999932], [112.70204080000008, -7.519792799999948], [112.70208190000005, -7.519822599999941], [112.70223370000008, -7.519932499999925], [112.7023, -7.5198], [112.70237, -7.5196], [112.7023726000001, -7.519592799999941], [112.7024100000001, -7.51949], [112.70245000000011, -7.51921], [112.70347, -7.51988], [112.70383, -7.52011], [112.70442, -7.52044], [112.70512510000003, -7.520744899999954], [112.70516, -7.52076], [112.70517250000012, -7.520769899999948], [112.70515080000007, -7.52088329999998], [112.70588210000005, -7.52137689999995], [112.70630560000006, -7.521665599999949], [112.70639, -7.52175], [112.7065, -7.52198], [112.70651730000009, -7.521983499999976], [112.70650410000007, -7.521991599999978], [112.70653390000007, -7.521995299999958], [112.70654960000002, -7.521997299999953], [112.70665, -7.52201], [112.70687, -7.52212], [112.70725, -7.52229], [112.70752, -7.52233], [112.70761, -7.52234], [112.70771, -7.52205], [112.70777, -7.52191], [112.70782470000006, -7.521885099999963], [112.70788, -7.52186], [112.70801, -7.52189], [112.70826420000003, -7.521953599999961], [112.70841, -7.52199], [112.70846570000003, -7.522063799999955], [112.70851420000008, -7.522183499999926], [112.70856680000009, -7.522331099999974], [112.7086154000001, -7.522474699999975], [112.70885590000012, -7.522557599999971], [112.71024000000011, -7.52293], [112.71143, -7.52329], [112.71232, -7.52351], [112.71253, -7.52356], [112.71255, -7.52371], [112.7138900000001, -7.52418], [112.71396, -7.52393], [112.71432, -7.52277], [112.71441, -7.52252], [112.71473, -7.52219], [112.71499, -7.52205], [112.71531, -7.52195], [112.71633, -7.52222], [112.71673, -7.52231], [112.71841, -7.52272], [112.7186, -7.52275], [112.71981, -7.52293], [112.71992000000012, -7.52295], [112.72040820000007, -7.523068099999932], [112.72047540000005, -7.522813199999973], [112.7206394000001, -7.522121899999945], [112.72080380000011, -7.521534], [112.72095800000011, -7.520938499999943], [112.72116930000004, -7.520083199999931], [112.72149810000008, -7.518907299999967], [112.7217217000001, -7.518611499999963], [112.7218325, -7.518517799999927], [112.7218401, -7.518418699999927], [112.72183480000001, -7.518514499999981], [112.72194780000007, -7.518540399999949], [112.7222289, -7.518604799999935], [112.72392, -7.5191], [112.72443, -7.51925], [112.72499, -7.51947], [112.72557, -7.51966], [112.7256900000001, -7.51972], [112.72571, -7.51978], [112.72552, -7.52019], [112.72554, -7.5203], [112.72563, -7.52042], [112.72579, -7.5205], [112.72584610000001, -7.520510199999933], [112.72601, -7.52054], [112.72609000000011, -7.52054], [112.72634, -7.52052], [112.72661, -7.52056], [112.72783, -7.52089], [112.7286, -7.52111], [112.7289, -7.52119], [112.72958, -7.52128], [112.73058, -7.5212], [112.73086820000003, -7.521132699999953], [112.73094030000004, -7.521158299999968], [112.73140840000008, -7.521366399999977], [112.73145750000003, -7.521388199999933], [112.73155520000012, -7.521420299999932], [112.73210610000001, -7.521601699999962], [112.73211650000007, -7.521604499999967], [112.7324099000001, -7.521683799999948], [112.7335101000001, -7.521995799999956], [112.73499420000007, -7.522454899999957], [112.73499360000005, -7.522456], [112.73556280000003, -7.522604199999932], [112.73602960000005, -7.522735], [112.73588490000009, -7.523022899999944], [112.73586050000006, -7.523063399999955], [112.7357333000001, -7.523274399999934], [112.7352542000001, -7.524069], [112.7350934000001, -7.524418399999945], [112.73481220000008, -7.525029299999971], [112.73466990000009, -7.52536559999993], [112.734595, -7.525542599999937], [112.7344068000001, -7.525987199999975], [112.73418320000007, -7.526611399999979], [112.73398480000003, -7.527142699999956], [112.73380810000003, -7.527561699999978], [112.733786, -7.527634299999931], [112.73364370000002, -7.527967399999966], [112.73355680000009, -7.528303], [112.73338390000004, -7.528891399999964], [112.7333741000001, -7.528924899999936], [112.733277, -7.529430299999945], [112.73319030000005, -7.529839], [112.733102, -7.530368], [112.7330502000001, -7.531141399999967], [112.73294280000005, -7.531684299999938], [112.73292780000008, -7.531760099999929], [112.7328788000001, -7.532054599999981], [112.73285780000003, -7.532180899999958], [112.73287190000008, -7.532183299999929], [112.73280740000007, -7.532597499999952], [112.73264860000006, -7.533440299999938], [112.73258080000005, -7.533799599999952], [112.73257540000009, -7.533828199999959], [112.73316050000005, -7.53389889999994], [112.733392, -7.533977399999969], [112.73370530000011, -7.534221699999932], [112.7340180000001, -7.534463799999969], [112.73456270000008, -7.534534399999927], [112.7348766, -7.534719399999972], [112.73524270000007, -7.534711499999958], [112.73538940000003, -7.534779699999945], [112.7355778000001, -7.535041099999944], [112.73609520000002, -7.535170199999925], [112.736207, -7.535216], [112.736487, -7.535374599999955], [112.73649960000012, -7.535381799999925], [112.73712110000008, -7.533824099999947], [112.7372808, -7.533424], [112.737309, -7.533363399999928], [112.7373252000001, -7.533334699999955], [112.73737730000005, -7.533242299999927], [112.73749850000002, -7.533252399999981], [112.7377100000001, -7.53327], [112.73803, -7.53334], [112.73839, -7.53343], [112.73877740000012, -7.533535599999936], [112.73934640000004, -7.533604299999979], [112.74019890000011, -7.533742599999925], [112.740219, -7.533704299999954], [112.74053730000003, -7.532963099999961], [112.74062550000008, -7.532906], [112.7408464, -7.532873699999925], [112.74106110000002, -7.532866499999955], [112.74112750000006, -7.532889699999942], [112.74117950000004, -7.532931899999937], [112.7412743000001, -7.533023299999968], [112.7413878000001, -7.533086399999945], [112.74156240000002, -7.533095199999934], [112.74175350000007, -7.533082599999943], [112.74185010000008, -7.533051599999965], [112.74207430000001, -7.533090799999968], [112.74233640000011, -7.533060899999953], [112.74248210000007, -7.532980899999927], [112.74263760000008, -7.532940199999928], [112.7427566, -7.532975299999976], [112.74306550000006, -7.533086], [112.7432778000001, -7.533144799999945], [112.74332950000007, -7.533102299999939], [112.74335130000009, -7.533046299999967], [112.74335540000004, -7.533028], [112.74348810000004, -7.532435299999975], [112.74382190000006, -7.531923499999948], [112.74464520000004, -7.532223899999963], [112.74516810000011, -7.531956899999955], [112.74534620000009, -7.531489599999929], [112.74541970000007, -7.531328599999938], [112.74556910000001, -7.531001099999969], [112.74557980000009, -7.53097779999996], [112.74566270000003, -7.530722899999944], [112.745803, -7.530444599999953], [112.74588690000007, -7.530296499999963], [112.74609160000011, -7.529998699999965], [112.74638090000008, -7.529420099999982], [112.74658120000004, -7.529386699999975], [112.74670770000012, -7.529622599999925], [112.74675470000011, -7.529710099999932], [112.74682590000009, -7.529842899999949], [112.74689290000003, -7.52989249999996], [112.74704210000004, -7.530003], [112.7471263000001, -7.530065399999955], [112.74751580000009, -7.530332499999929], [112.74757120000004, -7.530277699999942], [112.74782190000008, -7.530030299999964], [112.74790210000003, -7.529951099999948], [112.74798410000005, -7.529778], [112.7479892, -7.529767], [112.74805530000003, -7.529673], [112.74809990000006, -7.529554799999971], [112.74812720000011, -7.529335299999957], [112.74809830000004, -7.529155499999945], [112.748041, -7.528908299999955], [112.7480064, -7.528711599999951], [112.74794920000011, -7.528509399999962], [112.74788070000011, -7.528296], [112.74778390000006, -7.52803769999997], [112.74773820000007, -7.527891699999941], [112.74769230000004, -7.527689399999929], [112.7475803000001, -7.527141599999936], [112.74757720000002, -7.527081299999963], [112.74756800000011, -7.526899799999967], [112.74752620000004, -7.526298299999951], [112.74749110000005, -7.525983499999938], [112.747472, -7.524738], [112.74748750000003, -7.52438369999993], [112.74751540000011, -7.523616], [112.74758810000003, -7.523469499999976], [112.74772840000003, -7.523334], [112.74791360000006, -7.523142], [112.74827870000001, -7.522842499999967], [112.74838240000008, -7.522777699999949], [112.74841830000003, -7.522747299999935], [112.74842780000006, -7.522693799999956], [112.74843720000001, -7.522649799999954], [112.74832230000004, -7.522466599999973], [112.74822510000001, -7.522388], [112.74815650000005, -7.522303099999931], [112.7480369000001, -7.522170199999948], [112.7480299, -7.52211669999997], [112.74796830000003, -7.522019899999975], [112.7479598000001, -7.521727299999952], [112.74787050000009, -7.521445399999948], [112.74787320000007, -7.521445899999947], [112.7480131000001, -7.521244099999933], [112.748226, -7.521007499999939], [112.74838380000006, -7.520834], [112.74846290000005, -7.520826], [112.7485620000001, -7.520769899999948], [112.74865880000004, -7.520760699999926], [112.7488704000001, -7.520830199999978], [112.749047, -7.520961299999954], [112.74910050000005, -7.521001], [112.74917960000005, -7.521049499999947], [112.7492142000001, -7.52106189999995], [112.74927430000002, -7.521078299999942], [112.74954070000001, -7.52111739999998], [112.7496986000001, -7.521116799999959], [112.74996920000001, -7.521062699999959], [112.75008760000003, -7.520975899999939], [112.75012210000011, -7.520918], [112.7501463000001, -7.520877399999961], [112.75051930000006, -7.520922599999949], [112.75072650000004, -7.520928599999934], [112.75095520000002, -7.520991699999968], [112.75133380000011, -7.52110209999995], [112.75164930000005, -7.521094299999959], [112.75234350000005, -7.520897099999956], [112.7528420000001, -7.520910499999957], [112.75285040000006, -7.520902099999944], [112.75287430000003, -7.520906899999943], [112.75305430000003, -7.520700099999942], [112.753087, -7.520655199999965], [112.75318350000009, -7.520551699999942], [112.75322380000011, -7.520505299999968], [112.75331470000003, -7.520355499999937], [112.7533936000001, -7.520276099999933], [112.753464, -7.520258299999966], [112.75351680000006, -7.520249299999932], [112.75358720000008, -7.520249], [112.75365490000002, -7.520267099999955], [112.75374090000003, -7.52025569999995], [112.75440780000008, -7.520267], [112.75485430000003, -7.520219699999927], [112.75511010000002, -7.520181399999956], [112.7555235000001, -7.52006549999993], [112.7559367, -7.519923299999959], [112.75692440000012, -7.519762299999968], [112.75692530000003, -7.519760199999951], [112.75714330000005, -7.519679199999928], [112.75748240000007, -7.519679199999928], [112.75778510000009, -7.519658299999946], [112.75783890000002, -7.519645199999957], [112.75808130000007, -7.519549099999949], [112.7583340000001, -7.519317199999932], [112.75845370000002, -7.519323099999951], [112.75846550000006, -7.51931129999997], [112.75849630000005, -7.519335], [112.75861450000002, -7.519371599999943], [112.75877450000007, -7.519324299999937], [112.75885640000001, -7.519344799999942], [112.75892350000004, -7.519344599999954], [112.75893340000005, -7.519347599999946], [112.75906080000004, -7.519443099999933], [112.75928490000001, -7.519466099999931], [112.75942570000007, -7.519430399999976], [112.75949610000009, -7.519430099999965], [112.75954910000007, -7.519466899999941], [112.75958440000011, -7.51949129999997], [112.75964640000007, -7.519596499999977], [112.75968210000008, -7.519710599999939], [112.75968860000012, -7.519746899999973], [112.75970210000003, -7.519757699999957], [112.75970930000005, -7.519903799999952], [112.75972740000009, -7.52002669999996], [112.75975870000002, -7.520032199999946], [112.75976530000003, -7.520081799999957], [112.75997140000004, -7.5201], [112.75999, -7.52012], [112.76055, -7.52038], [112.760884, -7.52056349999998], [112.7612008000001, -7.520793199999957], [112.76138860000003, -7.521012199999973], [112.76148890000002, -7.521062899999947], [112.76173790000007, -7.521247199999948], [112.76180170000009, -7.52132759999995], [112.76180690000001, -7.521336599999927], [112.76181170000007, -7.521363399999927], [112.76183560000004, -7.521386199999938], [112.76187260000006, -7.52145029999997], [112.76199630000008, -7.521555199999966], [112.76201230000004, -7.521554499999979], [112.76204910000001, -7.521589499999948], [112.76238820000003, -7.52154429999996], [112.76225260000001, -7.52215469999993], [112.76264820000006, -7.522109499999942], [112.76284030000011, -7.522030399999949], [112.76311160000012, -7.522007699999961], [112.76330380000002, -7.522064299999954], [112.76384640000003, -7.522369499999968], [112.76440030000003, -7.522674699999925], [112.7643594000001, -7.523442399999965], [112.7648, -7.523458399999981], [112.76495320000004, -7.523379599999942], [112.76508, -7.523379599999942], [112.765456, -7.523404699999958], [112.76567790000001, -7.523259499999938], [112.76598320000005, -7.523382599999934], [112.76617880000003, -7.52334849999994], [112.7663715000001, -7.523134599999935], [112.76679650000005, -7.522606699999926], [112.76706650000006, -7.522263699999939], [112.76731430000007, -7.521907499999941], [112.76751530000001, -7.521571399999971], [112.76765620000003, -7.521186799999953], [112.7677417000001, -7.520884499999966], [112.76766520000001, -7.520660599999928], [112.76754830000004, -7.520370199999945], [112.76740040000004, -7.520095499999968], [112.76726, -7.51995], [112.76706, -7.51989], [112.7668900000001, -7.51989], [112.7667748, -7.519826499999965], [112.766774, -7.519826099999932], [112.76672890000009, -7.519830399999933], [112.76653670000007, -7.519848699999955], [112.7665300000001, -7.519848], [112.76656770000011, -7.519841], [112.76659240000004, -7.519828599999926], [112.7666028000001, -7.519823299999928], [112.76664620000008, -7.5198], [112.76673460000006, -7.519752499999981], [112.76674950000006, -7.519750599999952], [112.7666458000001, -7.519577099999935], [112.76660420000007, -7.519488], [112.76653930000009, -7.519349099999943], [112.76647690000004, -7.519164899999964], [112.7665022000001, -7.518883599999981], [112.766545, -7.518602199999975], [112.76657040000009, -7.518514099999948], [112.7666425000001, -7.518364499999961], [112.76676380000004, -7.518276299999968], [112.76693950000003, -7.518178899999953], [112.76713290000009, -7.518099], [112.76746620000006, -7.517799], [112.767703, -7.517569599999945], [112.76794880000011, -7.517375299999969], [112.76826490000008, -7.517163099999948], [112.7684756000001, -7.51702169999993], [112.76877470000011, -7.516967799999975], [112.76885780000009, -7.516906799999958], [112.768899, -7.516907699999933], [112.76929840000003, -7.516789699999947], [112.77073280000002, -7.516453799999965], [112.77106, -7.51639], [112.77104140000006, -7.516358799999978]]] 
      }
    },
    {
      "type": "Feature",
      "properties": {
        "district_id": "3515070",
        "province": "Jawa Timur",
        "regency": "Sidoarjo",
        "district": "Candi",
        "pria": 78922,
        "wanita": 78869,
        "total_penduduk": 157791
      },
      "geometry": {
        "type": "Polygon",
        "coordinates": [[[112.73779120000006, -7.497755699999971], [112.73784090000004, -7.497787699999947], [112.7378668, -7.497787599999981], [112.73814070000003, -7.497786499999961], [112.73862550000001, -7.497766299999967], [112.73968150000007, -7.497786799999972], [112.74017450000008, -7.497723299999961], [112.74028720000001, -7.497694299999978], [112.74118460000011, -7.497548299999949], [112.74137180000002, -7.497538], [112.7418391000001, -7.49751219999996], [112.74235950000002, -7.497535299999981], [112.74250170000005, -7.497528299999942], [112.74263910000002, -7.497521499999948], [112.74306280000008, -7.497438299999942], [112.74319820000005, -7.497406299999966], [112.743828, -7.497504399999968], [112.744116, -7.497567499999946], [112.7443158000001, -7.497581799999978], [112.74490730000002, -7.497741], [112.745235, -7.497812899999929], [112.74528490000012, -7.497822799999938], [112.74558720000005, -7.497868799999935], [112.74569010000005, -7.497935899999959], [112.74583070000006, -7.498016799999959], [112.74583610000002, -7.498019899999974], [112.74585210000009, -7.49802909999994], [112.745941, -7.49802429999994], [112.74600640000006, -7.498041599999965], [112.74602, -7.49803], [112.746294, -7.498086899999976], [112.74647630000004, -7.498203599999954], [112.74656690000006, -7.498229599999945], [112.7468242000001, -7.498303599999929], [112.74691550000011, -7.498292399999968], [112.74699320000002, -7.49828279999997], [112.747, -7.498282], [112.74701710000011, -7.498279899999943], [112.74710670000002, -7.498268899999971], [112.74725260000002, -7.498251], [112.74751170000002, -7.498182399999962], [112.74770950000004, -7.498075699999958], [112.747861, -7.497928099999967], [112.747942, -7.497849299999928], [112.748059, -7.49718], [112.74799260000009, -7.496535299999948], [112.74775660000012, -7.496272899999951], [112.74769530000003, -7.496121599999981], [112.747604, -7.495851799999969], [112.74755650000009, -7.495696099999975], [112.75203150000004, -7.497322699999927], [112.7521736000001, -7.496919899999966], [112.7522636000001, -7.496664299999964], [112.752337, -7.496615], [112.75245960000007, -7.496604099999956], [112.75249770000005, -7.49649549999998], [112.752518, -7.496299599999929], [112.7525419000001, -7.496159599999942], [112.7525763000001, -7.495991599999968], [112.75254760000007, -7.495823899999948], [112.75253650000002, -7.495670099999927], [112.75256260000003, -7.495514199999946], [112.75291070000003, -7.49461249999996], [112.75314380000009, -7.494198899999958], [112.75324840000007, -7.494076099999972], [112.75331840000001, -7.494040799999937], [112.75340940000001, -7.494033499999944], [112.75377450000008, -7.494189399999925], [112.75403440000002, -7.49435619999997], [112.754063, -7.494492499999978], [112.75450550000005, -7.494739], [112.75466670000003, -7.494759299999942], [112.75501350000002, -7.494733499999938], [112.755252, -7.494781499999931], [112.75547680000011, -7.494920499999978], [112.75558180000007, -7.494881599999928], [112.7558074000001, -7.494685799999957], [112.75595550000003, -7.494728299999963], [112.7562613, -7.494815899999935], [112.756511, -7.494692099999952], [112.75685320000002, -7.494769099999928], [112.75715120000007, -7.49479], [112.7574823000001, -7.494799599999965], [112.75772710000001, -7.495013599999936], [112.75801750000005, -7.495311], [112.758211, -7.495492699999943], [112.7584409000001, -7.49562119999996], [112.7586841000001, -7.495736399999942], [112.75902, -7.495778199999961], [112.75910350000004, -7.495884], [112.7591632000001, -7.495837299999948], [112.75924280000004, -7.495800499999973], [112.75930290000008, -7.495866599999943], [112.75930660000006, -7.495946199999935], [112.759327, -7.496059], [112.75950730000011, -7.496263899999974], [112.7596248000001, -7.496532199999933], [112.75972940000008, -7.49693659999997], [112.75977650000004, -7.497065799999973], [112.75991990000011, -7.49717469999996], [112.76018250000004, -7.497157099999981], [112.7604520000001, -7.497225699999944], [112.76086090000001, -7.497214099999951], [112.76096430000007, -7.49729659999997], [112.76106430000004, -7.497359199999948], [112.76123380000001, -7.497351899999956], [112.76148620000004, -7.497301199999981], [112.76165910000009, -7.497310399999947], [112.76181210000004, -7.497309799999925], [112.76190860000008, -7.497349199999974], [112.76172980000001, -7.497519199999942], [112.76157090000004, -7.497692299999926], [112.761721, -7.497804499999972], [112.76180130000012, -7.497950199999934], [112.76197130000003, -7.498055699999952], [112.76237720000006, -7.498137], [112.7627232000001, -7.498185399999954], [112.76280670000006, -7.498284599999977], [112.76276770000004, -7.498507], [112.762692, -7.49869979999994], [112.762709, -7.498795899999948], [112.76292590000003, -7.499000799999976], [112.76338370000008, -7.49876009999997], [112.76336330000004, -7.498647299999959], [112.7634756000001, -7.498471], [112.76351850000003, -7.498381299999949], [112.76358470000002, -7.498318], [112.76364120000005, -7.49831439999997], [112.76374770000007, -7.498327299999971], [112.7639163, -7.498369399999945], [112.76399040000001, -7.498346199999958], [112.7640732000001, -7.498266199999932], [112.764199, -7.498139699999967], [112.76439790000006, -7.497982899999954], [112.76443740000002, -7.497889899999961], [112.76439710000011, -7.497777199999973], [112.76445980000005, -7.497667499999977], [112.76462550000008, -7.497554], [112.76472190000004, -7.49753039999996], [112.76482830000009, -7.497549899999967], [112.76513590000002, -7.49798329999993], [112.76535940000008, -7.498168199999952], [112.76552970000012, -7.498363299999937], [112.76568730000008, -7.498681099999942], [112.76575090000006, -7.498800299999971], [112.76590440000007, -7.498935699999947], [112.76636070000006, -7.499156199999959], [112.76661380000007, -7.499258], [112.76693040000009, -7.499442599999952], [112.76724030000003, -7.49963379999997], [112.7673473000001, -7.499792599999978], [112.76763110000002, -7.499912599999959], [112.76792280000006, -7.499886499999945], [112.76857410000002, -7.499804199999971], [112.76869420000003, -7.499906599999974], [112.76888780000002, -7.500098299999934], [112.76910110000006, -7.500230099999953], [112.7693650000001, -7.500547599999948], [112.76969210000004, -7.500864799999931], [112.76985190000005, -7.500923899999975], [112.76999330000001, -7.501357899999959], [112.76986470000008, -7.501617199999941], [112.76977580000005, -7.501839899999936], [112.76976690000004, -7.502112], [112.7697280000001, -7.50234439999997], [112.76978740000004, -7.502427799999964], [112.77000440000006, -7.502449499999955], [112.770168, -7.502566], [112.77036730000009, -7.502587399999925], [112.77058370000009, -7.502679399999977], [112.7708364, -7.502668399999948], [112.771038, -7.502392199999974], [112.77116690000003, -7.502199299999972], [112.77122910000003, -7.501960099999962], [112.77138820000005, -7.501836699999956], [112.77139050000005, -7.50159119999995], [112.77143280000007, -7.501358799999934], [112.77155860000005, -7.501222199999972], [112.77166760000011, -7.50105259999998], [112.77173, -7.500869799999975], [112.77169970000011, -7.50078039999994], [112.77148860000011, -7.50036979999993], [112.7715382, -7.500306599999931], [112.77166770000008, -7.500263299999972], [112.77183720000005, -7.500255599999946], [112.77203370000007, -7.500337799999954], [112.77220370000009, -7.50044319999995], [112.77238040000009, -7.500578599999926], [112.77258390000009, -7.500737], [112.77281760000005, -7.500981599999932], [112.77299110000001, -7.501167699999939], [112.7732155000001, -7.501216299999953], [112.7733306, -7.501237599999968], [112.77354090000006, -7.501272399999948], [112.77364410000007, -7.501273899999944], [112.77388380000002, -7.501191799999958], [112.7741751000001, -7.501129299999945], [112.77440110000009, -7.501094699999953], [112.77455390000011, -7.501111899999955], [112.77470670000002, -7.501144899999929], [112.77492290000009, -7.50115], [112.77508150000006, -7.501121599999976], [112.7752144000001, -7.501135], [112.775381, -7.501124399999981], [112.77557720000004, -7.501076099999977], [112.77568440000005, -7.501115199999958], [112.77589730000011, -7.501133099999947], [112.77576080000006, -7.501640799999961], [112.77559350000001, -7.502164099999959], [112.77554110000005, -7.502540799999963], [112.7754198, -7.503010099999926], [112.77528330000007, -7.503260099999977], [112.77534220000007, -7.503282599999977], [112.77549350000004, -7.503340499999979], [112.77555930000005, -7.503365699999961], [112.775643, -7.503470299999947], [112.7757127000001, -7.503588799999932], [112.77576150000004, -7.503686399999935], [112.77583820000007, -7.503777], [112.77593580000007, -7.503825899999981], [112.77597830000002, -7.503868299999965], [112.7760889000001, -7.503910699999949], [112.77615890000004, -7.503923499999928], [112.77625970000008, -7.503973899999949], [112.77633250000008, -7.503997699999957], [112.77655, -7.50398], [112.776664, -7.503966599999956], [112.77675150000005, -7.503937399999927], [112.77689790000011, -7.503902499999981], [112.77692390000004, -7.503913199999943], [112.77699, -7.5039], [112.77729000000011, -7.50397], [112.77760730000011, -7.504098599999963], [112.77772760000005, -7.504118699999935], [112.77773630000002, -7.504120499999942], [112.7779809000001, -7.504160099999979], [112.7781725000001, -7.504164799999955], [112.77819820000002, -7.504164], [112.778202, -7.504165499999942], [112.77825050000001, -7.504166699999928], [112.77841, -7.50422], [112.77841230000001, -7.504251], [112.7784213000001, -7.504254599999967], [112.778491, -7.504449799999975], [112.77847710000003, -7.504672899999946], [112.77851620000001, -7.504894699999966], [112.77861930000006, -7.505032099999937], [112.77878670000007, -7.505236], [112.77884640000002, -7.505305], [112.77888150000001, -7.505328299999974], [112.77890030000003, -7.505334], [112.77912, -7.50539], [112.7793, -7.50544], [112.77948170000002, -7.505530399999941], [112.77967640000008, -7.50560239999993], [112.77985590000003, -7.505686499999968], [112.779953, -7.505667899999935], [112.78018720000011, -7.505757899999935], [112.78015130000006, -7.505885399999954], [112.78004570000007, -7.50605859999996], [112.78007330000003, -7.50613119999997], [112.7801773000001, -7.506300499999952], [112.7802233000001, -7.506418499999938], [112.78029980000008, -7.506548599999974], [112.78044590000002, -7.506641899999977], [112.78064970000003, -7.506704699999943], [112.78087, -7.50671], [112.7810535000001, -7.506672799999933], [112.78122660000008, -7.506672099999946], [112.78139380000005, -7.506710799999951], [112.78150320000009, -7.506725499999959], [112.78164330000004, -7.506831], [112.78157110000006, -7.507010199999968], [112.78142980000007, -7.507350199999962], [112.781246, -7.507723799999951], [112.781153, -7.507984799999974], [112.781139, -7.508294], [112.7811584000001, -7.508572799999968], [112.78121260000012, -7.508861], [112.78122050000002, -7.508902899999953], [112.7814098, -7.509165799999948], [112.78159890000006, -7.509362099999976], [112.78167530000007, -7.509464799999932], [112.7817338000001, -7.509673699999951], [112.78174090000005, -7.509925299999963], [112.7816504000001, -7.510074199999963], [112.78145040000004, -7.510175], [112.781278, -7.510348499999964], [112.78120330000002, -7.510639699999956], [112.78119880000008, -7.510933199999954], [112.78119850000007, -7.510955], [112.78118040000004, -7.511149], [112.78119580000009, -7.511149199999977], [112.78163640000002, -7.511226499999964], [112.7820848, -7.511084099999948], [112.78226810000001, -7.511058399999968], [112.78312570000003, -7.511534899999958], [112.78356280000003, -7.511806599999943], [112.78396440000006, -7.512007399999959], [112.7843425000001, -7.512161], [112.78454330000011, -7.512302699999964], [112.784815, -7.512385399999971], [112.78518120000001, -7.512432699999977], [112.78541610000002, -7.512505], [112.78569270000003, -7.512809199999936], [112.78610880000008, -7.513369799999964], [112.78647210000008, -7.513930699999946], [112.78684420000002, -7.514509], [112.78698640000005, -7.514842399999964], [112.78702310000006, -7.515193699999941], [112.78699840000002, -7.515606699999978], [112.78701090000004, -7.515687599999978], [112.78698870000005, -7.51588229999993], [112.786826, -7.516207799999961], [112.7867897000001, -7.516257799999948], [112.78651690000004, -7.51652439999998], [112.78646890000005, -7.516555699999969], [112.78638930000011, -7.516693699999962], [112.78616770000008, -7.517015899999933], [112.78622140000004, -7.517226599999958], [112.78621710000004, -7.517298399999959], [112.78616390000002, -7.517608499999938], [112.78619720000006, -7.517607099999964], [112.78620010000009, -7.517610199999979], [112.78619690000005, -7.517683599999941], [112.78634690000001, -7.517768299999943], [112.78650440000001, -7.517937899999936], [112.78668410000012, -7.518044399999951], [112.78670910000005, -7.518076899999926], [112.7868817000001, -7.518176099999948], [112.7870478000001, -7.518315899999948], [112.78728410000008, -7.518493099999944], [112.787414, -7.518575799999951], [112.78766210000003, -7.518847499999936], [112.78780270000004, -7.518879499999969], [112.78780410000002, -7.518880699999954], [112.7878075000001, -7.518880599999932], [112.787922, -7.51890659999998], [112.788241, -7.51890659999998], [112.78847730000007, -7.518894799999941], [112.7886899, -7.518812099999934], [112.78881990000002, -7.518694], [112.78889430000004, -7.518552599999964], [112.7889755000001, -7.518444699999975], [112.7893219, -7.51821549999994], [112.78968370000007, -7.517974299999935], [112.78999210000006, -7.517826199999945], [112.7903500000001, -7.51763], [112.79074770000011, -7.517569499999979], [112.79079860000002, -7.517565799999943], [112.79086560000007, -7.517573499999969], [112.79119750000007, -7.517654399999969], [112.79158530000007, -7.517740699999933], [112.79199970000002, -7.51790589999996], [112.79230880000011, -7.518115499999965], [112.79268430000002, -7.518446], [112.79277, -7.51837], [112.79322, -7.518], [112.79363, -7.51667], [112.7937, -7.51565], [112.79389, -7.51462], [112.79391, -7.51448], [112.79396, -7.51394], [112.79404000000011, -7.51359], [112.79411, -7.51331], [112.79434, -7.5127], [112.79444, -7.51247], [112.79462, -7.51203], [112.79472, -7.51172], [112.7947, -7.51144], [112.79465, -7.51137], [112.79447, -7.51126], [112.79429, -7.51116], [112.79407, -7.51105], [112.7938, -7.51079], [112.79374, -7.51067], [112.79367, -7.51043], [112.79365, -7.51004], [112.79368000000011, -7.50978], [112.7937217000001, -7.509701699999937], [112.79414190000011, -7.509792299999958], [112.79420360000006, -7.509615399999973], [112.79424, -7.50962], [112.79438, -7.50953], [112.79441, -7.50941], [112.79451, -7.50895], [112.79472, -7.508], [112.79485000000011, -7.50754], [112.79499, -7.50708], [112.79508, -7.50674], [112.795113, -7.506588199999953], [112.7953351000001, -7.506342699999948], [112.7957722000001, -7.506177299999933], [112.79592580000008, -7.50591739999993], [112.795914, -7.50581109999996], [112.7959313, -7.504952399999979], [112.7961, -7.50475], [112.79612, -7.50401], [112.79609, -7.50361], [112.79582, -7.50304], [112.79571, -7.50278], [112.79565, -7.50259], [112.7958, -7.50176], [112.79584000000011, -7.50166], [112.79596, -7.50153], [112.79627, -7.50139], [112.79638000000011, -7.50136], [112.7964472000001, -7.501326399999925], [112.79700080000009, -7.501510899999971], [112.79736710000009, -7.5017], [112.79770970000004, -7.50181809999998], [112.797929, -7.501800299999957], [112.7985000000001, -7.50181], [112.79897, -7.50175], [112.7994900000001, -7.50157], [112.79968170000006, -7.501524399999937], [112.7997534000001, -7.50157], [112.7999661, -7.501593599999978], [112.80016690000002, -7.501593599999978], [112.8004032, -7.50157], [112.80040330000008, -7.50157], [112.80058, -7.50157], [112.80082, -7.50155], [112.80128, -7.50132], [112.80156000000011, -7.50115], [112.80197, -7.50079], [112.8022, -7.50049], [112.8024, -7.50042], [112.80264000000011, -7.50025], [112.80289, -7.5], [112.80297, -7.49987], [112.80304, -7.49975], [112.8031, -7.49965], [112.80315, -7.49957], [112.80318000000011, -7.4995], [112.80322, -7.49944], [112.80325, -7.49937], [112.80329, -7.49928], [112.80333, -7.4992], [112.80335, -7.49913], [112.80337, -7.49906], [112.80339, -7.499], [112.80341, -7.49894], [112.80342, -7.49888], [112.80343, -7.49881], [112.80344, -7.49874], [112.80345000000011, -7.49868], [112.80345000000011, -7.49862], [112.80345000000011, -7.49852], [112.80345000000011, -7.49844], [112.80344, -7.49838], [112.80344, -7.49832], [112.80343, -7.49823], [112.80342, -7.49814], [112.80341, -7.49807], [112.8034, -7.498], [112.80339, -7.49791], [112.80337, -7.49782], [112.80336000000011, -7.49776], [112.80336000000011, -7.49769], [112.80336000000011, -7.49762], [112.80336000000011, -7.49754], [112.80336000000011, -7.49747], [112.80338, -7.4974], [112.8034, -7.49731], [112.80342, -7.49723], [112.80344, -7.49717], [112.80346, -7.49711], [112.80349, -7.49704], [112.80352, -7.49697], [112.80354000000011, -7.49689], [112.80357, -7.49681], [112.8036, -7.49674], [112.80363000000011, -7.49666], [112.80366, -7.49658], [112.80368, -7.49651], [112.80371, -7.49643], [112.80373, -7.49636], [112.80375, -7.4963], [112.8037700000001, -7.49624], [112.80379, -7.49615], [112.80381000000011, -7.49607], [112.80382, -7.496], [112.80383, -7.49591], [112.80382, -7.49584], [112.80379, -7.49577], [112.80375, -7.4957], [112.80372000000011, -7.49565], [112.80365, -7.49558], [112.80358, -7.49552], [112.80351, -7.49545], [112.80342, -7.4954], [112.80334, -7.49536], [112.80325, -7.49532], [112.80316, -7.49527], [112.80307, -7.49522], [112.80297, -7.49517], [112.80288, -7.49512], [112.80282000000011, -7.49508], [112.80276, -7.49505], [112.8027, -7.495], [112.80264000000011, -7.49497], [112.80259, -7.49492], [112.80253, -7.49487], [112.80249, -7.49481], [112.80246000000011, -7.49474], [112.80243, -7.49468], [112.8024, -7.49462], [112.80237000000011, -7.49456], [112.80233, -7.49446], [112.80229, -7.49436], [112.80226, -7.49428], [112.80223, -7.49419], [112.80219000000011, -7.49411], [112.80216, -7.49402], [112.80212, -7.49391], [112.80208, -7.49381], [112.80205, -7.49372], [112.80201000000011, -7.49364], [112.80199, -7.49357], [112.80195, -7.4935], [112.8019, -7.49344], [112.80185, -7.4934], [112.80179, -7.49335], [112.80174000000011, -7.49333], [112.80168, -7.49329], [112.80162, -7.49326], [112.80157650000001, -7.49323389999995], [112.80157, -7.49323], [112.80152, -7.4932], [112.80146, -7.49317], [112.8014, -7.49314], [112.801097, -7.493034699999953], [112.80068860000006, -7.492832899999939], [112.80041390000008, -7.492697199999952], [112.80006150000008, -7.492456699999934], [112.79985330000011, -7.492240099999947], [112.79972960000009, -7.492068699999948], [112.79958510000006, -7.491840199999956], [112.79946990000008, -7.491599199999939], [112.79939990000003, -7.491393699999946], [112.79934650000007, -7.491200499999934], [112.7992541000001, -7.490948299999957], [112.79907730000002, -7.490696499999956], [112.79892210000003, -7.49054289999998], [112.79872820000003, -7.490403399999934], [112.79864710000004, -7.490344099999959], [112.79842890000009, -7.49026079999993], [112.7982283, -7.490180899999928], [112.798119, -7.49009719999998], [112.79791190000003, -7.489934699999935], [112.79791050000006, -7.48993349999995], [112.79790950000006, -7.489932899999928], [112.79782990000001, -7.489870399999973], [112.7975550000001, -7.489685599999973], [112.79736830000002, -7.489556599999958], [112.79736810000009, -7.489556499999935], [112.79721350000011, -7.489401899999962], [112.7970835000001, -7.489165599999978], [112.79679450000003, -7.488794], [112.79675, -7.4887], [112.79668, -7.48866], [112.79662, -7.48862], [112.79655, -7.48858], [112.79648, -7.48854], [112.7964300000001, -7.48851], [112.79638000000011, -7.48848], [112.79632, -7.48845], [112.79627, -7.48842], [112.79621, -7.48839], [112.7961600000001, -7.48836], [112.79611000000011, -7.48833], [112.79606, -7.4883], [112.79601, -7.48827], [112.79594, -7.48824], [112.79586, -7.48819], [112.79579, -7.48815], [112.79571, -7.48811], [112.79562, -7.48807], [112.79555, -7.48803], [112.79549, -7.488], [112.79541, -7.48797], [112.79533, -7.48793], [112.79530210000007, -7.487895599999945], [112.79525990000002, -7.487874699999963], [112.795193, -7.487850399999957], [112.7950945, -7.487819299999956], [112.79484140000011, -7.48780279999994], [112.794736, -7.487810199999956], [112.794613, -7.487810699999955], [112.79449360000001, -7.487825199999975], [112.79434970000011, -7.48786089999993], [112.79413910000005, -7.487935399999969], [112.79395010000007, -7.488122099999941], [112.79384550000009, -7.488329399999941], [112.79372310000008, -7.488459699999964], [112.793601, -7.488544099999956], [112.79356, -7.48855], [112.79348, -7.48856], [112.79342, -7.48856], [112.79335550000008, -7.488581199999942], [112.79327910000006, -7.488600599999927], [112.7931645000001, -7.488613799999939], [112.79306880000001, -7.48858869999998], [112.79295, -7.48859], [112.79283940000005, -7.488576899999941], [112.79253340000002, -7.48854], [112.79222120000009, -7.488515899999925], [112.79167370000005, -7.488643], [112.79141260000006, -7.488652699999932], [112.79118290000008, -7.488564599999961], [112.79102110000008, -7.488443199999949], [112.7909168000001, -7.48829139999998], [112.79087590000006, -7.488266199999941], [112.7907990000001, -7.488165599999945], [112.79058210000005, -7.488102899999944], [112.79023810000001, -7.488123399999949], [112.78988790000005, -7.488162899999963], [112.78973540000004, -7.488265299999966], [112.7896214000001, -7.488424699999939], [112.78939890000004, -7.488565499999936], [112.78927170000009, -7.48861809999994], [112.78925310000011, -7.488621799999976], [112.78906130000007, -7.488573199999962], [112.7889824, -7.488489899999934], [112.788873, -7.488279599999942], [112.78876670000011, -7.488185099999953], [112.78864360000011, -7.488079599999935], [112.78859390000002, -7.488015599999926], [112.78840240000011, -7.487914599999954], [112.78816, -7.487852], [112.78791, -7.48783], [112.78779, -7.4878], [112.78752, -7.48769], [112.78733090000003, -7.487639199999933], [112.78718420000007, -7.487601599999948], [112.787127, -7.487575599999957], [112.7869574, -7.487459499999943], [112.78693610000005, -7.487436199999934], [112.78681740000002, -7.487263599999949], [112.78678490000004, -7.487057399999969], [112.78678290000005, -7.487057499999935], [112.78673470000001, -7.486921], [112.78660480000008, -7.486767399999962], [112.78648550000003, -7.486724899999956], [112.7864542000001, -7.486676199999977], [112.7862186000001, -7.486715299999958], [112.7858553000001, -7.486691399999927], [112.78548520000004, -7.486533899999927], [112.785051, -7.486294], [112.78498580000007, -7.486333399999978], [112.78496270000005, -7.486330299999963], [112.78495640000006, -7.486351199999945], [112.78489210000009, -7.486390099999937], [112.78486140000007, -7.486689], [112.78470920000007, -7.486842299999978], [112.78449230000001, -7.486785899999973], [112.78426230000002, -7.486525699999959], [112.784248, -7.486489799999958], [112.78420540000002, -7.486418899999933], [112.78416570000002, -7.486281], [112.78415340000004, -7.486182699999972], [112.78427160000001, -7.48595819999997], [112.78427160000001, -7.485686499999929], [112.78417710000008, -7.485532899999953], [112.78413180000007, -7.485511499999973], [112.78413030000002, -7.485509299999933], [112.78408800000011, -7.485490699999957], [112.78395260000002, -7.485426599999926], [112.783926, -7.485419699999966], [112.78390060000004, -7.485408499999949], [112.78358140000012, -7.48525079999996], [112.78344780000009, -7.485131599999931], [112.7833501, -7.485001299999965], [112.78311380000002, -7.48485949999997], [112.78288940000004, -7.484694099999956], [112.78285540000002, -7.48467329999994], [112.78271180000002, -7.484491299999945], [112.78256450000003, -7.48429479999993], [112.78246620000004, -7.484235099999978], [112.78246410000008, -7.484233399999937], [112.78246290000004, -7.484233099999926], [112.78228350000006, -7.48412419999994], [112.78197740000007, -7.484068199999967], [112.7815, -7.484], [112.78129, -7.4839], [112.78116980000004, -7.483839199999977], [112.78103460000011, -7.483749], [112.780973, -7.483757899999944], [112.78080380000006, -7.483729599999947], [112.78058130000011, -7.483851299999969], [112.78043550000007, -7.48403], [112.780494, -7.484334899999965], [112.78039310000008, -7.484589699999958], [112.78031750000002, -7.484780799999953], [112.78020970000011, -7.484927399999947], [112.77991070000007, -7.485024], [112.7798927, -7.485034399999961], [112.77987690000009, -7.485036699999966], [112.779865, -7.485050299999955], [112.77968820000001, -7.485152099999937], [112.77963620000003, -7.485471399999938], [112.77961970000001, -7.485506899999962], [112.77930220000007, -7.485789499999953], [112.77919670000006, -7.485849299999927], [112.77913260000003, -7.485875499999963], [112.77910930000007, -7.485898799999973], [112.77879360000009, -7.486077699999953], [112.77849420000007, -7.486066199999925], [112.77838580000002, -7.486064899999974], [112.77831350000008, -7.48605729999997], [112.77831250000008, -7.486064], [112.77810550000004, -7.486061399999926], [112.77782560000003, -7.486177], [112.77763560000005, -7.486451199999976], [112.77737460000003, -7.486520499999926], [112.77736330000005, -7.486516799999947], [112.777256, -7.486400499999945], [112.7772457000001, -7.486375399999929], [112.77721780000002, -7.486236], [112.77711680000004, -7.486135], [112.77701480000007, -7.486041899999975], [112.77693610000006, -7.485925], [112.77689380000004, -7.485793499999943], [112.77691470000002, -7.485598399999958], [112.77689380000004, -7.485403299999973], [112.77678930000002, -7.485270899999932], [112.77664990000005, -7.485208199999931], [112.77651750000007, -7.485145499999931], [112.7765104, -7.485144599999956], [112.77644510000005, -7.48510159999995], [112.77619040000002, -7.48512809999994], [112.77599260000011, -7.485071599999969], [112.77584530000001, -7.484868799999958], [112.7757931000001, -7.484812499999975], [112.775751, -7.484741299999939], [112.77557680000007, -7.484546199999954], [112.77524590000007, -7.484438199999943], [112.775204, -7.484438199999943], [112.77509390000012, -7.484431399999949], [112.77482410000005, -7.48440869999996], [112.77441650000003, -7.484467599999959], [112.7739884, -7.484531199999935], [112.773936, -7.484523599999932], [112.7736456, -7.484457899999938], [112.77359160000003, -7.484464899999978], [112.77354910000008, -7.484455699999955], [112.77345850000006, -7.484476599999937], [112.77345060000005, -7.484483099999977], [112.7733909000001, -7.484490799999946], [112.77337840000007, -7.484542499999975], [112.77334010000004, -7.484574099999975], [112.7733349, -7.484723199999962], [112.773322, -7.48477719999994], [112.77317630000005, -7.484994], [112.772973, -7.485128299999928], [112.77274360000001, -7.485122899999965], [112.77259790000005, -7.48504719999994], [112.77258590000008, -7.485042899999939], [112.77255910000008, -7.485193599999945], [112.77250460000005, -7.485285099999942], [112.77250040000001, -7.485288299999979], [112.77244470000005, -7.485420699999963], [112.77243990000011, -7.485465399999953], [112.7724392, -7.48546749999997], [112.77238920000002, -7.485728399999971], [112.77238060000002, -7.485770099999968], [112.772375, -7.48579], [112.77231610000001, -7.486031599999933], [112.7723112000001, -7.486104599999976], [112.77229550000004, -7.486180199999978], [112.77231640000002, -7.486249099999952], [112.77234950000002, -7.486393899999939], [112.77238280000006, -7.486468], [112.77242460000002, -7.486605699999927], [112.77270220000003, -7.487488499999927], [112.77290070000004, -7.48774839999993], [112.7732989000001, -7.488124099999936], [112.7733118000001, -7.488139899999965], [112.77337450000005, -7.48832509999994], [112.77334310000003, -7.48843329999994], [112.7731275000001, -7.488675799999953], [112.7731027000001, -7.488847599999929], [112.77314440000009, -7.488887499999976], [112.77314660000002, -7.488896799999964], [112.77323580000007, -7.489025], [112.77340310000011, -7.489125399999978], [112.77354240000011, -7.489253599999927], [112.7737125000001, -7.489423599999952], [112.77372, -7.489433899999938], [112.77378110000006, -7.489614299999971], [112.77373080000007, -7.489767099999938], [112.77362960000005, -7.489945599999942], [112.7736241, -7.490174499999966], [112.7737016000001, -7.490422199999955], [112.77380890000006, -7.490589099999966], [112.7738399000001, -7.49065289999993], [112.77386880000006, -7.490822099999946], [112.7736916, -7.491121699999951], [112.77358430000004, -7.491370099999926], [112.77347720000012, -7.491656699999965], [112.7733300000001, -7.49175], [112.7730673000001, -7.491741599999955], [112.7730183000001, -7.491729299999975], [112.77273800000012, -7.491627799999947], [112.77254030000006, -7.491584099999955], [112.77237510000009, -7.491680199999962], [112.77209, -7.49188], [112.77188930000011, -7.491891399999929], [112.77183390000005, -7.491770499999973], [112.77171680000004, -7.491608799999938], [112.771675, -7.491535099999965], [112.77166050000005, -7.491508499999952], [112.77165860000002, -7.491506099999981], [112.771622, -7.491441599999973], [112.7714492, -7.491213], [112.77134890000002, -7.491090399999962], [112.77133770000012, -7.490800499999978], [112.77132660000007, -7.490627699999948], [112.77130610000006, -7.490590699999927], [112.77130540000007, -7.490578699999958], [112.77123270000004, -7.490457699999979], [112.77120950000005, -7.490415899999959], [112.7711925000001, -7.490410199999928], [112.77107790000002, -7.490303], [112.77092, -7.49028], [112.77070680000008, -7.490257699999972], [112.77060530000006, -7.490242599999931], [112.77053940000008, -7.490208499999937], [112.77047930000003, -7.490109299999972], [112.77051830000005, -7.489858399999946], [112.77046970000004, -7.489766199999963], [112.7704705000001, -7.48974439999995], [112.77040740000007, -7.489577099999963], [112.77026250000006, -7.489464699999928], [112.77006740000002, -7.489485], [112.76989230000004, -7.489625899999965], [112.76976040000011, -7.489836899999943], [112.76953030000004, -7.489907899999935], [112.76946790000011, -7.489888099999973], [112.76941450000004, -7.489847299999951], [112.76926960000003, -7.489618699999937], [112.76915780000002, -7.489343199999951], [112.76914140000008, -7.489286099999958], [112.76908260000005, -7.4891], [112.76905410000006, -7.488976699999967], [112.76906560000009, -7.488910799999928], [112.76910520000001, -7.488841099999945], [112.76923340000008, -7.488790899999969], [112.769356, -7.488701699999979], [112.76934910000011, -7.488674199999934], [112.76934970000002, -7.48867359999997], [112.76934540000002, -7.48858789999997], [112.76931030000003, -7.488523399999963], [112.76928350000003, -7.488434199999972], [112.76926680000008, -7.488294799999949], [112.7693114000001, -7.488105299999972], [112.76925760000006, -7.488001699999927], [112.76925720000008, -7.487996], [112.76920990000008, -7.487898799999925], [112.76910830000008, -7.487871899999959], [112.76884380000001, -7.487851], [112.7687317000001, -7.487798699999928], [112.76860030000012, -7.487736799999936], [112.76845150000008, -7.487621299999944], [112.76822830000003, -7.48746639999996], [112.76809, -7.48737], [112.76798170000006, -7.48729979999996], [112.76786090000007, -7.487347099999965], [112.767713, -7.48746449999993], [112.76758460000008, -7.487574099999961], [112.7674287000001, -7.48761369999994], [112.76725310000006, -7.487653399999942], [112.76715180000008, -7.487692799999934], [112.76701, -7.48773], [112.76664390000008, -7.487601299999938], [112.76638250000008, -7.48741], [112.76635420000002, -7.487310899999954], [112.76633740000011, -7.487143699999933], [112.76628730000004, -7.487032199999931], [112.766238, -7.48700139999994], [112.7661845, -7.486944699999981], [112.76598930000011, -7.486922099999958], [112.76569630000006, -7.486888199999953], [112.76558280000006, -7.486814599999946], [112.76553380000007, -7.486753], [112.76550410000004, -7.486667], [112.76541490000011, -7.48655], [112.76530900000012, -7.486343699999964], [112.7652991000001, -7.486330299999963], [112.76528410000003, -7.486297599999943], [112.765072, -7.485979], [112.7649798000001, -7.485896199999956], [112.76493550000009, -7.485847599999943], [112.7647627, -7.485602299999925], [112.76472360000002, -7.485446199999956], [112.76457590000007, -7.485220499999969], [112.76457270000003, -7.485220199999958], [112.7645692000001, -7.485213499999929], [112.76443230000007, -7.485143899999969], [112.764155, -7.485102099999949], [112.76414660000012, -7.485097199999927], [112.76406310000004, -7.484969599999943], [112.76419690000012, -7.484646299999952], [112.7642972000001, -7.484562699999969], [112.76449230000003, -7.484534799999949], [112.76472080000008, -7.48444], [112.76478770000006, -7.484244899999965], [112.76488250000011, -7.483860299999947], [112.76483230000008, -7.48358159999998], [112.7648177000001, -7.483554799999979], [112.76480830000003, -7.483513799999969], [112.76473650000003, -7.48340589999998], [112.764732, -7.483397599999932], [112.76472940000008, -7.483395299999927], [112.76470230000007, -7.483354499999962], [112.76441240000008, -7.483106299999974], [112.76437050000004, -7.483074599999952], [112.764247, -7.482968399999947], [112.76410890000011, -7.482871099999954], [112.76402, -7.48278], [112.76392680000004, -7.482722499999966], [112.7637863000001, -7.482742499999972], [112.76364050000007, -7.482822299999953], [112.76361150000002, -7.482823499999938], [112.76341090000005, -7.48281789999993], [112.76326590000008, -7.482706399999927], [112.76320610000005, -7.482644199999982], [112.76319610000007, -7.482550099999969], [112.76315000000011, -7.48247], [112.76308, -7.48242], [112.763, -7.48236], [112.76293, -7.4823], [112.76286, -7.48227], [112.76287, -7.48221], [112.76286, -7.4819], [112.76289, -7.48165], [112.76289110000005, -7.481456499999979], [112.76296090000005, -7.481351], [112.76285110000003, -7.481211199999962], [112.76264030000004, -7.481212], [112.76236910000011, -7.480753399999969], [112.76228, -7.479962799999953], [112.76221980000003, -7.47955], [112.7621289000001, -7.479262099999971], [112.76219720000006, -7.478778699999964], [112.76232820000007, -7.478345699999977], [112.7623933000001, -7.478022], [112.76257410000005, -7.477355099999954], [112.76225380000005, -7.477321299999971], [112.76172660000009, -7.477268799999933], [112.76119990000007, -7.477348899999981], [112.76108270000009, -7.477326], [112.7602902000001, -7.477321299999971], [112.76001310000004, -7.477326299999959], [112.76008050000007, -7.477587099999937], [112.76007730000003, -7.477762399999961], [112.76007410000011, -7.477949499999966], [112.7598200000001, -7.47791], [112.75926560000005, -7.47783579999998], [112.75898, -7.47779], [112.75881190000007, -7.477763799999934], [112.75881190000007, -7.477650399999959], [112.75875620000011, -7.47758349999998], [112.75873310000009, -7.477567299999976], [112.75871010000003, -7.477538], [112.7585769000001, -7.477413899999931], [112.75858720000008, -7.47736139999995], [112.75865580000004, -7.477271299999927], [112.75868090000006, -7.477090099999941], [112.75882030000002, -7.476337599999965], [112.75878950000003, -7.47633019999995], [112.75879110000005, -7.476322099999948], [112.75840030000006, -7.476206799999943], [112.75802120000003, -7.476107], [112.757889, -7.476224399999978], [112.75772, -7.476357399999927], [112.75770690000002, -7.476359599999967], [112.7575998000001, -7.476155399999925], [112.75750190000008, -7.476074], [112.75744, -7.47596], [112.75718720000009, -7.47565979999996], [112.75712650000003, -7.475501], [112.75707720000003, -7.475300299999958], [112.75687430000005, -7.475324499999942], [112.75671000000011, -7.4754], [112.75654, -7.47538], [112.75645, -7.47538], [112.75620290000006, -7.475346699999932], [112.75594130000002, -7.475336], [112.75564640000005, -7.47536359999998], [112.75561010000001, -7.475337199999956], [112.7554841000001, -7.47520929999996], [112.75537670000006, -7.475148599999955], [112.75534070000003, -7.47511929999996], [112.75533890000008, -7.475127199999974], [112.75529240000003, -7.475100899999973], [112.75527780000004, -7.475095299999964], [112.75522480000006, -7.475055399999974], [112.755156, -7.475047599999925], [112.75508520000005, -7.47501989999995], [112.75479220000011, -7.474978299999975], [112.75470610000002, -7.474927899999955], [112.75455610000006, -7.474781599999972], [112.75447780000002, -7.474682], [112.75428820000002, -7.474553699999944], [112.75428380000005, -7.474562299999945], [112.75425180000002, -7.474540099999956], [112.75415120000002, -7.47476649999993], [112.75402620000011, -7.474759199999937], [112.7539207000001, -7.474744], [112.75392540000007, -7.474923299999944], [112.7538631000001, -7.474966399999971], [112.75378240000009, -7.474950099999944], [112.75367230000006, -7.474768399999959], [112.753689, -7.474450599999955], [112.75363490000007, -7.474437499999965], [112.75363450000009, -7.474429599999951], [112.75358, -7.47437], [112.75336, -7.47436], [112.75324, -7.47437], [112.75300190000007, -7.47438539999996], [112.75299860000007, -7.474513899999977], [112.75292070000012, -7.474572699999953], [112.75274550000006, -7.474690299999963], [112.75255460000005, -7.474792299999933], [112.75241040000003, -7.474851399999977], [112.75225450000005, -7.47490259999995], [112.75213250000002, -7.474947899999961], [112.7520664000001, -7.47494469999998], [112.75194950000002, -7.474891399999933], [112.75194420000003, -7.474885399999948], [112.7519721000001, -7.474450599999955], [112.75196460000006, -7.47435379999996], [112.75196720000008, -7.474331], [112.75195860000008, -7.474116799999933], [112.75194480000005, -7.474096299999928], [112.75194420000003, -7.474088299999949], [112.75183830000003, -7.47392659999997], [112.75176210000006, -7.473871499999973], [112.75168790000009, -7.473782799999981], [112.75143250000008, -7.47390809999996], [112.75138120000008, -7.473915499999976], [112.75133240000002, -7.473927599999968], [112.75105610000003, -7.47392549999995], [112.75075230000004, -7.474106], [112.7503736000001, -7.474099699999954], [112.75006650000012, -7.474011899999937], [112.75000670000009, -7.473994799999957], [112.74999, -7.47399], [112.74979, -7.47396], [112.7494, -7.4739], [112.74927370000012, -7.473878299999967], [112.74914180000007, -7.473855699999945], [112.74906780000003, -7.473843], [112.7490375000001, -7.473837099999969], [112.74892000000011, -7.47381], [112.74868960000003, -7.473732299999938], [112.74851780000006, -7.47370959999995], [112.74850430000004, -7.473709299999939], [112.74839280000003, -7.473706199999981], [112.7483069000001, -7.473694899999941], [112.74817020000012, -7.473679799999957], [112.74772120000011, -7.473658199999932], [112.7472881000001, -7.473698899999931], [112.74695, -7.47369], [112.74662790000002, -7.473580699999957], [112.74654770000006, -7.473062899999945], [112.74650820000011, -7.472930499999961], [112.74645320000002, -7.472860599999933], [112.74638670000002, -7.472814099999937], [112.74630940000009, -7.473005399999977], [112.74624370000004, -7.473169299999938], [112.74608030000002, -7.473314099999925], [112.7458739000001, -7.473435699999925], [112.74586570000008, -7.473441299999934], [112.7458726000001, -7.473411099999964], [112.74587410000004, -7.473318799999959], [112.745773, -7.47336839999997], [112.74574890000008, -7.473368499999935], [112.74564040000007, -7.473368899999969], [112.74558020000006, -7.473369199999979], [112.74545360000002, -7.473369699999978], [112.74530890000005, -7.47335819999995], [112.745116, -7.473340899999926], [112.74492920000012, -7.473323599999958], [112.74464580000006, -7.473276599999963], [112.74422360000005, -7.473188099999959], [112.744248, -7.47249329999994], [112.74425050000002, -7.471627299999966], [112.74219530000005, -7.471527099999946], [112.74185240000008, -7.472445099999959], [112.73992350000003, -7.472284899999977], [112.73926060000008, -7.472263399999974], [112.739215, -7.472210799999971], [112.739188, -7.472179499999982], [112.73909720000006, -7.472077599999977], [112.7390008000001, -7.472084], [112.73887450000007, -7.472150699999929], [112.7387179000001, -7.472169299999962], [112.73844670000005, -7.472170399999925], [112.73800670000003, -7.47213], [112.73796870000001, -7.472284199999933], [112.73791010000002, -7.472275799999977], [112.73777460000008, -7.472302299999967], [112.73763910000002, -7.47232889999998], [112.737493, -7.472313799999938], [112.73728190000008, -7.472338099999945], [112.73690650000003, -7.472365599999932], [112.73679680000009, -7.472332199999926], [112.73673170000006, -7.472337699999969], [112.73663010000007, -7.472361499999977], [112.73641380000004, -7.472419599999967], [112.73609570000008, -7.472413], [112.73611340000002, -7.472275], [112.73585770000011, -7.472244799999942], [112.73568280000006, -7.472198599999956], [112.7353955000001, -7.472072199999957], [112.7353448, -7.472460199999944], [112.73533110000005, -7.472478199999955], [112.7351182000001, -7.472373], [112.73501560000011, -7.472337299999936], [112.7350143000001, -7.472338], [112.73494740000001, -7.472309499999938], [112.73489840000002, -7.472326599999974], [112.73476820000008, -7.472433299999977], [112.73472420000007, -7.47244969999997], [112.734578, -7.472421599999961], [112.73446320000005, -7.472403799999938], [112.7343403000001, -7.472305399999925], [112.73427840000011, -7.47225839999993], [112.73427220000008, -7.472253599999931], [112.7342516000001, -7.472308399999974], [112.73421030000009, -7.472428299999933], [112.73417940000002, -7.472522099999935], [112.73395710000011, -7.473025299999961], [112.7339081, -7.473145199999976], [112.73385330000008, -7.473153199999956], [112.73376340000004, -7.47311], [112.7337434000001, -7.473099], [112.73371530000009, -7.473091199999942], [112.7336199, -7.473064799999975], [112.73335350000002, -7.473004299999957], [112.73310270000002, -7.47297059999994], [112.73286740000003, -7.472944599999948], [112.73268230000008, -7.47294919999996], [112.73260270000003, -7.472930599999927], [112.73243910000008, -7.472892399999978], [112.73243980000007, -7.472887499999956], [112.73247470000001, -7.472631499999977], [112.73242160000007, -7.472510499999942], [112.73241140000005, -7.472487399999977], [112.7322613, -7.472319599999935], [112.7322468000001, -7.472318], [112.73217570000008, -7.472267099999954], [112.73184440000011, -7.472229299999981], [112.73167210000008, -7.47220139999996], [112.7316277000001, -7.472185899999943], [112.73160150000001, -7.472161899999946], [112.73159120000003, -7.472148499999946], [112.73154370000009, -7.472030099999927], [112.73147840000001, -7.472001699999964], [112.73127990000012, -7.471921799999961], [112.73119120000001, -7.47192739999997], [112.73104510000007, -7.471896699999945], [112.730964, -7.471842399999957], [112.73089860000005, -7.471780199999955], [112.730815, -7.471744099999967], [112.73086110000008, -7.471525199999974], [112.73072590000004, -7.471497799999952], [112.7303339, -7.471418], [112.73038850000012, -7.470704599999976], [112.72936140000002, -7.470489899999961], [112.72919190000005, -7.47045449999996], [112.72916440000006, -7.470448699999963], [112.72911490000001, -7.470452], [112.72911560000011, -7.47062109999996], [112.72917610000002, -7.470758799999942], [112.7291924000001, -7.470930599999974], [112.72915110000008, -7.471034799999927], [112.729081, -7.471110599999975], [112.72898730000009, -7.471157799999958], [112.72885440000005, -7.471154299999966], [112.7287265000001, -7.471151], [112.72843920000003, -7.471127799999977], [112.72822240000005, -7.471116799999947], [112.7280915, -7.47110779999997], [112.727889, -7.471101499999975], [112.72772, -7.471095], [112.72748990000002, -7.471068], [112.72749550000003, -7.471027799999945], [112.7274450000001, -7.471007499999928], [112.72744460000001, -7.47100729999994], [112.7274208, -7.470997799999964], [112.72681000000011, -7.47081], [112.72635, -7.47068], [112.72572990000003, -7.470521699999949], [112.72568940000008, -7.470511299999941], [112.725071, -7.470336499999974], [112.72457630000008, -7.470207399999936], [112.724478, -7.470213199999932], [112.7244396000001, -7.470215399999972], [112.72327, -7.47004], [112.72238140000002, -7.469925], [112.72229210000012, -7.469913399999939], [112.72157, -7.46982], [112.72143620000008, -7.469791899999962], [112.72123450000004, -7.469779099999926], [112.72131310000009, -7.469375399999933], [112.72138390000009, -7.469014399999935], [112.72143740000001, -7.468815799999959], [112.72154, -7.468490699999961], [112.72162450000008, -7.468143199999929], [112.72165430000007, -7.467687699999942], [112.72161810000011, -7.467665299999965], [112.72135130000004, -7.467594199999951], [112.72110270000007, -7.467563599999949], [112.72091290000003, -7.467564399999958], [112.72068070000012, -7.467561299999943], [112.72067, -7.46754], [112.72056070000008, -7.46751949999998], [112.72051480000005, -7.467510899999979], [112.72049890000005, -7.467478099999937], [112.72044190000008, -7.467502399999944], [112.7203300000001, -7.46749], [112.720315, -7.467494599999952], [112.71987, -7.46763], [112.71980890000009, -7.467660599999931], [112.71973, -7.4677], [112.7195862000001, -7.467782299999953], [112.71940990000007, -7.467767799999933], [112.71926790000009, -7.468168], [112.71901530000002, -7.468121199999928], [112.718983, -7.468208199999935], [112.718739, -7.468152599999939], [112.71870620000004, -7.46809849999994], [112.71865390000005, -7.468077], [112.7186276000001, -7.468024899999932], [112.71835090000002, -7.467943499999933], [112.71812090000003, -7.467840799999976], [112.71805670000003, -7.467812199999969], [112.7178388000001, -7.46775219999995], [112.71771030000002, -7.467702699999961], [112.71760590000008, -7.467577399999925], [112.7175995, -7.467569699999956], [112.71742230000007, -7.467506199999946], [112.71714770000006, -7.46741389999994], [112.716919, -7.467332299999953], [112.71691720000001, -7.467251099999942], [112.71667720000005, -7.467209599999933], [112.71659180000006, -7.467195799999956], [112.71659000000011, -7.46721], [112.71656, -7.46741], [112.71637890000011, -7.467379799999946], [112.71626, -7.46736], [112.71572, -7.46726], [112.71555830000011, -7.46722], [112.71533220000003, -7.467162199999962], [112.71526890000007, -7.46713989999995], [112.71514740000009, -7.467114099999947], [112.714645, -7.467007099999933], [112.71386780000012, -7.46682519999996], [112.71384920000003, -7.466820799999937], [112.7138433, -7.466820299999938], [112.7139251000001, -7.466518099999973], [112.7138668, -7.466535], [112.71359630000006, -7.466513599999928], [112.71316790000003, -7.466470199999947], [112.712994, -7.466458099999954], [112.71275880000007, -7.466391499999929], [112.71253, -7.46629], [112.71173990000011, -7.466003399999977], [112.71161250000011, -7.466005499999937], [112.7115166000001, -7.466007], [112.71147280000002, -7.466007699999977], [112.711315, -7.465973], [112.711157, -7.465938199999925], [112.71088640000005, -7.465891099999965], [112.71065110000006, -7.465841499999954], [112.71041930000001, -7.465819], [112.71024240000008, -7.465861399999937], [112.7100977, -7.465916599999957], [112.7099756, -7.465974899999935], [112.70938740000008, -7.466202099999975], [112.70901450000008, -7.466335299999969], [112.70851620000008, -7.466444299999978], [112.70850650000011, -7.466447499999958], [112.70849, -7.46645], [112.70836, -7.46643], [112.70819, -7.46645], [112.708164, -7.46656059999998], [112.7081108000001, -7.466578099999936], [112.70778740000003, -7.466707299999939], [112.70742490000009, -7.466865], [112.70677630000012, -7.467118], [112.70670860000007, -7.467107599999963], [112.70658390000006, -7.467076099999929], [112.70643080000002, -7.467069599999945], [112.70631330000003, -7.467055799999969], [112.70615670000007, -7.467052899999942], [112.705983, -7.467050299999926], [112.70596120000005, -7.467043199999978], [112.70593580000002, -7.466989799999965], [112.705893, -7.466975699999978], [112.70570440000006, -7.46699069999994], [112.70566860000008, -7.466930399999967], [112.70560810000006, -7.466930599999955], [112.7054012000001, -7.466951299999948], [112.70534830000008, -7.466956499999981], [112.70528210000009, -7.466542299999958], [112.704227, -7.466416799999934], [112.7040058, -7.466409399999975], [112.70388340000011, -7.466405299999963], [112.703527, -7.46637839999994], [112.7035307000001, -7.466343], [112.70348080000008, -7.466339499999947], [112.70375030000002, -7.464891399999942], [112.70396050000011, -7.463692199999969], [112.70404440000004, -7.463157099999933], [112.70410820000006, -7.462874099999965], [112.7041091000001, -7.462874299999953], [112.70411820000004, -7.46283829999993], [112.70411810000007, -7.462835], [112.70443180000007, -7.461522399999978], [112.70443210000008, -7.461522099999968], [112.70443150000006, -7.461521], [112.70445760000007, -7.461468], [112.70445710000001, -7.461467499999969], [112.70445940000002, -7.461461799999938], [112.70448460000011, -7.461399399999948], [112.70448130000011, -7.461279299999944], [112.70445770000003, -7.461221099999932], [112.70444080000004, -7.461179299999969], [112.70472670000004, -7.460285899999974], [112.70493650000003, -7.459696], [112.70508370000005, -7.459249199999931], [112.70509690000006, -7.459187699999973], [112.70511190000002, -7.459117599999956], [112.70512840000004, -7.458948799999973], [112.70514490000005, -7.458762799999931], [112.70518160000006, -7.45862539999996], [112.70527240000001, -7.458396199999981], [112.70541750000007, -7.458132599999942], [112.70554860000004, -7.457934699999953], [112.70560560000001, -7.457871599999976], [112.70563980000009, -7.45782], [112.7057089000001, -7.457730099999935], [112.70529250000004, -7.457636399999956], [112.705014, -7.457611099999951], [112.70470910000006, -7.457662299999981], [112.70449090000011, -7.457699099999957], [112.70437170000002, -7.457726], [112.70404080000003, -7.457846299999972], [112.70364340000003, -7.457914], [112.70334610000009, -7.457778399999938], [112.70329820000006, -7.457756599999925], [112.7030195000001, -7.457638599999939], [112.7027144000001, -7.457586899999967], [112.7023431, -7.457522099999949], [112.70198510000012, -7.457497099999955], [112.70186720000004, -7.457486099999926], [112.70157410000002, -7.457459], [112.70137490000002, -7.45735389999993], [112.70113890000005, -7.457181699999978], [112.70104910000009, -7.457146399999942], [112.700711, -7.457039], [112.70049370000004, -7.456911899999966], [112.70047340000008, -7.456903], [112.70046910000008, -7.456897599999934], [112.70041880000008, -7.456868099999951], [112.70041210000011, -7.456825899999956], [112.700399, -7.456809399999941], [112.70035860000007, -7.456673], [112.700352, -7.456459699999925], [112.7003370000001, -7.456246499999963], [112.7003674, -7.456021699999951], [112.7003582000001, -7.455848199999934], [112.7002936, -7.455689899999925], [112.70024950000004, -7.455646199999933], [112.70017770000004, -7.455595699999947], [112.7001136, -7.455567499999972], [112.69979730000011, -7.455541], [112.699665, -7.455581199999926], [112.69950620000009, -7.455648], [112.6993609000001, -7.455794], [112.69920270000011, -7.456006299999956], [112.69897820000006, -7.456218799999931], [112.69889950000004, -7.456430799999964], [112.698923, -7.456534599999941], [112.69903320000003, -7.456690599999945], [112.69904040000006, -7.456700099999978], [112.6990482000001, -7.456709899999964], [112.69923260000007, -7.456892499999981], [112.69929940000009, -7.457024499999932], [112.69930000000011, -7.45718329999994], [112.69930060000002, -7.457342], [112.69918230000007, -7.457580599999972], [112.69901040000002, -7.45768709999993], [112.6987587000001, -7.457714499999952], [112.69864960000007, -7.45767], [112.69837370000005, -7.45755719999994], [112.69806820000008, -7.45737319999995], [112.69781590000002, -7.457268399999975], [112.697577, -7.457163399999956], [112.69741780000004, -7.457137599999953], [112.69716610000012, -7.457151799999963], [112.69703360000005, -7.457165499999974], [112.6968217000001, -7.457206], [112.69661940000003, -7.457219399999929], [112.69660970000007, -7.457220099999972], [112.69643710000003, -7.457141399999955], [112.69632690000003, -7.457062099999973], [112.6959796000001, -7.456925899999931], [112.69592100000011, -7.456912399999965], [112.69560310000008, -7.456839199999933], [112.69545660000006, -7.45678479999998], [112.6952692000001, -7.456715299999928], [112.69500650000009, -7.456574099999955], [112.69482380000011, -7.456489499999975], [112.6947980000001, -7.456480799999952], [112.69461550000005, -7.456419199999971], [112.6944535, -7.45633179999993], [112.69427, -7.456232799999952], [112.69393560000003, -7.455978099999982], [112.693909, -7.455956699999945], [112.69349870000008, -7.45566649999995], [112.69343270000002, -7.455633], [112.69326, -7.45558], [112.6931532000001, -7.455548699999952], [112.69307620000006, -7.455546199999958], [112.69295650000004, -7.455529599999977], [112.6929153000001, -7.455535599999962], [112.69268710000006, -7.455641], [112.6924361, -7.455840399999943], [112.69210540000006, -7.456013699999971], [112.69190340000011, -7.456005299999958], [112.69181380000009, -7.456001599999979], [112.69176720000007, -7.456001699999945], [112.69162080000001, -7.45563889999994], [112.69156270000008, -7.45514419999995], [112.69157960000007, -7.454667799999982], [112.69181250000008, -7.454386799999952], [112.69211960000007, -7.453974699999947], [112.69232450000004, -7.453712399999972], [112.69240610000008, -7.453039699999977], [112.69235760000004, -7.452601], [112.6922925, -7.452585399999975], [112.69214560000012, -7.452550199999962], [112.69199260000005, -7.452574299999981], [112.691843, -7.452602899999931], [112.6916791000001, -7.45262589999993], [112.69164310000008, -7.452644799999973], [112.69149770000001, -7.452639699999963], [112.69148660000008, -7.452632299999948], [112.69143540000005, -7.452598499999965], [112.69134660000009, -7.452474099999961], [112.69123360000003, -7.452287699999943], [112.69117230000006, -7.452223899999979], [112.6910458000001, -7.452092299999947], [112.6909055000001, -7.452015199999948], [112.69065380000006, -7.452036299999975], [112.69042840000009, -7.452132], [112.69020410000007, -7.452207599999952], [112.69004530000007, -7.452282899999943], [112.68986790000008, -7.452377], [112.68961430000002, -7.452459399999952], [112.68960630000004, -7.452462], [112.68946580000011, -7.452425199999936], [112.68946470000003, -7.452424599999972], [112.68931260000011, -7.452332599999977], [112.68931, -7.45233], [112.6892653000001, -7.452282799999978], [112.68919910000011, -7.452213], [112.68905990000007, -7.45202919999997], [112.68880850000005, -7.451967699999955], [112.68874260000007, -7.451951599999973], [112.68765270000006, -7.451685], [112.68759260000002, -7.451909399999977], [112.68753970000012, -7.452106699999945], [112.68739070000004, -7.452609399999972], [112.68737090000002, -7.452678699999979], [112.68705650000004, -7.453777399999979], [112.68705090000003, -7.45379719999994], [112.6870487000001, -7.453804599999955], [112.68701610000005, -7.45403349999998], [112.68702230000008, -7.454200799999967], [112.68692770000007, -7.454318299999954], [112.68690030000005, -7.454463499999974], [112.68686750000006, -7.454636599999958], [112.68654880000008, -7.454626599999926], [112.68629720000001, -7.45459969999996], [112.68614630000002, -7.454589899999974], [112.6861262000001, -7.45459539999996], [112.68594540000004, -7.454607399999929], [112.6858304000001, -7.454584899999929], [112.68568460000006, -7.454554899999948], [112.6855849000001, -7.454539899999929], [112.685512, -7.454517299999964], [112.6854876000001, -7.454503199999976], [112.68545360000007, -7.454483599999946], [112.68541980000009, -7.454464099999939], [112.68537390000006, -7.45448719999996], [112.6853205000001, -7.454537099999925], [112.68528210000011, -7.45453729999997], [112.685217, -7.454537499999958], [112.68517880000002, -7.45458739999998], [112.68517910000003, -7.454652399999929], [112.6851832000001, -7.454717399999936], [112.68513940000003, -7.454796], [112.68510880000008, -7.454803799999979], [112.685036, -7.454819399999963], [112.68497460000003, -7.454800499999976], [112.68493640000008, -7.454819699999973], [112.68489810000005, -7.454827499999965], [112.68484440000009, -7.454820099999949], [112.68480430000011, -7.454773699999976], [112.68479820000005, -7.454766699999936], [112.6847328, -7.454694299999971], [112.68467520000002, -7.454663899999957], [112.6846667000001, -7.454661899999962], [112.68461, -7.454648799999973], [112.68457560000002, -7.454683399999965], [112.68414980000011, -7.455591599999934], [112.68412260000002, -7.455598899999927], [112.68311210000002, -7.455223199999978], [112.68263160000004, -7.456236599999954], [112.68259190000003, -7.456218799999931], [112.68231060000005, -7.456113599999981], [112.68213750000007, -7.456048799999962], [112.68183110000007, -7.455934099999979], [112.68159870000011, -7.455852799999946], [112.68105810000009, -7.455399099999966], [112.680743, -7.455228499999976], [112.68071310000005, -7.455222099999958], [112.68029350000006, -7.455133], [112.680186, -7.455109499999935], [112.6801842000001, -7.455108899999971], [112.67939940000008, -7.454884899999968], [112.67828530000008, -7.45466289999996], [112.678282, -7.454662199999973], [112.6780999, -7.454981299999929], [112.6778240000001, -7.455441699999938], [112.677829, -7.455442399999981], [112.67761220000011, -7.455804599999965], [112.67739920000008, -7.456149299999936], [112.67729640000005, -7.456321099999968], [112.67730070000005, -7.456324099999961], [112.67734460000008, -7.456354599999941], [112.67750610000007, -7.45646679999993], [112.67768650000005, -7.456532599999946], [112.67768520000004, -7.456536299999925], [112.67718680000007, -7.457995099999948], [112.67612640000004, -7.460875199999975], [112.67603820000011, -7.46087069999993], [112.67528220000008, -7.460601399999973], [112.67296990000011, -7.459841799999936], [112.67237000000011, -7.45966], [112.67229, -7.45961], [112.67204, -7.45951], [112.6717900000001, -7.4594], [112.67173, -7.45938], [112.67162, -7.45933], [112.6715448000001, -7.45930809999993], [112.67145690000007, -7.45928239999995], [112.67114, -7.45919], [112.67062790000011, -7.458982899999967], [112.67005820000008, -7.458749], [112.6696181000001, -7.458548199999939], [112.6690178, -7.458230599999979], [112.66898070000002, -7.458210899999926], [112.66897470000004, -7.458207799999968], [112.668936, -7.458376599999951], [112.66899110000008, -7.458583099999942], [112.6690274, -7.458719099999939], [112.66906790000007, -7.459016899999938], [112.66901220000011, -7.459174499999961], [112.66887730000008, -7.459248099999968], [112.668714, -7.459243099999981], [112.6684547000001, -7.459193499999969], [112.668111, -7.459149799999977], [112.66819450000003, -7.458902099999932], [112.66776610000011, -7.458791299999973], [112.66793930000006, -7.458063099999947], [112.66796010000007, -7.457975499999975], [112.66768450000006, -7.458060899999964], [112.66743, -7.45812], [112.66717, -7.45806], [112.66641, -7.45779], [112.66542, -7.45738], [112.66527730000007, -7.457317299999943], [112.6647885000001, -7.457102499999962], [112.66476000000011, -7.45709], [112.66449020000005, -7.456947699999944], [112.66439170000001, -7.456915], [112.66407540000012, -7.45677859999995], [112.66399060000003, -7.45673069999998], [112.6636324000001, -7.45652819999998], [112.66310880000003, -7.456232199999931], [112.6625911000001, -7.455964799999947], [112.66205620000005, -7.455708899999934], [112.66149870000004, -7.455539099999953], [112.66102980000005, -7.455427099999952], [112.66101780000008, -7.455425499999933], [112.66102, -7.4554], [112.66091, -7.45538], [112.6608179000001, -7.45536], [112.66082070000004, -7.455398399999979], [112.66083330000004, -7.455696299999943], [112.66082860000006, -7.455977099999927], [112.66082390000008, -7.456229299999961], [112.66080740000007, -7.456424199999958], [112.66071130000012, -7.456825699999968], [112.66062620000002, -7.457106799999963], [112.66058680000003, -7.457318899999962], [112.660536, -7.457542599999954], [112.66046, -7.45787], [112.6605, -7.45806], [112.6605, -7.4583], [112.66049470000007, -7.458374499999934], [112.66033770000001, -7.459013199999958], [112.66016810000008, -7.459707199999968], [112.660496, -7.459872099999927], [112.66094460000011, -7.460088199999973], [112.66119190000006, -7.460207599999933], [112.66147680000006, -7.460381299999938], [112.66213240000002, -7.460671099999956], [112.6627820000001, -7.460903599999938], [112.66301770000007, -7.460977199999945], [112.6633369000001, -7.461139299999957], [112.66348090000008, -7.461253299999953], [112.66357860000005, -7.461293099999978], [112.663659, -7.461287099999936], [112.6637856000001, -7.461366799999951], [112.66386040000009, -7.461429599999974], [112.66403890000004, -7.461549199999979], [112.66423470000007, -7.461726099999964], [112.66440180000006, -7.461863], [112.6646419000001, -7.462017099999969], [112.66471250000006, -7.462062399999979], [112.66529910000008, -7.462306599999977], [112.66535090000002, -7.462346499999967], [112.66535130000011, -7.462455399999953], [112.6653917000001, -7.46250109999994], [112.66547350000008, -7.462509399999931], [112.66550080000002, -7.462512099999969], [112.66557560000001, -7.462569099999939], [112.66553560000011, -7.462609399999963], [112.66550720000009, -7.462684], [112.66553040000008, -7.462764099999958], [112.66559370000004, -7.462804], [112.665587, -7.462811699999975], [112.665548, -7.462855799999943], [112.66548510000007, -7.462913299999968], [112.66538790000004, -7.463022499999965], [112.6653136000001, -7.463120199999935], [112.66531970000005, -7.463200399999948], [112.66535440000007, -7.463286299999936], [112.66536630000007, -7.463389399999926], [112.66538950000006, -7.463446599999941], [112.66541640000003, -7.463499799999965], [112.66542420000007, -7.463515199999961], [112.66537870000002, -7.463618499999939], [112.66530990000001, -7.463658899999928], [112.665247, -7.463733599999955], [112.66512650000004, -7.46372839999998], [112.665046, -7.463694299999929], [112.66498280000008, -7.463700199999948], [112.66494290000003, -7.463774899999976], [112.66488560000005, -7.463809499999968], [112.66481130000011, -7.463878499999964], [112.664702, -7.463838799999962], [112.66458120000004, -7.463782], [112.66448950000006, -7.463799499999936], [112.66445170000009, -7.463832], [112.66444, -7.46383], [112.66438, -7.46413], [112.66428870000004, -7.464629599999967], [112.66419, -7.46517], [112.66401240000005, -7.466156599999977], [112.66401, -7.46617], [112.6640000000001, -7.46624], [112.66392, -7.4666], [112.66383, -7.46703], [112.66381, -7.4671], [112.66379, -7.46719], [112.66379740000002, -7.467191199999945], [112.66397, -7.46722], [112.66412, -7.46725], [112.66475280000009, -7.46725], [112.6649873, -7.46725], [112.66502, -7.46725], [112.66601, -7.46721], [112.66648, -7.46719], [112.66685890000008, -7.467202199999974], [112.6671, -7.46721], [112.66805000000011, -7.4673], [112.66923, -7.46746], [112.66993, -7.4676], [112.66997, -7.4677], [112.6699804000001, -7.467726099999936], [112.67009, -7.468], [112.67012000000011, -7.46805], [112.6701528000001, -7.468078399999968], [112.67025810000007, -7.468273699999941], [112.67280180000012, -7.470342799999969], [112.67265550000002, -7.471965499999953], [112.67280050000011, -7.471942599999977], [112.6728, -7.47195], [112.6733200000001, -7.47197], [112.67344, -7.472], [112.67366, -7.47213], [112.67380530000003, -7.472317499999974], [112.67398710000009, -7.472322199999951], [112.67414180000003, -7.472367], [112.67420740000011, -7.472413899999935], [112.6742842000001, -7.472533399999975], [112.67432250000002, -7.47256589999995], [112.67438070000003, -7.472569299999975], [112.67442970000002, -7.472551], [112.67447430000004, -7.472536399999967], [112.67448, -7.47254], [112.67467520000002, -7.47254], [112.67475360000003, -7.472660399999938], [112.6748976, -7.472768699999961], [112.67503970000007, -7.472853399999963], [112.67515980000007, -7.472795799999972], [112.67519, -7.47281], [112.67528, -7.4728], [112.67529230000002, -7.472794699999952], [112.67532140000003, -7.472852299999943], [112.67538360000003, -7.472937399999978], [112.67548190000002, -7.472993199999962], [112.67558570000006, -7.473041799999976], [112.67565290000005, -7.473030699999981], [112.6757371000001, -7.47298829999994], [112.67574, -7.47299], [112.67591660000005, -7.47295639999993], [112.67593080000006, -7.472967899999958], [112.6759839, -7.473067499999956], [112.67602590000001, -7.473125399999958], [112.67618, -7.47311], [112.67642550000005, -7.473154499999964], [112.67646490000004, -7.47322749999995], [112.67649970000002, -7.473368899999969], [112.67655850000006, -7.473417499999925], [112.67665150000005, -7.473426899999936], [112.67667830000005, -7.473406499999953], [112.67668, -7.47341], [112.67673, -7.47344], [112.67687, -7.47338], [112.67693470000006, -7.473341199999936], [112.67704250000008, -7.473381499999959], [112.67725360000009, -7.473595499999931], [112.6774057, -7.473712], [112.67744010000001, -7.473780199999965], [112.67731830000002, -7.473897799999975], [112.67733810000004, -7.473951399999976], [112.67746040000009, -7.473965599999929], [112.67761, -7.47393], [112.67784, -7.47392], [112.67792, -7.47383], [112.67796650000003, -7.473777699999971], [112.67797870000004, -7.473815099999968], [112.67798610000011, -7.473858399999926], [112.67800080000006, -7.47391609999994], [112.67801540000005, -7.473953599999959], [112.67802570000003, -7.474005599999941], [112.67803020000008, -7.47404309999996], [112.67806510000003, -7.474095], [112.67810280000003, -7.474113599999953], [112.67816220000009, -7.474116299999935], [112.67819540000005, -7.474106099999972], [112.67822, -7.4741], [112.67823990000011, -7.474095899999952], [112.67847260000008, -7.474047699999971], [112.67851, -7.47404], [112.6786, -7.47404], [112.67876, -7.47414], [112.67884, -7.47423], [112.6788600000001, -7.47429], [112.67864, -7.47449], [112.67856, -7.47456], [112.67852, -7.47467], [112.67854000000011, -7.47475], [112.678822, -7.474711899999932], [112.67891, -7.4747], [112.679, -7.47469], [112.67906, -7.47468], [112.67911, -7.47473], [112.67907, -7.47488], [112.67903, -7.475], [112.67905, -7.47513], [112.6791, -7.47526], [112.67903, -7.47545], [112.6790400000001, -7.47552], [112.67915, -7.47561], [112.67951, -7.47562], [112.67968, -7.47567], [112.67983, -7.47572], [112.67995, -7.47574], [112.68001, -7.4758], [112.6800300000001, -7.47601], [112.68004, -7.47609], [112.68027, -7.47637], [112.68029, -7.47638429999995], [112.68029410000008, -7.476381899999978], [112.68035450000002, -7.47628919999994], [112.68050060000007, -7.476246799999956], [112.68064390000006, -7.476252], [112.6806673000001, -7.476262599999927], [112.68072, -7.47624], [112.68087, -7.47624], [112.68092, -7.47627], [112.6809, -7.47649], [112.6809, -7.47657], [112.68097000000012, -7.47667], [112.68109, -7.47691], [112.68112, -7.477], [112.6811613000001, -7.477031], [112.68121420000011, -7.477015499999936], [112.68135310000002, -7.477012], [112.68145, -7.47706], [112.68158, -7.47707], [112.6821000000001, -7.47736], [112.68217, -7.47741], [112.6822, -7.47751], [112.68235, -7.47757], [112.68236230000002, -7.477574899999979], [112.6824104000001, -7.477575699999932], [112.68242510000005, -7.477600099999961], [112.6825, -7.47763], [112.68254, -7.4777], [112.6825, -7.47777], [112.6823, -7.47787], [112.68216, -7.47795], [112.68218, -7.47813], [112.68223850000004, -7.478315299999963], [112.6823, -7.47851], [112.68236, -7.47869], [112.68244, -7.47878], [112.6824418000001, -7.478780799999981], [112.68254550000006, -7.478828699999951], [112.68257, -7.47884], [112.6826400000001, -7.47885], [112.68266, -7.47892], [112.68277, -7.47934], [112.68281, -7.47966], [112.68281, -7.48042], [112.68281, -7.48048], [112.6828, -7.48057], [112.68278, -7.48096], [112.68278, -7.481217699999945], [112.68278, -7.48134], [112.68314, -7.48139], [112.6835, -7.48147], [112.68375, -7.48158], [112.68385, -7.48168], [112.68388, -7.48173], [112.68390000000011, -7.48179], [112.68405, -7.48283], [112.684056, -7.482832299999927], [112.68413910000004, -7.48286429999996], [112.68423870000004, -7.482902699999954], [112.6843262000001, -7.482950799999969], [112.684473, -7.483298599999955], [112.6845803000001, -7.483467599999926], [112.68460570000002, -7.483757799999978], [112.684814, -7.483728], [112.68494340000007, -7.483632599999964], [112.68495910000001, -7.483621], [112.6853943000001, -7.483436499999925], [112.6854694000001, -7.483472699999936], [112.68557510000005, -7.483545499999934], [112.68566520000002, -7.483654099999967], [112.68572040000004, -7.483752899999956], [112.68577360000006, -7.483860599999957], [112.68583390000003, -7.484025199999962], [112.6859171000001, -7.484189699999945], [112.685977, -7.484258199999942], [112.68599490000008, -7.484269499999925], [112.6860024, -7.484280599999977], [112.68601910000007, -7.484284699999932], [112.68607810000003, -7.484321899999941], [112.68626160000008, -7.484334899999965], [112.68646590000003, -7.484334099999955], [112.6865891000001, -7.484372], [112.68669820000002, -7.484548399999937], [112.68717830000003, -7.485347699999977], [112.68730270000003, -7.48548459999995], [112.68739460000006, -7.485525399999972], [112.68761490000009, -7.485565799999961], [112.68763360000003, -7.485561399999938], [112.68781, -7.48558], [112.68796, -7.4856], [112.68805150000003, -7.485494099999926], [112.68815440000003, -7.485410499999944], [112.68817410000008, -7.48539889999995], [112.68835380000007, -7.485293599999977], [112.68865590000007, -7.485123599999952], [112.68869120000011, -7.485103799999933], [112.6889576000001, -7.485275899999976], [112.68918890000009, -7.485467899999946], [112.68927930000007, -7.485559599999931], [112.68941590000009, -7.485694899999942], [112.68948650000004, -7.485782299999926], [112.6895091, -7.485793099999967], [112.6896028000001, -7.485935899999959], [112.689641, -7.485994299999959], [112.68975160000002, -7.486193299999968], [112.68978330000004, -7.486274099999946], [112.689894, -7.486513299999956], [112.69008350000001, -7.486735199999941], [112.690328, -7.486953399999948], [112.69048110000006, -7.487070899999935], [112.690494, -7.487081199999977], [112.69081280000012, -7.487228399999935], [112.69109, -7.48733], [112.69117, -7.48739], [112.6912195000001, -7.487490899999955], [112.69121410000002, -7.487589599999978], [112.69122620000007, -7.487669], [112.69123330000002, -7.487734099999955], [112.69126110000002, -7.487805899999955], [112.69128380000006, -7.487873099999945], [112.6912923000001, -7.487898199999961], [112.69132020000006, -7.48802139999998], [112.69131370000002, -7.488113899999973], [112.69128660000001, -7.488270199999931], [112.6912718000001, -7.488355399999932], [112.69122560000005, -7.488553099999933], [112.69119410000008, -7.488687899999945], [112.69115210000007, -7.48883369999993], [112.691123, -7.488934699999959], [112.69105510000009, -7.489099299999964], [112.6910501000001, -7.489109499999927], [112.69099210000002, -7.489228], [112.69093750000002, -7.489320699999951], [112.690931, -7.489396], [112.69095190000007, -7.489488399999971], [112.69102420000002, -7.489563399999952], [112.69160210000007, -7.489934499999947], [112.6918376000001, -7.490058499999975], [112.692843, -7.49007869999997], [112.69299050000006, -7.490130299999976], [112.6930109000001, -7.490131699999949], [112.69323220000001, -7.490214], [112.69323530000008, -7.490216], [112.69337030000008, -7.490263199999958], [112.693501, -7.490351799999928], [112.693642, -7.49043], [112.69366060000004, -7.490445799999975], [112.69366610000009, -7.490450399999929], [112.69370070000002, -7.490508299999931], [112.69394770000008, -7.490636099999961], [112.69401180000011, -7.490663699999971], [112.69418180000002, -7.49072579999995], [112.69418480000002, -7.490724399999976], [112.69431920000011, -7.490783399999941], [112.6945482000001, -7.490916], [112.694688, -7.491043399999967], [112.69479990000002, -7.49114869999994], [112.69481970000004, -7.491179], [112.69486160000008, -7.491243], [112.69488420000005, -7.491326399999934], [112.69488320000005, -7.491345199999955], [112.6948738000001, -7.491515499999934], [112.69484880000005, -7.491668699999934], [112.69483020000007, -7.491782699999931], [112.69479760000002, -7.492005399999925], [112.694787, -7.492087199999958], [112.69478680000009, -7.492088799999976], [112.69590290000008, -7.492348299999946], [112.69665570000006, -7.492523199999937], [112.6968501, -7.492554299999938], [112.697785, -7.492715799999928], [112.69818240000006, -7.49265], [112.69832050000002, -7.492679299999963], [112.69840180000006, -7.492696499999965], [112.6985122000001, -7.492715899999951], [112.69882010000003, -7.492702699999938], [112.69888950000006, -7.492832599999929], [112.69893310000009, -7.49291409999995], [112.6992087000001, -7.493162799999936], [112.69936440000004, -7.49331959999995], [112.69946530000004, -7.49339249999997], [112.6996620000001, -7.493473499999936], [112.700039, -7.493628699999931], [112.70004, -7.493629099999964], [112.69988720000003, -7.494180699999959], [112.70022950000009, -7.494397099999958], [112.70040790000007, -7.494509799999946], [112.70111390000011, -7.494930499999953], [112.70119590000002, -7.494981699999926], [112.70242760000008, -7.495751], [112.70244430000002, -7.495761399999935], [112.7028365000001, -7.495925399999976], [112.70363040000007, -7.49620189999996], [112.7039694, -7.49632], [112.70471480000003, -7.496591099999932], [112.70496620000006, -7.496682599999929], [112.70575320000012, -7.496953699999949], [112.70598110000003, -7.497028499999942], [112.7061126000001, -7.497071699999935], [112.7062558, -7.49711869999993], [112.70652110000003, -7.497205799999961], [112.70721560000004, -7.497463699999969], [112.70766230000004, -7.497630199999946], [112.7079864000001, -7.497744699999942], [112.70798910000008, -7.497745699999939], [112.70805480000001, -7.497854], [112.70813410000005, -7.49795679999994], [112.70825960000002, -7.498056799999972], [112.70840110000006, -7.49809689999995], [112.70856150000009, -7.498122099999932], [112.70856990000004, -7.49812339999994], [112.7087467, -7.498144399999944], [112.70905, -7.49818], [112.7091534000001, -7.498204399999963], [112.70914990000006, -7.498212599999931], [112.70942460000003, -7.498261299999967], [112.70953, -7.49828], [112.70968, -7.49831], [112.70983, -7.49834], [112.7100200000001, -7.49841], [112.71061, -7.49871], [112.7114262, -7.499162299999966], [112.71144, -7.49917], [112.71144110000012, -7.499170599999957], [112.71172, -7.49931], [112.7128, -7.49962], [112.71322610000004, -7.499820499999942], [112.71331, -7.49986], [112.71349, -7.5], [112.71359, -7.50008], [112.71368160000009, -7.500116599999956], [112.71384, -7.50018], [112.71403080000005, -7.500171599999931], [112.71404490000009, -7.500168699999961], [112.71424680000007, -7.500131899999928], [112.7143982, -7.500102499999969], [112.7144995000001, -7.500114], [112.71451090000005, -7.500112299999955], [112.71451580000007, -7.500115899999969], [112.71452090000002, -7.500116399999968], [112.71456610000007, -7.500152599999979], [112.71483400000011, -7.500348299999928], [112.71487460000003, -7.500394899999947], [112.71497690000001, -7.500474699999927], [112.71497580000005, -7.50051069999995], [112.71515000000011, -7.50071], [112.71582780000006, -7.500975699999969], [112.7161135, -7.501031599999976], [112.71616110000002, -7.501047], [112.7161913000001, -7.501053199999944], [112.71668960000011, -7.501166499999954], [112.71681490000003, -7.501201199999969], [112.71720240000002, -7.501308499999936], [112.71725160000005, -7.501357199999973], [112.7174242000001, -7.501441599999964], [112.71743480000009, -7.501444699999979], [112.71768210000005, -7.501517599999943], [112.71835840000006, -7.501692899999966], [112.7184367000001, -7.501687299999958], [112.7187100000001, -7.501336], [112.71856710000009, -7.500814199999979], [112.71856090000006, -7.500174399999935], [112.71872240000005, -7.499926], [112.71872320000011, -7.499925299999973], [112.71881990000008, -7.49984319999993], [112.71891240000002, -7.499757899999963], [112.71899850000011, -7.499691599999949], [112.71913230000007, -7.499578099999951], [112.7192837, -7.499573099999964], [112.71947450000005, -7.499557399999958], [112.71965040000009, -7.499561], [112.71969760000002, -7.499559499999975], [112.71971480000002, -7.49956229999998], [112.7197460000001, -7.499563], [112.71978600000011, -7.499574199999927], [112.7201076, -7.499627799999928], [112.72054240000011, -7.499851399999955], [112.72061030000009, -7.499889099999962], [112.72093370000005, -7.500068799999951], [112.7210861000001, -7.500181099999963], [112.72116970000002, -7.500242699999944], [112.7212631000001, -7.500311299999964], [112.7216853000001, -7.500621599999931], [112.72218840000005, -7.500714799999969], [112.7223993, -7.50048529999998], [112.72240220000003, -7.500474099999963], [112.72242890000007, -7.500363299999947], [112.72244320000004, -7.500183399999969], [112.72245, -7.500098899999955], [112.72292430000005, -7.500256499999978], [112.72299590000011, -7.500273799999945], [112.72309590000009, -7.50031359999997], [112.72360470000001, -7.50051609999997], [112.72388, -7.500660299999936], [112.72410420000006, -7.500777699999958], [112.72410610000009, -7.500781399999937], [112.72411650000004, -7.500787199999934], [112.72412080000004, -7.500786399999981], [112.72468630000003, -7.500683599999945], [112.72504040000001, -7.500476299999946], [112.72529620000012, -7.500492299999962], [112.72571240000002, -7.50027], [112.7259064000001, -7.499995699999943], [112.72607670000002, -7.500000399999976], [112.72609090000003, -7.500331499999959], [112.7266585000001, -7.500355199999944], [112.7266538, -7.500492299999962], [112.72701330000007, -7.500615299999936], [112.72714, -7.500448799999958], [112.72714840000003, -7.500437799999929], [112.72751, -7.499962499999981], [112.72786, -7.49983009999994], [112.72793630000001, -7.499802], [112.728737, -7.499514499999975], [112.728782, -7.499498399999936], [112.72878790000004, -7.499498199999948], [112.72894780000001, -7.499497599999927], [112.72896250000008, -7.499493799999925], [112.72912770000005, -7.499489499999981], [112.72925040000007, -7.499570499999948], [112.72929850000003, -7.499648699999966], [112.72943220000002, -7.499667199999976], [112.729483, -7.499647899999957], [112.72957210000004, -7.499653899999942], [112.72968070000002, -7.499742399999946], [112.72982710000008, -7.499767299999974], [112.72987750000004, -7.499736299999938], [112.73020010000005, -7.499600599999951], [112.73028780000004, -7.499592099999973], [112.73052790000008, -7.499631399999942], [112.73075190000009, -7.499697799999979], [112.73088370000005, -7.499788499999966], [112.73097280000002, -7.49979449999995], [112.730984, -7.499796899999978], [112.73110560000009, -7.499851699999965], [112.7311836, -7.499990599999933], [112.7312286, -7.500117399999965], [112.73132120000002, -7.500196399999936], [112.73143590000006, -7.500227699999925], [112.731576, -7.500265299999967], [112.73171620000005, -7.500302899999951], [112.73183070000005, -7.500283399999944], [112.73186850000002, -7.500290099999972], [112.73198960000002, -7.500375799999972], [112.73204120000003, -7.500422299999968], [112.73214330000008, -7.500491699999941], [112.7322319000001, -7.500527899999952], [112.73286420000011, -7.500840699999969], [112.73291490000008, -7.500869799999975], [112.73295810000002, -7.500887199999966], [112.7330492000001, -7.500932299999931], [112.733095, -7.500998099999947], [112.73312560000011, -7.501053099999979], [112.73317570000006, -7.501114], [112.7333685000001, -7.501390899999933], [112.73368820000007, -7.501513299999942], [112.7337040000001, -7.501670099999956], [112.73374950000004, -7.501917599999956], [112.73390940000002, -7.502107499999966], [112.73408780000011, -7.502164], [112.73429170000009, -7.502220299999976], [112.73435180000001, -7.502215099999944], [112.7345696000001, -7.502322599999957], [112.73460260000002, -7.502336599999978], [112.734706, -7.502396499999975], [112.73494820000008, -7.50248449999998], [112.734954, -7.502485399999955], [112.7350345000001, -7.502519599999971], [112.73520960000008, -7.502619099999947], [112.73525360000008, -7.502651899999933], [112.73547460000009, -7.502816399999972], [112.73549490000005, -7.502834599999971], [112.73560390000011, -7.502932199999975], [112.73565870000004, -7.502981299999931], [112.73573080000006, -7.503004199999964], [112.7361859, -7.503149299999961], [112.73619210000004, -7.503151299999956], [112.73622680000005, -7.503090199999974], [112.73623010000006, -7.503089599999953], [112.73635460000003, -7.502674], [112.73635800000011, -7.502662699999973], [112.73635860000002, -7.502660599999956], [112.7363931000001, -7.502530499999978], [112.73647890000007, -7.502254499999935], [112.73663980000003, -7.501736899999969], [112.73679450000009, -7.501239], [112.73678, -7.50117739999996], [112.73677510000005, -7.501120499999956], [112.73677930000008, -7.501034499999946], [112.73677950000001, -7.501030499999956], [112.7368312000001, -7.500897499999951], [112.73717550000003, -7.499680199999943], [112.7375813000001, -7.498424799999952], [112.73779120000006, -7.497755699999971]]] 
      }
    },
    {
      "type": "Feature",
      "properties": {
        "district_id": "3515080",
        "province": "Jawa Timur",
        "regency": "Sidoarjo",
        "district": "Tulangan",
        "pria": 51581,
        "wanita": 51240,
        "total_penduduk": 102821
      },
      "geometry": {
        "type": "Polygon",
        "coordinates": [[[112.6524611000001, -7.505306099999927], [112.65245620000007, -7.505315899999971], [112.65236330000005, -7.505503099999942], [112.65222, -7.505840299999932], [112.65221680000002, -7.505875199999934], [112.65216690000011, -7.50621069999994], [112.65211910000005, -7.506381399999952], [112.65237080000009, -7.506681699999945], [112.65257710000003, -7.507010599999944], [112.65280030000008, -7.507313799999963], [112.65325, -7.507988499999954], [112.65346180000006, -7.508297399999947], [112.653754, -7.508739699999978], [112.65432310000006, -7.509653499999956], [112.65433840000003, -7.509678099999974], [112.65445260000001, -7.509866799999941], [112.654562, -7.510047099999952], [112.65456170000004, -7.509964699999955], [112.65460510000003, -7.510028199999965], [112.65577740000003, -7.507344799999942], [112.655865, -7.50740129999997], [112.6564012, -7.507746899999972], [112.65654430000006, -7.507839099999956], [112.65661910000006, -7.507864499999926], [112.65680330000009, -7.50795119999998], [112.65705320000006, -7.508076899999935], [112.65730770000005, -7.508224499999926], [112.6575835000001, -7.508262799999954], [112.65808220000008, -7.508199699999977], [112.6585156000001, -7.508206799999925], [112.65895340000009, -7.508235799999966], [112.65936090000002, -7.50836959999998], [112.65945050000005, -7.508429099999944], [112.65970760000005, -7.508599799999956], [112.66015880000009, -7.508707299999969], [112.66046380000012, -7.508771299999978], [112.66046540000002, -7.508771699999954], [112.66050010000004, -7.508701599999938], [112.66089130000012, -7.507419599999935], [112.66092, -7.50741], [112.66111, -7.50729], [112.66139, -7.50706], [112.66147940000008, -7.506978499999946], [112.66160850000006, -7.50686079999997], [112.66163080000001, -7.506792899999937], [112.66172130000007, -7.506421299999943], [112.66178610000009, -7.506172099999958], [112.66188140000008, -7.505922799999951], [112.6622976000001, -7.50602159999994], [112.66254580000009, -7.506072699999947], [112.66265240000007, -7.506094599999926], [112.66330920000007, -7.506170699999927], [112.66387860000009, -7.506295199999954], [112.6642687000001, -7.50643789999998], [112.6648034000001, -7.506645499999934], [112.66552190000004, -7.506830599999944], [112.66644180000003, -7.507023699999934], [112.6670507, -7.507183], [112.6677648000001, -7.507341899999972], [112.66865840000003, -7.50755689999994], [112.66983660000005, -7.507810199999938], [112.6697918000001, -7.507648899999936], [112.66968920000011, -7.507315399999925], [112.66956610000011, -7.506951599999979], [112.66944850000004, -7.506683899999928], [112.6693868000001, -7.506451399999946], [112.66929440000001, -7.506168399999979], [112.66921180000008, -7.505784099999971], [112.6690483000001, -7.505450799999949], [112.66892610000002, -7.505289399999981], [112.66884420000008, -7.505097399999954], [112.66873120000002, -7.504723499999955], [112.66862850000007, -7.504379799999981], [112.66849570000011, -7.504107099999942], [112.66848450000009, -7.503823799999964], [112.66847410000003, -7.503802199999939], [112.6683925000001, -7.503631899999959], [112.6683713000001, -7.503389099999936], [112.6683402000001, -7.503227299999935], [112.668329, -7.50293389999996], [112.66840050000008, -7.502953399999967], [112.66844580000009, -7.502502799999945], [112.66853660000004, -7.501744699999961], [112.66861190000009, -7.501054199999942], [112.66869250000002, -7.50036369999998], [112.668438, -7.500166099999944], [112.66833720000011, -7.50008779999996], [112.66834570000003, -7.500076099999944], [112.66837550000002, -7.500095099999953], [112.66911, -7.497792799999957], [112.66913060000002, -7.497728], [112.66995220000001, -7.498044099999959], [112.67085870000005, -7.498409299999935], [112.67086290000009, -7.498394399999938], [112.67090260000009, -7.498409699999968], [112.671731, -7.495585499999947], [112.67204070000003, -7.49452969999993], [112.67232400000012, -7.493563599999959], [112.67253480000011, -7.492845199999977], [112.6725355000001, -7.49284259999996], [112.67259, -7.492656699999941], [112.67241, -7.492627499999969], [112.67204090000007, -7.492526599999962], [112.67203720000009, -7.492525599999965], [112.67180510000003, -7.492480099999966], [112.67161440000007, -7.49244269999997], [112.6713873000001, -7.492372199999977], [112.67132790000005, -7.492388799999958], [112.67116080000005, -7.492287099999942], [112.671089, -7.49224339999995], [112.67081740000003, -7.491795499999967], [112.6705452000001, -7.491197899999975], [112.6700638000001, -7.490780699999959], [112.66931310000007, -7.49051419999995], [112.66904880000004, -7.49052839999996], [112.66886370000009, -7.49048879999998], [112.6687243, -7.490494299999966], [112.66862240000012, -7.490524499999935], [112.6683392000001, -7.490669699999955], [112.66810590000011, -7.490834499999949], [112.66784750000011, -7.490962199999956], [112.66784490000009, -7.490962899999943], [112.66759390000004, -7.491035199999942], [112.6674025000001, -7.491098], [112.667396, -7.490703], [112.66738950000001, -7.49031059999993], [112.66737590000002, -7.489997599999981], [112.66738140000007, -7.48965979999997], [112.66738160000011, -7.48964559999996], [112.66709880000008, -7.489549699999941], [112.66705020000006, -7.489533199999926], [112.66697230000011, -7.489523], [112.666852, -7.489507299999957], [112.66704290000007, -7.488382099999967], [112.66711840000005, -7.487911699999927], [112.66723880000006, -7.48720069999996], [112.66751190000002, -7.48554189999993], [112.66773110000008, -7.484059399999978], [112.66775010000003, -7.483930599999951], [112.66753390000008, -7.483934899999952], [112.66736330000003, -7.483897], [112.66713660000005, -7.483894299999974], [112.66688620000002, -7.483871399999941], [112.66667940000002, -7.483864499999981], [112.66648, -7.48386], [112.66607470000008, -7.483849199999952], [112.66584260000002, -7.483825499999966], [112.66571210000006, -7.483816499999932], [112.6657100000001, -7.48383], [112.66566720000003, -7.484152699999981], [112.66561330000002, -7.48414589999993], [112.66551320000008, -7.484133299999939], [112.6655065000001, -7.484184699999958], [112.665366, -7.484199199999978], [112.66529030000004, -7.484169699999939], [112.6651882000001, -7.484142], [112.66494750000004, -7.484160499999973], [112.66475570000011, -7.484120899999937], [112.66452020000008, -7.484107699999981], [112.6642915000001, -7.484071699999959], [112.6642571000001, -7.484063], [112.66415010000003, -7.484455099999934], [112.66396670000006, -7.484416499999952], [112.66341330000012, -7.484299899999939], [112.66136470000004, -7.483785799999964], [112.66119580000009, -7.48374339999998], [112.66141270000003, -7.483081299999981], [112.66150220000009, -7.482832299999927], [112.6615872000001, -7.482595499999945], [112.66171070000007, -7.482260099999962], [112.66179820000002, -7.482004099999926], [112.66192380000007, -7.481598599999927], [112.66195660000005, -7.481384899999966], [112.6620170000001, -7.481121299999927], [112.66210810000007, -7.480812], [112.66211810000004, -7.480778], [112.66228, -7.48025279999996], [112.66257460000008, -7.479332], [112.66258490000007, -7.479269], [112.6626513000001, -7.478863399999966], [112.662792, -7.478392299999939], [112.66279290000011, -7.478389099999958], [112.66296210000007, -7.478404499999954], [112.66297170000007, -7.478405399999929], [112.662979, -7.478406099999972], [112.66299090000007, -7.478388399999972], [112.66302760000008, -7.478333799999973], [112.66319410000006, -7.478356399999939], [112.66327540000009, -7.478363799999954], [112.66339930000004, -7.478374899999949], [112.66346120000003, -7.47834759999995], [112.6635308000001, -7.478347399999961], [112.66361610000001, -7.47837409999994], [112.663709, -7.478373699999963], [112.6637598000001, -7.478385499999945], [112.66377490000002, -7.47838889999997], [112.66384080000012, -7.478431199999932], [112.66391440000007, -7.478438599999947], [112.6640268000001, -7.478476799999953], [112.6641082000001, -7.478492], [112.664147, -7.478522799999951], [112.66420130000006, -7.478545699999927], [112.66426710000007, -7.478560899999934], [112.66429420000009, -7.478541499999949], [112.66433290000009, -7.478541399999926], [112.6644066, -7.478599], [112.66468960000009, -7.478698399999928], [112.66473630000007, -7.478763899999933], [112.66476350000005, -7.478802499999972], [112.66479920000006, -7.479022499999928], [112.66484430000003, -7.479040299999951], [112.6648699000001, -7.479286499999944], [112.66491, -7.47934], [112.66528, -7.47944], [112.66561890000003, -7.479499299999929], [112.66633220000006, -7.479480099999932], [112.66676180000002, -7.479511399999978], [112.66722060000006, -7.479658599999937], [112.66724480000005, -7.479666299999963], [112.667985, -7.479858799999931], [112.66853830000002, -7.479970299999934], [112.66872990000002, -7.480010799999945], [112.66908710000007, -7.480086299999925], [112.66920610000011, -7.480078799999944], [112.66937590000009, -7.480068299999971], [112.6693848000001, -7.480066], [112.66983280000011, -7.479935799999964], [112.67002140000011, -7.479880599999944], [112.67011250000007, -7.479900699999973], [112.67014140000003, -7.479921399999967], [112.67015, -7.47992], [112.67041, -7.48007], [112.67061, -7.4802], [112.67070780000006, -7.480225699999949], [112.67077490000008, -7.480222399999946], [112.67101460000003, -7.480167499999936], [112.67124890000002, -7.480165299999953], [112.67150160000006, -7.480192899999963], [112.6717566000001, -7.480253299999958], [112.6720461000001, -7.480377099999941], [112.67252470000005, -7.480600099999947], [112.6727499000001, -7.480746699999941], [112.67285, -7.48079], [112.67308, -7.4809], [112.67343, -7.48105], [112.6735192000001, -7.481091799999945], [112.67377840000006, -7.481185799999935], [112.67402690000006, -7.481321099999946], [112.67404520000002, -7.481334799999956], [112.67421, -7.48141], [112.67438, -7.4815], [112.67454, -7.4816], [112.67484, -7.48186], [112.67511, -7.48207], [112.67533, -7.48219], [112.6758, -7.48246], [112.67592, -7.48251], [112.67604, -7.48256], [112.67620160000001, -7.482588], [112.67655960000002, -7.482615099999975], [112.67674870000008, -7.482659599999977], [112.67697610000005, -7.482749099999978], [112.67698, -7.48275], [112.67713, -7.48279], [112.677258, -7.482838799999968], [112.67734, -7.48287], [112.6778, -7.48312], [112.67795, -7.48321], [112.6781, -7.48335], [112.67846, -7.48358], [112.67905, -7.48409], [112.67933, -7.48441], [112.67983, -7.48499], [112.67992, -7.48507], [112.68001, -7.48509], [112.6803063000001, -7.484769299999925], [112.6804062000001, -7.484709899999928], [112.68051320000006, -7.484720899999957], [112.68058680000001, -7.484781299999952], [112.68059, -7.48478], [112.68072, -7.48477], [112.6809, -7.48484], [112.68145, -7.48539], [112.68163, -7.48564], [112.68173, -7.48579], [112.68178000000012, -7.48582], [112.6818300000001, -7.48586], [112.68199, -7.48591], [112.68214810000006, -7.485901699999943], [112.68232400000011, -7.485813099999973], [112.6825718, -7.485762199999954], [112.68273080000006, -7.485704799999951], [112.68274110000004, -7.485584499999959], [112.6827062000001, -7.485352399999954], [112.68272, -7.485144199999979], [112.68282090000002, -7.484911599999975], [112.68296480000004, -7.484514199999978], [112.68292950000011, -7.484146599999974], [112.6828944, -7.483856299999957], [112.68289870000001, -7.483716], [112.68298070000003, -7.483580199999949], [112.683396, -7.483143], [112.6837101000001, -7.482866], [112.68382140000006, -7.482817199999943], [112.68396, -7.482825], [112.68405, -7.48283], [112.68390000000011, -7.48179], [112.68388, -7.48173], [112.68385, -7.48168], [112.68375, -7.48158], [112.6835, -7.48147], [112.68314, -7.48139], [112.68278, -7.48134], [112.68278, -7.481217699999945], [112.68278, -7.48096], [112.6828, -7.48057], [112.68281, -7.48048], [112.68281, -7.48042], [112.68281, -7.47966], [112.68277, -7.47934], [112.68266, -7.47892], [112.6826400000001, -7.47885], [112.68257, -7.47884], [112.68254550000006, -7.478828699999951], [112.6824418000001, -7.478780799999981], [112.68244, -7.47878], [112.68236, -7.47869], [112.6823, -7.47851], [112.68223850000004, -7.478315299999963], [112.68218, -7.47813], [112.68216, -7.47795], [112.6823, -7.47787], [112.6825, -7.47777], [112.68254, -7.4777], [112.6825, -7.47763], [112.68242510000005, -7.477600099999961], [112.6824104000001, -7.477575699999932], [112.68236230000002, -7.477574899999979], [112.68235, -7.47757], [112.6822, -7.47751], [112.68217, -7.47741], [112.6821000000001, -7.47736], [112.68158, -7.47707], [112.68145, -7.47706], [112.68135310000002, -7.477012], [112.68121420000011, -7.477015499999936], [112.6811613000001, -7.477031], [112.68112, -7.477], [112.68109, -7.47691], [112.68097000000012, -7.47667], [112.6809, -7.47657], [112.6809, -7.47649], [112.68092, -7.47627], [112.68087, -7.47624], [112.68072, -7.47624], [112.6806673000001, -7.476262599999927], [112.68064390000006, -7.476252], [112.68050060000007, -7.476246799999956], [112.68035450000002, -7.47628919999994], [112.68029410000008, -7.476381899999978], [112.68029, -7.47638429999995], [112.68027, -7.47637], [112.68004, -7.47609], [112.6800300000001, -7.47601], [112.68001, -7.4758], [112.67995, -7.47574], [112.67983, -7.47572], [112.67968, -7.47567], [112.67951, -7.47562], [112.67915, -7.47561], [112.6790400000001, -7.47552], [112.67903, -7.47545], [112.6791, -7.47526], [112.67905, -7.47513], [112.67903, -7.475], [112.67907, -7.47488], [112.67911, -7.47473], [112.67906, -7.47468], [112.679, -7.47469], [112.67891, -7.4747], [112.678822, -7.474711899999932], [112.67854000000011, -7.47475], [112.67852, -7.47467], [112.67856, -7.47456], [112.67864, -7.47449], [112.6788600000001, -7.47429], [112.67884, -7.47423], [112.67876, -7.47414], [112.6786, -7.47404], [112.67851, -7.47404], [112.67847260000008, -7.474047699999971], [112.67823990000011, -7.474095899999952], [112.67822, -7.4741], [112.67819540000005, -7.474106099999972], [112.67816220000009, -7.474116299999935], [112.67810280000003, -7.474113599999953], [112.67806510000003, -7.474095], [112.67803020000008, -7.47404309999996], [112.67802570000003, -7.474005599999941], [112.67801540000005, -7.473953599999959], [112.67800080000006, -7.47391609999994], [112.67798610000011, -7.473858399999926], [112.67797870000004, -7.473815099999968], [112.67796650000003, -7.473777699999971], [112.67792, -7.47383], [112.67784, -7.47392], [112.67761, -7.47393], [112.67746040000009, -7.473965599999929], [112.67733810000004, -7.473951399999976], [112.67731830000002, -7.473897799999975], [112.67744010000001, -7.473780199999965], [112.6774057, -7.473712], [112.67725360000009, -7.473595499999931], [112.67704250000008, -7.473381499999959], [112.67693470000006, -7.473341199999936], [112.67687, -7.47338], [112.67673, -7.47344], [112.67668, -7.47341], [112.67667830000005, -7.473406499999953], [112.67665150000005, -7.473426899999936], [112.67655850000006, -7.473417499999925], [112.67649970000002, -7.473368899999969], [112.67646490000004, -7.47322749999995], [112.67642550000005, -7.473154499999964], [112.67618, -7.47311], [112.67602590000001, -7.473125399999958], [112.6759839, -7.473067499999956], [112.67593080000006, -7.472967899999958], [112.67591660000005, -7.47295639999993], [112.67574, -7.47299], [112.6757371000001, -7.47298829999994], [112.67565290000005, -7.473030699999981], [112.67558570000006, -7.473041799999976], [112.67548190000002, -7.472993199999962], [112.67538360000003, -7.472937399999978], [112.67532140000003, -7.472852299999943], [112.67529230000002, -7.472794699999952], [112.67528, -7.4728], [112.67519, -7.47281], [112.67515980000007, -7.472795799999972], [112.67503970000007, -7.472853399999963], [112.6748976, -7.472768699999961], [112.67475360000003, -7.472660399999938], [112.67467520000002, -7.47254], [112.67448, -7.47254], [112.67447430000004, -7.472536399999967], [112.67442970000002, -7.472551], [112.67438070000003, -7.472569299999975], [112.67432250000002, -7.47256589999995], [112.6742842000001, -7.472533399999975], [112.67420740000011, -7.472413899999935], [112.67414180000003, -7.472367], [112.67398710000009, -7.472322199999951], [112.67380530000003, -7.472317499999974], [112.67366, -7.47213], [112.67344, -7.472], [112.6733200000001, -7.47197], [112.6728, -7.47195], [112.67280050000011, -7.471942599999977], [112.67265550000002, -7.471965499999953], [112.67280180000012, -7.470342799999969], [112.67025810000007, -7.468273699999941], [112.6701528000001, -7.468078399999968], [112.67012000000011, -7.46805], [112.67009, -7.468], [112.6699804000001, -7.467726099999936], [112.66997, -7.4677], [112.66993, -7.4676], [112.66923, -7.46746], [112.66805000000011, -7.4673], [112.6671, -7.46721], [112.66685890000008, -7.467202199999974], [112.66648, -7.46719], [112.66601, -7.46721], [112.66502, -7.46725], [112.6649873, -7.46725], [112.66475280000009, -7.46725], [112.66412, -7.46725], [112.66397, -7.46722], [112.66379740000002, -7.467191199999945], [112.66379, -7.46719], [112.66381, -7.4671], [112.66383, -7.46703], [112.66392, -7.4666], [112.6640000000001, -7.46624], [112.66401, -7.46617], [112.66401240000005, -7.466156599999977], [112.66419, -7.46517], [112.66428870000004, -7.464629599999967], [112.66438, -7.46413], [112.66444, -7.46383], [112.66445170000009, -7.463832], [112.66448950000006, -7.463799499999936], [112.66458120000004, -7.463782], [112.664702, -7.463838799999962], [112.66481130000011, -7.463878499999964], [112.66488560000005, -7.463809499999968], [112.66494290000003, -7.463774899999976], [112.66498280000008, -7.463700199999948], [112.665046, -7.463694299999929], [112.66512650000004, -7.46372839999998], [112.665247, -7.463733599999955], [112.66530990000001, -7.463658899999928], [112.66537870000002, -7.463618499999939], [112.66542420000007, -7.463515199999961], [112.66541640000003, -7.463499799999965], [112.66538950000006, -7.463446599999941], [112.66536630000007, -7.463389399999926], [112.66535440000007, -7.463286299999936], [112.66531970000005, -7.463200399999948], [112.6653136000001, -7.463120199999935], [112.66538790000004, -7.463022499999965], [112.66548510000007, -7.462913299999968], [112.665548, -7.462855799999943], [112.665587, -7.462811699999975], [112.66559370000004, -7.462804], [112.66553040000008, -7.462764099999958], [112.66550720000009, -7.462684], [112.66553560000011, -7.462609399999963], [112.66557560000001, -7.462569099999939], [112.66550080000002, -7.462512099999969], [112.66547350000008, -7.462509399999931], [112.6653917000001, -7.46250109999994], [112.66535130000011, -7.462455399999953], [112.66535090000002, -7.462346499999967], [112.66529910000008, -7.462306599999977], [112.66471250000006, -7.462062399999979], [112.6646419000001, -7.462017099999969], [112.66440180000006, -7.461863], [112.66423470000007, -7.461726099999964], [112.66403890000004, -7.461549199999979], [112.66386040000009, -7.461429599999974], [112.6637856000001, -7.461366799999951], [112.663659, -7.461287099999936], [112.66357860000005, -7.461293099999978], [112.66348090000008, -7.461253299999953], [112.6633369000001, -7.461139299999957], [112.66301770000007, -7.460977199999945], [112.6627820000001, -7.460903599999938], [112.66213240000002, -7.460671099999956], [112.66147680000006, -7.460381299999938], [112.66119190000006, -7.460207599999933], [112.66094460000011, -7.460088199999973], [112.660496, -7.459872099999927], [112.66016810000008, -7.459707199999968], [112.66033770000001, -7.459013199999958], [112.66049470000007, -7.458374499999934], [112.6605, -7.4583], [112.6605, -7.45806], [112.66046, -7.45787], [112.660536, -7.457542599999954], [112.66058680000003, -7.457318899999962], [112.66062620000002, -7.457106799999963], [112.66071130000012, -7.456825699999968], [112.66080740000007, -7.456424199999958], [112.66082390000008, -7.456229299999961], [112.66082860000006, -7.455977099999927], [112.66083330000004, -7.455696299999943], [112.66082070000004, -7.455398399999979], [112.6608179000001, -7.45536], [112.66054190000011, -7.4553], [112.65953, -7.45508], [112.65903, -7.45496], [112.65757, -7.45463], [112.65706000000011, -7.45454], [112.6568400000001, -7.45449], [112.65675610000005, -7.454475199999933], [112.6565, -7.45443], [112.65563, -7.45424], [112.65537, -7.4542], [112.655, -7.45415], [112.65452, -7.45405], [112.65414, -7.454], [112.65344, -7.45395], [112.65236, -7.4538], [112.6521461000001, -7.45374309999994], [112.6515700000001, -7.45359], [112.65080000000012, -7.45338], [112.65076130000011, -7.453365499999961], [112.65056, -7.45329], [112.6504579000001, -7.45322989999994], [112.65035940000007, -7.45314209999998], [112.65031950000002, -7.45309009999994], [112.65024720000008, -7.452995899999962], [112.65009840000005, -7.452802], [112.6499722000001, -7.452686799999981], [112.64963310000007, -7.452500399999963], [112.64958150000007, -7.452472], [112.6494973, -7.45243679999993], [112.64931, -7.45238], [112.649215, -7.452352599999926], [112.64879, -7.45223], [112.648, -7.45205], [112.64767, -7.45198], [112.6475200000001, -7.4519], [112.64751260000003, -7.451892599999951], [112.64739, -7.45177], [112.64734, -7.4516], [112.64728, -7.45114], [112.64712, -7.45101], [112.6467, -7.45084], [112.64605, -7.45066], [112.64557, -7.45055], [112.64545840000005, -7.450522099999944], [112.64545, -7.45052], [112.64489, -7.4504], [112.64335, -7.45003], [112.64226, -7.44976], [112.6420700000001, -7.4497], [112.64192, -7.44962], [112.64167440000006, -7.44939329999994], [112.64166000000012, -7.44938], [112.6416544000001, -7.449375699999962], [112.64134, -7.44913], [112.64101, -7.44894], [112.64075, -7.44886], [112.64074080000012, -7.44885869999996], [112.64052820000006, -7.448828299999946], [112.64040000000011, -7.44881], [112.63949, -7.4489], [112.63913, -7.44896], [112.63867, -7.44904], [112.63777, -7.44921], [112.63768, -7.44922], [112.63751, -7.44925], [112.637, -7.44927], [112.63668, -7.44927], [112.63649, -7.44922], [112.63603, -7.44901], [112.63602730000002, -7.449008299999946], [112.63564, -7.44877], [112.63512, -7.44844], [112.63483, -7.44829], [112.63481630000001, -7.448284399999977], [112.63468480000006, -7.448230199999955], [112.63466, -7.44822], [112.63367, -7.44785], [112.63351000000011, -7.44778], [112.6328400000001, -7.44717], [112.63283750000005, -7.447167199999967], [112.6327500000001, -7.44707], [112.63271, -7.44619], [112.63271840000004, -7.44596729999995], [112.63273, -7.44566], [112.63276, -7.4452], [112.63274, -7.44494], [112.63268, -7.44448], [112.6326, -7.44419], [112.6325, -7.44394], [112.63238830000012, -7.443809699999974], [112.63238, -7.4438], [112.6321, -7.44347], [112.632064, -7.44343589999994], [112.63191, -7.44329], [112.63187750000009, -7.443267599999956], [112.63149, -7.443], [112.63126000000011, -7.44287], [112.63099000000011, -7.44269], [112.6307, -7.44246], [112.63051, -7.44237], [112.63023, -7.44233], [112.63013, -7.44233], [112.63006, -7.44238], [112.6299, -7.44238], [112.62976380000009, -7.442425399999934], [112.62972, -7.44244], [112.6296324000001, -7.442493899999931], [112.62959, -7.44252], [112.62933, -7.44289], [112.62915, -7.44312], [112.62872, -7.44361], [112.6286, -7.44383], [112.62859670000012, -7.443874], [112.62857, -7.44423], [112.62835, -7.44461], [112.62821, -7.44478], [112.62819620000005, -7.444788299999971], [112.62806, -7.44487], [112.62773, -7.44493], [112.62772490000009, -7.444930399999976], [112.6274800000001, -7.44495], [112.62720230000002, -7.444956299999944], [112.62704, -7.44496], [112.62671280000006, -7.44506709999996], [112.6264900000001, -7.44514], [112.62625, -7.44522], [112.62624590000007, -7.445221299999957], [112.6258600000001, -7.44534], [112.625829, -7.445357499999943], [112.6257, -7.44543], [112.62554000000011, -7.44558], [112.6253, -7.44588], [112.62500000000011, -7.44613], [112.62495, -7.44616], [112.62472, -7.44644], [112.62461, -7.44657], [112.624584, -7.446600299999943], [112.62455000000011, -7.44664], [112.6245202, -7.446617699999933], [112.62447, -7.44658], [112.6244200000001, -7.44655], [112.62435, -7.44648], [112.62414, -7.4463], [112.624097, -7.446248399999945], [112.62409, -7.44624], [112.62399, -7.44615], [112.62382, -7.44597], [112.6237, -7.44578], [112.6236, -7.44563], [112.62345, -7.44551], [112.62330660000009, -7.445452599999953], [112.6233, -7.44545], [112.62313060000008, -7.445502099999942], [112.62304, -7.44553], [112.62295, -7.44555], [112.6228, -7.4456], [112.62269, -7.4456], [112.62245, -7.44546], [112.62231, -7.44534], [112.62221000000011, -7.44525], [112.62205, -7.44511], [112.62188, -7.44502], [112.62185680000005, -7.44501589999993], [112.62171, -7.44499], [112.62131000000011, -7.44509], [112.62099, -7.44527], [112.62088, -7.44536], [112.62059580000005, -7.445615799999928], [112.62058, -7.44563], [112.62038, -7.44577], [112.62015, -7.44587], [112.61992, -7.44589], [112.61968650000006, -7.445908399999951], [112.61954, -7.44592], [112.61922, -7.446], [112.61896, -7.44612], [112.6187900000001, -7.44625], [112.61869, -7.44636], [112.61867880000011, -7.44637119999993], [112.6185, -7.44655], [112.61794, -7.44702], [112.61758, -7.44725], [112.61725, -7.44742], [112.61702, -7.44756], [112.61659, -7.44806], [112.6165, -7.44821], [112.6164500000001, -7.44829], [112.61633, -7.44848], [112.61617, -7.44864], [112.61603, -7.44874], [112.61574, -7.44876], [112.61567, -7.44876], [112.61553860000004, -7.448769699999957], [112.6154, -7.44878], [112.61518, -7.44878], [112.61478000000011, -7.4487], [112.61468980000006, -7.448682799999972], [112.61436, -7.44862], [112.614, -7.4486], [112.61369, -7.44859], [112.61353350000002, -7.448603599999956], [112.61346, -7.44861], [112.61293, -7.44865], [112.6128000000001, -7.44866], [112.6127, -7.44867], [112.61266530000012, -7.448674499999981], [112.61247, -7.4487], [112.61231, -7.44874], [112.6122, -7.44881], [112.61216, -7.44887], [112.612, -7.4491], [112.61191, -7.44922], [112.61173, -7.44934], [112.61162, -7.44936], [112.6116, -7.44946], [112.61149000000012, -7.44978], [112.611437, -7.449873899999943], [112.61185340000009, -7.450241199999937], [112.6123391000001, -7.450571499999967], [112.61263130000009, -7.450686899999937], [112.61283560000004, -7.45068619999995], [112.61351460000003, -7.450549399999943], [112.6135557, -7.450722399999961], [112.61369550000006, -7.450818699999957], [112.6137384000001, -7.450957699999947], [112.6136729000001, -7.451284799999939], [112.61361310000007, -7.451508899999965], [112.61364970000011, -7.45156929999996], [112.61383820000003, -7.451707799999951], [112.61373390000006, -7.452242699999942], [112.61411, -7.45246], [112.61432, -7.45261], [112.61451340000008, -7.452766499999939], [112.61453, -7.45278], [112.61528, -7.45345], [112.61563, -7.45373], [112.61581, -7.45385], [112.61598, -7.45389], [112.61616, -7.4539], [112.6162524, -7.453871599999957], [112.61609010000006, -7.454182899999978], [112.61593960000005, -7.454471599999977], [112.61558430000002, -7.45455], [112.6155768000001, -7.454569799999945], [112.61546570000007, -7.454669], [112.6153948000001, -7.454677799999956], [112.61510670000007, -7.454713599999934], [112.61501250000003, -7.454794099999958], [112.61485980000009, -7.45492459999997], [112.61464920000003, -7.454906899999969], [112.61445760000004, -7.454981699999962], [112.61385570000004, -7.454724399999975], [112.61381260000007, -7.454706], [112.61358980000011, -7.454743899999926], [112.61336530000005, -7.454993299999956], [112.61331210000003, -7.455052499999965], [112.61323830000003, -7.455134499999929], [112.61300960000005, -7.455252799999926], [112.61287520000008, -7.455270799999937], [112.61286730000006, -7.455271799999935], [112.61334080000006, -7.456067299999972], [112.61396430000002, -7.457233099999939], [112.6140021000001, -7.457412199999965], [112.61420150000004, -7.45776989999996], [112.61396850000006, -7.458382599999936], [112.61598390000006, -7.459209599999951], [112.61630020000007, -7.459362899999974], [112.61620190000008, -7.459573399999954], [112.61617360000002, -7.459628], [112.6162177000001, -7.459567899999968], [112.61649530000011, -7.45970269999998], [112.61680880000006, -7.459858899999972], [112.61673790000009, -7.46008089999998], [112.617376, -7.460364699999957], [112.617926, -7.460627299999942], [112.61812840000005, -7.460733599999969], [112.61841290000007, -7.460877399999958], [112.61883030000001, -7.46111529999996], [112.61893150000003, -7.461184199999934], [112.62025290000008, -7.46183439999993], [112.620487, -7.462003599999946], [112.62052590000008, -7.462024499999927], [112.62079050000011, -7.462166299999978], [112.62133480000011, -7.46258], [112.62097860000006, -7.463538699999958], [112.620691, -7.464283], [112.62053440000011, -7.464684499999976], [112.62041560000011, -7.464895], [112.62041370000009, -7.464971599999956], [112.62043920000008, -7.465102299999955], [112.6204275, -7.465326699999935], [112.62049720000005, -7.465597499999944], [112.62051960000008, -7.465743799999927], [112.62065210000003, -7.465800099999967], [112.62103130000003, -7.465891299999953], [112.62096, -7.46595], [112.62089, -7.466], [112.62072, -7.46592], [112.62071230000004, -7.466028299999948], [112.62071, -7.46606], [112.62069, -7.46625], [112.62058520000005, -7.467203199999972], [112.62058, -7.46725], [112.62056, -7.46736], [112.6206, -7.46778], [112.62062, -7.46804], [112.62061290000008, -7.46812129999995], [112.6206, -7.46827], [112.62045, -7.46913], [112.6204100000001, -7.46924], [112.62037830000008, -7.469278], [112.62027680000006, -7.469270599999959], [112.6199818, -7.469075799999928], [112.61935830000004, -7.469078099999933], [112.61935390000008, -7.469078099999933], [112.61919850000004, -7.469061899999929], [112.61910450000005, -7.469063499999947], [112.6188896000001, -7.469067099999961], [112.61852360000012, -7.468993299999966], [112.61809340000002, -7.469011], [112.617819, -7.468995899999925], [112.61745330000008, -7.468997199999933], [112.61722150000003, -7.468869199999972], [112.6170211000001, -7.468621299999938], [112.61684920000005, -7.468426199999953], [112.616233, -7.46772679999998], [112.61574220000011, -7.467503299999976], [112.6154563, -7.467403299999944], [112.6152757000001, -7.467331899999976], [112.61495350000007, -7.467742899999962], [112.61456030000011, -7.467548499999964], [112.614386, -7.468175799999926], [112.614112, -7.468353099999945], [112.61405460000003, -7.468764599999929], [112.61527610000007, -7.469350199999951], [112.615352, -7.46938659999995], [112.6148631000001, -7.469858399999964], [112.61468780000007, -7.470192], [112.61437090000004, -7.471495199999936], [112.61433980000004, -7.471623], [112.614337, -7.471671399999934], [112.61432130000003, -7.471936399999947], [112.6143757000001, -7.472195299999953], [112.61446110000009, -7.47260179999995], [112.6145805000001, -7.473032199999977], [112.61454550000008, -7.473326899999961], [112.61448530000007, -7.47383549999995], [112.61438260000011, -7.474063299999955], [112.61429070000008, -7.474267099999963], [112.61415420000003, -7.474502599999937], [112.61429270000008, -7.474815499999977], [112.61438580000004, -7.474930799999981], [112.6145292000001, -7.475108399999954], [112.61480130000007, -7.475293599999929], [112.61438940000005, -7.475918799999931], [112.61369840000009, -7.476967799999954], [112.61361610000006, -7.477280299999961], [112.61374220000005, -7.477529599999968], [112.61360450000006, -7.477654099999938], [112.61353430000008, -7.477717699999971], [112.61357670000007, -7.477904899999942], [112.61333280000008, -7.478019599999925], [112.613278, -7.478124799999932], [112.61326610000003, -7.478147699999965], [112.6131620000001, -7.478528899999958], [112.61309170000004, -7.478827499999966], [112.61306180000008, -7.478954699999974], [112.613093, -7.479922899999963], [112.6130955000001, -7.479998399999943], [112.61309820000008, -7.480082799999934], [112.61310590000005, -7.480321099999969], [112.61301430000003, -7.480844299999944], [112.61310290000006, -7.480884499999945], [112.61344480000002, -7.481001], [112.6136709000001, -7.481047799999942], [112.61372260000007, -7.481071199999974], [112.61399530000006, -7.481194399999936], [112.61405650000006, -7.481230899999957], [112.61436770000012, -7.481416099999933], [112.61485840000012, -7.481735], [112.61502410000003, -7.481837199999973], [112.61512510000011, -7.481899399999975], [112.61520650000011, -7.481956299999979], [112.6152403000001, -7.48197829999998], [112.61578080000004, -7.482331299999942], [112.6159646000001, -7.48245129999998], [112.6163527000001, -7.482553899999971], [112.6167521000001, -7.482617599999969], [112.61715950000007, -7.482799], [112.61745650000012, -7.483015899999941], [112.61758040000007, -7.483062299999972], [112.61760230000004, -7.48307049999994], [112.61780050000004, -7.483024599999965], [112.6180412000001, -7.482948599999929], [112.61818690000007, -7.482970599999931], [112.61839050000003, -7.483025], [112.61856640000008, -7.483079499999974], [112.61875480000003, -7.483096299999943], [112.618903, -7.483120799999938], [112.61914430000002, -7.483200099999976], [112.61946380000006, -7.483386199999927], [112.619499, -7.483406799999955], [112.61967260000006, -7.48350389999996], [112.61993450000011, -7.483708399999955], [112.619936, -7.483710199999962], [112.62016810000011, -7.483854599999972], [112.62088030000007, -7.484705399999939], [112.620985, -7.484790199999964], [112.62077120000004, -7.485337899999934], [112.62000740000008, -7.48900169999996], [112.62002, -7.48909], [112.62001, -7.48916], [112.6200076, -7.489248799999928], [112.62000540000008, -7.489328299999954], [112.62004150000007, -7.48956869999995], [112.62004, -7.489573899999925], [112.62004050000007, -7.489574399999981], [112.62011350000012, -7.489591399999938], [112.62024460000009, -7.489621899999975], [112.62181370000008, -7.490039799999977], [112.62215690000005, -7.49012], [112.62265130000003, -7.49026079999993], [112.623395, -7.490445399999942], [112.62604580000004, -7.491181299999937], [112.62760460000004, -7.491614], [112.62803240000005, -7.49170259999994], [112.62849660000006, -7.491839099999936], [112.62864430000002, -7.491877599999953], [112.63002330000006, -7.492226699999947], [112.63007, -7.492238599999951], [112.63010510000004, -7.492359399999941], [112.63011590000008, -7.492396699999972], [112.6301724000001, -7.492591199999936], [112.63015310000003, -7.492636599999969], [112.63019240000006, -7.492744499999958], [112.6301856, -7.492914399999961], [112.63011080000001, -7.493118399999958], [112.63003340000012, -7.493505399999947], [112.63042770000004, -7.493296399999963], [112.63108450000004, -7.493243499999949], [112.63143760000003, -7.493065699999931], [112.63184500000011, -7.493064199999935], [112.631986, -7.493033199999957], [112.632221, -7.492631099999926], [112.63236390000009, -7.49229349999996], [112.63262080000004, -7.491751699999952], [112.63303270000006, -7.490782699999954], [112.63325960000009, -7.490283099999942], [112.63350330000003, -7.490274299999953], [112.6336682000001, -7.490314099999978], [112.63385340000002, -7.490379799999971], [112.63406950000001, -7.490214599999945], [112.63448620000008, -7.490345699999978], [112.634651, -7.490365299999951], [112.63477580000006, -7.490517699999941], [112.63482510000006, -7.490555], [112.63494910000009, -7.490479499999935], [112.63506450000011, -7.490421399999946], [112.6351165000001, -7.490415499999926], [112.63528190000011, -7.490556], [112.63544370000011, -7.490593099999955], [112.6356201000001, -7.490638599999954], [112.63585450000005, -7.490727099999958], [112.636054, -7.490732099999946], [112.63615820000007, -7.490775], [112.63627990000009, -7.490872599999932], [112.6366154000001, -7.49092909999996], [112.6367024000001, -7.491015299999958], [112.636821, -7.491063799999949], [112.636928, -7.491057699999942], [112.6370581000001, -7.491097599999932], [112.63738220000005, -7.491197299999953], [112.6374747000001, -7.491205599999944], [112.63759330000005, -7.491234], [112.63766620000001, -7.491279799999973], [112.63771210000004, -7.491308599999968], [112.63799260000008, -7.491376799999955], [112.6380792000001, -7.491384699999969], [112.63825280000003, -7.491396], [112.63830510000003, -7.491476499999976], [112.6383661000001, -7.491557099999966], [112.63849610000011, -7.491542199999969], [112.6385874, -7.491651399999967], [112.63890660000004, -7.491650199999981], [112.63906350000002, -7.491757799999959], [112.63923250000005, -7.49185929999993], [112.639371, -7.491858799999932], [112.63955780000003, -7.491894199999933], [112.6395126000001, -7.492019699999958], [112.63941470000009, -7.492291299999977], [112.63921280000011, -7.493049299999939], [112.63899850000007, -7.493687099999931], [112.63902120000012, -7.493692799999963], [112.639153, -7.493726099999947], [112.63942040000006, -7.493793699999969], [112.63979410000002, -7.493912499999965], [112.6401919000001, -7.494019099999946], [112.64071020000006, -7.494149399999969], [112.64108390000001, -7.494250199999954], [112.6414516000001, -7.494357], [112.64184340000008, -7.494463699999926], [112.64244520000011, -7.494615799999963], [112.64241680000009, -7.494722], [112.6422917000001, -7.495189099999948], [112.642173, -7.49566429999993], [112.64191760000006, -7.496590699999956], [112.64175590000002, -7.497144099999957], [112.64166690000002, -7.497133099999928], [112.64174790000004, -7.497144099999957], [112.64179230000002, -7.49726869999995], [112.6416918000001, -7.497504899999967], [112.64140080000004, -7.498234599999932], [112.64146530000005, -7.498232499999972], [112.64150210000003, -7.498228099999949], [112.6415316, -7.498224599999958], [112.64164, -7.498284799999965], [112.64360720000002, -7.498866199999952], [112.64421490000007, -7.499043799999981], [112.6460035, -7.499533], [112.6459622000001, -7.49964209999996], [112.64590020000003, -7.499806], [112.64578930000005, -7.500084699999945], [112.64547750000008, -7.50090739999996], [112.64515810000012, -7.501713199999926], [112.645166, -7.501792699999953], [112.645091, -7.501963199999977], [112.6448382000001, -7.502148199999965], [112.64447160000009, -7.502416399999959], [112.64444860000003, -7.502433199999928], [112.64498030000004, -7.502650699999947], [112.64512740000009, -7.502707099999952], [112.646901, -7.50335], [112.64713660000007, -7.503427299999942], [112.6470931, -7.503550799999971], [112.64709290000008, -7.503551499999958], [112.6471371, -7.503566099999944], [112.64853930000004, -7.504029299999956], [112.64950280000005, -7.504327199999977], [112.6499622, -7.504493], [112.650304, -7.504609], [112.65037770000004, -7.504763899999944], [112.65037990000008, -7.504768499999955], [112.65039420000005, -7.504798499999936], [112.65064080000002, -7.504909299999952], [112.65081570000007, -7.504979], [112.65141920000008, -7.505099], [112.65207770000006, -7.505229899999961], [112.6524611000001, -7.505306099999927]]] 
      }
    },
    {
      "type": "Feature",
      "properties": {
        "district_id": "3515090",
        "province": "Jawa Timur",
        "regency": "Sidoarjo",
        "district": "Wonoayu",
        "pria": 43082,
        "wanita": 42256,
        "total_penduduk": 85338
      },
      "geometry": {
        "type": "Polygon",
        "coordinates": [[[112.64067000000011, -7.40713], [112.6406869000001, -7.407061099999964], [112.6406750000001, -7.407058799999959], [112.64058030000001, -7.406920599999978], [112.64064350000001, -7.406587799999954], [112.6406799, -7.40638249999995], [112.6407723000001, -7.405906099999982], [112.64078780000011, -7.405813299999977], [112.64078920000009, -7.405804699999976], [112.64070030000005, -7.405786599999942], [112.64053880000006, -7.405753699999934], [112.64040000000011, -7.405731899999978], [112.64016470000001, -7.405713], [112.6399861000001, -7.405669199999977], [112.63977870000008, -7.405645899999968], [112.639782, -7.405571399999928], [112.6398372000001, -7.405175099999951], [112.63985360000004, -7.404496], [112.63982480000004, -7.404392399999949], [112.63955050000004, -7.40428959999997], [112.63954080000008, -7.404214199999956], [112.63930080000011, -7.403961599999946], [112.63929, -7.40394], [112.63925, -7.40378], [112.63923000000011, -7.40366], [112.63918, -7.40323], [112.63916110000002, -7.403031], [112.63916, -7.40302], [112.6391595, -7.403015699999969], [112.63916660000007, -7.402998399999944], [112.63916940000001, -7.402991499999928], [112.63924220000001, -7.40277089999995], [112.63925390000009, -7.402617799999973], [112.639254, -7.402538499999935], [112.63925410000002, -7.402522599999941], [112.63911480000002, -7.402508799999964], [112.63911480000002, -7.402508], [112.63832750000006, -7.402433499999972], [112.637886, -7.402396299999964], [112.63712850000002, -7.402329899999927], [112.63708980000001, -7.402215399999932], [112.63706910000008, -7.402090299999941], [112.63695080000002, -7.402039899999977], [112.63694140000007, -7.402032599999927], [112.6369214, -7.402027299999929], [112.6368443, -7.401994499999944], [112.63678660000005, -7.401992], [112.6367464000001, -7.401981499999977], [112.63668590000009, -7.401981699999965], [112.63635580000005, -7.401971099999969], [112.63622550000002, -7.401677399999926], [112.6362041000001, -7.401612599999964], [112.63620330000003, -7.401612399999976], [112.636184, -7.401321], [112.63614570000004, -7.400931], [112.63614860000007, -7.400886799999967], [112.63614220000011, -7.400803399999972], [112.6361257000001, -7.400588199999959], [112.63577040000007, -7.400589499999967], [112.63529950000009, -7.400516599999946], [112.63529740000001, -7.400540299999932], [112.63527250000004, -7.400818499999957], [112.63526680000007, -7.400825299999951], [112.63518590000001, -7.400825599999962], [112.63511540000002, -7.401003699999933], [112.63505530000009, -7.40107439999997], [112.63473480000005, -7.401221799999973], [112.63455440000007, -7.401306899999952], [112.63441590000002, -7.401356799999974], [112.63414200000011, -7.401455599999963], [112.63334, -7.40139], [112.6328003000001, -7.401351399999953], [112.63278, -7.40135], [112.63270000000011, -7.40135], [112.63259, -7.40135], [112.6323900000001, -7.40135], [112.63227, -7.40135], [112.63214070000004, -7.40134779999994], [112.63167, -7.40134], [112.6311, -7.40136], [112.6308, -7.40137], [112.63058, -7.40138], [112.63049, -7.40138], [112.6304, -7.40137], [112.63029, -7.40138], [112.62967, -7.4014], [112.6295, -7.40141], [112.6288, -7.40143], [112.62848, -7.40142], [112.62829570000008, -7.401449099999979], [112.6282900000001, -7.40145], [112.6282615, -7.40144209999994], [112.62825590000011, -7.40146249999998], [112.62820030000012, -7.401481199999978], [112.62809320000008, -7.40193069999998], [112.62805670000012, -7.40218909999993], [112.6280547, -7.402199699999926], [112.62797260000002, -7.402500399999951], [112.62690090000001, -7.40236079999994], [112.62662950000004, -7.402320199999963], [112.62614860000008, -7.402244699999926], [112.62604890000011, -7.402233499999966], [112.62531480000007, -7.40212379999997], [112.62530420000007, -7.402122199999951], [112.6253, -7.40215], [112.62529, -7.40225], [112.62521, -7.40221], [112.62501, -7.40207], [112.62487130000011, -7.402097699999956], [112.62456, -7.40216], [112.62427, -7.40214], [112.6239, -7.40223], [112.62358, -7.40248], [112.62324, -7.40282], [112.62311000000011, -7.40309], [112.62295, -7.40346], [112.62295070000005, -7.403468299999929], [112.6229528, -7.403491], [112.62000880000005, -7.403172699999971], [112.61989160000007, -7.40459], [112.61988760000008, -7.404638299999931], [112.618637, -7.404494299999953], [112.6177609, -7.404393399999947], [112.61654940000005, -7.402892899999927], [112.61654070000009, -7.402882099999943], [112.616366, -7.402861299999927], [112.61634850000007, -7.402859299999932], [112.61630710000009, -7.402854299999944], [112.61382820000006, -7.402559199999928], [112.61354330000006, -7.40261449999997], [112.61348380000004, -7.402831399999968], [112.61317740000004, -7.404648299999963], [112.61302540000008, -7.405879], [112.6129429, -7.407125599999972], [112.61293680000006, -7.407217699999933], [112.61288, -7.40722], [112.61283770000011, -7.407213099999979], [112.6127868000001, -7.407494699999972], [112.61278850000008, -7.407948099999942], [112.6126885000001, -7.408038599999941], [112.61266220000005, -7.408184199999937], [112.61257090000004, -7.408368199999927], [112.612578, -7.408408], [112.6126637000001, -7.408594199999925], [112.61276270000008, -7.408925799999963], [112.61292060000005, -7.409335299999952], [112.61297580000007, -7.409693699999934], [112.6129807000001, -7.409725499999979], [112.612944, -7.41037], [112.61310090000006, -7.410486599999956], [112.614002, -7.410873799999933], [112.61374460000002, -7.412556], [112.6135938000001, -7.413679599999966], [112.6132960000001, -7.415486899999962], [112.6132129, -7.415991099999928], [112.613193, -7.416112399999975], [112.61318, -7.41611], [112.6123500000001, -7.41595], [112.61224, -7.41593], [112.61137, -7.41579], [112.61102, -7.41571], [112.61095000000012, -7.41571], [112.61077000000012, -7.41596], [112.61071, -7.41614], [112.61059000000012, -7.41699], [112.61052, -7.41734], [112.61051, -7.41786], [112.61042, -7.41826], [112.61039, -7.41857], [112.6103700000001, -7.41905], [112.61031, -7.41905], [112.60999, -7.41898], [112.60923, -7.41895], [112.60870000000011, -7.41896], [112.60754, -7.41893], [112.60651, -7.41893], [112.60575, -7.41891], [112.60514, -7.41889], [112.60379000000012, -7.41886], [112.60254, -7.41882], [112.60257, -7.41888], [112.60261, -7.41907], [112.60265, -7.41936], [112.60266, -7.4195], [112.6028500000001, -7.42111], [112.60253000000012, -7.42108], [112.60212, -7.42105], [112.6018600000001, -7.42106], [112.6015900000001, -7.42286], [112.60149, -7.42345], [112.60144, -7.42365], [112.60143, -7.42373], [112.60132740000006, -7.42370829999993], [112.6002, -7.42347], [112.5991, -7.42323], [112.59866000000011, -7.42311], [112.59863, -7.42322], [112.59851, -7.42371], [112.59848000000011, -7.42383], [112.59838, -7.42421], [112.59835, -7.42435], [112.59826, -7.42479], [112.59823, -7.4249], [112.59813, -7.4255], [112.5981038000001, -7.425657199999932], [112.59810290000007, -7.425662399999965], [112.59808, -7.4258], [112.59788170000002, -7.425746899999979], [112.59737, -7.42561], [112.59679270000004, -7.425432099999966], [112.59565, -7.42508], [112.59521, -7.42495], [112.59487, -7.4249], [112.59484210000005, -7.424894799999947], [112.59479440000007, -7.42488579999997], [112.59478780000006, -7.424924399999952], [112.59454830000004, -7.426324799999975], [112.59248420000006, -7.426040799999953], [112.59246320000011, -7.426086899999973], [112.59243230000004, -7.426155], [112.59212050000008, -7.426842399999941], [112.59186620000003, -7.427403], [112.59139920000007, -7.427443499999981], [112.59091300000011, -7.427542399999936], [112.59056410000005, -7.42793219999993], [112.5905021000001, -7.42807369999997], [112.59042770000008, -7.428243799999962], [112.59039480000001, -7.428215699999953], [112.59036640000011, -7.428191499999969], [112.59025510000004, -7.428234499999974], [112.59024870000007, -7.428246299999955], [112.58999050000011, -7.428729099999941], [112.58993220000002, -7.428811199999927], [112.58977120000009, -7.429196399999967], [112.58962310000004, -7.430044499999951], [112.58955150000008, -7.430355099999929], [112.58914780000009, -7.432106799999929], [112.58876880000003, -7.433431699999971], [112.58874030000004, -7.433524899999952], [112.58849910000004, -7.434314599999936], [112.5883344, -7.434992299999976], [112.58784320000007, -7.437854399999935], [112.58773940000003, -7.437863], [112.587738, -7.43789339999995], [112.58844770000007, -7.437948899999981], [112.5886809000001, -7.438110599999959], [112.5886938000001, -7.438458799999978], [112.58854570000005, -7.438897699999927], [112.58852370000011, -7.438962699999934], [112.58852120000006, -7.438970299999937], [112.5885866000001, -7.439382199999955], [112.58875090000004, -7.439776299999949], [112.5887768, -7.440507599999933], [112.58898780000004, -7.440971199999979], [112.58958270000005, -7.441445099999953], [112.59008490000008, -7.442012099999943], [112.59044820000008, -7.442788699999937], [112.59019480000006, -7.443474499999979], [112.59032370000011, -7.443729499999961], [112.5906582, -7.443817199999955], [112.59067290000007, -7.44382109999998], [112.59101080000005, -7.443970799999931], [112.59103630000004, -7.444609199999945], [112.5912115000001, -7.444817599999965], [112.5914097000001, -7.444933], [112.59203710000008, -7.444756599999948], [112.59222370000009, -7.444895199999962], [112.592234, -7.444936699999971], [112.5923418000001, -7.445370799999978], [112.59243550000008, -7.445556199999942], [112.59272610000005, -7.445508699999948], [112.59359, -7.44489939999994], [112.59359, -7.44491789999995], [112.59359, -7.44494], [112.59359, -7.44503], [112.59354, -7.44537], [112.5935300000001, -7.44553], [112.59349, -7.44598], [112.59339220000004, -7.446833799999979], [112.59338, -7.44694], [112.59328, -7.44778], [112.59327, -7.44795], [112.59327, -7.44851], [112.59329, -7.4486], [112.59330890000001, -7.448741799999937], [112.59336960000007, -7.448734399999978], [112.59365, -7.448649399999965], [112.59395130000007, -7.448571299999969], [112.5941547000001, -7.448556499999938], [112.59438650000004, -7.448611699999958], [112.5945762, -7.448695099999952], [112.59490620000008, -7.448784899999964], [112.59529630000009, -7.448890199999937], [112.5953416000001, -7.448902399999952], [112.59569970000007, -7.448992099999941], [112.59604390000004, -7.449102899999957], [112.59632470000008, -7.449164899999971], [112.59651440000005, -7.449220299999979], [112.59667600000012, -7.449282699999969], [112.59699220000005, -7.449428599999976], [112.597196, -7.449532899999951], [112.59739210000009, -7.449441199999967], [112.59746120000011, -7.449355299999979], [112.5975108, -7.449293699999942], [112.5975625000001, -7.449217099999942], [112.59765240000002, -7.449147899999957], [112.59782530000007, -7.448933499999953], [112.59801420000008, -7.448794699999951], [112.59825930000011, -7.448688799999957], [112.59846920000007, -7.448541], [112.598665, -7.448358199999973], [112.59879770000009, -7.448175699999979], [112.5988268000001, -7.448139699999956], [112.59903580000002, -7.447882099999958], [112.59923760000004, -7.447627899999929], [112.59939870000005, -7.44754329999995], [112.599434, -7.447548199999972], [112.59954610000011, -7.447563699999932], [112.5997145, -7.447563099999968], [112.59994620000009, -7.447632299999952], [112.60033950000002, -7.447749899999963], [112.6008313000001, -7.447944199999938], [112.60112630000003, -7.448027199999956], [112.60139310000011, -7.448096299999975], [112.60168090000002, -7.448144199999945], [112.60194080000008, -7.448220299999946], [112.60218640000005, -7.448240399999975], [112.60243900000012, -7.448246499999925], [112.60262820000003, -7.448196799999948], [112.60280360000002, -7.448203199999966], [112.60299310000005, -7.448216499999944], [112.60311960000001, -7.448279099999979], [112.60319040000002, -7.448453899999947], [112.6032752000001, -7.448621599999967], [112.60342360000004, -7.448929199999952], [112.60364940000011, -7.449292499999956], [112.6038608, -7.449536799999976], [112.6040144000001, -7.449656799999957], [112.60397650000004, -7.450318299999935], [112.60401720000004, -7.449655299999961], [112.6042900000001, -7.449747], [112.60479150000003, -7.449720399999933], [112.60506380000004, -7.449694699999952], [112.6052807000001, -7.449743399999932], [112.6054914, -7.449798299999941], [112.60571440000001, -7.449822199999971], [112.60591860000011, -7.449784299999976], [112.60611330000006, -7.449637499999938], [112.60614090000001, -7.449616699999979], [112.60630530000003, -7.449410599999965], [112.60658250000006, -7.449196], [112.60680760000002, -7.449064199999953], [112.607024, -7.448970699999961], [112.607065, -7.448970599999939], [112.60712, -7.44894], [112.60742, -7.44884], [112.60764, -7.44881], [112.60795, -7.44881], [112.60839, -7.4489], [112.60874, -7.44901], [112.60906000000011, -7.44912], [112.6093, -7.44921], [112.60971, -7.44936], [112.60998, -7.44946], [112.61013, -7.44949], [112.61031, -7.44948], [112.6105500000001, -7.44942], [112.61087, -7.4493], [112.61111, -7.44925], [112.61133, -7.44927], [112.6115, -7.44933], [112.61162, -7.44936], [112.61173, -7.44934], [112.61191, -7.44922], [112.612, -7.4491], [112.61216, -7.44887], [112.6122, -7.44881], [112.61231, -7.44874], [112.61247, -7.4487], [112.61266530000012, -7.448674499999981], [112.6127, -7.44867], [112.6128000000001, -7.44866], [112.61293, -7.44865], [112.61346, -7.44861], [112.61353350000002, -7.448603599999956], [112.61369, -7.44859], [112.614, -7.4486], [112.61436, -7.44862], [112.61468980000006, -7.448682799999972], [112.61478000000011, -7.4487], [112.61518, -7.44878], [112.6154, -7.44878], [112.61553860000004, -7.448769699999957], [112.61567, -7.44876], [112.61574, -7.44876], [112.61603, -7.44874], [112.61617, -7.44864], [112.61633, -7.44848], [112.6164500000001, -7.44829], [112.6165, -7.44821], [112.61659, -7.44806], [112.61702, -7.44756], [112.61725, -7.44742], [112.61758, -7.44725], [112.61794, -7.44702], [112.6185, -7.44655], [112.61867880000011, -7.44637119999993], [112.61869, -7.44636], [112.6187900000001, -7.44625], [112.61896, -7.44612], [112.61922, -7.446], [112.61954, -7.44592], [112.61968650000006, -7.445908399999951], [112.61992, -7.44589], [112.62015, -7.44587], [112.62038, -7.44577], [112.62058, -7.44563], [112.62059580000005, -7.445615799999928], [112.62088, -7.44536], [112.62099, -7.44527], [112.62131000000011, -7.44509], [112.62171, -7.44499], [112.62185680000005, -7.44501589999993], [112.62188, -7.44502], [112.62205, -7.44511], [112.62221000000011, -7.44525], [112.62231, -7.44534], [112.62245, -7.44546], [112.62269, -7.4456], [112.6228, -7.4456], [112.62295, -7.44555], [112.62304, -7.44553], [112.62313060000008, -7.445502099999942], [112.6233, -7.44545], [112.62330660000009, -7.445452599999953], [112.62345, -7.44551], [112.6236, -7.44563], [112.6237, -7.44578], [112.62382, -7.44597], [112.62399, -7.44615], [112.62409, -7.44624], [112.624097, -7.446248399999945], [112.62414, -7.4463], [112.62435, -7.44648], [112.6244200000001, -7.44655], [112.62447, -7.44658], [112.6245202, -7.446617699999933], [112.62455000000011, -7.44664], [112.624584, -7.446600299999943], [112.62461, -7.44657], [112.62472, -7.44644], [112.62495, -7.44616], [112.62500000000011, -7.44613], [112.6253, -7.44588], [112.62554000000011, -7.44558], [112.6257, -7.44543], [112.625829, -7.445357499999943], [112.6258600000001, -7.44534], [112.62624590000007, -7.445221299999957], [112.62625, -7.44522], [112.6264900000001, -7.44514], [112.62671280000006, -7.44506709999996], [112.62704, -7.44496], [112.62720230000002, -7.444956299999944], [112.6274800000001, -7.44495], [112.62772490000009, -7.444930399999976], [112.62773, -7.44493], [112.62806, -7.44487], [112.62819620000005, -7.444788299999971], [112.62821, -7.44478], [112.62835, -7.44461], [112.62857, -7.44423], [112.62859670000012, -7.443874], [112.6286, -7.44383], [112.62872, -7.44361], [112.62915, -7.44312], [112.62933, -7.44289], [112.62959, -7.44252], [112.6296324000001, -7.442493899999931], [112.62972, -7.44244], [112.62976380000009, -7.442425399999934], [112.6299, -7.44238], [112.63006, -7.44238], [112.63013, -7.44233], [112.63023, -7.44233], [112.63051, -7.44237], [112.6307, -7.44246], [112.63099000000011, -7.44269], [112.63126000000011, -7.44287], [112.63149, -7.443], [112.63187750000009, -7.443267599999956], [112.63191, -7.44329], [112.632064, -7.44343589999994], [112.6321, -7.44347], [112.63238, -7.4438], [112.63238830000012, -7.443809699999974], [112.6325, -7.44394], [112.6326, -7.44419], [112.63268, -7.44448], [112.63274, -7.44494], [112.63276, -7.4452], [112.63273, -7.44566], [112.63271840000004, -7.44596729999995], [112.63271, -7.44619], [112.6327500000001, -7.44707], [112.63283750000005, -7.447167199999967], [112.6328400000001, -7.44717], [112.63351000000011, -7.44778], [112.63367, -7.44785], [112.63466, -7.44822], [112.63468480000006, -7.448230199999955], [112.63481630000001, -7.448284399999977], [112.63483, -7.44829], [112.63512, -7.44844], [112.63564, -7.44877], [112.63602730000002, -7.449008299999946], [112.63603, -7.44901], [112.63649, -7.44922], [112.63668, -7.44927], [112.637, -7.44927], [112.63751, -7.44925], [112.63768, -7.44922], [112.63777, -7.44921], [112.63867, -7.44904], [112.63913, -7.44896], [112.63949, -7.4489], [112.64040000000011, -7.44881], [112.64052820000006, -7.448828299999946], [112.64074080000012, -7.44885869999996], [112.64075, -7.44886], [112.64101, -7.44894], [112.64134, -7.44913], [112.6416544000001, -7.449375699999962], [112.64166000000012, -7.44938], [112.64167440000006, -7.44939329999994], [112.64192, -7.44962], [112.6420700000001, -7.4497], [112.64226, -7.44976], [112.64335, -7.45003], [112.64489, -7.4504], [112.64545, -7.45052], [112.64545840000005, -7.450522099999944], [112.64557, -7.45055], [112.64605, -7.45066], [112.6467, -7.45084], [112.64712, -7.45101], [112.64728, -7.45114], [112.64734, -7.4516], [112.64739, -7.45177], [112.64751260000003, -7.451892599999951], [112.6475200000001, -7.4519], [112.64767, -7.45198], [112.648, -7.45205], [112.64879, -7.45223], [112.649215, -7.452352599999926], [112.64931, -7.45238], [112.6494973, -7.45243679999993], [112.64958150000007, -7.452472], [112.64963310000007, -7.452500399999963], [112.6499722000001, -7.452686799999981], [112.65009840000005, -7.452802], [112.65024720000008, -7.452995899999962], [112.65031950000002, -7.45309009999994], [112.65035940000007, -7.45314209999998], [112.6504579000001, -7.45322989999994], [112.65056, -7.45329], [112.65076130000011, -7.453365499999961], [112.65080000000012, -7.45338], [112.6515700000001, -7.45359], [112.6521461000001, -7.45374309999994], [112.65236, -7.4538], [112.65344, -7.45395], [112.65414, -7.454], [112.65452, -7.45405], [112.655, -7.45415], [112.65537, -7.4542], [112.65563, -7.45424], [112.6565, -7.45443], [112.65675610000005, -7.454475199999933], [112.6568400000001, -7.45449], [112.65706000000011, -7.45454], [112.65757, -7.45463], [112.65903, -7.45496], [112.65953, -7.45508], [112.66054190000011, -7.4553], [112.66054940000004, -7.455277399999943], [112.661503, -7.452437], [112.6618085, -7.451566199999945], [112.66224660000012, -7.450317499999926], [112.66226170000004, -7.450274399999955], [112.66226740000002, -7.450258199999951], [112.66246110000009, -7.450329899999929], [112.66255150000006, -7.450083699999936], [112.66259850000006, -7.450062699999933], [112.66268730000002, -7.450023199999976], [112.6627840000001, -7.450007099999937], [112.66290170000002, -7.449998899999969], [112.663022, -7.449988], [112.66311580000001, -7.449978699999974], [112.66311610000002, -7.449974599999962], [112.66330060000007, -7.449977499999932], [112.66332450000004, -7.449969], [112.6636314000001, -7.449957299999937], [112.66403470000012, -7.450070699999969], [112.66404160000002, -7.450065299999949], [112.66413430000011, -7.450107199999934], [112.66428840000003, -7.450176699999929], [112.66447810000011, -7.449829199999954], [112.66455, -7.44979], [112.66466, -7.44963], [112.66478, -7.44935], [112.66483990000006, -7.449204599999973], [112.6649900000001, -7.44884], [112.66503000000012, -7.44873], [112.66506, -7.44864], [112.6651700000001, -7.44869], [112.66517770000007, -7.448659199999952], [112.66519, -7.44861], [112.66523, -7.4485], [112.66545, -7.44765], [112.66561, -7.44701], [112.6658900000001, -7.44591], [112.66603, -7.44527], [112.66606070000012, -7.445044699999926], [112.66609, -7.44483], [112.6660941, -7.444821], [112.666134, -7.444339599999978], [112.66615050000007, -7.444361199999946], [112.66644670000005, -7.444212], [112.66642660000002, -7.444202099999927], [112.66655590000005, -7.444177699999955], [112.66683620000003, -7.44419739999995], [112.66695920000006, -7.444262099999946], [112.667131, -7.444377899999949], [112.66721970000003, -7.444435099999964], [112.66729020000002, -7.444516599999929], [112.66732720000005, -7.44458069999996], [112.6674005000001, -7.444663399999968], [112.667479, -7.444739199999958], [112.66755950000004, -7.444788299999971], [112.66772430000003, -7.444783499999971], [112.66778760000011, -7.444781699999965], [112.6679871, -7.444774299999949], [112.66817330000003, -7.444767], [112.66833980000001, -7.444799599999953], [112.6683776000001, -7.444818299999952], [112.668473, -7.444865499999935], [112.66853320000007, -7.444971499999951], [112.66859090000003, -7.445073099999945], [112.668687, -7.44517], [112.66879380000012, -7.44525589999995], [112.66888040000003, -7.445295499999929], [112.66897380000012, -7.445381399999974], [112.66907390000006, -7.445454099999949], [112.6691674000001, -7.445559899999978], [112.66919690000009, -7.445597199999952], [112.66924090000009, -7.44565259999996], [112.66936750000002, -7.445718499999941], [112.66947130000005, -7.445702199999971], [112.66963590000012, -7.44576909999995], [112.66983730000004, -7.44572809999994], [112.66985120000004, -7.445757499999957], [112.669847, -7.445869399999935], [112.66984750000006, -7.446002199999953], [112.66985470000009, -7.446154899999954], [112.66990710000005, -7.446230899999932], [112.67000840000003, -7.446320299999968], [112.6701015000001, -7.446319899999935], [112.67018180000002, -7.44644569999997], [112.6702371, -7.446564199999955], [112.67023690000008, -7.446564699999954], [112.67033660000004, -7.446508199999926], [112.6703394000001, -7.446474899999941], [112.67048690000001, -7.444709899999964], [112.67048880000004, -7.444686799999943], [112.67048920000002, -7.444681699999933], [112.67035610000005, -7.444663399999968], [112.67058270000007, -7.443227899999954], [112.67061640000009, -7.443012499999952], [112.67066020000004, -7.442773799999941], [112.66979, -7.44247], [112.66949000000011, -7.44238], [112.66894390000004, -7.442201599999976], [112.66799, -7.44189], [112.66787350000004, -7.441822], [112.66665890000002, -7.441423599999951], [112.66663930000004, -7.441416699999934], [112.66420340000002, -7.440570099999945], [112.6606733000001, -7.43940809999998], [112.66065, -7.439400499999977], [112.66074260000005, -7.439236499999936], [112.66071280000006, -7.439222499999971], [112.66065670000012, -7.439195899999959], [112.6605968, -7.439121799999953], [112.66059280000002, -7.439043699999957], [112.66060750000008, -7.438984199999936], [112.66068560000008, -7.438950399999953], [112.66073830000005, -7.43887929999994], [112.6607782000001, -7.438825399999928], [112.66081150000002, -7.438749199999961], [112.66080760000011, -7.438697099999956], [112.66076280000004, -7.438682399999948], [112.6606289, -7.438723799999934], [112.66059880000012, -7.438653299999942], [112.66060370000002, -7.438593899999944], [112.66054580000002, -7.438419299999964], [112.66048980000005, -7.438400899999976], [112.6604003000001, -7.438356599999963], [112.66034420000005, -7.438304799999969], [112.66028820000008, -7.438264099999969], [112.66013370000007, -7.437928899999974], [112.66011540000011, -7.437889199999972], [112.6599801000001, -7.437569899999971], [112.65990510000006, -7.437432699999931], [112.65994180000007, -7.437276399999973], [112.659919, -7.437161199999935], [112.65980730000001, -7.437169], [112.65970290000007, -7.437158299999965], [112.65968, -7.43707], [112.65969, -7.43694], [112.65971, -7.43683], [112.6597200000001, -7.43671], [112.65970460000005, -7.436608], [112.65970790000006, -7.436496399999953], [112.659752, -7.436343799999975], [112.659774, -7.436250799999925], [112.6598034000001, -7.436139099999934], [112.6598464000001, -7.435923299999956], [112.65984960000003, -7.435907399999962], [112.65985460000002, -7.435882399999969], [112.65988770000001, -7.435778199999959], [112.659976, -7.435487799999976], [112.66026710000006, -7.434639], [112.66059, -7.43462], [112.6609, -7.43465], [112.66178, -7.43488], [112.66223, -7.43498], [112.66239370000005, -7.434969199999955], [112.6630484000001, -7.434926], [112.66330420000008, -7.43497519999994], [112.6636218000001, -7.435036399999944], [112.66362560000005, -7.43502159999997], [112.66362570000001, -7.43502129999996], [112.6637005, -7.434731299999953], [112.66415390000009, -7.432915299999934], [112.66447220000009, -7.431767299999933], [112.6645496000001, -7.431768699999964], [112.66464080000003, -7.431778599999973], [112.66472660000011, -7.431738799999948], [112.66480890000003, -7.43168529999997], [112.66488620000007, -7.431654099999946], [112.66493420000006, -7.431631699999969], [112.66505270000005, -7.431584899999962], [112.66512640000008, -7.431516], [112.66516050000007, -7.431462599999975], [112.66516150000007, -7.431451799999934], [112.66518340000005, -7.431217], [112.66519590000007, -7.431047899999953], [112.66520990000004, -7.43086569999997], [112.66522390000011, -7.430706799999939], [112.66523210000003, -7.430566899999974], [112.66528630000005, -7.430405399999927], [112.66536350000001, -7.430175799999972], [112.66541120000011, -7.430057599999941], [112.66536530000008, -7.429894499999932], [112.6653222000001, -7.429686299999958], [112.66536570000005, -7.429608899999948], [112.66534640000009, -7.429514199999971], [112.66528910000011, -7.429411], [112.66528850000009, -7.429272499999968], [112.66531950000001, -7.428976499999976], [112.66532260000008, -7.428635499999928], [112.66529150000008, -7.428513199999941], [112.66523570000004, -7.428418699999952], [112.66523380000001, -7.428321], [112.66523360000008, -7.428258399999947], [112.66520990000004, -7.428166699999963], [112.6652008000001, -7.428074899999956], [112.6652064000001, -7.428012199999955], [112.66523820000009, -7.427937699999973], [112.66525890000003, -7.427881799999966], [112.66527870000004, -7.427828299999931], [112.6653262000001, -7.427656099999979], [112.665358, -7.427567099999976], [112.66544070000009, -7.427422499999977], [112.66547260000004, -7.427348099999961], [112.66546770000002, -7.427227099999925], [112.66546160000007, -7.427149899999961], [112.66541610000002, -7.427080099999955], [112.66524590000006, -7.426863599999933], [112.66505980000011, -7.42668939999993], [112.66495270000007, -7.426563], [112.66492610000012, -7.426465499999949], [112.66493130000003, -7.426302299999975], [112.66496540000003, -7.426038299999959], [112.6649519, -7.42593009999996], [112.66495060000011, -7.42592], [112.66495, -7.42592], [112.6648, -7.42592], [112.6647676, -7.425887599999953], [112.66469020000011, -7.425924], [112.66460930000005, -7.425903299999959], [112.66455280000002, -7.425826399999949], [112.66452430000004, -7.425717799999973], [112.66449220000004, -7.425598699999966], [112.6644672000001, -7.425472499999955], [112.66440350000005, -7.425367599999959], [112.66427660000011, -7.425252299999954], [112.6641605000001, -7.425203599999975], [112.664013, -7.425140599999963], [112.663886, -7.425060899999949], [112.66380860000004, -7.425], [112.66374, -7.425], [112.66350000000011, -7.42501], [112.66349480000008, -7.425007199999925], [112.66348180000011, -7.425013299999932], [112.66314780000005, -7.424937399999976], [112.66316470000004, -7.424786599999948], [112.66345300000012, -7.423898299999962], [112.66357160000007, -7.423680499999932], [112.66368580000005, -7.423469299999965], [112.66368540000008, -7.423364899999967], [112.66345, -7.42331], [112.66299, -7.42317], [112.66231, -7.42295], [112.66145, -7.42267], [112.66098000000011, -7.42252], [112.66012, -7.42228], [112.6599000000001, -7.42219], [112.65959, -7.42208], [112.65912, -7.42195], [112.6579, -7.42153], [112.65763, -7.42145], [112.65699, -7.42123], [112.6570200000001, -7.42112], [112.65712, -7.42079], [112.65739, -7.41976], [112.657624, -7.418830699999944], [112.6577400000001, -7.41837], [112.65776370000003, -7.418310799999972], [112.65776360000007, -7.418300699999975], [112.65786690000004, -7.417881899999941], [112.65795980000007, -7.417505], [112.657968, -7.416919099999973], [112.658072, -7.41669909999996], [112.6581758000001, -7.416426699999931], [112.65849230000003, -7.416077599999937], [112.6584997000001, -7.416053499999975], [112.65877200000011, -7.41516839999997], [112.65878370000007, -7.41513029999993], [112.65877050000006, -7.415039899999954], [112.658896, -7.414413599999932], [112.65905050000003, -7.413652099999979], [112.65918070000009, -7.412961899999971], [112.65935090000005, -7.412445799999944], [112.65969860000007, -7.412056699999937], [112.65977090000001, -7.411678499999937], [112.6598289000001, -7.411403299999961], [112.65987730000006, -7.411182199999928], [112.65986190000001, -7.411020299999961], [112.65985280000007, -7.410779699999978], [112.65985, -7.41075], [112.65965, -7.41052], [112.6595, -7.41032], [112.65922, -7.41006], [112.65913, -7.4099], [112.65899, -7.40971], [112.65883, -7.40956], [112.65868000000012, -7.40947], [112.65842, -7.40938], [112.6577400000001, -7.4092], [112.65745, -7.40914], [112.657, -7.40909], [112.65647, -7.40908], [112.6561200000001, -7.40908], [112.65586, -7.40902], [112.65565, -7.40899], [112.65526000000011, -7.40907], [112.65505, -7.40905], [112.65467, -7.40895], [112.65457, -7.40892], [112.65408, -7.40877], [112.65272170000003, -7.408357], [112.65237, -7.40825], [112.65179, -7.4081], [112.65126, -7.40798], [112.65057, -7.40776], [112.65037, -7.4077], [112.65028, -7.40758], [112.65027680000003, -7.407554199999936], [112.65027510000004, -7.40755489999998], [112.6502468000001, -7.407362], [112.65017750000004, -7.40682529999998], [112.65016, -7.40681], [112.65008120000005, -7.406791799999951], [112.65003, -7.40678], [112.64991, -7.40678], [112.64937, -7.40676], [112.64881, -7.4068], [112.64861, -7.40681], [112.64783000000011, -7.40688], [112.64767350000011, -7.406937699999958], [112.64752890000011, -7.406944], [112.64738690000001, -7.407194199999935], [112.64710250000007, -7.407623399999977], [112.64631610000004, -7.407590699999957], [112.64492070000006, -7.407167699999945], [112.64409780000005, -7.406956699999967], [112.64391940000007, -7.407028699999955], [112.64390250000008, -7.407167799999968], [112.6439, -7.40717], [112.64379, -7.40734], [112.64372, -7.40755], [112.64365, -7.40765], [112.64358, -7.40768], [112.64343, -7.40768], [112.64332, -7.40767], [112.64311, -7.40763], [112.6419, -7.40737], [112.64139000000011, -7.40727], [112.64067000000011, -7.40713]]] 
      }
    },
    {
      "type": "Feature",
      "properties": {
        "district_id": "3515100",
        "province": "Jawa Timur",
        "regency": "Sidoarjo",
        "district": "Sukodono",
        "pria": 63169,
        "wanita": 62409,
        "total_penduduk": 125578
      },
      "geometry": {
        "type": "Polygon",
        "coordinates": [[[112.69293880000009, -7.423083799999972], [112.69307, -7.423086499999954], [112.69307040000001, -7.423084199999948], [112.69338990000006, -7.423091499999941], [112.69339, -7.42309], [112.69392, -7.4231], [112.6945247000001, -7.423081899999943], [112.694605, -7.422743599999933], [112.69485510000004, -7.422610199999951], [112.69501620000005, -7.42235949999997], [112.69505990000005, -7.422219499999926], [112.69511440000008, -7.422167299999956], [112.6951289000001, -7.422153399999956], [112.69535350000001, -7.422059699999977], [112.69553860000008, -7.42192], [112.69596580000007, -7.422261699999979], [112.69647140000006, -7.421995899999956], [112.6966327, -7.42192579999994], [112.69726730000002, -7.421650099999965], [112.69814560000009, -7.421044499999937], [112.69827390000012, -7.420956], [112.6996832000001, -7.42097229999996], [112.69969880000008, -7.42096209999994], [112.70043010000006, -7.420485699999972], [112.7007268000001, -7.420167399999968], [112.70083050000005, -7.420181599999978], [112.70090170000003, -7.420162599999969], [112.70097040000007, -7.420144299999947], [112.70208460000003, -7.420309499999973], [112.70217980000007, -7.420323599999961], [112.70251480000002, -7.41927759999993], [112.70298530000002, -7.417942499999981], [112.70308000000011, -7.41752], [112.70308640000007, -7.417334699999969], [112.70316510000009, -7.417353499999933], [112.70317000000011, -7.417334099999948], [112.703103, -7.417107899999962], [112.70299430000011, -7.416741199999933], [112.70301680000011, -7.416139199999975], [112.7029897000001, -7.415952499999946], [112.70294020000006, -7.415611499999955], [112.70293190000007, -7.415554099999952], [112.70290750000004, -7.415562399999942], [112.7028649, -7.415576699999974], [112.7027958000001, -7.4156], [112.70254850000003, -7.415724599999976], [112.702375, -7.415725299999963], [112.70201960000009, -7.415660699999933], [112.70194620000007, -7.415636599999971], [112.70179630000007, -7.41558729999997], [112.70180280000011, -7.415562799999975], [112.70198360000006, -7.414877499999932], [112.70208790000004, -7.414077299999974], [112.70228340000006, -7.413367499999936], [112.70239630000003, -7.412809699999968], [112.70244420000006, -7.412572799999964], [112.7035016000001, -7.412796599999979], [112.70459930000004, -7.413028899999972], [112.7046937, -7.413048899999978], [112.70471, -7.41297], [112.704755, -7.412785699999972], [112.70484670000008, -7.412498899999946], [112.70520390000001, -7.41138159999997], [112.70545650000008, -7.410510199999976], [112.70547330000011, -7.410452499999963], [112.7054432000001, -7.410439799999949], [112.7053843000001, -7.41035949999997], [112.705384, -7.410279099999968], [112.70540110000002, -7.409975399999951], [112.70545670000001, -7.409177799999952], [112.70552960000009, -7.408127699999966], [112.70559430000003, -7.407798299999968], [112.705615, -7.407454299999927], [112.70556640000007, -7.407347699999946], [112.70478280000009, -7.407137], [112.7037762000001, -7.406835699999931], [112.7037491000001, -7.406827599999929], [112.70364, -7.406763299999966], [112.70358220000003, -7.406763499999954], [112.70357860000001, -7.406763499999954], [112.70346880000011, -7.406800499999974], [112.70327070000008, -7.406742699999938], [112.7030287, -7.406699799999956], [112.70277180000005, -7.406598299999928], [112.70258110000009, -7.406547799999942], [112.70235370000012, -7.406497499999944], [112.70217030000003, -7.406461599999943], [112.70186220000005, -7.406382299999962], [112.70167160000005, -7.406353799999977], [112.70151750000002, -7.406317799999954], [112.70131220000007, -7.406282], [112.701341, -7.406142899999963], [112.70141300000012, -7.40580609999995], [112.70144870000001, -7.405571899999927], [112.70140370000001, -7.405534299999943], [112.7013406000001, -7.405481499999951], [112.70116660000008, -7.405412099999978], [112.70104870000011, -7.405376099999955], [112.7010302000001, -7.405371899999977], [112.7007324000001, -7.405311799999936], [112.70063590000007, -7.405284699999982], [112.70026170000006, -7.405270299999927], [112.70015720000004, -7.405343399999936], [112.70014930000002, -7.405295899999942], [112.70014470000001, -7.405268399999954], [112.7000177000001, -7.405268899999953], [112.70000830000004, -7.405214], [112.70000790000006, -7.405113399999948], [112.7000435000001, -7.404848099999981], [112.70006970000009, -7.404500499999926], [112.70014170000002, -7.404161899999963], [112.70020490000002, -7.403914699999973], [112.70032260000005, -7.403566799999965], [112.70034940000005, -7.403383799999972], [112.70042230000001, -7.403292099999931], [112.70046050000008, -7.40327069999995], [112.70045950000008, -7.403278499999942], [112.7005, -7.403310699999963], [112.70053320000011, -7.403313299999979], [112.70053210000003, -7.403315899999939], [112.70053330000007, -7.403316199999949], [112.70055, -7.40328], [112.7006, -7.40313], [112.70066, -7.40297], [112.70078, -7.40264], [112.70095, -7.40221], [112.70115, -7.40173], [112.70134, -7.40124], [112.70145020000007, -7.400964599999952], [112.70164000000011, -7.40049], [112.70175, -7.40016], [112.70177080000008, -7.400094699999954], [112.70130620000009, -7.399969], [112.70131320000007, -7.39994269999994], [112.7014266000001, -7.399514899999929], [112.70145030000003, -7.399322199999972], [112.70158530000003, -7.398833899999943], [112.70166920000008, -7.398270199999956], [112.7015, -7.39819], [112.70104, -7.39797], [112.70073, -7.39791], [112.70072460000006, -7.397909599999934], [112.6997328000001, -7.397402], [112.69901730000004, -7.396873], [112.69893370000011, -7.396869], [112.69898, -7.39686], [112.69917, -7.39678], [112.69929, -7.39669], [112.69939000000011, -7.39654], [112.69949, -7.39626], [112.69956, -7.3959], [112.69957940000006, -7.395773799999972], [112.69961350000005, -7.39574639999995], [112.69964450000009, -7.395715199999927], [112.69968770000003, -7.395625], [112.699734, -7.395550299999968], [112.69974920000004, -7.395460199999945], [112.69972070000006, -7.395317499999976], [112.69969860000003, -7.395243], [112.699667, -7.395192899999927], [112.69967720000011, -7.395134499999926], [112.69964570000002, -7.395031299999971], [112.69964490000007, -7.395001899999954], [112.69963660000008, -7.394819599999948], [112.69970750000005, -7.394648699999948], [112.6997278, -7.39464449999997], [112.69973270000003, -7.394643499999972], [112.6997328000001, -7.394642699999963], [112.69977440000002, -7.394634599999961], [112.69977590000008, -7.394634799999949], [112.69995490000008, -7.39459869999996], [112.7000660000001, -7.39448989999994], [112.70013790000007, -7.394420099999934], [112.70014760000004, -7.394406199999935], [112.70017550000011, -7.394378199999949], [112.700306, -7.394203], [112.70037, -7.394106399999941], [112.70044970000004, -7.394043699999941], [112.70055800000011, -7.394012799999928], [112.70066370000006, -7.393946399999948], [112.70077360000005, -7.39396], [112.70077520000007, -7.393959099999961], [112.70081510000011, -7.393966299999931], [112.700974, -7.39398239999997], [112.70107930000006, -7.393993199999954], [112.70114230000001, -7.394000399999925], [112.70176930000002, -7.394072699999981], [112.7024034000001, -7.394147799999928], [112.70276700000011, -7.394189899999958], [112.70287580000002, -7.394201899999928], [112.7030466000001, -7.39418569999998], [112.70308120000004, -7.394185199999981], [112.70331380000005, -7.394181599999968], [112.70341480000002, -7.393788899999947], [112.70344840000007, -7.39364919999997], [112.70355560000007, -7.393245599999943], [112.7036227000001, -7.39292439999997], [112.70367740000006, -7.392601599999978], [112.70387730000004, -7.392065899999977], [112.70391410000002, -7.391944799999976], [112.7039473000001, -7.391705899999977], [112.70396230000006, -7.391563099999928], [112.7040386000001, -7.391201499999966], [112.704107, -7.390826699999934], [112.70411160000003, -7.390801199999942], [112.7041210000001, -7.390581599999962], [112.7041316000001, -7.390334399999972], [112.70413510000003, -7.390213499999959], [112.70413750000012, -7.390128499999946], [112.70415630000002, -7.389476799999954], [112.704156, -7.389396099999942], [112.70427920000009, -7.389125899999954], [112.704285, -7.389023499999951], [112.70434570000009, -7.388632499999972], [112.7043734, -7.388581199999976], [112.70441030000006, -7.388481799999965], [112.70444690000011, -7.388311099999953], [112.7044681000001, -7.388146699999936], [112.70460930000002, -7.387704199999973], [112.70471040000007, -7.387341], [112.70479740000007, -7.386543599999925], [112.7046481000001, -7.386500699999942], [112.70455040000002, -7.386476499999958], [112.7043652000001, -7.38643049999996], [112.70417550000002, -7.386397099999954], [112.70386140000005, -7.386311499999977], [112.70355970000003, -7.386213399999974], [112.70305040000005, -7.386142], [112.70295670000007, -7.386128799999938], [112.70289150000008, -7.386135299999978], [112.70281860000011, -7.386141499999951], [112.70260750000011, -7.386107199999969], [112.70244350000007, -7.386173399999961], [112.70222380000007, -7.38619209999996], [112.70222, -7.38619], [112.70196440000007, -7.386035499999934], [112.70181320000006, -7.385926599999948], [112.70180180000011, -7.385913799999969], [112.70178980000003, -7.385909699999957], [112.70176660000004, -7.385893], [112.70173520000003, -7.385891299999969], [112.7010120000001, -7.385647899999981], [112.70036140000002, -7.385441499999956], [112.69915320000007, -7.385058099999981], [112.69874080000011, -7.384927299999958], [112.69891, -7.38468], [112.69924, -7.3839], [112.69931720000011, -7.383749299999977], [112.69945, -7.38349], [112.69957000000011, -7.38327], [112.69969640000011, -7.383022299999936], [112.69969650000007, -7.38301869999998], [112.69970290000003, -7.383009499999957], [112.6997235, -7.382969099999968], [112.69975520000003, -7.382907], [112.69977790000007, -7.382832399999927], [112.70000040000002, -7.382372799999928], [112.70009430000005, -7.382164399999965], [112.70012350000002, -7.38210209999994], [112.70033870000009, -7.381643299999951], [112.70035560000008, -7.381595299999958], [112.7003949000001, -7.381483799999955], [112.70047580000005, -7.381155599999943], [112.7007387000001, -7.380531], [112.70097030000011, -7.379980899999964], [112.70097970000006, -7.379977699999927], [112.70099020000009, -7.379980399999965], [112.7013942000001, -7.380083199999945], [112.70169450000003, -7.380096299999934], [112.70187820000001, -7.38001909999997], [112.70204660000002, -7.379992], [112.7021995, -7.380018399999926], [112.70234690000007, -7.380094399999962], [112.70235290000005, -7.380102799999975], [112.70262150000008, -7.379934299999945], [112.70273740000005, -7.379919399999949], [112.70304640000006, -7.379927799999962], [112.70317680000005, -7.379927299999963], [112.70326320000004, -7.379796899999974], [112.7033153000001, -7.379536299999927], [112.7036031, -7.379461699999979], [112.70370230000003, -7.379455499999949], [112.70370220000007, -7.379436], [112.70373020000011, -7.379428699999949], [112.70373870000003, -7.379139499999951], [112.70378610000012, -7.378893399999981], [112.70369990000006, -7.378835199999969], [112.70369950000008, -7.378741], [112.7035790000001, -7.37857189999994], [112.70360360000006, -7.377898699999946], [112.70410590000006, -7.377930499999934], [112.70411960000001, -7.377723199999934], [112.7040958, -7.377611599999966], [112.703913, -7.377620599999943], [112.70390070000008, -7.377621199999965], [112.70387040000003, -7.377247099999977], [112.70401250000009, -7.376699499999972], [112.70421120000003, -7.375863799999934], [112.7046659, -7.374105799999938], [112.70488840000007, -7.373177299999952], [112.7049214000001, -7.373039499999948], [112.70474780000006, -7.372896199999957], [112.70477480000011, -7.372406699999942], [112.70457170000009, -7.372090799999967], [112.70452870000008, -7.372029899999973], [112.70436870000003, -7.371803599999964], [112.70450160000007, -7.371409599999936], [112.70465940000008, -7.370941699999946], [112.70500330000004, -7.369921899999952], [112.70522420000009, -7.369266699999969], [112.7054485000001, -7.367596], [112.70522740000001, -7.367376899999954], [112.705188, -7.367337899999939], [112.70502650000003, -7.36733849999996], [112.7048668000001, -7.367339099999981], [112.70475540000007, -7.367339499999957], [112.70464940000011, -7.367339899999934], [112.70459, -7.36733], [112.70427, -7.36721], [112.70398000000012, -7.36707], [112.70380000000011, -7.36696], [112.70367180000005, -7.366923399999962], [112.70351330000005, -7.366826], [112.70331080000005, -7.366872799999953], [112.70338730000003, -7.366904099999942], [112.70271280000009, -7.367761299999927], [112.70211210000002, -7.368524799999932], [112.70150850000005, -7.368609299999946], [112.70146570000009, -7.368615299999931], [112.70137000000011, -7.36867], [112.70125330000008, -7.368737599999974], [112.70093380000003, -7.36903419999993], [112.70049910000012, -7.369263699999976], [112.70049, -7.36927], [112.7004826000001, -7.369272399999943], [112.6995204000001, -7.36978019999998], [112.69887990000007, -7.36985], [112.69882830000006, -7.36988219999995], [112.69817350000005, -7.370290299999965], [112.69786310000006, -7.370214099999941], [112.69718000000012, -7.3702], [112.69613, -7.37015], [112.6951600000001, -7.37012], [112.69465, -7.3701], [112.69407, -7.37012], [112.69377, -7.37017], [112.69346, -7.37031], [112.69343980000008, -7.370330199999955], [112.69341, -7.37036], [112.6933, -7.37051], [112.69322000000011, -7.37065], [112.69267, -7.37158], [112.69248, -7.3719], [112.69194, -7.3728], [112.6914, -7.37371], [112.69135040000003, -7.373790799999938], [112.6912473000001, -7.373958799999969], [112.69105, -7.37428], [112.69073, -7.375], [112.69069960000002, -7.375057699999957], [112.6905766000001, -7.375291399999981], [112.69053, -7.37538], [112.69036, -7.37565], [112.69036, -7.37573], [112.69036, -7.37589], [112.68963, -7.37573], [112.6892600000001, -7.37563], [112.68915640000012, -7.375581299999965], [112.68905590000008, -7.375534], [112.68892, -7.37547], [112.68873, -7.37538], [112.68872040000008, -7.375380299999961], [112.68838, -7.37539], [112.68827880000003, -7.375384499999939], [112.68805370000007, -7.375372399999947], [112.68801, -7.37537], [112.68751, -7.3753], [112.6873266, -7.375277099999948], [112.68727, -7.37527], [112.68708760000004, -7.375238099999933], [112.68687000000011, -7.3752], [112.68654070000002, -7.375247], [112.6865365000001, -7.375251599999956], [112.68653870000003, -7.375247299999955], [112.68652, -7.37525], [112.68620420000002, -7.375357799999961], [112.68614990000003, -7.375376399999936], [112.68611, -7.37539], [112.68598, -7.3755], [112.6859028, -7.375574099999938], [112.68586410000012, -7.375611299999946], [112.68573, -7.37574], [112.68565, -7.37578], [112.68558, -7.37583], [112.68457, -7.37624], [112.6838, -7.3768], [112.68352, -7.37708], [112.68347, -7.37715], [112.6833, -7.37737], [112.68324, -7.37765], [112.68312, -7.37813], [112.68294, -7.37857], [112.6828, -7.37863], [112.6825, -7.37875], [112.68209790000003, -7.379033299999946], [112.68206, -7.37906], [112.682059, -7.379059799999936], [112.68202670000005, -7.379054], [112.68184710000003, -7.379039299999931], [112.68164210000009, -7.37909639999998], [112.68128780000006, -7.378995299999929], [112.681093, -7.379026799999963], [112.68068320000009, -7.379182], [112.68044720000012, -7.379188], [112.68018, -7.379066099999932], [112.67986130000008, -7.37889569999993], [112.67959430000008, -7.378830099999959], [112.679117, -7.378770499999973], [112.678732, -7.378710499999954], [112.6787002000001, -7.378729399999941], [112.67849230000002, -7.378686699999946], [112.67844990000003, -7.378815199999963], [112.67843040000002, -7.379170199999976], [112.67832810000004, -7.379163699999935], [112.67780990000006, -7.379130399999951], [112.6770742000001, -7.379072699999938], [112.67696350000006, -7.379057699999976], [112.67688610000005, -7.379058], [112.6766321, -7.379038], [112.67660760000001, -7.379036099999951], [112.67577270000004, -7.379296], [112.6754082000001, -7.379254599999967], [112.67515250000008, -7.379640599999959], [112.67498580000006, -7.379641299999946], [112.67495450000001, -7.379561899999942], [112.6748543000001, -7.379514699999959], [112.67484660000002, -7.379511099999945], [112.67474390000007, -7.379491], [112.67448710000008, -7.379407499999957], [112.67438470000002, -7.379417599999954], [112.67435410000007, -7.379411599999969], [112.67414320000012, -7.379357599999935], [112.6740148, -7.379301699999928], [112.67395320000003, -7.379296799999963], [112.67336790000002, -7.379176099999938], [112.673296, -7.379150799999934], [112.67324440000004, -7.379074199999934], [112.67317770000011, -7.379069299999969], [112.67311630000006, -7.379105399999958], [112.67305670000007, -7.379065], [112.67298540000002, -7.378985499999942], [112.67297380000002, -7.379008799999951], [112.6729209, -7.378973], [112.67276170000002, -7.378922299999942], [112.67266020000011, -7.378914899999927], [112.67264220000004, -7.378901199999973], [112.67249310000011, -7.378901799999937], [112.67238170000007, -7.378831599999955], [112.67229970000005, -7.378862599999934], [112.67223780000006, -7.378770699999961], [112.672171, -7.378724799999929], [112.67207360000009, -7.378745699999968], [112.672049, -7.378779499999951], [112.67204160000006, -7.378775099999928], [112.67181590000007, -7.378607399999964], [112.67164460000004, -7.379927399999929], [112.67168740000011, -7.380218499999955], [112.67143840000006, -7.380510699999945], [112.67119670000011, -7.381533099999956], [112.67119220000006, -7.381551899999977], [112.6711001000001, -7.381569], [112.6709763, -7.381615099999976], [112.67074560000003, -7.381667099999959], [112.67061230000002, -7.381609099999935], [112.67036940000003, -7.381553599999961], [112.6702375000001, -7.381587099999933], [112.67008830000009, -7.381490399999961], [112.66986770000005, -7.381486099999961], [112.66960060000008, -7.381389799999965], [112.66935940000008, -7.38135479999994], [112.66921560000003, -7.381324599999971], [112.66915620000009, -7.381367399999931], [112.669156, -7.381362], [112.66903230000003, -7.381362399999944], [112.66894180000008, -7.381310499999927], [112.66884670000002, -7.381318], [112.66882180000005, -7.381306799999948], [112.6687419000001, -7.381270899999947], [112.6686611, -7.381304499999942], [112.66857060000007, -7.381266799999935], [112.66848510000011, -7.38129559999993], [112.66830410000011, -7.381215599999962], [112.66812890000006, -7.381216199999926], [112.667397, -7.380983499999957], [112.6666983, -7.380892], [112.66632880000009, -7.380807499999946], [112.666256, -7.380834], [112.6659601, -7.380795199999966], [112.66545320000012, -7.380682599999943], [112.66518220000012, -7.380693099999974], [112.66499120000003, -7.380638899999951], [112.6646856000001, -7.380452699999978], [112.66446250000001, -7.380488699999944], [112.6644394000001, -7.38048219999996], [112.66396870000005, -7.380519599999957], [112.66371070000002, -7.380391499999973], [112.66312320000009, -7.380099899999948], [112.66276610000011, -7.379877299999976], [112.6627026000001, -7.379891099999952], [112.66266790000009, -7.37987389999995], [112.66211640000006, -7.379937699999971], [112.661555, -7.379875699999957], [112.66113130000008, -7.379834099999925], [112.6608556000001, -7.379807099999937], [112.66014160000009, -7.379648299999928], [112.65980850000005, -7.379616299999952], [112.6596389, -7.379616899999974], [112.65950410000005, -7.379617399999972], [112.65916670000001, -7.37967569999995], [112.65919910000002, -7.380713], [112.65919130000009, -7.381173599999954], [112.65917280000008, -7.381335099999944], [112.6589699000001, -7.381767899999943], [112.6588809000001, -7.382131399999935], [112.65883380000002, -7.382255], [112.65852830000006, -7.38322949999997], [112.65853790000006, -7.383253199999956], [112.658559, -7.383813399999951], [112.6585986, -7.384231099999965], [112.65862140000002, -7.384487499999977], [112.65862750000008, -7.384487599999943], [112.65862770000001, -7.384493199999952], [112.65842450000002, -7.384479299999953], [112.65409530000011, -7.384392899999966], [112.65414250000003, -7.384146199999975], [112.65418790000001, -7.383896399999969], [112.65419, -7.38385], [112.65421, -7.38366], [112.65422, -7.38351], [112.65424, -7.38213], [112.65426, -7.38147], [112.6542687000001, -7.381377199999974], [112.65432, -7.38083], [112.65433, -7.38045], [112.65432, -7.38035], [112.6541, -7.38032], [112.65375510000001, -7.380322399999955], [112.65310940000006, -7.380288299999961], [112.65256860000011, -7.380272299999945], [112.65150520000009, -7.38029419999998], [112.65125300000011, -7.380349199999955], [112.65103710000005, -7.380439899999942], [112.65060560000006, -7.380747399999962], [112.6505515, -7.38074759999995], [112.65037130000007, -7.380748299999937], [112.65031770000007, -7.380874499999948], [112.6501022000001, -7.381251199999951], [112.65006, -7.38125], [112.64992, -7.38124], [112.6498, -7.381222899999955], [112.64978, -7.38122], [112.64973670000006, -7.381300499999952], [112.64971, -7.38135], [112.64965, -7.38168], [112.64962390000005, -7.381875899999955], [112.64961, -7.38198], [112.64956, -7.3823], [112.64922, -7.38267], [112.64907, -7.38281], [112.64876, -7.38313], [112.64826, -7.38369], [112.64757, -7.38443], [112.64744, -7.38457], [112.6473999000001, -7.38458959999997], [112.64710920000005, -7.384732], [112.64701530000002, -7.384734499999979], [112.6464529000001, -7.384833499999957], [112.64643390000003, -7.384940099999938], [112.64639520000003, -7.384959599999945], [112.646381, -7.385071], [112.64575560000003, -7.385165299999926], [112.64571090000004, -7.384899099999927], [112.6451244000001, -7.385036899999932], [112.6447902000001, -7.38516409999994], [112.6447227000001, -7.385280499999965], [112.64464520000001, -7.385329199999944], [112.64454350000005, -7.385368399999948], [112.6444077000001, -7.385368899999946], [112.6444034000001, -7.385368099999937], [112.64439650000008, -7.385366899999951], [112.6440821000001, -7.385270099999957], [112.64406350000002, -7.385418], [112.64394620000007, -7.386348299999952], [112.64358790000006, -7.386768699999948], [112.64370880000001, -7.387027699999976], [112.64290970000002, -7.38717029999998], [112.64171870000007, -7.387406799999951], [112.6412716000001, -7.387495599999966], [112.64061230000004, -7.38759779999998], [112.63929380000002, -7.38786209999995], [112.63834230000009, -7.387960599999928], [112.63809480000009, -7.387986299999966], [112.63799570000003, -7.387860699999976], [112.63822, -7.38787], [112.63819, -7.38781], [112.63815260000001, -7.387729199999967], [112.63798330000009, -7.387766099999965], [112.63777590000007, -7.387467199999946], [112.63766240000007, -7.387205499999936], [112.637643, -7.387037], [112.63764270000001, -7.38694339999995], [112.63764220000007, -7.386812299999974], [112.63760480000008, -7.386766099999932], [112.637155, -7.386709399999972], [112.63701950000006, -7.386692299999936], [112.636952, -7.386297], [112.63675890000002, -7.386255299999959], [112.63674540000011, -7.386252399999933], [112.6367447, -7.386247799999978], [112.63658940000005, -7.386179499999969], [112.636569, -7.386003599999981], [112.6364516000001, -7.386031], [112.63622480000004, -7.386085399999956], [112.635784, -7.386321899999928], [112.63561510000011, -7.38641309999997], [112.6356277000001, -7.386474899999939], [112.63543420000008, -7.386623899999961], [112.63526120000006, -7.386702899999932], [112.635146, -7.386818699999935], [112.63501010000004, -7.386881], [112.634668, -7.387018199999943], [112.63439180000012, -7.387126299999977], [112.63421220000009, -7.387151499999959], [112.63421, -7.38715], [112.63416140000004, -7.387235], [112.63405000000012, -7.38743], [112.63377, -7.38791], [112.63325, -7.38882], [112.63312, -7.38905], [112.63308, -7.38912], [112.63297000000011, -7.38927], [112.63269, -7.38968], [112.63251, -7.38994], [112.63245, -7.39008], [112.63242, -7.39014], [112.6324, -7.39027], [112.63243000000011, -7.39048], [112.63247, -7.39063], [112.6325, -7.39097], [112.63248460000011, -7.391070299999967], [112.6324800000001, -7.3911], [112.63246, -7.39128], [112.6323900000001, -7.39147], [112.63234650000004, -7.391629399999943], [112.63233, -7.39169], [112.6322, -7.39201], [112.63204, -7.39233], [112.63135000000011, -7.39294], [112.63087, -7.39328], [112.63068, -7.39345], [112.63063000000011, -7.39352], [112.63062, -7.39363], [112.63068, -7.39382], [112.63069, -7.39389], [112.63068, -7.39397], [112.63028610000003, -7.394037], [112.63021, -7.39405], [112.62961, -7.39415], [112.62907, -7.39423], [112.62896, -7.39425], [112.62884, -7.39426], [112.62846, -7.39418], [112.62819, -7.39409], [112.62792, -7.3941], [112.62758, -7.39414], [112.6273943000001, -7.394161799999949], [112.62734750000004, -7.394167399999958], [112.62724, -7.39418], [112.6269400000001, -7.39413], [112.62673, -7.39409], [112.62646780000011, -7.394073099999957], [112.6264235000001, -7.394156], [112.626419, -7.394346399999961], [112.6264225000001, -7.394461899999953], [112.62640840000006, -7.394584699999939], [112.62640030000011, -7.394666399999949], [112.62621640000009, -7.394826299999977], [112.6260009, -7.394903099999965], [112.62579290000008, -7.395024], [112.62552640000001, -7.39511129999994], [112.62531720000004, -7.395206299999927], [112.62525810000011, -7.395249299999932], [112.62525720000008, -7.395252], [112.62514320000002, -7.395333899999969], [112.625072, -7.39566009999993], [112.6252300000001, -7.395917699999927], [112.62548790000005, -7.396157099999925], [112.62549, -7.39616], [112.62549, -7.39636], [112.62549780000006, -7.396402699999953], [112.625501, -7.396420399999954], [112.62551, -7.39647], [112.62557, -7.39671], [112.62566, -7.39685], [112.62569, -7.39692], [112.6257, -7.39704], [112.62569, -7.39724], [112.625688, -7.397267899999974], [112.6256800000001, -7.39738], [112.62567, -7.39744], [112.62563000000011, -7.39807], [112.62560130000008, -7.398411199999941], [112.62555, -7.39902], [112.62548, -7.39985], [112.62543, -7.40079], [112.62543, -7.40085], [112.62543, -7.40092], [112.62540700000011, -7.401226799999961], [112.6254, -7.40132], [112.62538, -7.40162], [112.6253345, -7.40192159999998], [112.62530420000007, -7.402122199999951], [112.62531480000007, -7.40212379999997], [112.62604890000011, -7.402233499999966], [112.62614860000008, -7.402244699999926], [112.62662950000004, -7.402320199999963], [112.62690090000001, -7.40236079999994], [112.62797260000002, -7.402500399999951], [112.6280547, -7.402199699999926], [112.62805670000012, -7.40218909999993], [112.62809320000008, -7.40193069999998], [112.62820030000012, -7.401481199999978], [112.62825590000011, -7.40146249999998], [112.6282615, -7.40144209999994], [112.6282900000001, -7.40145], [112.62829570000008, -7.401449099999979], [112.62848, -7.40142], [112.6288, -7.40143], [112.6295, -7.40141], [112.62967, -7.4014], [112.63029, -7.40138], [112.6304, -7.40137], [112.63049, -7.40138], [112.63058, -7.40138], [112.6308, -7.40137], [112.6311, -7.40136], [112.63167, -7.40134], [112.63214070000004, -7.40134779999994], [112.63227, -7.40135], [112.6323900000001, -7.40135], [112.63259, -7.40135], [112.63270000000011, -7.40135], [112.63278, -7.40135], [112.6328003000001, -7.401351399999953], [112.63334, -7.40139], [112.63414200000011, -7.401455599999963], [112.63441590000002, -7.401356799999974], [112.63455440000007, -7.401306899999952], [112.63473480000005, -7.401221799999973], [112.63505530000009, -7.40107439999997], [112.63511540000002, -7.401003699999933], [112.63518590000001, -7.400825599999962], [112.63526680000007, -7.400825299999951], [112.63527250000004, -7.400818499999957], [112.63529740000001, -7.400540299999932], [112.63529950000009, -7.400516599999946], [112.63577040000007, -7.400589499999967], [112.6361257000001, -7.400588199999959], [112.63614220000011, -7.400803399999972], [112.63614860000007, -7.400886799999967], [112.63614570000004, -7.400931], [112.636184, -7.401321], [112.63620330000003, -7.401612399999976], [112.6362041000001, -7.401612599999964], [112.63622550000002, -7.401677399999926], [112.63635580000005, -7.401971099999969], [112.63668590000009, -7.401981699999965], [112.6367464000001, -7.401981499999977], [112.63678660000005, -7.401992], [112.6368443, -7.401994499999944], [112.6369214, -7.402027299999929], [112.63694140000007, -7.402032599999927], [112.63695080000002, -7.402039899999977], [112.63706910000008, -7.402090299999941], [112.63708980000001, -7.402215399999932], [112.63712850000002, -7.402329899999927], [112.637886, -7.402396299999964], [112.63832750000006, -7.402433499999972], [112.63911480000002, -7.402508], [112.63911480000002, -7.402508799999964], [112.63925410000002, -7.402522599999941], [112.639254, -7.402538499999935], [112.63925390000009, -7.402617799999973], [112.63924220000001, -7.40277089999995], [112.63916940000001, -7.402991499999928], [112.63916660000007, -7.402998399999944], [112.6391595, -7.403015699999969], [112.63916, -7.40302], [112.63916110000002, -7.403031], [112.63918, -7.40323], [112.63923000000011, -7.40366], [112.63925, -7.40378], [112.63929, -7.40394], [112.63930080000011, -7.403961599999946], [112.63954080000008, -7.404214199999956], [112.63955050000004, -7.40428959999997], [112.63982480000004, -7.404392399999949], [112.63985360000004, -7.404496], [112.6398372000001, -7.405175099999951], [112.639782, -7.405571399999928], [112.63977870000008, -7.405645899999968], [112.6399861000001, -7.405669199999977], [112.64016470000001, -7.405713], [112.64040000000011, -7.405731899999978], [112.64053880000006, -7.405753699999934], [112.64070030000005, -7.405786599999942], [112.64078920000009, -7.405804699999976], [112.64078780000011, -7.405813299999977], [112.6407723000001, -7.405906099999982], [112.6406799, -7.40638249999995], [112.64064350000001, -7.406587799999954], [112.64058030000001, -7.406920599999978], [112.6406750000001, -7.407058799999959], [112.6406869000001, -7.407061099999964], [112.64067000000011, -7.40713], [112.64139000000011, -7.40727], [112.6419, -7.40737], [112.64311, -7.40763], [112.64332, -7.40767], [112.64343, -7.40768], [112.64358, -7.40768], [112.64365, -7.40765], [112.64372, -7.40755], [112.64379, -7.40734], [112.6439, -7.40717], [112.64390250000008, -7.407167799999968], [112.64391940000007, -7.407028699999955], [112.64409780000005, -7.406956699999967], [112.64492070000006, -7.407167699999945], [112.64631610000004, -7.407590699999957], [112.64710250000007, -7.407623399999977], [112.64738690000001, -7.407194199999935], [112.64752890000011, -7.406944], [112.64767350000011, -7.406937699999958], [112.64783000000011, -7.40688], [112.64861, -7.40681], [112.64881, -7.4068], [112.64937, -7.40676], [112.64991, -7.40678], [112.65003, -7.40678], [112.65008120000005, -7.406791799999951], [112.65016, -7.40681], [112.65017750000004, -7.40682529999998], [112.6502468000001, -7.407362], [112.65027510000004, -7.40755489999998], [112.65027680000003, -7.407554199999936], [112.65028, -7.40758], [112.65037, -7.4077], [112.65057, -7.40776], [112.65126, -7.40798], [112.65179, -7.4081], [112.65237, -7.40825], [112.65272170000003, -7.408357], [112.65408, -7.40877], [112.65457, -7.40892], [112.65467, -7.40895], [112.65505, -7.40905], [112.65526000000011, -7.40907], [112.65565, -7.40899], [112.65586, -7.40902], [112.6561200000001, -7.40908], [112.65647, -7.40908], [112.657, -7.40909], [112.65745, -7.40914], [112.6577400000001, -7.4092], [112.65842, -7.40938], [112.65868000000012, -7.40947], [112.65883, -7.40956], [112.65899, -7.40971], [112.65913, -7.4099], [112.65922, -7.41006], [112.6595, -7.41032], [112.65965, -7.41052], [112.65985, -7.41075], [112.65985280000007, -7.410779699999978], [112.65986190000001, -7.411020299999961], [112.65987730000006, -7.411182199999928], [112.6598289000001, -7.411403299999961], [112.65977090000001, -7.411678499999937], [112.65969860000007, -7.412056699999937], [112.65935090000005, -7.412445799999944], [112.65918070000009, -7.412961899999971], [112.65905050000003, -7.413652099999979], [112.658896, -7.414413599999932], [112.65877050000006, -7.415039899999954], [112.65878370000007, -7.41513029999993], [112.65877200000011, -7.41516839999997], [112.6584997000001, -7.416053499999975], [112.65849230000003, -7.416077599999937], [112.6581758000001, -7.416426699999931], [112.658072, -7.41669909999996], [112.657968, -7.416919099999973], [112.65795980000007, -7.417505], [112.65786690000004, -7.417881899999941], [112.65776360000007, -7.418300699999975], [112.65776370000003, -7.418310799999972], [112.6577400000001, -7.41837], [112.657624, -7.418830699999944], [112.65739, -7.41976], [112.65712, -7.42079], [112.6570200000001, -7.42112], [112.65699, -7.42123], [112.65763, -7.42145], [112.6579, -7.42153], [112.65912, -7.42195], [112.65959, -7.42208], [112.6599000000001, -7.42219], [112.66012, -7.42228], [112.66098000000011, -7.42252], [112.66145, -7.42267], [112.66231, -7.42295], [112.66299, -7.42317], [112.66345, -7.42331], [112.66368540000008, -7.423364899999967], [112.66368520000003, -7.423325299999931], [112.66418190000002, -7.422281699999928], [112.66442710000001, -7.422327299999949], [112.66450220000002, -7.422354199999972], [112.66450750000001, -7.422346699999935], [112.66516060000004, -7.422595099999967], [112.66523170000005, -7.422618499999942], [112.66544210000006, -7.422680399999933], [112.66616020000004, -7.422849099999951], [112.66642460000003, -7.422931299999959], [112.66652110000007, -7.422943699999962], [112.66698420000012, -7.423056299999928], [112.66758230000005, -7.423173399999939], [112.66806470000006, -7.42325429999994], [112.6682588000001, -7.423292299999957], [112.66861390000008, -7.423329599999931], [112.66861660000006, -7.42333], [112.6687098000001, -7.423343099999954], [112.66871960000003, -7.423344499999928], [112.66922250000005, -7.423415299999931], [112.6697971000001, -7.423510799999974], [112.66987670000003, -7.423572299999933], [112.67047800000012, -7.423688599999934], [112.67053640000006, -7.42370219999998], [112.67072080000003, -7.423734499999966], [112.67083750000006, -7.423772], [112.67088430000001, -7.42378709999997], [112.67079410000008, -7.424031099999979], [112.670804, -7.424034099999972], [112.670924, -7.424069899999949], [112.671276, -7.424175199999979], [112.672242, -7.424422899999968], [112.67207, -7.425068899999928], [112.67196080000008, -7.425421699999958], [112.67187260000003, -7.425719199999946], [112.67182660000003, -7.425927399999978], [112.67177150000009, -7.426114199999972], [112.67198150000002, -7.42619], [112.67220350000002, -7.426270099999954], [112.6727039000001, -7.42643019999997], [112.67299730000002, -7.426437599999929], [112.67309000000012, -7.42644], [112.6733273000001, -7.42650139999995], [112.6735000000001, -7.42658], [112.67365, -7.42661], [112.67375, -7.42667], [112.67388, -7.42673], [112.67394020000006, -7.426768699999968], [112.67402, -7.42682], [112.67453, -7.42693], [112.67472850000001, -7.426973199999964], [112.6747600000001, -7.42698], [112.67499, -7.42707], [112.67560010000011, -7.427134699999954], [112.67561460000002, -7.427063899999951], [112.675626, -7.42695759999998], [112.67565760000002, -7.426724499999978], [112.6756775, -7.426512], [112.6756941000001, -7.42620519999997], [112.6757166000001, -7.425919], [112.67577010000002, -7.425202], [112.6758168, -7.424278499999957], [112.67586630000005, -7.423301899999956], [112.67587630000003, -7.423134699999935], [112.6758996000001, -7.422744299999977], [112.67600840000011, -7.421805799999959], [112.67613270000004, -7.421870299999966], [112.67660890000002, -7.421959899999933], [112.67684250000002, -7.422003299999972], [112.67720040000006, -7.422084499999926], [112.67757590000008, -7.422145], [112.67831230000002, -7.422295599999927], [112.6786168000001, -7.422318099999927], [112.67889470000011, -7.422352399999966], [112.67904830000009, -7.422348899999974], [112.679054, -7.422336799999925], [112.67907180000009, -7.422298699999942], [112.67929750000008, -7.42182], [112.67934, -7.42178], [112.67945, -7.42179], [112.67988, -7.42182], [112.68021170000009, -7.421848799999964], [112.6805700000001, -7.42188], [112.68078, -7.4219], [112.68096, -7.42192], [112.68108730000006, -7.421564], [112.68117550000011, -7.421569499999976], [112.68150980000007, -7.421590299999934], [112.6816665, -7.4216], [112.68277810000006, -7.421730899999943], [112.682779, -7.421749199999965], [112.6827813000001, -7.421798499999966], [112.68281370000011, -7.422470499999974], [112.68306490000009, -7.422466099999951], [112.68306330000007, -7.422473299999979], [112.68346630000008, -7.422526399999981], [112.68381840000006, -7.422564099999931], [112.68403760000001, -7.422606199999962], [112.68430760000001, -7.422659799999963], [112.68448, -7.42274], [112.68517, -7.42295], [112.6855839000001, -7.423041499999954], [112.68595950000008, -7.423067399999979], [112.6859558000001, -7.423160799999948], [112.685931, -7.42380129999998], [112.68613510000012, -7.423999699999968], [112.68638990000011, -7.424147], [112.68647240000007, -7.424244299999941], [112.68662170000005, -7.424442799999952], [112.68666140000005, -7.424594899999931], [112.68670170000007, -7.424895299999946], [112.6867966000001, -7.425176], [112.6869501000001, -7.42544479999998], [112.68702130000008, -7.425635799999952], [112.68708, -7.42581], [112.68707430000006, -7.426184199999966], [112.68707110000003, -7.426392899999939], [112.6870133000001, -7.426635199999964], [112.68698560000007, -7.426736], [112.68692850000002, -7.426943899999969], [112.6868161000001, -7.427213699999982], [112.68683450000003, -7.427232599999968], [112.68691, -7.42731], [112.68758590000004, -7.42743749999994], [112.68786180000006, -7.427489599999944], [112.68795160000002, -7.427503699999932], [112.69009690000007, -7.427840699999933], [112.691529, -7.42807629999993], [112.69207240000003, -7.42815109999998], [112.69203830000004, -7.428072499999928], [112.69202640000003, -7.427920699999959], [112.69209910000006, -7.427768499999956], [112.6920927000001, -7.427577399999961], [112.69213650000006, -7.427239799999938], [112.69210770000007, -7.427082399999961], [112.69218580000006, -7.426879699999972], [112.69225190000009, -7.426488499999948], [112.69233040000006, -7.42637579999996], [112.69229530000007, -7.426049699999965], [112.69229910000001, -7.425554799999929], [112.692782, -7.425131199999953], [112.69276420000006, -7.424903499999971], [112.69281820000003, -7.424295899999947], [112.69290050000006, -7.42370509999995], [112.69293080000011, -7.423265899999933], [112.69289650000007, -7.423235699999964], [112.69293620000008, -7.423092899999972], [112.69293880000009, -7.423083799999972]]] 
      }
    },
    {
      "type": "Feature",
      "properties": {
        "district_id": "3515110",
        "province": "Jawa Timur",
        "regency": "Sidoarjo",
        "district": "Sidoarjo",
        "pria": 99232,
        "wanita": 100938,
        "total_penduduk": 200170
      },
      "geometry": {
        "type": "Polygon",
        "coordinates": [[[112.7057089000001, -7.457730099999935], [112.70563980000009, -7.45782], [112.70560560000001, -7.457871599999976], [112.70554860000004, -7.457934699999953], [112.70541750000007, -7.458132599999942], [112.70527240000001, -7.458396199999981], [112.70518160000006, -7.45862539999996], [112.70514490000005, -7.458762799999931], [112.70512840000004, -7.458948799999973], [112.70511190000002, -7.459117599999956], [112.70509690000006, -7.459187699999973], [112.70508370000005, -7.459249199999931], [112.70493650000003, -7.459696], [112.70472670000004, -7.460285899999974], [112.70444080000004, -7.461179299999969], [112.70445770000003, -7.461221099999932], [112.70448130000011, -7.461279299999944], [112.70448460000011, -7.461399399999948], [112.70445940000002, -7.461461799999938], [112.70445710000001, -7.461467499999969], [112.70445760000007, -7.461468], [112.70443150000006, -7.461521], [112.70443210000008, -7.461522099999968], [112.70443180000007, -7.461522399999978], [112.70411810000007, -7.462835], [112.70411820000004, -7.46283829999993], [112.7041091000001, -7.462874299999953], [112.70410820000006, -7.462874099999965], [112.70404440000004, -7.463157099999933], [112.70396050000011, -7.463692199999969], [112.70375030000002, -7.464891399999942], [112.70348080000008, -7.466339499999947], [112.7035307000001, -7.466343], [112.703527, -7.46637839999994], [112.70388340000011, -7.466405299999963], [112.7040058, -7.466409399999975], [112.704227, -7.466416799999934], [112.70528210000009, -7.466542299999958], [112.70534830000008, -7.466956499999981], [112.7054012000001, -7.466951299999948], [112.70560810000006, -7.466930599999955], [112.70566860000008, -7.466930399999967], [112.70570440000006, -7.46699069999994], [112.705893, -7.466975699999978], [112.70593580000002, -7.466989799999965], [112.70596120000005, -7.467043199999978], [112.705983, -7.467050299999926], [112.70615670000007, -7.467052899999942], [112.70631330000003, -7.467055799999969], [112.70643080000002, -7.467069599999945], [112.70658390000006, -7.467076099999929], [112.70670860000007, -7.467107599999963], [112.70677630000012, -7.467118], [112.70742490000009, -7.466865], [112.70778740000003, -7.466707299999939], [112.7081108000001, -7.466578099999936], [112.708164, -7.46656059999998], [112.70819, -7.46645], [112.70836, -7.46643], [112.70849, -7.46645], [112.70850650000011, -7.466447499999958], [112.70851620000008, -7.466444299999978], [112.70901450000008, -7.466335299999969], [112.70938740000008, -7.466202099999975], [112.7099756, -7.465974899999935], [112.7100977, -7.465916599999957], [112.71024240000008, -7.465861399999937], [112.71041930000001, -7.465819], [112.71065110000006, -7.465841499999954], [112.71088640000005, -7.465891099999965], [112.711157, -7.465938199999925], [112.711315, -7.465973], [112.71147280000002, -7.466007699999977], [112.7115166000001, -7.466007], [112.71161250000011, -7.466005499999937], [112.71173990000011, -7.466003399999977], [112.71253, -7.46629], [112.71275880000007, -7.466391499999929], [112.712994, -7.466458099999954], [112.71316790000003, -7.466470199999947], [112.71359630000006, -7.466513599999928], [112.7138668, -7.466535], [112.7139251000001, -7.466518099999973], [112.7138433, -7.466820299999938], [112.71384920000003, -7.466820799999937], [112.71386780000012, -7.46682519999996], [112.714645, -7.467007099999933], [112.71514740000009, -7.467114099999947], [112.71526890000007, -7.46713989999995], [112.71533220000003, -7.467162199999962], [112.71555830000011, -7.46722], [112.71572, -7.46726], [112.71626, -7.46736], [112.71637890000011, -7.467379799999946], [112.71656, -7.46741], [112.71659000000011, -7.46721], [112.71659180000006, -7.467195799999956], [112.71667720000005, -7.467209599999933], [112.71691720000001, -7.467251099999942], [112.716919, -7.467332299999953], [112.71714770000006, -7.46741389999994], [112.71742230000007, -7.467506199999946], [112.7175995, -7.467569699999956], [112.71760590000008, -7.467577399999925], [112.71771030000002, -7.467702699999961], [112.7178388000001, -7.46775219999995], [112.71805670000003, -7.467812199999969], [112.71812090000003, -7.467840799999976], [112.71835090000002, -7.467943499999933], [112.7186276000001, -7.468024899999932], [112.71865390000005, -7.468077], [112.71870620000004, -7.46809849999994], [112.718739, -7.468152599999939], [112.718983, -7.468208199999935], [112.71901530000002, -7.468121199999928], [112.71926790000009, -7.468168], [112.71940990000007, -7.467767799999933], [112.7195862000001, -7.467782299999953], [112.71973, -7.4677], [112.71980890000009, -7.467660599999931], [112.71987, -7.46763], [112.720315, -7.467494599999952], [112.7203300000001, -7.46749], [112.72044190000008, -7.467502399999944], [112.72049890000005, -7.467478099999937], [112.72051480000005, -7.467510899999979], [112.72056070000008, -7.46751949999998], [112.72067, -7.46754], [112.72068070000012, -7.467561299999943], [112.72091290000003, -7.467564399999958], [112.72110270000007, -7.467563599999949], [112.72135130000004, -7.467594199999951], [112.72161810000011, -7.467665299999965], [112.72165430000007, -7.467687699999942], [112.72162450000008, -7.468143199999929], [112.72154, -7.468490699999961], [112.72143740000001, -7.468815799999959], [112.72138390000009, -7.469014399999935], [112.72131310000009, -7.469375399999933], [112.72123450000004, -7.469779099999926], [112.72143620000008, -7.469791899999962], [112.72157, -7.46982], [112.72229210000012, -7.469913399999939], [112.72238140000002, -7.469925], [112.72327, -7.47004], [112.7244396000001, -7.470215399999972], [112.724478, -7.470213199999932], [112.72457630000008, -7.470207399999936], [112.725071, -7.470336499999974], [112.72568940000008, -7.470511299999941], [112.72572990000003, -7.470521699999949], [112.72635, -7.47068], [112.72681000000011, -7.47081], [112.7274208, -7.470997799999964], [112.72744460000001, -7.47100729999994], [112.7274450000001, -7.471007499999928], [112.72749550000003, -7.471027799999945], [112.72748990000002, -7.471068], [112.72772, -7.471095], [112.727889, -7.471101499999975], [112.7280915, -7.47110779999997], [112.72822240000005, -7.471116799999947], [112.72843920000003, -7.471127799999977], [112.7287265000001, -7.471151], [112.72885440000005, -7.471154299999966], [112.72898730000009, -7.471157799999958], [112.729081, -7.471110599999975], [112.72915110000008, -7.471034799999927], [112.7291924000001, -7.470930599999974], [112.72917610000002, -7.470758799999942], [112.72911560000011, -7.47062109999996], [112.72911490000001, -7.470452], [112.72916440000006, -7.470448699999963], [112.72919190000005, -7.47045449999996], [112.72936140000002, -7.470489899999961], [112.73038850000012, -7.470704599999976], [112.7303339, -7.471418], [112.73072590000004, -7.471497799999952], [112.73086110000008, -7.471525199999974], [112.730815, -7.471744099999967], [112.73089860000005, -7.471780199999955], [112.730964, -7.471842399999957], [112.73104510000007, -7.471896699999945], [112.73119120000001, -7.47192739999997], [112.73127990000012, -7.471921799999961], [112.73147840000001, -7.472001699999964], [112.73154370000009, -7.472030099999927], [112.73159120000003, -7.472148499999946], [112.73160150000001, -7.472161899999946], [112.7316277000001, -7.472185899999943], [112.73167210000008, -7.47220139999996], [112.73184440000011, -7.472229299999981], [112.73217570000008, -7.472267099999954], [112.7322468000001, -7.472318], [112.7322613, -7.472319599999935], [112.73241140000005, -7.472487399999977], [112.73242160000007, -7.472510499999942], [112.73247470000001, -7.472631499999977], [112.73243980000007, -7.472887499999956], [112.73243910000008, -7.472892399999978], [112.73260270000003, -7.472930599999927], [112.73268230000008, -7.47294919999996], [112.73286740000003, -7.472944599999948], [112.73310270000002, -7.47297059999994], [112.73335350000002, -7.473004299999957], [112.7336199, -7.473064799999975], [112.73371530000009, -7.473091199999942], [112.7337434000001, -7.473099], [112.73376340000004, -7.47311], [112.73385330000008, -7.473153199999956], [112.7339081, -7.473145199999976], [112.73395710000011, -7.473025299999961], [112.73417940000002, -7.472522099999935], [112.73421030000009, -7.472428299999933], [112.7342516000001, -7.472308399999974], [112.73427220000008, -7.472253599999931], [112.73427840000011, -7.47225839999993], [112.7343403000001, -7.472305399999925], [112.73446320000005, -7.472403799999938], [112.734578, -7.472421599999961], [112.73472420000007, -7.47244969999997], [112.73476820000008, -7.472433299999977], [112.73489840000002, -7.472326599999974], [112.73494740000001, -7.472309499999938], [112.7350143000001, -7.472338], [112.73501560000011, -7.472337299999936], [112.7351182000001, -7.472373], [112.73533110000005, -7.472478199999955], [112.7353448, -7.472460199999944], [112.7353955000001, -7.472072199999957], [112.73568280000006, -7.472198599999956], [112.73585770000011, -7.472244799999942], [112.73611340000002, -7.472275], [112.73609570000008, -7.472413], [112.73641380000004, -7.472419599999967], [112.73663010000007, -7.472361499999977], [112.73673170000006, -7.472337699999969], [112.73679680000009, -7.472332199999926], [112.73690650000003, -7.472365599999932], [112.73728190000008, -7.472338099999945], [112.737493, -7.472313799999938], [112.73763910000002, -7.47232889999998], [112.73777460000008, -7.472302299999967], [112.73791010000002, -7.472275799999977], [112.73796870000001, -7.472284199999933], [112.73800670000003, -7.47213], [112.73844670000005, -7.472170399999925], [112.7387179000001, -7.472169299999962], [112.73887450000007, -7.472150699999929], [112.7390008000001, -7.472084], [112.73909720000006, -7.472077599999977], [112.739188, -7.472179499999982], [112.739215, -7.472210799999971], [112.73926060000008, -7.472263399999974], [112.73992350000003, -7.472284899999977], [112.74185240000008, -7.472445099999959], [112.74219530000005, -7.471527099999946], [112.74425050000002, -7.471627299999966], [112.744248, -7.47249329999994], [112.74422360000005, -7.473188099999959], [112.74464580000006, -7.473276599999963], [112.74492920000012, -7.473323599999958], [112.745116, -7.473340899999926], [112.74530890000005, -7.47335819999995], [112.74545360000002, -7.473369699999978], [112.74558020000006, -7.473369199999979], [112.74564040000007, -7.473368899999969], [112.74574890000008, -7.473368499999935], [112.745773, -7.47336839999997], [112.74587410000004, -7.473318799999959], [112.7458726000001, -7.473411099999964], [112.74586570000008, -7.473441299999934], [112.7458739000001, -7.473435699999925], [112.74608030000002, -7.473314099999925], [112.74624370000004, -7.473169299999938], [112.74630940000009, -7.473005399999977], [112.74638670000002, -7.472814099999937], [112.74645320000002, -7.472860599999933], [112.74650820000011, -7.472930499999961], [112.74654770000006, -7.473062899999945], [112.74662790000002, -7.473580699999957], [112.74695, -7.47369], [112.7472881000001, -7.473698899999931], [112.74772120000011, -7.473658199999932], [112.74817020000012, -7.473679799999957], [112.7483069000001, -7.473694899999941], [112.74839280000003, -7.473706199999981], [112.74850430000004, -7.473709299999939], [112.74851780000006, -7.47370959999995], [112.74868960000003, -7.473732299999938], [112.74892000000011, -7.47381], [112.7490375000001, -7.473837099999969], [112.74906780000003, -7.473843], [112.74914180000007, -7.473855699999945], [112.74927370000012, -7.473878299999967], [112.7494, -7.4739], [112.74979, -7.47396], [112.74999, -7.47399], [112.75000670000009, -7.473994799999957], [112.75006650000012, -7.474011899999937], [112.7503736000001, -7.474099699999954], [112.75075230000004, -7.474106], [112.75105610000003, -7.47392549999995], [112.75133240000002, -7.473927599999968], [112.75138120000008, -7.473915499999976], [112.75143250000008, -7.47390809999996], [112.75168790000009, -7.473782799999981], [112.75176210000006, -7.473871499999973], [112.75183830000003, -7.47392659999997], [112.75194420000003, -7.474088299999949], [112.75194480000005, -7.474096299999928], [112.75195860000008, -7.474116799999933], [112.75196720000008, -7.474331], [112.75196460000006, -7.47435379999996], [112.7519721000001, -7.474450599999955], [112.75194420000003, -7.474885399999948], [112.75194950000002, -7.474891399999933], [112.7520664000001, -7.47494469999998], [112.75213250000002, -7.474947899999961], [112.75225450000005, -7.47490259999995], [112.75241040000003, -7.474851399999977], [112.75255460000005, -7.474792299999933], [112.75274550000006, -7.474690299999963], [112.75292070000012, -7.474572699999953], [112.75299860000007, -7.474513899999977], [112.75300190000007, -7.47438539999996], [112.75324, -7.47437], [112.75336, -7.47436], [112.75358, -7.47437], [112.75363450000009, -7.474429599999951], [112.75363490000007, -7.474437499999965], [112.753689, -7.474450599999955], [112.75367230000006, -7.474768399999959], [112.75378240000009, -7.474950099999944], [112.7538631000001, -7.474966399999971], [112.75392540000007, -7.474923299999944], [112.7539207000001, -7.474744], [112.75402620000011, -7.474759199999937], [112.75415120000002, -7.47476649999993], [112.75425180000002, -7.474540099999956], [112.75428380000005, -7.474562299999945], [112.75428820000002, -7.474553699999944], [112.75447780000002, -7.474682], [112.75455610000006, -7.474781599999972], [112.75470610000002, -7.474927899999955], [112.75479220000011, -7.474978299999975], [112.75508520000005, -7.47501989999995], [112.755156, -7.475047599999925], [112.75522480000006, -7.475055399999974], [112.75527780000004, -7.475095299999964], [112.75529240000003, -7.475100899999973], [112.75533890000008, -7.475127199999974], [112.75534070000003, -7.47511929999996], [112.75537670000006, -7.475148599999955], [112.7554841000001, -7.47520929999996], [112.75561010000001, -7.475337199999956], [112.75564640000005, -7.47536359999998], [112.75594130000002, -7.475336], [112.75620290000006, -7.475346699999932], [112.75645, -7.47538], [112.75654, -7.47538], [112.75671000000011, -7.4754], [112.75687430000005, -7.475324499999942], [112.75707720000003, -7.475300299999958], [112.75712650000003, -7.475501], [112.75718720000009, -7.47565979999996], [112.75744, -7.47596], [112.75750190000008, -7.476074], [112.7575998000001, -7.476155399999925], [112.75770690000002, -7.476359599999967], [112.75772, -7.476357399999927], [112.757889, -7.476224399999978], [112.75802120000003, -7.476107], [112.75840030000006, -7.476206799999943], [112.75879110000005, -7.476322099999948], [112.75878950000003, -7.47633019999995], [112.75882030000002, -7.476337599999965], [112.75868090000006, -7.477090099999941], [112.75865580000004, -7.477271299999927], [112.75858720000008, -7.47736139999995], [112.7585769000001, -7.477413899999931], [112.75871010000003, -7.477538], [112.75873310000009, -7.477567299999976], [112.75875620000011, -7.47758349999998], [112.75881190000007, -7.477650399999959], [112.75881190000007, -7.477763799999934], [112.75898, -7.47779], [112.75926560000005, -7.47783579999998], [112.7598200000001, -7.47791], [112.76007410000011, -7.477949499999966], [112.76007730000003, -7.477762399999961], [112.76008050000007, -7.477587099999937], [112.76001310000004, -7.477326299999959], [112.7602902000001, -7.477321299999971], [112.76108270000009, -7.477326], [112.76119990000007, -7.477348899999981], [112.76172660000009, -7.477268799999933], [112.76225380000005, -7.477321299999971], [112.76257410000005, -7.477355099999954], [112.7623933000001, -7.478022], [112.76232820000007, -7.478345699999977], [112.76219720000006, -7.478778699999964], [112.7621289000001, -7.479262099999971], [112.76221980000003, -7.47955], [112.76228, -7.479962799999953], [112.76236910000011, -7.480753399999969], [112.76264030000004, -7.481212], [112.76285110000003, -7.481211199999962], [112.76296090000005, -7.481351], [112.76289110000005, -7.481456499999979], [112.76289, -7.48165], [112.76286, -7.4819], [112.76287, -7.48221], [112.76286, -7.48227], [112.76293, -7.4823], [112.763, -7.48236], [112.76308, -7.48242], [112.76315000000011, -7.48247], [112.76319610000007, -7.482550099999969], [112.76320610000005, -7.482644199999982], [112.76326590000008, -7.482706399999927], [112.76341090000005, -7.48281789999993], [112.76361150000002, -7.482823499999938], [112.76364050000007, -7.482822299999953], [112.7637863000001, -7.482742499999972], [112.76392680000004, -7.482722499999966], [112.76402, -7.48278], [112.76410890000011, -7.482871099999954], [112.764247, -7.482968399999947], [112.76437050000004, -7.483074599999952], [112.76441240000008, -7.483106299999974], [112.76470230000007, -7.483354499999962], [112.76472940000008, -7.483395299999927], [112.764732, -7.483397599999932], [112.76473650000003, -7.48340589999998], [112.76480830000003, -7.483513799999969], [112.7648177000001, -7.483554799999979], [112.76483230000008, -7.48358159999998], [112.76488250000011, -7.483860299999947], [112.76478770000006, -7.484244899999965], [112.76472080000008, -7.48444], [112.76449230000003, -7.484534799999949], [112.7642972000001, -7.484562699999969], [112.76419690000012, -7.484646299999952], [112.76406310000004, -7.484969599999943], [112.76414660000012, -7.485097199999927], [112.764155, -7.485102099999949], [112.76443230000007, -7.485143899999969], [112.7645692000001, -7.485213499999929], [112.76457270000003, -7.485220199999958], [112.76457590000007, -7.485220499999969], [112.76472360000002, -7.485446199999956], [112.7647627, -7.485602299999925], [112.76493550000009, -7.485847599999943], [112.7649798000001, -7.485896199999956], [112.765072, -7.485979], [112.76528410000003, -7.486297599999943], [112.7652991000001, -7.486330299999963], [112.76530900000012, -7.486343699999964], [112.76541490000011, -7.48655], [112.76550410000004, -7.486667], [112.76553380000007, -7.486753], [112.76558280000006, -7.486814599999946], [112.76569630000006, -7.486888199999953], [112.76598930000011, -7.486922099999958], [112.7661845, -7.486944699999981], [112.766238, -7.48700139999994], [112.76628730000004, -7.487032199999931], [112.76633740000011, -7.487143699999933], [112.76635420000002, -7.487310899999954], [112.76638250000008, -7.48741], [112.76664390000008, -7.487601299999938], [112.76701, -7.48773], [112.76715180000008, -7.487692799999934], [112.76725310000006, -7.487653399999942], [112.7674287000001, -7.48761369999994], [112.76758460000008, -7.487574099999961], [112.767713, -7.48746449999993], [112.76786090000007, -7.487347099999965], [112.76798170000006, -7.48729979999996], [112.76809, -7.48737], [112.76822830000003, -7.48746639999996], [112.76845150000008, -7.487621299999944], [112.76860030000012, -7.487736799999936], [112.7687317000001, -7.487798699999928], [112.76884380000001, -7.487851], [112.76910830000008, -7.487871899999959], [112.76920990000008, -7.487898799999925], [112.76925720000008, -7.487996], [112.76925760000006, -7.488001699999927], [112.7693114000001, -7.488105299999972], [112.76926680000008, -7.488294799999949], [112.76928350000003, -7.488434199999972], [112.76931030000003, -7.488523399999963], [112.76934540000002, -7.48858789999997], [112.76934970000002, -7.48867359999997], [112.76934910000011, -7.488674199999934], [112.769356, -7.488701699999979], [112.76923340000008, -7.488790899999969], [112.76910520000001, -7.488841099999945], [112.76906560000009, -7.488910799999928], [112.76905410000006, -7.488976699999967], [112.76908260000005, -7.4891], [112.76914140000008, -7.489286099999958], [112.76915780000002, -7.489343199999951], [112.76926960000003, -7.489618699999937], [112.76941450000004, -7.489847299999951], [112.76946790000011, -7.489888099999973], [112.76953030000004, -7.489907899999935], [112.76976040000011, -7.489836899999943], [112.76989230000004, -7.489625899999965], [112.77006740000002, -7.489485], [112.77026250000006, -7.489464699999928], [112.77040740000007, -7.489577099999963], [112.7704705000001, -7.48974439999995], [112.77046970000004, -7.489766199999963], [112.77051830000005, -7.489858399999946], [112.77047930000003, -7.490109299999972], [112.77053940000008, -7.490208499999937], [112.77060530000006, -7.490242599999931], [112.77070680000008, -7.490257699999972], [112.77092, -7.49028], [112.77107790000002, -7.490303], [112.7711925000001, -7.490410199999928], [112.77120950000005, -7.490415899999959], [112.77123270000004, -7.490457699999979], [112.77130540000007, -7.490578699999958], [112.77130610000006, -7.490590699999927], [112.77132660000007, -7.490627699999948], [112.77133770000012, -7.490800499999978], [112.77134890000002, -7.491090399999962], [112.7714492, -7.491213], [112.771622, -7.491441599999973], [112.77165860000002, -7.491506099999981], [112.77166050000005, -7.491508499999952], [112.771675, -7.491535099999965], [112.77171680000004, -7.491608799999938], [112.77183390000005, -7.491770499999973], [112.77188930000011, -7.491891399999929], [112.77209, -7.49188], [112.77237510000009, -7.491680199999962], [112.77254030000006, -7.491584099999955], [112.77273800000012, -7.491627799999947], [112.7730183000001, -7.491729299999975], [112.7730673000001, -7.491741599999955], [112.7733300000001, -7.49175], [112.77347720000012, -7.491656699999965], [112.77358430000004, -7.491370099999926], [112.7736916, -7.491121699999951], [112.77386880000006, -7.490822099999946], [112.7738399000001, -7.49065289999993], [112.77380890000006, -7.490589099999966], [112.7737016000001, -7.490422199999955], [112.7736241, -7.490174499999966], [112.77362960000005, -7.489945599999942], [112.77373080000007, -7.489767099999938], [112.77378110000006, -7.489614299999971], [112.77372, -7.489433899999938], [112.7737125000001, -7.489423599999952], [112.77354240000011, -7.489253599999927], [112.77340310000011, -7.489125399999978], [112.77323580000007, -7.489025], [112.77314660000002, -7.488896799999964], [112.77314440000009, -7.488887499999976], [112.7731027000001, -7.488847599999929], [112.7731275000001, -7.488675799999953], [112.77334310000003, -7.48843329999994], [112.77337450000005, -7.48832509999994], [112.7733118000001, -7.488139899999965], [112.7732989000001, -7.488124099999936], [112.77290070000004, -7.48774839999993], [112.77270220000003, -7.487488499999927], [112.77242460000002, -7.486605699999927], [112.77238280000006, -7.486468], [112.77234950000002, -7.486393899999939], [112.77231640000002, -7.486249099999952], [112.77229550000004, -7.486180199999978], [112.7723112000001, -7.486104599999976], [112.77231610000001, -7.486031599999933], [112.772375, -7.48579], [112.77238060000002, -7.485770099999968], [112.77238920000002, -7.485728399999971], [112.7724392, -7.48546749999997], [112.77243990000011, -7.485465399999953], [112.77244470000005, -7.485420699999963], [112.77250040000001, -7.485288299999979], [112.77250460000005, -7.485285099999942], [112.77255910000008, -7.485193599999945], [112.77258590000008, -7.485042899999939], [112.77259790000005, -7.48504719999994], [112.77274360000001, -7.485122899999965], [112.772973, -7.485128299999928], [112.77317630000005, -7.484994], [112.773322, -7.48477719999994], [112.7733349, -7.484723199999962], [112.77334010000004, -7.484574099999975], [112.77337840000007, -7.484542499999975], [112.7733909000001, -7.484490799999946], [112.77345060000005, -7.484483099999977], [112.77345850000006, -7.484476599999937], [112.77354910000008, -7.484455699999955], [112.77359160000003, -7.484464899999978], [112.7736456, -7.484457899999938], [112.773936, -7.484523599999932], [112.7739884, -7.484531199999935], [112.77441650000003, -7.484467599999959], [112.77482410000005, -7.48440869999996], [112.77509390000012, -7.484431399999949], [112.775204, -7.484438199999943], [112.77524590000007, -7.484438199999943], [112.77557680000007, -7.484546199999954], [112.775751, -7.484741299999939], [112.7757931000001, -7.484812499999975], [112.77584530000001, -7.484868799999958], [112.77599260000011, -7.485071599999969], [112.77619040000002, -7.48512809999994], [112.77644510000005, -7.48510159999995], [112.7765104, -7.485144599999956], [112.77651750000007, -7.485145499999931], [112.77664990000005, -7.485208199999931], [112.77678930000002, -7.485270899999932], [112.77689380000004, -7.485403299999973], [112.77691470000002, -7.485598399999958], [112.77689380000004, -7.485793499999943], [112.77693610000006, -7.485925], [112.77701480000007, -7.486041899999975], [112.77711680000004, -7.486135], [112.77721780000002, -7.486236], [112.7772457000001, -7.486375399999929], [112.777256, -7.486400499999945], [112.77736330000005, -7.486516799999947], [112.77737460000003, -7.486520499999926], [112.77763560000005, -7.486451199999976], [112.77782560000003, -7.486177], [112.77810550000004, -7.486061399999926], [112.77831250000008, -7.486064], [112.77831350000008, -7.48605729999997], [112.77838580000002, -7.486064899999974], [112.77849420000007, -7.486066199999925], [112.77879360000009, -7.486077699999953], [112.77910930000007, -7.485898799999973], [112.77913260000003, -7.485875499999963], [112.77919670000006, -7.485849299999927], [112.77930220000007, -7.485789499999953], [112.77961970000001, -7.485506899999962], [112.77963620000003, -7.485471399999938], [112.77968820000001, -7.485152099999937], [112.779865, -7.485050299999955], [112.77987690000009, -7.485036699999966], [112.7798927, -7.485034399999961], [112.77991070000007, -7.485024], [112.78020970000011, -7.484927399999947], [112.78031750000002, -7.484780799999953], [112.78039310000008, -7.484589699999958], [112.780494, -7.484334899999965], [112.78043550000007, -7.48403], [112.78058130000011, -7.483851299999969], [112.78080380000006, -7.483729599999947], [112.780973, -7.483757899999944], [112.78103460000011, -7.483749], [112.78116980000004, -7.483839199999977], [112.78129, -7.4839], [112.7815, -7.484], [112.78197740000007, -7.484068199999967], [112.78228350000006, -7.48412419999994], [112.78246290000004, -7.484233099999926], [112.78246410000008, -7.484233399999937], [112.78246620000004, -7.484235099999978], [112.78256450000003, -7.48429479999993], [112.78271180000002, -7.484491299999945], [112.78285540000002, -7.48467329999994], [112.78288940000004, -7.484694099999956], [112.78311380000002, -7.48485949999997], [112.7833501, -7.485001299999965], [112.78344780000009, -7.485131599999931], [112.78358140000012, -7.48525079999996], [112.78390060000004, -7.485408499999949], [112.783926, -7.485419699999966], [112.78395260000002, -7.485426599999926], [112.78408800000011, -7.485490699999957], [112.78413030000002, -7.485509299999933], [112.78413180000007, -7.485511499999973], [112.78417710000008, -7.485532899999953], [112.78427160000001, -7.485686499999929], [112.78427160000001, -7.48595819999997], [112.78415340000004, -7.486182699999972], [112.78416570000002, -7.486281], [112.78420540000002, -7.486418899999933], [112.784248, -7.486489799999958], [112.78426230000002, -7.486525699999959], [112.78449230000001, -7.486785899999973], [112.78470920000007, -7.486842299999978], [112.78486140000007, -7.486689], [112.78489210000009, -7.486390099999937], [112.78495640000006, -7.486351199999945], [112.78496270000005, -7.486330299999963], [112.78498580000007, -7.486333399999978], [112.785051, -7.486294], [112.78548520000004, -7.486533899999927], [112.7858553000001, -7.486691399999927], [112.7862186000001, -7.486715299999958], [112.7864542000001, -7.486676199999977], [112.78648550000003, -7.486724899999956], [112.78660480000008, -7.486767399999962], [112.78673470000001, -7.486921], [112.78678290000005, -7.487057499999935], [112.78678490000004, -7.487057399999969], [112.78681740000002, -7.487263599999949], [112.78693610000005, -7.487436199999934], [112.7869574, -7.487459499999943], [112.787127, -7.487575599999957], [112.78718420000007, -7.487601599999948], [112.78733090000003, -7.487639199999933], [112.78752, -7.48769], [112.78779, -7.4878], [112.78791, -7.48783], [112.78816, -7.487852], [112.78840240000011, -7.487914599999954], [112.78859390000002, -7.488015599999926], [112.78864360000011, -7.488079599999935], [112.78876670000011, -7.488185099999953], [112.788873, -7.488279599999942], [112.7889824, -7.488489899999934], [112.78906130000007, -7.488573199999962], [112.78925310000011, -7.488621799999976], [112.78927170000009, -7.48861809999994], [112.78939890000004, -7.488565499999936], [112.7896214000001, -7.488424699999939], [112.78973540000004, -7.488265299999966], [112.78988790000005, -7.488162899999963], [112.79023810000001, -7.488123399999949], [112.79058210000005, -7.488102899999944], [112.7907990000001, -7.488165599999945], [112.79087590000006, -7.488266199999941], [112.7909168000001, -7.48829139999998], [112.79102110000008, -7.488443199999949], [112.79118290000008, -7.488564599999961], [112.79141260000006, -7.488652699999932], [112.79167370000005, -7.488643], [112.79222120000009, -7.488515899999925], [112.79253340000002, -7.48854], [112.79283940000005, -7.488576899999941], [112.79295, -7.48859], [112.79306880000001, -7.48858869999998], [112.7931645000001, -7.488613799999939], [112.79327910000006, -7.488600599999927], [112.79335550000008, -7.488581199999942], [112.79342, -7.48856], [112.79348, -7.48856], [112.79356, -7.48855], [112.793601, -7.488544099999956], [112.79372310000008, -7.488459699999964], [112.79384550000009, -7.488329399999941], [112.79395010000007, -7.488122099999941], [112.79413910000005, -7.487935399999969], [112.79434970000011, -7.48786089999993], [112.79449360000001, -7.487825199999975], [112.794613, -7.487810699999955], [112.794736, -7.487810199999956], [112.79484140000011, -7.48780279999994], [112.7950945, -7.487819299999956], [112.795193, -7.487850399999957], [112.79525990000002, -7.487874699999963], [112.79530210000007, -7.487895599999945], [112.79533, -7.48793], [112.79541, -7.48797], [112.79549, -7.488], [112.79555, -7.48803], [112.79562, -7.48807], [112.79571, -7.48811], [112.79579, -7.48815], [112.79586, -7.48819], [112.79594, -7.48824], [112.79601, -7.48827], [112.79606, -7.4883], [112.79611000000011, -7.48833], [112.7961600000001, -7.48836], [112.79621, -7.48839], [112.79627, -7.48842], [112.79632, -7.48845], [112.79638000000011, -7.48848], [112.7964300000001, -7.48851], [112.79648, -7.48854], [112.79655, -7.48858], [112.79662, -7.48862], [112.79668, -7.48866], [112.79675, -7.4887], [112.79679450000003, -7.488794], [112.7970835000001, -7.489165599999978], [112.79721350000011, -7.489401899999962], [112.79736810000009, -7.489556499999935], [112.79736830000002, -7.489556599999958], [112.7975550000001, -7.489685599999973], [112.79782990000001, -7.489870399999973], [112.79790950000006, -7.489932899999928], [112.79791050000006, -7.48993349999995], [112.79791190000003, -7.489934699999935], [112.798119, -7.49009719999998], [112.7982283, -7.490180899999928], [112.79842890000009, -7.49026079999993], [112.79864710000004, -7.490344099999959], [112.79872820000003, -7.490403399999934], [112.79892210000003, -7.49054289999998], [112.79907730000002, -7.490696499999956], [112.7992541000001, -7.490948299999957], [112.79934650000007, -7.491200499999934], [112.79939990000003, -7.491393699999946], [112.79946990000008, -7.491599199999939], [112.79958510000006, -7.491840199999956], [112.79972960000009, -7.492068699999948], [112.79985330000011, -7.492240099999947], [112.80006150000008, -7.492456699999934], [112.80041390000008, -7.492697199999952], [112.80068860000006, -7.492832899999939], [112.801097, -7.493034699999953], [112.8014, -7.49314], [112.80146, -7.49317], [112.80152, -7.4932], [112.80157, -7.49323], [112.80157650000001, -7.49323389999995], [112.80162, -7.49326], [112.80168, -7.49329], [112.80174000000011, -7.49333], [112.80179, -7.49335], [112.80185, -7.4934], [112.8019, -7.49344], [112.80195, -7.4935], [112.80199, -7.49357], [112.80201000000011, -7.49364], [112.80205, -7.49372], [112.80208, -7.49381], [112.80212, -7.49391], [112.80216, -7.49402], [112.80219000000011, -7.49411], [112.80223, -7.49419], [112.80226, -7.49428], [112.80229, -7.49436], [112.80233, -7.49446], [112.80237000000011, -7.49456], [112.8024, -7.49462], [112.80243, -7.49468], [112.80246000000011, -7.49474], [112.80249, -7.49481], [112.80253, -7.49487], [112.80259, -7.49492], [112.80264000000011, -7.49497], [112.8027, -7.495], [112.80276, -7.49505], [112.80282000000011, -7.49508], [112.80288, -7.49512], [112.80297, -7.49517], [112.80307, -7.49522], [112.80316, -7.49527], [112.80325, -7.49532], [112.80334, -7.49536], [112.80342, -7.4954], [112.80351, -7.49545], [112.80358, -7.49552], [112.80365, -7.49558], [112.80372000000011, -7.49565], [112.80375, -7.4957], [112.80379, -7.49577], [112.80382, -7.49584], [112.80383, -7.49591], [112.80382, -7.496], [112.80381000000011, -7.49607], [112.80379, -7.49615], [112.8037700000001, -7.49624], [112.80375, -7.4963], [112.80373, -7.49636], [112.80371, -7.49643], [112.80368, -7.49651], [112.80366, -7.49658], [112.80363000000011, -7.49666], [112.8036, -7.49674], [112.80357, -7.49681], [112.80354000000011, -7.49689], [112.80352, -7.49697], [112.80349, -7.49704], [112.80346, -7.49711], [112.80344, -7.49717], [112.80342, -7.49723], [112.8034, -7.49731], [112.80338, -7.4974], [112.80336000000011, -7.49747], [112.80336000000011, -7.49754], [112.80336000000011, -7.49762], [112.80336000000011, -7.49769], [112.80336000000011, -7.49776], [112.80337, -7.49782], [112.80339, -7.49791], [112.8034, -7.498], [112.80341, -7.49807], [112.80342, -7.49814], [112.80343, -7.49823], [112.80344, -7.49832], [112.80344, -7.49838], [112.80345000000011, -7.49844], [112.80345000000011, -7.49852], [112.80345000000011, -7.49862], [112.80345000000011, -7.49868], [112.80344, -7.49874], [112.80343, -7.49881], [112.80342, -7.49888], [112.80341, -7.49894], [112.80339, -7.499], [112.80337, -7.49906], [112.80335, -7.49913], [112.80333, -7.4992], [112.80329, -7.49928], [112.80325, -7.49937], [112.80322, -7.49944], [112.80318000000011, -7.4995], [112.80315, -7.49957], [112.8031, -7.49965], [112.80304, -7.49975], [112.80297, -7.49987], [112.80289, -7.5], [112.80264000000011, -7.50025], [112.8024, -7.50042], [112.8022, -7.50049], [112.80197, -7.50079], [112.80156000000011, -7.50115], [112.80128, -7.50132], [112.80082, -7.50155], [112.80058, -7.50157], [112.80040330000008, -7.50157], [112.8004032, -7.50157], [112.80016690000002, -7.501593599999978], [112.7999661, -7.501593599999978], [112.7997534000001, -7.50157], [112.79968170000006, -7.501524399999937], [112.7994900000001, -7.50157], [112.79897, -7.50175], [112.7985000000001, -7.50181], [112.797929, -7.501800299999957], [112.79770970000004, -7.50181809999998], [112.79736710000009, -7.5017], [112.79700080000009, -7.501510899999971], [112.7964472000001, -7.501326399999925], [112.79638000000011, -7.50136], [112.79627, -7.50139], [112.79596, -7.50153], [112.79584000000011, -7.50166], [112.7958, -7.50176], [112.79565, -7.50259], [112.79571, -7.50278], [112.79582, -7.50304], [112.79609, -7.50361], [112.79612, -7.50401], [112.7961, -7.50475], [112.7959313, -7.504952399999979], [112.795914, -7.50581109999996], [112.79592580000008, -7.50591739999993], [112.7957722000001, -7.506177299999933], [112.7953351000001, -7.506342699999948], [112.795113, -7.506588199999953], [112.79508, -7.50674], [112.79499, -7.50708], [112.79485000000011, -7.50754], [112.79472, -7.508], [112.79451, -7.50895], [112.79441, -7.50941], [112.79438, -7.50953], [112.79424, -7.50962], [112.79420360000006, -7.509615399999973], [112.79414190000011, -7.509792299999958], [112.7937217000001, -7.509701699999937], [112.79368000000011, -7.50978], [112.79365, -7.51004], [112.79367, -7.51043], [112.79374, -7.51067], [112.7938, -7.51079], [112.79407, -7.51105], [112.79429, -7.51116], [112.79447, -7.51126], [112.79465, -7.51137], [112.7947, -7.51144], [112.79472, -7.51172], [112.79462, -7.51203], [112.79444, -7.51247], [112.79434, -7.5127], [112.79411, -7.51331], [112.79404000000011, -7.51359], [112.79396, -7.51394], [112.79391, -7.51448], [112.79389, -7.51462], [112.7937, -7.51565], [112.79363, -7.51667], [112.79322, -7.518], [112.79277, -7.51837], [112.79268430000002, -7.518446], [112.79398960000003, -7.520068], [112.79514530000006, -7.520652], [112.79554150000001, -7.520659099999932], [112.79621210000005, -7.520999], [112.79677560000005, -7.521023099999979], [112.79726890000006, -7.521073799999954], [112.79831370000011, -7.520366599999932], [112.79892980000011, -7.520328899999981], [112.80010730000004, -7.519779299999925], [112.80090890000008, -7.519830799999966], [112.80113950000009, -7.519921799999963], [112.8011408000001, -7.520243499999935], [112.80113050000011, -7.520328399999926], [112.80131730000005, -7.520282899999927], [112.80239730000005, -7.520292899999959], [112.80280570000002, -7.520365099999935], [112.80282480000005, -7.520368499999961], [112.80347890000007, -7.520484099999976], [112.8041214000001, -7.520637299999976], [112.8046806000001, -7.520869], [112.80471250000005, -7.52088219999996], [112.80499020000002, -7.520997199999954], [112.80577180000012, -7.521253699999932], [112.80663930000003, -7.521284699999967], [112.80697670000006, -7.52124589999994], [112.807253, -7.521214099999952], [112.80772, -7.52139], [112.80805, -7.52156], [112.80828, -7.52173], [112.8084, -7.52188], [112.80843, -7.52206], [112.80843, -7.52221], [112.80842, -7.5224], [112.80866, -7.52242], [112.80907, -7.52254], [112.80941, -7.52272], [112.80966, -7.52308], [112.80995, -7.52375], [112.81029, -7.52441], [112.81058, -7.52516], [112.81083, -7.52546], [112.81147, -7.52557], [112.81189, -7.52557], [112.81265, -7.52559], [112.8132, -7.52559], [112.81357, -7.52549], [112.8138100000001, -7.52527], [112.81381010000007, -7.525268899999958], [112.81384, -7.52492], [112.81395, -7.52381], [112.81415, -7.52302], [112.81447, -7.52236], [112.81481, -7.52191], [112.81523, -7.52157], [112.8159, -7.52119], [112.81888, -7.51988], [112.81969, -7.51943], [112.82018, -7.51894], [112.82068, -7.51839], [112.82093, -7.51768], [112.82132, -7.51658], [112.82182000000012, -7.51538], [112.82254000000012, -7.51382], [112.82274, -7.51318], [112.8230400000001, -7.51232], [112.82327, -7.51152], [112.82357, -7.51082], [112.8236700000001, -7.51049], [112.8238, -7.50992], [112.82386, -7.50932], [112.82379, -7.50865], [112.82359, -7.50822], [112.82307, -7.50744], [112.82275, -7.50656], [112.8227, -7.50626], [112.82271, -7.5059], [112.82284, -7.50542], [112.82328, -7.50396], [112.8236, -7.50313], [112.82373, -7.50257], [112.82386, -7.502], [112.82359, -7.5011], [112.82325950000006, -7.500030699999968], [112.82125840000003, -7.49877749999996], [112.82054460000006, -7.497736499999974], [112.82057430000009, -7.496963199999925], [112.82128810000006, -7.495446299999969], [112.82266080000011, -7.492964799999982], [112.82283480000001, -7.492650399999945], [112.82202370000005, -7.49195519999995], [112.82197, -7.4918], [112.82191000000012, -7.49118], [112.82188, -7.49108], [112.82161, -7.4909], [112.82146000000012, -7.4908], [112.8209015000001, -7.489021699999967], [112.82033640000009, -7.487147899999968], [112.82033640000009, -7.48595819999997], [112.819682, -7.483667899999944], [112.818641, -7.480961299999933], [112.81736200000012, -7.479384899999957], [112.81713190000005, -7.479135], [112.81623180000008, -7.478849499999967], [112.814732, -7.478830099999925], [112.8129100000001, -7.47949], [112.8129073, -7.479492299999947], [112.81189, -7.47968], [112.81134, -7.47976], [112.81088000000011, -7.47982], [112.81048, -7.47987], [112.81014, -7.47991], [112.80984, -7.47995], [112.80956, -7.47998], [112.8093, -7.48002], [112.80906, -7.48005], [112.80883, -7.48008], [112.80862, -7.4801], [112.80841, -7.48013], [112.80822, -7.48015], [112.80805, -7.48017], [112.80789, -7.48019], [112.80774, -7.48021], [112.8076, -7.48022], [112.8074600000001, -7.48024], [112.80734, -7.48024], [112.80722, -7.48025], [112.8071000000001, -7.48025], [112.80698, -7.48026], [112.80685, -7.48026], [112.80672, -7.48025], [112.80659, -7.48025], [112.80645, -7.48024], [112.80631, -7.48023], [112.80617, -7.48023], [112.80603, -7.48021], [112.80589, -7.4802], [112.8057500000001, -7.48019], [112.80561000000012, -7.48017], [112.80547, -7.48016], [112.80534000000011, -7.48014], [112.8052100000001, -7.48012], [112.80509, -7.4801], [112.80496, -7.48008], [112.80484, -7.48006], [112.80473, -7.48004], [112.80462000000011, -7.48001], [112.80451, -7.47999], [112.80441, -7.47996], [112.80432, -7.47994], [112.8042200000001, -7.47991], [112.80414, -7.47989], [112.80405, -7.47986], [112.80397, -7.47984], [112.80390000000011, -7.47981], [112.80382, -7.47979], [112.80376, -7.47976], [112.80369, -7.47973], [112.80363000000011, -7.47971], [112.80357, -7.47968], [112.8035, -7.47964], [112.80342, -7.4796], [112.80336000000011, -7.47955], [112.80328, -7.47948], [112.80322, -7.47941], [112.80317, -7.47934], [112.80314, -7.47929], [112.80311, -7.47924], [112.80308, -7.47918], [112.80306, -7.47912], [112.80304, -7.47906], [112.80302, -7.47899], [112.80300000000011, -7.47892], [112.80298, -7.47884], [112.80296, -7.47876], [112.80294, -7.47868], [112.80293, -7.47859], [112.80292, -7.4785], [112.80291000000011, -7.47841], [112.8029, -7.4783], [112.80289, -7.47819], [112.80289, -7.47808], [112.80289, -7.47795], [112.80289, -7.47782], [112.8029, -7.47769], [112.8029, -7.47755], [112.80291000000011, -7.4774], [112.80292, -7.47725], [112.80293, -7.47709], [112.80294, -7.47693], [112.80295, -7.47676], [112.80296, -7.47659], [112.80298, -7.47642], [112.80299, -7.47626], [112.80300000000011, -7.47609], [112.80301, -7.47594], [112.80302, -7.47579], [112.80303, -7.47566], [112.80303, -7.47554], [112.80304, -7.47543], [112.80304, -7.47533], [112.80304, -7.47524], [112.80304, -7.47516], [112.80305, -7.47509], [112.80305, -7.47503], [112.80304, -7.47497], [112.80304, -7.47488], [112.80304, -7.47478], [112.80303, -7.47469], [112.80303, -7.4746], [112.80302, -7.47451], [112.80300000000011, -7.47444], [112.80299, -7.47437], [112.80298, -7.4743], [112.80297, -7.47421], [112.80294, -7.47411], [112.80291000000011, -7.47403], [112.8029, -7.47397], [112.80288, -7.47391], [112.80285, -7.47385], [112.80283, -7.47378], [112.80279, -7.47371], [112.80276, -7.47364], [112.80272, -7.47356], [112.80268, -7.47348], [112.80263, -7.4734], [112.80258, -7.47331], [112.80253, -7.47323], [112.80248, -7.47314], [112.80243, -7.47305], [112.80237000000011, -7.47296], [112.80232, -7.47287], [112.80226, -7.47278], [112.80221, -7.47269], [112.80215, -7.4726], [112.80209, -7.47251], [112.80203, -7.47242], [112.80197, -7.47233], [112.8019, -7.47224], [112.80184, -7.47215], [112.80177, -7.47207], [112.80171, -7.47198], [112.80164, -7.4719], [112.80158, -7.47182], [112.80152, -7.47174], [112.80146, -7.47167], [112.80141, -7.47161], [112.80134, -7.47153], [112.79797, -7.46835], [112.79784, -7.46825], [112.79772, -7.46814], [112.79769790000012, -7.468121599999961], [112.7976000000001, -7.46804], [112.79747, -7.46794], [112.79735, -7.46784], [112.79722, -7.46773], [112.79710000000011, -7.46763], [112.7969700000001, -7.46752], [112.79684, -7.46742], [112.79671, -7.46731], [112.79659, -7.4672], [112.79646, -7.4671], [112.79633, -7.46699], [112.79621, -7.46688], [112.79609, -7.46677], [112.79597, -7.46667], [112.79585, -7.46656], [112.79574, -7.46646], [112.79563, -7.46636], [112.79553, -7.46626], [112.79543, -7.46617], [112.79534, -7.46609], [112.79525, -7.46601], [112.79517, -7.46593], [112.79508, -7.46585], [112.795, -7.46578], [112.79492, -7.46571], [112.79483, -7.46563], [112.79474, -7.46556], [112.79464, -7.46549], [112.79454, -7.46541], [112.79443, -7.46534], [112.79441080000004, -7.465326], [112.79432, -7.46526], [112.79421, -7.46519], [112.7941, -7.46511], [112.79399, -7.46504], [112.79389, -7.46497], [112.79378, -7.4649], [112.79368000000011, -7.46483], [112.79358, -7.46476], [112.79348, -7.46469], [112.79338, -7.46462], [112.79328, -7.46455], [112.79318, -7.46447], [112.79308, -7.4644], [112.79298, -7.46433], [112.79288, -7.46425], [112.79277, -7.46418], [112.79267, -7.4641], [112.79257, -7.46403], [112.79248, -7.46396], [112.79238, -7.46388], [112.7923, -7.46382], [112.79222, -7.46375], [112.79214, -7.46369], [112.79207, -7.46364], [112.79201, -7.46358], [112.79195, -7.46353], [112.79189, -7.46348], [112.79184, -7.46343], [112.79178, -7.46338], [112.79173, -7.46333], [112.79168, -7.46328], [112.79164, -7.46323], [112.79159, -7.46318], [112.79154, -7.46313], [112.79149, -7.46307], [112.79144, -7.46301], [112.79138000000012, -7.46295], [112.79132, -7.46289], [112.79126, -7.46282], [112.79120000000012, -7.46275], [112.79113, -7.46267], [112.79106, -7.4626], [112.791, -7.46252], [112.79093000000012, -7.46244], [112.79086, -7.46236], [112.7908000000001, -7.46228], [112.79073, -7.4622], [112.79067, -7.46213], [112.79061, -7.46205], [112.79055, -7.46197], [112.79048000000012, -7.46188], [112.79042, -7.4618], [112.79036, -7.46172], [112.79029, -7.46163], [112.79023, -7.46154], [112.79016, -7.46146], [112.79009, -7.46137], [112.79003000000012, -7.46128], [112.78996, -7.46119], [112.7899000000001, -7.4611], [112.78983, -7.46101], [112.78977, -7.46092], [112.78971, -7.46084], [112.78964, -7.46075], [112.78959, -7.46067], [112.78953, -7.46059], [112.78947, -7.46051], [112.78942, -7.46044], [112.78937, -7.46037], [112.78932, -7.4603], [112.78928, -7.46024], [112.78923, -7.46018], [112.78919, -7.46012], [112.78915, -7.46006], [112.78911, -7.46], [112.78907, -7.45994], [112.78903, -7.45988], [112.78899, -7.45981], [112.78895000000011, -7.45974], [112.7889, -7.45967], [112.78886000000011, -7.4596], [112.7888200000001, -7.45953], [112.78878, -7.45946], [112.78874, -7.45938], [112.7887, -7.45932], [112.78865, -7.45925], [112.78861, -7.45918], [112.78858, -7.45912], [112.78854, -7.45906], [112.78850000000011, -7.45901], [112.7884600000001, -7.45895], [112.78842, -7.4589], [112.78838, -7.45885], [112.78834, -7.4588], [112.7883, -7.45875], [112.78824, -7.45868], [112.78816, -7.45859], [112.78809, -7.45853], [112.78803, -7.45847], [112.78794, -7.45838], [112.78785, -7.4583], [112.78778000000011, -7.45824], [112.78773, -7.45821], [112.78766, -7.45815], [112.78759, -7.45809], [112.78753, -7.45805], [112.78747, -7.45801], [112.78741, -7.45797], [112.78734, -7.45792], [112.78726, -7.45787], [112.78717, -7.45782], [112.78707, -7.45776], [112.78696, -7.4577], [112.78684, -7.45764], [112.78673, -7.45757], [112.78661000000011, -7.45751], [112.7865, -7.45745], [112.78639, -7.45739], [112.78629, -7.45734], [112.7862, -7.4573], [112.78612, -7.45726], [112.78605, -7.45722], [112.78598000000011, -7.45719], [112.78592, -7.45717], [112.78586, -7.45715], [112.78579, -7.45712], [112.78568, -7.45708], [112.78559, -7.45706], [112.78553000000011, -7.45704], [112.78547, -7.45703], [112.78541, -7.45701], [112.78534, -7.457], [112.78528, -7.45698], [112.7852, -7.45697], [112.78512, -7.45695], [112.78504, -7.45694], [112.78496, -7.45692], [112.78487, -7.45691], [112.78478, -7.4569], [112.78468, -7.45688], [112.78458, -7.45687], [112.78448, -7.45686], [112.78437, -7.45685], [112.78426, -7.45684], [112.78415, -7.45683], [112.78404, -7.45682], [112.78393, -7.45681], [112.7838200000001, -7.4568], [112.78371, -7.45679], [112.7836, -7.45678], [112.78349, -7.45677], [112.78339, -7.45676], [112.78329, -7.45675], [112.7831900000001, -7.45673], [112.78309, -7.45672], [112.78299, -7.45671], [112.7829, -7.4567], [112.78281, -7.45669], [112.78272, -7.45668], [112.78264, -7.45667], [112.7825600000001, -7.45666], [112.78249, -7.45666], [112.78242000000012, -7.45665], [112.78234, -7.45664], [112.78224000000012, -7.45662], [112.78213, -7.4566], [112.78206000000011, -7.45656], [112.78201, -7.45652], [112.78197000000011, -7.45647], [112.78191, -7.45642], [112.78187, -7.45637], [112.78183, -7.45631], [112.78177, -7.45624], [112.78172, -7.45617], [112.7816600000001, -7.45609], [112.78159, -7.45601], [112.78154660000007, -7.455944899999963], [112.78153, -7.45592], [112.78147, -7.45583], [112.7814, -7.45574], [112.78134000000011, -7.45564], [112.78127, -7.45555], [112.7812100000001, -7.45545], [112.78115, -7.45535], [112.78109, -7.45526], [112.7810300000001, -7.45517], [112.78097, -7.45508], [112.78092, -7.45499], [112.78086, -7.45491], [112.78081, -7.45484], [112.78077, -7.45476], [112.78072, -7.4547], [112.78068, -7.45463], [112.78063, -7.45456], [112.78059, -7.4545], [112.78055, -7.45444], [112.78051, -7.45438], [112.78047, -7.45432], [112.78043, -7.45427], [112.78039, -7.45421], [112.78034, -7.45414], [112.78029, -7.45407], [112.78025, -7.45401], [112.78019, -7.45395], [112.78013, -7.45389], [112.78008000000011, -7.45385], [112.78002, -7.4538], [112.77994, -7.45375], [112.77985, -7.4537], [112.77977, -7.45366], [112.7797, -7.45362], [112.77964, -7.4536], [112.77958, -7.45357], [112.77949, -7.45354], [112.77941, -7.45351], [112.77932, -7.45348], [112.77925, -7.45347], [112.77918000000011, -7.45345], [112.77911, -7.45344], [112.77904, -7.45342], [112.77894, -7.45341], [112.77884, -7.4534], [112.77876, -7.45339], [112.77868, -7.45339], [112.77859, -7.45339], [112.77851, -7.45339], [112.77842, -7.45339], [112.77836, -7.45339], [112.7783, -7.45339], [112.77824, -7.45339], [112.77818, -7.4534], [112.77812, -7.4534], [112.77806, -7.45341], [112.778, -7.45342], [112.77794, -7.45343], [112.77788, -7.45343], [112.7778, -7.45344], [112.77771, -7.45346], [112.77765000000011, -7.45347], [112.77757, -7.45349], [112.77746, -7.45352], [112.77737, -7.45354], [112.77729000000011, -7.45356], [112.77720000000011, -7.45359], [112.77712, -7.45361], [112.77703, -7.45364], [112.77697, -7.45366], [112.77691, -7.45368], [112.77683, -7.45372], [112.77674, -7.45375], [112.77668, -7.45378], [112.77662, -7.45381], [112.77655, -7.45383], [112.77649, -7.45386], [112.77643, -7.45389], [112.77637, -7.45392], [112.7763000000001, -7.45395], [112.77624, -7.45398], [112.77617, -7.45401], [112.77611, -7.45404], [112.77604, -7.45407], [112.77598000000012, -7.4541], [112.77592, -7.45413], [112.77586, -7.45416], [112.77580000000012, -7.45419], [112.77574, -7.45423], [112.77568, -7.45426], [112.77562000000012, -7.45429], [112.77557, -7.45432], [112.77551, -7.45436], [112.77545, -7.45439], [112.7754000000001, -7.45443], [112.77534, -7.45447], [112.77528, -7.45451], [112.7752200000001, -7.45455], [112.77517000000012, -7.45459], [112.77511, -7.45463], [112.77505, -7.45468], [112.77499000000012, -7.45472], [112.77493, -7.45476], [112.77488, -7.45481], [112.77482, -7.45485], [112.77476, -7.4549], [112.7747, -7.45495], [112.77464, -7.45499], [112.77458, -7.45504], [112.77451, -7.45509], [112.77444, -7.45514], [112.77437, -7.4552], [112.7743, -7.45525], [112.7742300000001, -7.45531], [112.77415, -7.45536], [112.77408, -7.45541], [112.77401, -7.45546], [112.77394, -7.45551], [112.7738700000001, -7.45555], [112.77381, -7.45559], [112.77375, -7.45562], [112.77367, -7.45566], [112.77356, -7.45571], [112.77346000000011, -7.45574], [112.77336, -7.45578], [112.77326, -7.45581], [112.77318, -7.45584], [112.77311, -7.45586], [112.77301000000011, -7.45588], [112.77292000000011, -7.4559], [112.77283000000011, -7.45591], [112.77274000000011, -7.45592], [112.77264, -7.45593], [112.77254, -7.45593], [112.77243, -7.45593], [112.77234, -7.45593], [112.77226, -7.45593], [112.77215, -7.45592], [112.77206, -7.45591], [112.77199, -7.45589], [112.77189, -7.45587], [112.7718, -7.45585], [112.77171, -7.45583], [112.77152, -7.45576], [112.77141, -7.45571], [112.77135, -7.45567], [112.77128, -7.45563], [112.77119, -7.45558], [112.77112000000011, -7.45554], [112.77107, -7.45551], [112.77101, -7.45547], [112.77096, -7.45544], [112.77091, -7.45541], [112.77086, -7.45537], [112.7708, -7.45533], [112.77075, -7.4553], [112.7707, -7.45526], [112.77065, -7.45522], [112.77058000000011, -7.45516], [112.77049000000011, -7.45509], [112.77043, -7.45504], [112.77038, -7.45499], [112.77032, -7.45492], [112.77026, -7.45486], [112.7702, -7.4548], [112.77015, -7.45473], [112.77009, -7.45468], [112.77005, -7.45462], [112.76998, -7.45453], [112.76992, -7.45445], [112.76986000000011, -7.45437], [112.76982, -7.45431], [112.76978, -7.45425], [112.76973, -7.45417], [112.76967, -7.45408], [112.76961, -7.45401], [112.76958, -7.45396], [112.76954, -7.45391], [112.76951, -7.45386], [112.76947, -7.45381], [112.76942, -7.45374], [112.76937, -7.45367], [112.76933, -7.4536], [112.76927, -7.45351], [112.76922, -7.45342], [112.76917, -7.45333], [112.76912, -7.45323], [112.76909, -7.45316], [112.7690500000001, -7.45308], [112.76902, -7.453], [112.76899, -7.45294], [112.76897, -7.45288], [112.76894, -7.45281], [112.76892, -7.45274], [112.76889, -7.45268], [112.7688700000001, -7.45261], [112.76885, -7.45254], [112.76883, -7.45248], [112.76881, -7.45242], [112.76879, -7.45233], [112.76876, -7.45223], [112.76874, -7.45213], [112.76872, -7.45203], [112.7687, -7.45195], [112.7686900000001, -7.45188], [112.76868, -7.45182], [112.76866, -7.45175], [112.76865, -7.45167], [112.76864, -7.4516], [112.76862, -7.45152], [112.76861, -7.45143], [112.76859, -7.45135], [112.76858, -7.45126], [112.76856, -7.45117], [112.76854, -7.45107], [112.76852, -7.45098], [112.7685, -7.45088], [112.76848, -7.45078], [112.76846, -7.45067], [112.76844, -7.45057], [112.7684200000001, -7.45046], [112.7684, -7.45036], [112.76838, -7.45025], [112.76836, -7.45014], [112.76834, -7.45003], [112.76832, -7.44992], [112.7683, -7.44981], [112.76828, -7.44971], [112.76826, -7.4496], [112.7682400000001, -7.4495], [112.76823, -7.44941], [112.76821, -7.44931], [112.7682, -7.44922], [112.76818, -7.44914], [112.76817, -7.44906], [112.76816, -7.44898], [112.7681500000001, -7.44892], [112.76813, -7.44882], [112.76811, -7.44872], [112.76809, -7.44863], [112.76807, -7.44855], [112.76804, -7.44847], [112.76802980000002, -7.448449599999947], [112.768, -7.44839], [112.76796, -7.44832], [112.76793, -7.44827], [112.76789, -7.44821], [112.76785, -7.44816], [112.76781, -7.4481], [112.76776, -7.44803], [112.76771, -7.44797], [112.76765000000012, -7.4479], [112.76759, -7.44784], [112.7675200000001, -7.44775], [112.76745, -7.44767], [112.76738000000012, -7.4476], [112.76731, -7.44753], [112.7672500000001, -7.44747], [112.76718, -7.44742], [112.76711000000012, -7.44736], [112.76703, -7.44731], [112.76697, -7.44727], [112.76691, -7.44724], [112.76684000000012, -7.44721], [112.76674, -7.44717], [112.76668, -7.44713], [112.76664, -7.44709], [112.76657000000012, -7.44702], [112.76635770000007, -7.44692219999996], [112.7660337000001, -7.446572599999968], [112.765488, -7.446214299999951], [112.7652369000001, -7.446037399999966], [112.76503420000006, -7.445922899999971], [112.76489430000004, -7.445856099999958], [112.76443590000008, -7.445656], [112.76432490000002, -7.445594], [112.76415140000006, -7.445541799999944], [112.76391030000002, -7.445485099999928], [112.76355320000005, -7.445303899999942], [112.76329, -7.44513], [112.76323, -7.4451], [112.76317, -7.44507], [112.76311, -7.44504], [112.76305, -7.44502], [112.76299, -7.44499], [112.76292, -7.44495], [112.76282, -7.44491], [112.76276, -7.44488], [112.76270000000011, -7.44487], [112.76261000000011, -7.44486], [112.76253, -7.44486], [112.76247, -7.44485], [112.76239, -7.44486], [112.76229, -7.44486], [112.76218, -7.44486], [112.76207000000011, -7.44486], [112.76198000000011, -7.44486], [112.76191, -7.44486], [112.76182, -7.44486], [112.76175, -7.44485], [112.76167, -7.44483], [112.7616, -7.4448], [112.76154, -7.44478], [112.76148, -7.44476], [112.76142, -7.44473], [112.76133, -7.4447], [112.7612600000001, -7.44467], [112.76119, -7.44464], [112.76111, -7.4446], [112.76104, -7.44457], [112.76098, -7.44454], [112.7609000000001, -7.4445], [112.7608, -7.44444], [112.7607200000001, -7.44438], [112.76066, -7.44433], [112.76061, -7.44426], [112.76056, -7.44419], [112.76052, -7.44412], [112.76049, -7.44407], [112.76046, -7.44401], [112.76017060000004, -7.443620499999952], [112.75989940000011, -7.443232199999954], [112.75956520000011, -7.442762499999958], [112.75925110000003, -7.442494499999952], [112.75911, -7.44245], [112.75872, -7.44245], [112.75822, -7.44237], [112.75798, -7.44246], [112.75783, -7.44257], [112.75756, -7.44277], [112.75723, -7.44294], [112.75692, -7.44311], [112.75633, -7.44344], [112.75617000000011, -7.44344], [112.75607, -7.44342], [112.75596640000003, -7.443404099999952], [112.75588370000003, -7.443402], [112.75570040000002, -7.443325799999968], [112.75543, -7.44316], [112.75516, -7.44302], [112.7549, -7.44289], [112.75428000000011, -7.44264], [112.75382, -7.44258], [112.75361, -7.44252], [112.75321, -7.44231], [112.75274, -7.44208], [112.75205, -7.44187], [112.75178, -7.44185], [112.75111, -7.44186], [112.75095180000005, -7.441792199999952], [112.75062780000007, -7.441730699999937], [112.7503719, -7.441582699999969], [112.75025560000006, -7.441400499999929], [112.75012470000001, -7.441179899999952], [112.74990130000003, -7.440704899999957], [112.74972670000011, -7.44037869999994], [112.74957630000006, -7.440105299999971], [112.74945070000001, -7.439948099999981], [112.749336, -7.439804599999945], [112.7490600000001, -7.43984], [112.7487, -7.43995], [112.74835, -7.44011], [112.74792, -7.44039], [112.74788, -7.44048], [112.74783, -7.44077], [112.74788, -7.441], [112.74796, -7.4415], [112.74798, -7.44175], [112.74795, -7.4419], [112.74783, -7.44205], [112.74760210000011, -7.442203899999981], [112.74743690000003, -7.442173199999957], [112.7472795000001, -7.442103199999963], [112.7469096000001, -7.441987], [112.746862, -7.441877299999931], [112.74680650000005, -7.441775499999949], [112.74664830000006, -7.441525099999978], [112.74631640000007, -7.441071299999976], [112.74635510000007, -7.440922099999966], [112.746158, -7.440773799999931], [112.74598580000008, -7.440962799999966], [112.7459219000001, -7.44092379999995], [112.7458716000001, -7.440975599999945], [112.74490590000005, -7.440340099999958], [112.74437530000012, -7.440125799999976], [112.74416780000001, -7.440030499999978], [112.74403920000009, -7.44000449999993], [112.74381, -7.44036], [112.7436904000001, -7.440315699999928], [112.74365870000008, -7.440364199999976], [112.7434273, -7.440312199999937], [112.7432242000001, -7.44009669999997], [112.7431702, -7.440096899999958], [112.742862, -7.440127699999948], [112.74267370000007, -7.440230499999927], [112.74252, -7.44023], [112.74251370000002, -7.44022259999997], [112.74245910000002, -7.440243899999928], [112.74239630000011, -7.44019609999998], [112.74230870000008, -7.43998019999998], [112.74232270000005, -7.43986469999993], [112.742382, -7.439601499999981], [112.74236, -7.43961], [112.74224, -7.43965], [112.7418100000001, -7.43953], [112.74153430000001, -7.439420899999959], [112.74121080000009, -7.439314699999954], [112.74129460000006, -7.439103099999954], [112.74114, -7.43895], [112.74091, -7.43888], [112.74079060000008, -7.438842699999952], [112.74053950000007, -7.438833399999965], [112.74024680000002, -7.438777], [112.73995780000007, -7.438647599999967], [112.73969570000008, -7.438521899999955], [112.73956850000002, -7.438460899999939], [112.73936820000006, -7.438392599999929], [112.73760350000009, -7.437700599999971], [112.73748750000004, -7.437551299999939], [112.73715270000002, -7.437409199999934], [112.73678530000007, -7.437978299999941], [112.73669790000008, -7.437933299999941], [112.73665440000002, -7.438003899999956], [112.73664930000007, -7.438001199999974], [112.73499290000007, -7.437142499999936], [112.73498770000003, -7.437139399999978], [112.734675, -7.437029399999972], [112.73430240000005, -7.436936199999934], [112.7341325000001, -7.437015799999926], [112.73366910000004, -7.437103899999954], [112.73365060000003, -7.437098599999956], [112.73347980000005, -7.437050099999965], [112.73334220000004, -7.43701109999995], [112.73322650000011, -7.436995799999977], [112.73282, -7.43688], [112.7326256, -7.43681], [112.73263830000008, -7.436747299999979], [112.73261430000002, -7.436723599999937], [112.73259810000002, -7.436590299999978], [112.73254280000003, -7.436527699999942], [112.73237040000004, -7.436402499999929], [112.73218810000003, -7.436270199999967], [112.73190410000007, -7.436012399999981], [112.73173040000006, -7.435816899999963], [112.73155380000003, -7.435693899999933], [112.73139, -7.43566], [112.73102, -7.43554], [112.73098920000007, -7.435530899999947], [112.73092670000005, -7.435512599999981], [112.73085, -7.43549], [112.73059, -7.43541], [112.73045, -7.43537], [112.73038, -7.43535], [112.73014, -7.43527], [112.72991, -7.43517], [112.72985, -7.43515], [112.7293800000001, -7.43497], [112.72934310000005, -7.434958], [112.72889, -7.43481], [112.72881560000008, -7.434785199999965], [112.72871, -7.43475], [112.72797, -7.4345], [112.72775, -7.43444], [112.72769, -7.43442], [112.72730490000004, -7.434275599999978], [112.7258614000001, -7.438596899999936], [112.72577070000011, -7.438841199999956], [112.72576890000005, -7.438846799999965], [112.72545, -7.43877], [112.72525, -7.43865], [112.72484, -7.43839], [112.72424, -7.43819], [112.72373, -7.4381], [112.72305, -7.43795], [112.7219500000001, -7.43762], [112.72139460000005, -7.437491099999932], [112.72083, -7.43736], [112.72061680000002, -7.437318299999959], [112.72061990000009, -7.437309599999935], [112.72067990000005, -7.437141699999927], [112.72072320000007, -7.436906399999941], [112.72076650000008, -7.436690699999929], [112.72083390000012, -7.436362299999928], [112.72089190000008, -7.436141599999928], [112.72091440000008, -7.435617399999956], [112.72091740000008, -7.435107899999934], [112.72084230000007, -7.434726099999978], [112.7208055000001, -7.43449929999997], [112.720797, -7.434447099999943], [112.72070370000006, -7.434437699999933], [112.72065260000011, -7.434434199999941], [112.72043370000006, -7.434419099999957], [112.72035360000007, -7.434563599999933], [112.72016850000011, -7.434753299999954], [112.71898660000011, -7.434187399999928], [112.71898970000007, -7.434178799999927], [112.7184013000001, -7.434011], [112.71839980000004, -7.434015399999964], [112.71839190000003, -7.434039199999972], [112.7184459, -7.434146], [112.71852880000006, -7.434269099999938], [112.71853340000007, -7.434408899999937], [112.71852560000002, -7.434426799999926], [112.7184519000001, -7.434403699999962], [112.7184052, -7.434503199999938], [112.7183007000001, -7.434555899999964], [112.7181647000001, -7.434613899999931], [112.7180552000001, -7.43471889999995], [112.71801360000006, -7.434797499999945], [112.718051, -7.435001199999931], [112.71810930000004, -7.435173499999962], [112.718136, -7.43531969999998], [112.718189, -7.435481599999946], [112.71807350000006, -7.435560099999975], [112.71800360000009, -7.435607599999969], [112.718, -7.43561], [112.7176985000001, -7.435513199999946], [112.717521, -7.435442799999976], [112.71692170000006, -7.435249699999929], [112.716806, -7.435212399999955], [112.71672890000002, -7.435416099999941], [112.7166946000001, -7.435537], [112.71665020000012, -7.435621499999968], [112.71656910000002, -7.435915899999941], [112.71652440000003, -7.436078399999928], [112.716247, -7.436759699999925], [112.71622570000011, -7.436812199999963], [112.71614960000011, -7.436839], [112.71599260000005, -7.437387], [112.715998, -7.437449499999957], [112.71604510000009, -7.437995099999966], [112.71577860000002, -7.438837799999931], [112.71566, -7.439212699999928], [112.71523900000011, -7.440612899999962], [112.71457090000001, -7.442337699999939], [112.71458020000011, -7.442340699999932], [112.7144115000001, -7.442291699999942], [112.71419060000005, -7.442218099999934], [112.71392350000008, -7.442115299999955], [112.71366660000001, -7.442033099999946], [112.71343700000011, -7.441946], [112.71343, -7.44196], [112.7132, -7.44185], [112.71297, -7.44173], [112.71264, -7.44153], [112.71211, -7.44121], [112.71183, -7.44104], [112.7114, -7.44088], [112.71104, -7.44075], [112.7108300000001, -7.44063], [112.71043, -7.44048], [112.70998, -7.44032], [112.70983910000007, -7.440293899999972], [112.70971, -7.44027], [112.70933, -7.44029], [112.70907000000011, -7.44029], [112.70869, -7.4403], [112.70801130000007, -7.440278899999953], [112.7077584000001, -7.440272799999946], [112.70764610000003, -7.440270099999964], [112.70761080000011, -7.440430299999946], [112.7075628, -7.440563199999929], [112.70750210000006, -7.440681299999937], [112.70727540000007, -7.440998099999945], [112.70697770000004, -7.441464699999926], [112.70671650000008, -7.441879799999981], [112.70655410000006, -7.442138099999966], [112.70642260000011, -7.442320299999949], [112.70634970000003, -7.442279599999949], [112.70614480000006, -7.442243499999961], [112.70612190000008, -7.442234499999927], [112.70598050000001, -7.442205599999966], [112.70577780000008, -7.442179], [112.70551640000008, -7.442784399999937], [112.70540560000006, -7.443050199999959], [112.70534090000001, -7.443214699999942], [112.70526070000005, -7.443227599999943], [112.7051742000001, -7.443213199999946], [112.70472470000004, -7.44318329999993], [112.70466570000008, -7.443202499999927], [112.7046600000001, -7.44328], [112.70464, -7.44337], [112.70462, -7.44366], [112.70459, -7.44397], [112.70456, -7.44428], [112.70455, -7.444329599999946], [112.70450010000002, -7.444576199999972], [112.7044337000001, -7.444879699999944], [112.70434020000005, -7.445252899999957], [112.7043069, -7.445366699999965], [112.7043053000001, -7.44548889999993], [112.70428020000008, -7.445560499999942], [112.70421520000002, -7.445670299999961], [112.70417770000006, -7.44578], [112.70408140000006, -7.445972], [112.70398940000007, -7.446178], [112.70397680000008, -7.446206099999927], [112.70312560000002, -7.445988099999965], [112.70289, -7.44582], [112.7026, -7.44572], [112.70244, -7.44567], [112.70200000000011, -7.44552], [112.70181760000003, -7.44545839999995], [112.70123, -7.44526], [112.70058660000007, -7.445052099999941], [112.70058, -7.44505], [112.70039370000006, -7.444984099999942], [112.7003969000001, -7.444973199999936], [112.7006540000001, -7.444102899999962], [112.70090280000011, -7.443260599999974], [112.70105, -7.442762099999925], [112.70117610000011, -7.442401799999971], [112.70126190000008, -7.442156599999976], [112.70148110000002, -7.441536399999961], [112.70178080000005, -7.440521299999943], [112.70221760000004, -7.439041299999928], [112.70163, -7.43884], [112.701477, -7.438795699999957], [112.70125, -7.43873], [112.70091, -7.43865], [112.70071, -7.43862], [112.70010820000005, -7.43848289999994], [112.69913, -7.43826], [112.69870960000003, -7.43819179999997], [112.69839, -7.43814], [112.6968700000001, -7.43814], [112.696744, -7.43813549999993], [112.69659, -7.43813], [112.696352, -7.438164799999981], [112.69618, -7.43819], [112.69535, -7.43828], [112.695, -7.43831], [112.69466000000011, -7.43834], [112.694088, -7.438406499999928], [112.6938, -7.43844], [112.69374, -7.43844], [112.69301, -7.43844], [112.6930125, -7.438426499999935], [112.69292010000004, -7.438426799999945], [112.69286310000007, -7.438413899999944], [112.69336720000001, -7.436323799999968], [112.69367510000006, -7.435018499999956], [112.69397860000004, -7.433708899999942], [112.69415880000008, -7.432859599999972], [112.69418, -7.43271], [112.69417650000003, -7.432702399999926], [112.69434910000007, -7.432161], [112.69442160000006, -7.431758599999966], [112.69463710000002, -7.430562299999963], [112.69464710000011, -7.430563699999936], [112.694675, -7.430518099999972], [112.69468350000011, -7.430518099999972], [112.6946898000001, -7.430464499999971], [112.694083, -7.430398899999943], [112.69408140000007, -7.430394199999967], [112.69403360000001, -7.430393599999945], [112.69402620000005, -7.43039349999998], [112.69362080000008, -7.430372899999952], [112.69357820000005, -7.430376599999931], [112.69335550000005, -7.430396], [112.69320040000002, -7.430323], [112.6924623000001, -7.430319499999939], [112.69228, -7.43025], [112.69223000000011, -7.4302], [112.69222900000011, -7.43019019999997], [112.692072, -7.428665599999931], [112.6920196000001, -7.428157], [112.691529, -7.42807629999993], [112.69009690000007, -7.427840699999933], [112.68795160000002, -7.427503699999932], [112.68786180000006, -7.427489599999944], [112.68758590000004, -7.42743749999994], [112.68691, -7.42731], [112.68683450000003, -7.427232599999968], [112.6868161000001, -7.427213699999982], [112.68692850000002, -7.426943899999969], [112.68698560000007, -7.426736], [112.6870133000001, -7.426635199999964], [112.68707110000003, -7.426392899999939], [112.68707430000006, -7.426184199999966], [112.68708, -7.42581], [112.68702130000008, -7.425635799999952], [112.6869501000001, -7.42544479999998], [112.6867966000001, -7.425176], [112.68670170000007, -7.424895299999946], [112.68666140000005, -7.424594899999931], [112.68662170000005, -7.424442799999952], [112.68647240000007, -7.424244299999941], [112.68638990000011, -7.424147], [112.68613510000012, -7.423999699999968], [112.685931, -7.42380129999998], [112.6859558000001, -7.423160799999948], [112.68595950000008, -7.423067399999979], [112.6855839000001, -7.423041499999954], [112.68517, -7.42295], [112.68448, -7.42274], [112.68430760000001, -7.422659799999963], [112.68403760000001, -7.422606199999962], [112.68381840000006, -7.422564099999931], [112.68346630000008, -7.422526399999981], [112.68306330000007, -7.422473299999979], [112.68306490000009, -7.422466099999951], [112.68281370000011, -7.422470499999974], [112.6827813000001, -7.421798499999966], [112.682779, -7.421749199999965], [112.68277810000006, -7.421730899999943], [112.6816665, -7.4216], [112.68150980000007, -7.421590299999934], [112.68117550000011, -7.421569499999976], [112.68108730000006, -7.421564], [112.68096, -7.42192], [112.68078, -7.4219], [112.6805700000001, -7.42188], [112.68021170000009, -7.421848799999964], [112.67988, -7.42182], [112.67945, -7.42179], [112.67934, -7.42178], [112.67929750000008, -7.42182], [112.67907180000009, -7.422298699999942], [112.679054, -7.422336799999925], [112.67904830000009, -7.422348899999974], [112.67889470000011, -7.422352399999966], [112.6786168000001, -7.422318099999927], [112.67831230000002, -7.422295599999927], [112.67757590000008, -7.422145], [112.67720040000006, -7.422084499999926], [112.67684250000002, -7.422003299999972], [112.67660890000002, -7.421959899999933], [112.67613270000004, -7.421870299999966], [112.67600840000011, -7.421805799999959], [112.6758996000001, -7.422744299999977], [112.67587630000003, -7.423134699999935], [112.67586630000005, -7.423301899999956], [112.6758168, -7.424278499999957], [112.67577010000002, -7.425202], [112.6757166000001, -7.425919], [112.6756941000001, -7.42620519999997], [112.6756775, -7.426512], [112.67565760000002, -7.426724499999978], [112.675626, -7.42695759999998], [112.67561460000002, -7.427063899999951], [112.67560010000011, -7.427134699999954], [112.67499, -7.42707], [112.6747600000001, -7.42698], [112.67472850000001, -7.426973199999964], [112.67453, -7.42693], [112.67402, -7.42682], [112.67394020000006, -7.426768699999968], [112.67388, -7.42673], [112.67375, -7.42667], [112.67365, -7.42661], [112.6735000000001, -7.42658], [112.6733273000001, -7.42650139999995], [112.67309000000012, -7.42644], [112.67299730000002, -7.426437599999929], [112.6727039000001, -7.42643019999997], [112.67220350000002, -7.426270099999954], [112.67198150000002, -7.42619], [112.67177150000009, -7.426114199999972], [112.67182660000003, -7.425927399999978], [112.67187260000003, -7.425719199999946], [112.67196080000008, -7.425421699999958], [112.67207, -7.425068899999928], [112.672242, -7.424422899999968], [112.671276, -7.424175199999979], [112.670924, -7.424069899999949], [112.670804, -7.424034099999972], [112.67079410000008, -7.424031099999979], [112.67088430000001, -7.42378709999997], [112.67083750000006, -7.423772], [112.67072080000003, -7.423734499999966], [112.67053640000006, -7.42370219999998], [112.67047800000012, -7.423688599999934], [112.66987670000003, -7.423572299999933], [112.6697971000001, -7.423510799999974], [112.66922250000005, -7.423415299999931], [112.66871960000003, -7.423344499999928], [112.6687098000001, -7.423343099999954], [112.66861660000006, -7.42333], [112.66861390000008, -7.423329599999931], [112.6682588000001, -7.423292299999957], [112.66806470000006, -7.42325429999994], [112.66758230000005, -7.423173399999939], [112.66698420000012, -7.423056299999928], [112.66652110000007, -7.422943699999962], [112.66642460000003, -7.422931299999959], [112.66616020000004, -7.422849099999951], [112.66544210000006, -7.422680399999933], [112.66523170000005, -7.422618499999942], [112.66516060000004, -7.422595099999967], [112.66450750000001, -7.422346699999935], [112.66450220000002, -7.422354199999972], [112.66442710000001, -7.422327299999949], [112.66418190000002, -7.422281699999928], [112.66368520000003, -7.423325299999931], [112.66368540000008, -7.423364899999967], [112.66368580000005, -7.423469299999965], [112.66357160000007, -7.423680499999932], [112.66345300000012, -7.423898299999962], [112.66316470000004, -7.424786599999948], [112.66314780000005, -7.424937399999976], [112.66348180000011, -7.425013299999932], [112.66349480000008, -7.425007199999925], [112.66350000000011, -7.42501], [112.66374, -7.425], [112.66380860000004, -7.425], [112.663886, -7.425060899999949], [112.664013, -7.425140599999963], [112.6641605000001, -7.425203599999975], [112.66427660000011, -7.425252299999954], [112.66440350000005, -7.425367599999959], [112.6644672000001, -7.425472499999955], [112.66449220000004, -7.425598699999966], [112.66452430000004, -7.425717799999973], [112.66455280000002, -7.425826399999949], [112.66460930000005, -7.425903299999959], [112.66469020000011, -7.425924], [112.6647676, -7.425887599999953], [112.6648, -7.42592], [112.66495, -7.42592], [112.66495060000011, -7.42592], [112.6649519, -7.42593009999996], [112.66496540000003, -7.426038299999959], [112.66493130000003, -7.426302299999975], [112.66492610000012, -7.426465499999949], [112.66495270000007, -7.426563], [112.66505980000011, -7.42668939999993], [112.66524590000006, -7.426863599999933], [112.66541610000002, -7.427080099999955], [112.66546160000007, -7.427149899999961], [112.66546770000002, -7.427227099999925], [112.66547260000004, -7.427348099999961], [112.66544070000009, -7.427422499999977], [112.665358, -7.427567099999976], [112.6653262000001, -7.427656099999979], [112.66527870000004, -7.427828299999931], [112.66525890000003, -7.427881799999966], [112.66523820000009, -7.427937699999973], [112.6652064000001, -7.428012199999955], [112.6652008000001, -7.428074899999956], [112.66520990000004, -7.428166699999963], [112.66523360000008, -7.428258399999947], [112.66523380000001, -7.428321], [112.66523570000004, -7.428418699999952], [112.66529150000008, -7.428513199999941], [112.66532260000008, -7.428635499999928], [112.66531950000001, -7.428976499999976], [112.66528850000009, -7.429272499999968], [112.66528910000011, -7.429411], [112.66534640000009, -7.429514199999971], [112.66536570000005, -7.429608899999948], [112.6653222000001, -7.429686299999958], [112.66536530000008, -7.429894499999932], [112.66541120000011, -7.430057599999941], [112.66536350000001, -7.430175799999972], [112.66528630000005, -7.430405399999927], [112.66523210000003, -7.430566899999974], [112.66522390000011, -7.430706799999939], [112.66520990000004, -7.43086569999997], [112.66519590000007, -7.431047899999953], [112.66518340000005, -7.431217], [112.66516150000007, -7.431451799999934], [112.66516050000007, -7.431462599999975], [112.66512640000008, -7.431516], [112.66505270000005, -7.431584899999962], [112.66493420000006, -7.431631699999969], [112.66488620000007, -7.431654099999946], [112.66480890000003, -7.43168529999997], [112.66472660000011, -7.431738799999948], [112.66464080000003, -7.431778599999973], [112.6645496000001, -7.431768699999964], [112.66447220000009, -7.431767299999933], [112.66415390000009, -7.432915299999934], [112.6637005, -7.434731299999953], [112.66362570000001, -7.43502129999996], [112.66362560000005, -7.43502159999997], [112.6636218000001, -7.435036399999944], [112.66330420000008, -7.43497519999994], [112.6630484000001, -7.434926], [112.66239370000005, -7.434969199999955], [112.66223, -7.43498], [112.66178, -7.43488], [112.6609, -7.43465], [112.66059, -7.43462], [112.66026710000006, -7.434639], [112.659976, -7.435487799999976], [112.65988770000001, -7.435778199999959], [112.65985460000002, -7.435882399999969], [112.65984960000003, -7.435907399999962], [112.6598464000001, -7.435923299999956], [112.6598034000001, -7.436139099999934], [112.659774, -7.436250799999925], [112.659752, -7.436343799999975], [112.65970790000006, -7.436496399999953], [112.65970460000005, -7.436608], [112.6597200000001, -7.43671], [112.65971, -7.43683], [112.65969, -7.43694], [112.65968, -7.43707], [112.65970290000007, -7.437158299999965], [112.65980730000001, -7.437169], [112.659919, -7.437161199999935], [112.65994180000007, -7.437276399999973], [112.65990510000006, -7.437432699999931], [112.6599801000001, -7.437569899999971], [112.66011540000011, -7.437889199999972], [112.66013370000007, -7.437928899999974], [112.66028820000008, -7.438264099999969], [112.66034420000005, -7.438304799999969], [112.6604003000001, -7.438356599999963], [112.66048980000005, -7.438400899999976], [112.66054580000002, -7.438419299999964], [112.66060370000002, -7.438593899999944], [112.66059880000012, -7.438653299999942], [112.6606289, -7.438723799999934], [112.66076280000004, -7.438682399999948], [112.66080760000011, -7.438697099999956], [112.66081150000002, -7.438749199999961], [112.6607782000001, -7.438825399999928], [112.66073830000005, -7.43887929999994], [112.66068560000008, -7.438950399999953], [112.66060750000008, -7.438984199999936], [112.66059280000002, -7.439043699999957], [112.6605968, -7.439121799999953], [112.66065670000012, -7.439195899999959], [112.66071280000006, -7.439222499999971], [112.66074260000005, -7.439236499999936], [112.66065, -7.439400499999977], [112.6606733000001, -7.43940809999998], [112.66420340000002, -7.440570099999945], [112.66663930000004, -7.441416699999934], [112.66665890000002, -7.441423599999951], [112.66787350000004, -7.441822], [112.66799, -7.44189], [112.66894390000004, -7.442201599999976], [112.66949000000011, -7.44238], [112.66979, -7.44247], [112.67066020000004, -7.442773799999941], [112.67061640000009, -7.443012499999952], [112.67058270000007, -7.443227899999954], [112.67035610000005, -7.444663399999968], [112.67048920000002, -7.444681699999933], [112.67048880000004, -7.444686799999943], [112.67048690000001, -7.444709899999964], [112.6703394000001, -7.446474899999941], [112.67033660000004, -7.446508199999926], [112.67023690000008, -7.446564699999954], [112.6702371, -7.446564199999955], [112.67018180000002, -7.44644569999997], [112.6701015000001, -7.446319899999935], [112.67000840000003, -7.446320299999968], [112.66990710000005, -7.446230899999932], [112.66985470000009, -7.446154899999954], [112.66984750000006, -7.446002199999953], [112.669847, -7.445869399999935], [112.66985120000004, -7.445757499999957], [112.66983730000004, -7.44572809999994], [112.66963590000012, -7.44576909999995], [112.66947130000005, -7.445702199999971], [112.66936750000002, -7.445718499999941], [112.66924090000009, -7.44565259999996], [112.66919690000009, -7.445597199999952], [112.6691674000001, -7.445559899999978], [112.66907390000006, -7.445454099999949], [112.66897380000012, -7.445381399999974], [112.66888040000003, -7.445295499999929], [112.66879380000012, -7.44525589999995], [112.668687, -7.44517], [112.66859090000003, -7.445073099999945], [112.66853320000007, -7.444971499999951], [112.668473, -7.444865499999935], [112.6683776000001, -7.444818299999952], [112.66833980000001, -7.444799599999953], [112.66817330000003, -7.444767], [112.6679871, -7.444774299999949], [112.66778760000011, -7.444781699999965], [112.66772430000003, -7.444783499999971], [112.66755950000004, -7.444788299999971], [112.667479, -7.444739199999958], [112.6674005000001, -7.444663399999968], [112.66732720000005, -7.44458069999996], [112.66729020000002, -7.444516599999929], [112.66721970000003, -7.444435099999964], [112.667131, -7.444377899999949], [112.66695920000006, -7.444262099999946], [112.66683620000003, -7.44419739999995], [112.66655590000005, -7.444177699999955], [112.66642660000002, -7.444202099999927], [112.66644670000005, -7.444212], [112.66615050000007, -7.444361199999946], [112.666134, -7.444339599999978], [112.6660941, -7.444821], [112.66609, -7.44483], [112.66606070000012, -7.445044699999926], [112.66603, -7.44527], [112.6658900000001, -7.44591], [112.66561, -7.44701], [112.66545, -7.44765], [112.66523, -7.4485], [112.66519, -7.44861], [112.66517770000007, -7.448659199999952], [112.6651700000001, -7.44869], [112.66506, -7.44864], [112.66503000000012, -7.44873], [112.6649900000001, -7.44884], [112.66483990000006, -7.449204599999973], [112.66478, -7.44935], [112.66466, -7.44963], [112.66455, -7.44979], [112.66447810000011, -7.449829199999954], [112.66428840000003, -7.450176699999929], [112.66413430000011, -7.450107199999934], [112.66404160000002, -7.450065299999949], [112.66403470000012, -7.450070699999969], [112.6636314000001, -7.449957299999937], [112.66332450000004, -7.449969], [112.66330060000007, -7.449977499999932], [112.66311610000002, -7.449974599999962], [112.66311580000001, -7.449978699999974], [112.663022, -7.449988], [112.66290170000002, -7.449998899999969], [112.6627840000001, -7.450007099999937], [112.66268730000002, -7.450023199999976], [112.66259850000006, -7.450062699999933], [112.66255150000006, -7.450083699999936], [112.66246110000009, -7.450329899999929], [112.66226740000002, -7.450258199999951], [112.66226170000004, -7.450274399999955], [112.66224660000012, -7.450317499999926], [112.6618085, -7.451566199999945], [112.661503, -7.452437], [112.66054940000004, -7.455277399999943], [112.66054190000011, -7.4553], [112.6608179000001, -7.45536], [112.66091, -7.45538], [112.66102, -7.4554], [112.66101780000008, -7.455425499999933], [112.66102980000005, -7.455427099999952], [112.66149870000004, -7.455539099999953], [112.66205620000005, -7.455708899999934], [112.6625911000001, -7.455964799999947], [112.66310880000003, -7.456232199999931], [112.6636324000001, -7.45652819999998], [112.66399060000003, -7.45673069999998], [112.66407540000012, -7.45677859999995], [112.66439170000001, -7.456915], [112.66449020000005, -7.456947699999944], [112.66476000000011, -7.45709], [112.6647885000001, -7.457102499999962], [112.66527730000007, -7.457317299999943], [112.66542, -7.45738], [112.66641, -7.45779], [112.66717, -7.45806], [112.66743, -7.45812], [112.66768450000006, -7.458060899999964], [112.66796010000007, -7.457975499999975], [112.66793930000006, -7.458063099999947], [112.66776610000011, -7.458791299999973], [112.66819450000003, -7.458902099999932], [112.668111, -7.459149799999977], [112.6684547000001, -7.459193499999969], [112.668714, -7.459243099999981], [112.66887730000008, -7.459248099999968], [112.66901220000011, -7.459174499999961], [112.66906790000007, -7.459016899999938], [112.6690274, -7.458719099999939], [112.66899110000008, -7.458583099999942], [112.668936, -7.458376599999951], [112.66897470000004, -7.458207799999968], [112.66898070000002, -7.458210899999926], [112.6690178, -7.458230599999979], [112.6696181000001, -7.458548199999939], [112.67005820000008, -7.458749], [112.67062790000011, -7.458982899999967], [112.67114, -7.45919], [112.67145690000007, -7.45928239999995], [112.6715448000001, -7.45930809999993], [112.67162, -7.45933], [112.67173, -7.45938], [112.6717900000001, -7.4594], [112.67204, -7.45951], [112.67229, -7.45961], [112.67237000000011, -7.45966], [112.67296990000011, -7.459841799999936], [112.67528220000008, -7.460601399999973], [112.67603820000011, -7.46087069999993], [112.67612640000004, -7.460875199999975], [112.67718680000007, -7.457995099999948], [112.67768520000004, -7.456536299999925], [112.67768650000005, -7.456532599999946], [112.67750610000007, -7.45646679999993], [112.67734460000008, -7.456354599999941], [112.67730070000005, -7.456324099999961], [112.67729640000005, -7.456321099999968], [112.67739920000008, -7.456149299999936], [112.67761220000011, -7.455804599999965], [112.677829, -7.455442399999981], [112.6778240000001, -7.455441699999938], [112.6780999, -7.454981299999929], [112.678282, -7.454662199999973], [112.67828530000008, -7.45466289999996], [112.67939940000008, -7.454884899999968], [112.6801842000001, -7.455108899999971], [112.680186, -7.455109499999935], [112.68029350000006, -7.455133], [112.68071310000005, -7.455222099999958], [112.680743, -7.455228499999976], [112.68105810000009, -7.455399099999966], [112.68159870000011, -7.455852799999946], [112.68183110000007, -7.455934099999979], [112.68213750000007, -7.456048799999962], [112.68231060000005, -7.456113599999981], [112.68259190000003, -7.456218799999931], [112.68263160000004, -7.456236599999954], [112.68311210000002, -7.455223199999978], [112.68412260000002, -7.455598899999927], [112.68414980000011, -7.455591599999934], [112.68457560000002, -7.454683399999965], [112.68461, -7.454648799999973], [112.6846667000001, -7.454661899999962], [112.68467520000002, -7.454663899999957], [112.6847328, -7.454694299999971], [112.68479820000005, -7.454766699999936], [112.68480430000011, -7.454773699999976], [112.68484440000009, -7.454820099999949], [112.68489810000005, -7.454827499999965], [112.68493640000008, -7.454819699999973], [112.68497460000003, -7.454800499999976], [112.685036, -7.454819399999963], [112.68510880000008, -7.454803799999979], [112.68513940000003, -7.454796], [112.6851832000001, -7.454717399999936], [112.68517910000003, -7.454652399999929], [112.68517880000002, -7.45458739999998], [112.685217, -7.454537499999958], [112.68528210000011, -7.45453729999997], [112.6853205000001, -7.454537099999925], [112.68537390000006, -7.45448719999996], [112.68541980000009, -7.454464099999939], [112.68545360000007, -7.454483599999946], [112.6854876000001, -7.454503199999976], [112.685512, -7.454517299999964], [112.6855849000001, -7.454539899999929], [112.68568460000006, -7.454554899999948], [112.6858304000001, -7.454584899999929], [112.68594540000004, -7.454607399999929], [112.6861262000001, -7.45459539999996], [112.68614630000002, -7.454589899999974], [112.68629720000001, -7.45459969999996], [112.68654880000008, -7.454626599999926], [112.68686750000006, -7.454636599999958], [112.68690030000005, -7.454463499999974], [112.68692770000007, -7.454318299999954], [112.68702230000008, -7.454200799999967], [112.68701610000005, -7.45403349999998], [112.6870487000001, -7.453804599999955], [112.68705090000003, -7.45379719999994], [112.68705650000004, -7.453777399999979], [112.68737090000002, -7.452678699999979], [112.68739070000004, -7.452609399999972], [112.68753970000012, -7.452106699999945], [112.68759260000002, -7.451909399999977], [112.68765270000006, -7.451685], [112.68874260000007, -7.451951599999973], [112.68880850000005, -7.451967699999955], [112.68905990000007, -7.45202919999997], [112.68919910000011, -7.452213], [112.6892653000001, -7.452282799999978], [112.68931, -7.45233], [112.68931260000011, -7.452332599999977], [112.68946470000003, -7.452424599999972], [112.68946580000011, -7.452425199999936], [112.68960630000004, -7.452462], [112.68961430000002, -7.452459399999952], [112.68986790000008, -7.452377], [112.69004530000007, -7.452282899999943], [112.69020410000007, -7.452207599999952], [112.69042840000009, -7.452132], [112.69065380000006, -7.452036299999975], [112.6909055000001, -7.452015199999948], [112.6910458000001, -7.452092299999947], [112.69117230000006, -7.452223899999979], [112.69123360000003, -7.452287699999943], [112.69134660000009, -7.452474099999961], [112.69143540000005, -7.452598499999965], [112.69148660000008, -7.452632299999948], [112.69149770000001, -7.452639699999963], [112.69164310000008, -7.452644799999973], [112.6916791000001, -7.45262589999993], [112.691843, -7.452602899999931], [112.69199260000005, -7.452574299999981], [112.69214560000012, -7.452550199999962], [112.6922925, -7.452585399999975], [112.69235760000004, -7.452601], [112.69240610000008, -7.453039699999977], [112.69232450000004, -7.453712399999972], [112.69211960000007, -7.453974699999947], [112.69181250000008, -7.454386799999952], [112.69157960000007, -7.454667799999982], [112.69156270000008, -7.45514419999995], [112.69162080000001, -7.45563889999994], [112.69176720000007, -7.456001699999945], [112.69181380000009, -7.456001599999979], [112.69190340000011, -7.456005299999958], [112.69210540000006, -7.456013699999971], [112.6924361, -7.455840399999943], [112.69268710000006, -7.455641], [112.6929153000001, -7.455535599999962], [112.69295650000004, -7.455529599999977], [112.69307620000006, -7.455546199999958], [112.6931532000001, -7.455548699999952], [112.69326, -7.45558], [112.69343270000002, -7.455633], [112.69349870000008, -7.45566649999995], [112.693909, -7.455956699999945], [112.69393560000003, -7.455978099999982], [112.69427, -7.456232799999952], [112.6944535, -7.45633179999993], [112.69461550000005, -7.456419199999971], [112.6947980000001, -7.456480799999952], [112.69482380000011, -7.456489499999975], [112.69500650000009, -7.456574099999955], [112.6952692000001, -7.456715299999928], [112.69545660000006, -7.45678479999998], [112.69560310000008, -7.456839199999933], [112.69592100000011, -7.456912399999965], [112.6959796000001, -7.456925899999931], [112.69632690000003, -7.457062099999973], [112.69643710000003, -7.457141399999955], [112.69660970000007, -7.457220099999972], [112.69661940000003, -7.457219399999929], [112.6968217000001, -7.457206], [112.69703360000005, -7.457165499999974], [112.69716610000012, -7.457151799999963], [112.69741780000004, -7.457137599999953], [112.697577, -7.457163399999956], [112.69781590000002, -7.457268399999975], [112.69806820000008, -7.45737319999995], [112.69837370000005, -7.45755719999994], [112.69864960000007, -7.45767], [112.6987587000001, -7.457714499999952], [112.69901040000002, -7.45768709999993], [112.69918230000007, -7.457580599999972], [112.69930060000002, -7.457342], [112.69930000000011, -7.45718329999994], [112.69929940000009, -7.457024499999932], [112.69923260000007, -7.456892499999981], [112.6990482000001, -7.456709899999964], [112.69904040000006, -7.456700099999978], [112.69903320000003, -7.456690599999945], [112.698923, -7.456534599999941], [112.69889950000004, -7.456430799999964], [112.69897820000006, -7.456218799999931], [112.69920270000011, -7.456006299999956], [112.6993609000001, -7.455794], [112.69950620000009, -7.455648], [112.699665, -7.455581199999926], [112.69979730000011, -7.455541], [112.7001136, -7.455567499999972], [112.70017770000004, -7.455595699999947], [112.70024950000004, -7.455646199999933], [112.7002936, -7.455689899999925], [112.7003582000001, -7.455848199999934], [112.7003674, -7.456021699999951], [112.7003370000001, -7.456246499999963], [112.700352, -7.456459699999925], [112.70035860000007, -7.456673], [112.700399, -7.456809399999941], [112.70041210000011, -7.456825899999956], [112.70041880000008, -7.456868099999951], [112.70046910000008, -7.456897599999934], [112.70047340000008, -7.456903], [112.70049370000004, -7.456911899999966], [112.700711, -7.457039], [112.70104910000009, -7.457146399999942], [112.70113890000005, -7.457181699999978], [112.70137490000002, -7.45735389999993], [112.70157410000002, -7.457459], [112.70186720000004, -7.457486099999926], [112.70198510000012, -7.457497099999955], [112.7023431, -7.457522099999949], [112.7027144000001, -7.457586899999967], [112.7030195000001, -7.457638599999939], [112.70329820000006, -7.457756599999925], [112.70334610000009, -7.457778399999938], [112.70364340000003, -7.457914], [112.70404080000003, -7.457846299999972], [112.70437170000002, -7.457726], [112.70449090000011, -7.457699099999957], [112.70470910000006, -7.457662299999981], [112.705014, -7.457611099999951], [112.70529250000004, -7.457636399999956], [112.7057089000001, -7.457730099999935]]] 
      }
    },
    {
      "type": "Feature",
      "properties": {
        "district_id": "3515120",
        "province": "Jawa Timur",
        "regency": "Sidoarjo",
        "district": "Buduran",
        "pria": 50631,
        "wanita": 50598,
        "total_penduduk": 101229
      },
      "geometry": {
        "type": "Polygon",
        "coordinates": [[[112.7089754000001, -7.411886799999934], [112.70897290000005, -7.41184869999995], [112.70894220000002, -7.411731799999927], [112.70889320000003, -7.411572299999932], [112.70888, -7.41156], [112.70876840000005, -7.411491799999965], [112.7087, -7.41145], [112.70858, -7.41141], [112.70802, -7.41125], [112.70792560000007, -7.411221199999943], [112.70767220000005, -7.411143699999968], [112.707658, -7.411137599999961], [112.70761, -7.41108], [112.70749, -7.41103], [112.70722, -7.41096], [112.70695, -7.41086], [112.70693810000012, -7.410881699999948], [112.70688860000007, -7.410865899999976], [112.70666360000007, -7.410818099999972], [112.70648030000007, -7.410746699999947], [112.70634730000006, -7.41065889999993], [112.70612330000006, -7.410664699999927], [112.70586870000011, -7.410547899999926], [112.705546, -7.410483299999953], [112.70547330000011, -7.410452499999963], [112.70545650000008, -7.410510199999976], [112.70520390000001, -7.41138159999997], [112.70484670000008, -7.412498899999946], [112.704755, -7.412785699999972], [112.70471, -7.41297], [112.7046937, -7.413048899999978], [112.70459930000004, -7.413028899999972], [112.7035016000001, -7.412796599999979], [112.70244420000006, -7.412572799999964], [112.70239630000003, -7.412809699999968], [112.70228340000006, -7.413367499999936], [112.70208790000004, -7.414077299999974], [112.70198360000006, -7.414877499999932], [112.70180280000011, -7.415562799999975], [112.70179630000007, -7.41558729999997], [112.70194620000007, -7.415636599999971], [112.70201960000009, -7.415660699999933], [112.702375, -7.415725299999963], [112.70254850000003, -7.415724599999976], [112.7027958000001, -7.4156], [112.7028649, -7.415576699999974], [112.70290750000004, -7.415562399999942], [112.70293190000007, -7.415554099999952], [112.70294020000006, -7.415611499999955], [112.7029897000001, -7.415952499999946], [112.70301680000011, -7.416139199999975], [112.70299430000011, -7.416741199999933], [112.703103, -7.417107899999962], [112.70317000000011, -7.417334099999948], [112.70316510000009, -7.417353499999933], [112.70308640000007, -7.417334699999969], [112.70308000000011, -7.41752], [112.70298530000002, -7.417942499999981], [112.70251480000002, -7.41927759999993], [112.70217980000007, -7.420323599999961], [112.70208460000003, -7.420309499999973], [112.70097040000007, -7.420144299999947], [112.70090170000003, -7.420162599999969], [112.70083050000005, -7.420181599999978], [112.7007268000001, -7.420167399999968], [112.70043010000006, -7.420485699999972], [112.69969880000008, -7.42096209999994], [112.6996832000001, -7.42097229999996], [112.69827390000012, -7.420956], [112.69814560000009, -7.421044499999937], [112.69726730000002, -7.421650099999965], [112.6966327, -7.42192579999994], [112.69647140000006, -7.421995899999956], [112.69596580000007, -7.422261699999979], [112.69553860000008, -7.42192], [112.69535350000001, -7.422059699999977], [112.6951289000001, -7.422153399999956], [112.69511440000008, -7.422167299999956], [112.69505990000005, -7.422219499999926], [112.69501620000005, -7.42235949999997], [112.69485510000004, -7.422610199999951], [112.694605, -7.422743599999933], [112.6945247000001, -7.423081899999943], [112.69392, -7.4231], [112.69339, -7.42309], [112.69338990000006, -7.423091499999941], [112.69307040000001, -7.423084199999948], [112.69307, -7.423086499999954], [112.69293880000009, -7.423083799999972], [112.69293620000008, -7.423092899999972], [112.69289650000007, -7.423235699999964], [112.69293080000011, -7.423265899999933], [112.69290050000006, -7.42370509999995], [112.69281820000003, -7.424295899999947], [112.69276420000006, -7.424903499999971], [112.692782, -7.425131199999953], [112.69229910000001, -7.425554799999929], [112.69229530000007, -7.426049699999965], [112.69233040000006, -7.42637579999996], [112.69225190000009, -7.426488499999948], [112.69218580000006, -7.426879699999972], [112.69210770000007, -7.427082399999961], [112.69213650000006, -7.427239799999938], [112.6920927000001, -7.427577399999961], [112.69209910000006, -7.427768499999956], [112.69202640000003, -7.427920699999959], [112.69203830000004, -7.428072499999928], [112.69207240000003, -7.42815109999998], [112.691529, -7.42807629999993], [112.6920196000001, -7.428157], [112.692072, -7.428665599999931], [112.69222900000011, -7.43019019999997], [112.69223000000011, -7.4302], [112.69228, -7.43025], [112.6924623000001, -7.430319499999939], [112.69320040000002, -7.430323], [112.69335550000005, -7.430396], [112.69357820000005, -7.430376599999931], [112.69362080000008, -7.430372899999952], [112.69402620000005, -7.43039349999998], [112.69403360000001, -7.430393599999945], [112.69408140000007, -7.430394199999967], [112.694083, -7.430398899999943], [112.6946898000001, -7.430464499999971], [112.69468350000011, -7.430518099999972], [112.694675, -7.430518099999972], [112.69464710000011, -7.430563699999936], [112.69463710000002, -7.430562299999963], [112.69442160000006, -7.431758599999966], [112.69434910000007, -7.432161], [112.69417650000003, -7.432702399999926], [112.69418, -7.43271], [112.69415880000008, -7.432859599999972], [112.69397860000004, -7.433708899999942], [112.69367510000006, -7.435018499999956], [112.69336720000001, -7.436323799999968], [112.69286310000007, -7.438413899999944], [112.69292010000004, -7.438426799999945], [112.6930125, -7.438426499999935], [112.69301, -7.43844], [112.69374, -7.43844], [112.6938, -7.43844], [112.694088, -7.438406499999928], [112.69466000000011, -7.43834], [112.695, -7.43831], [112.69535, -7.43828], [112.69618, -7.43819], [112.696352, -7.438164799999981], [112.69659, -7.43813], [112.696744, -7.43813549999993], [112.6968700000001, -7.43814], [112.69839, -7.43814], [112.69870960000003, -7.43819179999997], [112.69913, -7.43826], [112.70010820000005, -7.43848289999994], [112.70071, -7.43862], [112.70091, -7.43865], [112.70125, -7.43873], [112.701477, -7.438795699999957], [112.70163, -7.43884], [112.70221760000004, -7.439041299999928], [112.70178080000005, -7.440521299999943], [112.70148110000002, -7.441536399999961], [112.70126190000008, -7.442156599999976], [112.70117610000011, -7.442401799999971], [112.70105, -7.442762099999925], [112.70090280000011, -7.443260599999974], [112.7006540000001, -7.444102899999962], [112.7003969000001, -7.444973199999936], [112.70039370000006, -7.444984099999942], [112.70058, -7.44505], [112.70058660000007, -7.445052099999941], [112.70123, -7.44526], [112.70181760000003, -7.44545839999995], [112.70200000000011, -7.44552], [112.70244, -7.44567], [112.7026, -7.44572], [112.70289, -7.44582], [112.70312560000002, -7.445988099999965], [112.70397680000008, -7.446206099999927], [112.70398940000007, -7.446178], [112.70408140000006, -7.445972], [112.70417770000006, -7.44578], [112.70421520000002, -7.445670299999961], [112.70428020000008, -7.445560499999942], [112.7043053000001, -7.44548889999993], [112.7043069, -7.445366699999965], [112.70434020000005, -7.445252899999957], [112.7044337000001, -7.444879699999944], [112.70450010000002, -7.444576199999972], [112.70455, -7.444329599999946], [112.70456, -7.44428], [112.70459, -7.44397], [112.70462, -7.44366], [112.70464, -7.44337], [112.7046600000001, -7.44328], [112.70466570000008, -7.443202499999927], [112.70472470000004, -7.44318329999993], [112.7051742000001, -7.443213199999946], [112.70526070000005, -7.443227599999943], [112.70534090000001, -7.443214699999942], [112.70540560000006, -7.443050199999959], [112.70551640000008, -7.442784399999937], [112.70577780000008, -7.442179], [112.70598050000001, -7.442205599999966], [112.70612190000008, -7.442234499999927], [112.70614480000006, -7.442243499999961], [112.70634970000003, -7.442279599999949], [112.70642260000011, -7.442320299999949], [112.70655410000006, -7.442138099999966], [112.70671650000008, -7.441879799999981], [112.70697770000004, -7.441464699999926], [112.70727540000007, -7.440998099999945], [112.70750210000006, -7.440681299999937], [112.7075628, -7.440563199999929], [112.70761080000011, -7.440430299999946], [112.70764610000003, -7.440270099999964], [112.7077584000001, -7.440272799999946], [112.70801130000007, -7.440278899999953], [112.70869, -7.4403], [112.70907000000011, -7.44029], [112.70933, -7.44029], [112.70971, -7.44027], [112.70983910000007, -7.440293899999972], [112.70998, -7.44032], [112.71043, -7.44048], [112.7108300000001, -7.44063], [112.71104, -7.44075], [112.7114, -7.44088], [112.71183, -7.44104], [112.71211, -7.44121], [112.71264, -7.44153], [112.71297, -7.44173], [112.7132, -7.44185], [112.71343, -7.44196], [112.71343700000011, -7.441946], [112.71366660000001, -7.442033099999946], [112.71392350000008, -7.442115299999955], [112.71419060000005, -7.442218099999934], [112.7144115000001, -7.442291699999942], [112.71458020000011, -7.442340699999932], [112.71457090000001, -7.442337699999939], [112.71523900000011, -7.440612899999962], [112.71566, -7.439212699999928], [112.71577860000002, -7.438837799999931], [112.71604510000009, -7.437995099999966], [112.715998, -7.437449499999957], [112.71599260000005, -7.437387], [112.71614960000011, -7.436839], [112.71622570000011, -7.436812199999963], [112.716247, -7.436759699999925], [112.71652440000003, -7.436078399999928], [112.71656910000002, -7.435915899999941], [112.71665020000012, -7.435621499999968], [112.7166946000001, -7.435537], [112.71672890000002, -7.435416099999941], [112.716806, -7.435212399999955], [112.71692170000006, -7.435249699999929], [112.717521, -7.435442799999976], [112.7176985000001, -7.435513199999946], [112.718, -7.43561], [112.71800360000009, -7.435607599999969], [112.71807350000006, -7.435560099999975], [112.718189, -7.435481599999946], [112.718136, -7.43531969999998], [112.71810930000004, -7.435173499999962], [112.718051, -7.435001199999931], [112.71801360000006, -7.434797499999945], [112.7180552000001, -7.43471889999995], [112.7181647000001, -7.434613899999931], [112.7183007000001, -7.434555899999964], [112.7184052, -7.434503199999938], [112.7184519000001, -7.434403699999962], [112.71852560000002, -7.434426799999926], [112.71853340000007, -7.434408899999937], [112.71852880000006, -7.434269099999938], [112.7184459, -7.434146], [112.71839190000003, -7.434039199999972], [112.71839980000004, -7.434015399999964], [112.7184013000001, -7.434011], [112.71898970000007, -7.434178799999927], [112.71898660000011, -7.434187399999928], [112.72016850000011, -7.434753299999954], [112.72035360000007, -7.434563599999933], [112.72043370000006, -7.434419099999957], [112.72065260000011, -7.434434199999941], [112.72070370000006, -7.434437699999933], [112.720797, -7.434447099999943], [112.7208055000001, -7.43449929999997], [112.72084230000007, -7.434726099999978], [112.72091740000008, -7.435107899999934], [112.72091440000008, -7.435617399999956], [112.72089190000008, -7.436141599999928], [112.72083390000012, -7.436362299999928], [112.72076650000008, -7.436690699999929], [112.72072320000007, -7.436906399999941], [112.72067990000005, -7.437141699999927], [112.72061990000009, -7.437309599999935], [112.72061680000002, -7.437318299999959], [112.72083, -7.43736], [112.72139460000005, -7.437491099999932], [112.7219500000001, -7.43762], [112.72305, -7.43795], [112.72373, -7.4381], [112.72424, -7.43819], [112.72484, -7.43839], [112.72525, -7.43865], [112.72545, -7.43877], [112.72576890000005, -7.438846799999965], [112.72577070000011, -7.438841199999956], [112.7258614000001, -7.438596899999936], [112.72730490000004, -7.434275599999978], [112.72769, -7.43442], [112.72775, -7.43444], [112.72797, -7.4345], [112.72871, -7.43475], [112.72881560000008, -7.434785199999965], [112.72889, -7.43481], [112.72934310000005, -7.434958], [112.7293800000001, -7.43497], [112.72985, -7.43515], [112.72991, -7.43517], [112.73014, -7.43527], [112.73038, -7.43535], [112.73045, -7.43537], [112.73059, -7.43541], [112.73085, -7.43549], [112.73092670000005, -7.435512599999981], [112.73098920000007, -7.435530899999947], [112.73102, -7.43554], [112.73139, -7.43566], [112.73155380000003, -7.435693899999933], [112.73173040000006, -7.435816899999963], [112.73190410000007, -7.436012399999981], [112.73218810000003, -7.436270199999967], [112.73237040000004, -7.436402499999929], [112.73254280000003, -7.436527699999942], [112.73259810000002, -7.436590299999978], [112.73261430000002, -7.436723599999937], [112.73263830000008, -7.436747299999979], [112.7326256, -7.43681], [112.73282, -7.43688], [112.73322650000011, -7.436995799999977], [112.73334220000004, -7.43701109999995], [112.73347980000005, -7.437050099999965], [112.73365060000003, -7.437098599999956], [112.73366910000004, -7.437103899999954], [112.7341325000001, -7.437015799999926], [112.73430240000005, -7.436936199999934], [112.734675, -7.437029399999972], [112.73498770000003, -7.437139399999978], [112.73499290000007, -7.437142499999936], [112.73664930000007, -7.438001199999974], [112.73665440000002, -7.438003899999956], [112.73669790000008, -7.437933299999941], [112.73678530000007, -7.437978299999941], [112.73715270000002, -7.437409199999934], [112.73748750000004, -7.437551299999939], [112.73760350000009, -7.437700599999971], [112.73936820000006, -7.438392599999929], [112.73956850000002, -7.438460899999939], [112.73969570000008, -7.438521899999955], [112.73995780000007, -7.438647599999967], [112.74024680000002, -7.438777], [112.74053950000007, -7.438833399999965], [112.74079060000008, -7.438842699999952], [112.74091, -7.43888], [112.74114, -7.43895], [112.74129460000006, -7.439103099999954], [112.74121080000009, -7.439314699999954], [112.74153430000001, -7.439420899999959], [112.7418100000001, -7.43953], [112.74224, -7.43965], [112.74236, -7.43961], [112.742382, -7.439601499999981], [112.74232270000005, -7.43986469999993], [112.74230870000008, -7.43998019999998], [112.74239630000011, -7.44019609999998], [112.74245910000002, -7.440243899999928], [112.74251370000002, -7.44022259999997], [112.74252, -7.44023], [112.74267370000007, -7.440230499999927], [112.742862, -7.440127699999948], [112.7431702, -7.440096899999958], [112.7432242000001, -7.44009669999997], [112.7434273, -7.440312199999937], [112.74365870000008, -7.440364199999976], [112.7436904000001, -7.440315699999928], [112.74381, -7.44036], [112.74403920000009, -7.44000449999993], [112.74416780000001, -7.440030499999978], [112.74437530000012, -7.440125799999976], [112.74490590000005, -7.440340099999958], [112.7458716000001, -7.440975599999945], [112.7459219000001, -7.44092379999995], [112.74598580000008, -7.440962799999966], [112.746158, -7.440773799999931], [112.74635510000007, -7.440922099999966], [112.74631640000007, -7.441071299999976], [112.74664830000006, -7.441525099999978], [112.74680650000005, -7.441775499999949], [112.746862, -7.441877299999931], [112.7469096000001, -7.441987], [112.7472795000001, -7.442103199999963], [112.74743690000003, -7.442173199999957], [112.74760210000011, -7.442203899999981], [112.74783, -7.44205], [112.74795, -7.4419], [112.74798, -7.44175], [112.74796, -7.4415], [112.74788, -7.441], [112.74783, -7.44077], [112.74788, -7.44048], [112.74792, -7.44039], [112.74835, -7.44011], [112.7487, -7.43995], [112.7490600000001, -7.43984], [112.749336, -7.439804599999945], [112.74945070000001, -7.439948099999981], [112.74957630000006, -7.440105299999971], [112.74972670000011, -7.44037869999994], [112.74990130000003, -7.440704899999957], [112.75012470000001, -7.441179899999952], [112.75025560000006, -7.441400499999929], [112.7503719, -7.441582699999969], [112.75062780000007, -7.441730699999937], [112.75095180000005, -7.441792199999952], [112.75111, -7.44186], [112.75178, -7.44185], [112.75205, -7.44187], [112.75274, -7.44208], [112.75321, -7.44231], [112.75361, -7.44252], [112.75382, -7.44258], [112.75428000000011, -7.44264], [112.7549, -7.44289], [112.75516, -7.44302], [112.75543, -7.44316], [112.75570040000002, -7.443325799999968], [112.75588370000003, -7.443402], [112.75596640000003, -7.443404099999952], [112.75607, -7.44342], [112.75617000000011, -7.44344], [112.75633, -7.44344], [112.75692, -7.44311], [112.75723, -7.44294], [112.75756, -7.44277], [112.75783, -7.44257], [112.75798, -7.44246], [112.75822, -7.44237], [112.75872, -7.44245], [112.75911, -7.44245], [112.75925110000003, -7.442494499999952], [112.75956520000011, -7.442762499999958], [112.75989940000011, -7.443232199999954], [112.76017060000004, -7.443620499999952], [112.76046, -7.44401], [112.76049, -7.44407], [112.76052, -7.44412], [112.76056, -7.44419], [112.76061, -7.44426], [112.76066, -7.44433], [112.7607200000001, -7.44438], [112.7608, -7.44444], [112.7609000000001, -7.4445], [112.76098, -7.44454], [112.76104, -7.44457], [112.76111, -7.4446], [112.76119, -7.44464], [112.7612600000001, -7.44467], [112.76133, -7.4447], [112.76142, -7.44473], [112.76148, -7.44476], [112.76154, -7.44478], [112.7616, -7.4448], [112.76167, -7.44483], [112.76175, -7.44485], [112.76182, -7.44486], [112.76191, -7.44486], [112.76198000000011, -7.44486], [112.76207000000011, -7.44486], [112.76218, -7.44486], [112.76229, -7.44486], [112.76239, -7.44486], [112.76247, -7.44485], [112.76253, -7.44486], [112.76261000000011, -7.44486], [112.76270000000011, -7.44487], [112.76276, -7.44488], [112.76282, -7.44491], [112.76292, -7.44495], [112.76299, -7.44499], [112.76305, -7.44502], [112.76311, -7.44504], [112.76317, -7.44507], [112.76323, -7.4451], [112.76329, -7.44513], [112.76355320000005, -7.445303899999942], [112.76391030000002, -7.445485099999928], [112.76415140000006, -7.445541799999944], [112.76432490000002, -7.445594], [112.76443590000008, -7.445656], [112.76489430000004, -7.445856099999958], [112.76503420000006, -7.445922899999971], [112.7652369000001, -7.446037399999966], [112.765488, -7.446214299999951], [112.7660337000001, -7.446572599999968], [112.76635770000007, -7.44692219999996], [112.76657000000012, -7.44702], [112.76664, -7.44709], [112.76668, -7.44713], [112.76674, -7.44717], [112.76684000000012, -7.44721], [112.76691, -7.44724], [112.76697, -7.44727], [112.76703, -7.44731], [112.76711000000012, -7.44736], [112.76718, -7.44742], [112.7672500000001, -7.44747], [112.76731, -7.44753], [112.76738000000012, -7.4476], [112.76745, -7.44767], [112.7675200000001, -7.44775], [112.76759, -7.44784], [112.76765000000012, -7.4479], [112.76771, -7.44797], [112.76776, -7.44803], [112.76781, -7.4481], [112.76785, -7.44816], [112.76789, -7.44821], [112.76793, -7.44827], [112.76796, -7.44832], [112.768, -7.44839], [112.76802980000002, -7.448449599999947], [112.76804, -7.44847], [112.76807, -7.44855], [112.76809, -7.44863], [112.76811, -7.44872], [112.76813, -7.44882], [112.7681500000001, -7.44892], [112.76816, -7.44898], [112.76817, -7.44906], [112.76818, -7.44914], [112.7682, -7.44922], [112.76821, -7.44931], [112.76823, -7.44941], [112.7682400000001, -7.4495], [112.76826, -7.4496], [112.76828, -7.44971], [112.7683, -7.44981], [112.76832, -7.44992], [112.76834, -7.45003], [112.76836, -7.45014], [112.76838, -7.45025], [112.7684, -7.45036], [112.7684200000001, -7.45046], [112.76844, -7.45057], [112.76846, -7.45067], [112.76848, -7.45078], [112.7685, -7.45088], [112.76852, -7.45098], [112.76854, -7.45107], [112.76856, -7.45117], [112.76858, -7.45126], [112.76859, -7.45135], [112.76861, -7.45143], [112.76862, -7.45152], [112.76864, -7.4516], [112.76865, -7.45167], [112.76866, -7.45175], [112.76868, -7.45182], [112.7686900000001, -7.45188], [112.7687, -7.45195], [112.76872, -7.45203], [112.76874, -7.45213], [112.76876, -7.45223], [112.76879, -7.45233], [112.76881, -7.45242], [112.76883, -7.45248], [112.76885, -7.45254], [112.7688700000001, -7.45261], [112.76889, -7.45268], [112.76892, -7.45274], [112.76894, -7.45281], [112.76897, -7.45288], [112.76899, -7.45294], [112.76902, -7.453], [112.7690500000001, -7.45308], [112.76909, -7.45316], [112.76912, -7.45323], [112.76917, -7.45333], [112.76922, -7.45342], [112.76927, -7.45351], [112.76933, -7.4536], [112.76937, -7.45367], [112.76942, -7.45374], [112.76947, -7.45381], [112.76951, -7.45386], [112.76954, -7.45391], [112.76958, -7.45396], [112.76961, -7.45401], [112.76967, -7.45408], [112.76973, -7.45417], [112.76978, -7.45425], [112.76982, -7.45431], [112.76986000000011, -7.45437], [112.76992, -7.45445], [112.76998, -7.45453], [112.77005, -7.45462], [112.77009, -7.45468], [112.77015, -7.45473], [112.7702, -7.4548], [112.77026, -7.45486], [112.77032, -7.45492], [112.77038, -7.45499], [112.77043, -7.45504], [112.77049000000011, -7.45509], [112.77058000000011, -7.45516], [112.77065, -7.45522], [112.7707, -7.45526], [112.77075, -7.4553], [112.7708, -7.45533], [112.77086, -7.45537], [112.77091, -7.45541], [112.77096, -7.45544], [112.77101, -7.45547], [112.77107, -7.45551], [112.77112000000011, -7.45554], [112.77119, -7.45558], [112.77128, -7.45563], [112.77135, -7.45567], [112.77141, -7.45571], [112.77152, -7.45576], [112.77171, -7.45583], [112.7718, -7.45585], [112.77189, -7.45587], [112.77199, -7.45589], [112.77206, -7.45591], [112.77215, -7.45592], [112.77226, -7.45593], [112.77234, -7.45593], [112.77243, -7.45593], [112.77254, -7.45593], [112.77264, -7.45593], [112.77274000000011, -7.45592], [112.77283000000011, -7.45591], [112.77292000000011, -7.4559], [112.77301000000011, -7.45588], [112.77311, -7.45586], [112.77318, -7.45584], [112.77326, -7.45581], [112.77336, -7.45578], [112.77346000000011, -7.45574], [112.77356, -7.45571], [112.77367, -7.45566], [112.77375, -7.45562], [112.77381, -7.45559], [112.7738700000001, -7.45555], [112.77394, -7.45551], [112.77401, -7.45546], [112.77408, -7.45541], [112.77415, -7.45536], [112.7742300000001, -7.45531], [112.7743, -7.45525], [112.77437, -7.4552], [112.77444, -7.45514], [112.77451, -7.45509], [112.77458, -7.45504], [112.77464, -7.45499], [112.7747, -7.45495], [112.77476, -7.4549], [112.77482, -7.45485], [112.77488, -7.45481], [112.77493, -7.45476], [112.77499000000012, -7.45472], [112.77505, -7.45468], [112.77511, -7.45463], [112.77517000000012, -7.45459], [112.7752200000001, -7.45455], [112.77528, -7.45451], [112.77534, -7.45447], [112.7754000000001, -7.45443], [112.77545, -7.45439], [112.77551, -7.45436], [112.77557, -7.45432], [112.77562000000012, -7.45429], [112.77568, -7.45426], [112.77574, -7.45423], [112.77580000000012, -7.45419], [112.77586, -7.45416], [112.77592, -7.45413], [112.77598000000012, -7.4541], [112.77604, -7.45407], [112.77611, -7.45404], [112.77617, -7.45401], [112.77624, -7.45398], [112.7763000000001, -7.45395], [112.77637, -7.45392], [112.77643, -7.45389], [112.77649, -7.45386], [112.77655, -7.45383], [112.77662, -7.45381], [112.77668, -7.45378], [112.77674, -7.45375], [112.77683, -7.45372], [112.77691, -7.45368], [112.77697, -7.45366], [112.77703, -7.45364], [112.77712, -7.45361], [112.77720000000011, -7.45359], [112.77729000000011, -7.45356], [112.77737, -7.45354], [112.77746, -7.45352], [112.77757, -7.45349], [112.77765000000011, -7.45347], [112.77771, -7.45346], [112.7778, -7.45344], [112.77788, -7.45343], [112.77794, -7.45343], [112.778, -7.45342], [112.77806, -7.45341], [112.77812, -7.4534], [112.77818, -7.4534], [112.77824, -7.45339], [112.7783, -7.45339], [112.77836, -7.45339], [112.77842, -7.45339], [112.77851, -7.45339], [112.77859, -7.45339], [112.77868, -7.45339], [112.77876, -7.45339], [112.77884, -7.4534], [112.77894, -7.45341], [112.77904, -7.45342], [112.77911, -7.45344], [112.77918000000011, -7.45345], [112.77925, -7.45347], [112.77932, -7.45348], [112.77941, -7.45351], [112.77949, -7.45354], [112.77958, -7.45357], [112.77964, -7.4536], [112.7797, -7.45362], [112.77977, -7.45366], [112.77985, -7.4537], [112.77994, -7.45375], [112.78002, -7.4538], [112.78008000000011, -7.45385], [112.78013, -7.45389], [112.78019, -7.45395], [112.78025, -7.45401], [112.78029, -7.45407], [112.78034, -7.45414], [112.78039, -7.45421], [112.78043, -7.45427], [112.78047, -7.45432], [112.78051, -7.45438], [112.78055, -7.45444], [112.78059, -7.4545], [112.78063, -7.45456], [112.78068, -7.45463], [112.78072, -7.4547], [112.78077, -7.45476], [112.78081, -7.45484], [112.78086, -7.45491], [112.78092, -7.45499], [112.78097, -7.45508], [112.7810300000001, -7.45517], [112.78109, -7.45526], [112.78115, -7.45535], [112.7812100000001, -7.45545], [112.78127, -7.45555], [112.78134000000011, -7.45564], [112.7814, -7.45574], [112.78147, -7.45583], [112.78153, -7.45592], [112.78154660000007, -7.455944899999963], [112.78159, -7.45601], [112.7816600000001, -7.45609], [112.78172, -7.45617], [112.78177, -7.45624], [112.78183, -7.45631], [112.78187, -7.45637], [112.78191, -7.45642], [112.78197000000011, -7.45647], [112.78201, -7.45652], [112.78206000000011, -7.45656], [112.78213, -7.4566], [112.78224000000012, -7.45662], [112.78234, -7.45664], [112.78242000000012, -7.45665], [112.78249, -7.45666], [112.7825600000001, -7.45666], [112.78264, -7.45667], [112.78272, -7.45668], [112.78281, -7.45669], [112.7829, -7.4567], [112.78299, -7.45671], [112.78309, -7.45672], [112.7831900000001, -7.45673], [112.78329, -7.45675], [112.78339, -7.45676], [112.78349, -7.45677], [112.7836, -7.45678], [112.78371, -7.45679], [112.7838200000001, -7.4568], [112.78393, -7.45681], [112.78404, -7.45682], [112.78415, -7.45683], [112.78426, -7.45684], [112.78437, -7.45685], [112.78448, -7.45686], [112.78458, -7.45687], [112.78468, -7.45688], [112.78478, -7.4569], [112.78487, -7.45691], [112.78496, -7.45692], [112.78504, -7.45694], [112.78512, -7.45695], [112.7852, -7.45697], [112.78528, -7.45698], [112.78534, -7.457], [112.78541, -7.45701], [112.78547, -7.45703], [112.78553000000011, -7.45704], [112.78559, -7.45706], [112.78568, -7.45708], [112.78579, -7.45712], [112.78586, -7.45715], [112.78592, -7.45717], [112.78598000000011, -7.45719], [112.78605, -7.45722], [112.78612, -7.45726], [112.7862, -7.4573], [112.78629, -7.45734], [112.78639, -7.45739], [112.7865, -7.45745], [112.78661000000011, -7.45751], [112.78673, -7.45757], [112.78684, -7.45764], [112.78696, -7.4577], [112.78707, -7.45776], [112.78717, -7.45782], [112.78726, -7.45787], [112.78734, -7.45792], [112.78741, -7.45797], [112.78747, -7.45801], [112.78753, -7.45805], [112.78759, -7.45809], [112.78766, -7.45815], [112.78773, -7.45821], [112.78778000000011, -7.45824], [112.78785, -7.4583], [112.78794, -7.45838], [112.78803, -7.45847], [112.78809, -7.45853], [112.78816, -7.45859], [112.78824, -7.45868], [112.7883, -7.45875], [112.78834, -7.4588], [112.78838, -7.45885], [112.78842, -7.4589], [112.7884600000001, -7.45895], [112.78850000000011, -7.45901], [112.78854, -7.45906], [112.78858, -7.45912], [112.78861, -7.45918], [112.78865, -7.45925], [112.7887, -7.45932], [112.78874, -7.45938], [112.78878, -7.45946], [112.7888200000001, -7.45953], [112.78886000000011, -7.4596], [112.7889, -7.45967], [112.78895000000011, -7.45974], [112.78899, -7.45981], [112.78903, -7.45988], [112.78907, -7.45994], [112.78911, -7.46], [112.78915, -7.46006], [112.78919, -7.46012], [112.78923, -7.46018], [112.78928, -7.46024], [112.78932, -7.4603], [112.78937, -7.46037], [112.78942, -7.46044], [112.78947, -7.46051], [112.78953, -7.46059], [112.78959, -7.46067], [112.78964, -7.46075], [112.78971, -7.46084], [112.78977, -7.46092], [112.78983, -7.46101], [112.7899000000001, -7.4611], [112.78996, -7.46119], [112.79003000000012, -7.46128], [112.79009, -7.46137], [112.79016, -7.46146], [112.79023, -7.46154], [112.79029, -7.46163], [112.79036, -7.46172], [112.79042, -7.4618], [112.79048000000012, -7.46188], [112.79055, -7.46197], [112.79061, -7.46205], [112.79067, -7.46213], [112.79073, -7.4622], [112.7908000000001, -7.46228], [112.79086, -7.46236], [112.79093000000012, -7.46244], [112.791, -7.46252], [112.79106, -7.4626], [112.79113, -7.46267], [112.79120000000012, -7.46275], [112.79126, -7.46282], [112.79132, -7.46289], [112.79138000000012, -7.46295], [112.79144, -7.46301], [112.79149, -7.46307], [112.79154, -7.46313], [112.79159, -7.46318], [112.79164, -7.46323], [112.79168, -7.46328], [112.79173, -7.46333], [112.79178, -7.46338], [112.79184, -7.46343], [112.79189, -7.46348], [112.79195, -7.46353], [112.79201, -7.46358], [112.79207, -7.46364], [112.79214, -7.46369], [112.79222, -7.46375], [112.7923, -7.46382], [112.79238, -7.46388], [112.79248, -7.46396], [112.79257, -7.46403], [112.79267, -7.4641], [112.79277, -7.46418], [112.79288, -7.46425], [112.79298, -7.46433], [112.79308, -7.4644], [112.79318, -7.46447], [112.79328, -7.46455], [112.79338, -7.46462], [112.79348, -7.46469], [112.79358, -7.46476], [112.79368000000011, -7.46483], [112.79378, -7.4649], [112.79389, -7.46497], [112.79399, -7.46504], [112.7941, -7.46511], [112.79421, -7.46519], [112.79432, -7.46526], [112.79441080000004, -7.465326], [112.79443, -7.46534], [112.79454, -7.46541], [112.79464, -7.46549], [112.79474, -7.46556], [112.79483, -7.46563], [112.79492, -7.46571], [112.795, -7.46578], [112.79508, -7.46585], [112.79517, -7.46593], [112.79525, -7.46601], [112.79534, -7.46609], [112.79543, -7.46617], [112.79553, -7.46626], [112.79563, -7.46636], [112.79574, -7.46646], [112.79585, -7.46656], [112.79597, -7.46667], [112.79609, -7.46677], [112.79621, -7.46688], [112.79633, -7.46699], [112.79646, -7.4671], [112.79659, -7.4672], [112.79671, -7.46731], [112.79684, -7.46742], [112.7969700000001, -7.46752], [112.79710000000011, -7.46763], [112.79722, -7.46773], [112.79735, -7.46784], [112.79747, -7.46794], [112.7976000000001, -7.46804], [112.79769790000012, -7.468121599999961], [112.79772, -7.46814], [112.79784, -7.46825], [112.79797, -7.46835], [112.80134, -7.47153], [112.80141, -7.47161], [112.80146, -7.47167], [112.80152, -7.47174], [112.80158, -7.47182], [112.80164, -7.4719], [112.80171, -7.47198], [112.80177, -7.47207], [112.80184, -7.47215], [112.8019, -7.47224], [112.80197, -7.47233], [112.80203, -7.47242], [112.80209, -7.47251], [112.80215, -7.4726], [112.80221, -7.47269], [112.80226, -7.47278], [112.80232, -7.47287], [112.80237000000011, -7.47296], [112.80243, -7.47305], [112.80248, -7.47314], [112.80253, -7.47323], [112.80258, -7.47331], [112.80263, -7.4734], [112.80268, -7.47348], [112.80272, -7.47356], [112.80276, -7.47364], [112.80279, -7.47371], [112.80283, -7.47378], [112.80285, -7.47385], [112.80288, -7.47391], [112.8029, -7.47397], [112.80291000000011, -7.47403], [112.80294, -7.47411], [112.80297, -7.47421], [112.80298, -7.4743], [112.80299, -7.47437], [112.80300000000011, -7.47444], [112.80302, -7.47451], [112.80303, -7.4746], [112.80303, -7.47469], [112.80304, -7.47478], [112.80304, -7.47488], [112.80304, -7.47497], [112.80305, -7.47503], [112.80305, -7.47509], [112.80304, -7.47516], [112.80304, -7.47524], [112.80304, -7.47533], [112.80304, -7.47543], [112.80303, -7.47554], [112.80303, -7.47566], [112.80302, -7.47579], [112.80301, -7.47594], [112.80300000000011, -7.47609], [112.80299, -7.47626], [112.80298, -7.47642], [112.80296, -7.47659], [112.80295, -7.47676], [112.80294, -7.47693], [112.80293, -7.47709], [112.80292, -7.47725], [112.80291000000011, -7.4774], [112.8029, -7.47755], [112.8029, -7.47769], [112.80289, -7.47782], [112.80289, -7.47795], [112.80289, -7.47808], [112.80289, -7.47819], [112.8029, -7.4783], [112.80291000000011, -7.47841], [112.80292, -7.4785], [112.80293, -7.47859], [112.80294, -7.47868], [112.80296, -7.47876], [112.80298, -7.47884], [112.80300000000011, -7.47892], [112.80302, -7.47899], [112.80304, -7.47906], [112.80306, -7.47912], [112.80308, -7.47918], [112.80311, -7.47924], [112.80314, -7.47929], [112.80317, -7.47934], [112.80322, -7.47941], [112.80328, -7.47948], [112.80336000000011, -7.47955], [112.80342, -7.4796], [112.8035, -7.47964], [112.80357, -7.47968], [112.80363000000011, -7.47971], [112.80369, -7.47973], [112.80376, -7.47976], [112.80382, -7.47979], [112.80390000000011, -7.47981], [112.80397, -7.47984], [112.80405, -7.47986], [112.80414, -7.47989], [112.8042200000001, -7.47991], [112.80432, -7.47994], [112.80441, -7.47996], [112.80451, -7.47999], [112.80462000000011, -7.48001], [112.80473, -7.48004], [112.80484, -7.48006], [112.80496, -7.48008], [112.80509, -7.4801], [112.8052100000001, -7.48012], [112.80534000000011, -7.48014], [112.80547, -7.48016], [112.80561000000012, -7.48017], [112.8057500000001, -7.48019], [112.80589, -7.4802], [112.80603, -7.48021], [112.80617, -7.48023], [112.80631, -7.48023], [112.80645, -7.48024], [112.80659, -7.48025], [112.80672, -7.48025], [112.80685, -7.48026], [112.80698, -7.48026], [112.8071000000001, -7.48025], [112.80722, -7.48025], [112.80734, -7.48024], [112.8074600000001, -7.48024], [112.8076, -7.48022], [112.80774, -7.48021], [112.80789, -7.48019], [112.80805, -7.48017], [112.80822, -7.48015], [112.80841, -7.48013], [112.80862, -7.4801], [112.80883, -7.48008], [112.80906, -7.48005], [112.8093, -7.48002], [112.80956, -7.47998], [112.80984, -7.47995], [112.81014, -7.47991], [112.81048, -7.47987], [112.81088000000011, -7.47982], [112.81134, -7.47976], [112.81189, -7.47968], [112.8129073, -7.479492299999947], [112.8129100000001, -7.47949], [112.81289, -7.47922], [112.81289, -7.47877], [112.81289, -7.47848], [112.81333, -7.47798], [112.81361, -7.4777], [112.81387, -7.47741], [112.81419, -7.4771], [112.81455, -7.47678], [112.81513, -7.47626], [112.8158, -7.47565], [112.81609, -7.47537], [112.81641, -7.47493], [112.81702, -7.47424], [112.81715, -7.47409], [112.81754, -7.4737], [112.81771, -7.47357], [112.81777000000011, -7.47354], [112.81799, -7.47346], [112.81805780000002, -7.473443499999973], [112.81840290000002, -7.473359399999936], [112.81877, -7.47327], [112.81871, -7.47272], [112.81867000000011, -7.4725], [112.81863, -7.47232], [112.81859, -7.47217], [112.81856, -7.47204], [112.81852, -7.47192], [112.81849000000011, -7.47181], [112.81846, -7.4717], [112.81844, -7.4716], [112.81841, -7.47151], [112.81839, -7.47141], [112.81837, -7.47132], [112.81835, -7.47123], [112.81833, -7.47113], [112.81831000000011, -7.47103], [112.81829, -7.47093], [112.81827, -7.47083], [112.81826, -7.47073], [112.81825, -7.47064], [112.81824, -7.47054], [112.81823, -7.47045], [112.81822000000011, -7.47036], [112.81822000000011, -7.47028], [112.81821, -7.4702], [112.81821, -7.47013], [112.81821, -7.47005], [112.81821, -7.46998], [112.8182, -7.46991], [112.8182, -7.46984], [112.81819, -7.46977], [112.81819, -7.4697], [112.81818, -7.46964], [112.81816, -7.46957], [112.81815, -7.46949], [112.81813000000011, -7.46942], [112.81811, -7.46935], [112.81808, -7.46927], [112.81806, -7.46919], [112.81802, -7.4691], [112.81799, -7.46901], [112.81795000000011, -7.46892], [112.81791, -7.46883], [112.81787, -7.46873], [112.81782, -7.46863], [112.81778, -7.46852], [112.81773, -7.46841], [112.81769, -7.4683], [112.81764, -7.46819], [112.81759000000011, -7.46808], [112.81755, -7.46798], [112.81751, -7.46788], [112.81747, -7.46778], [112.81744, -7.46769], [112.81741000000011, -7.46761], [112.81738, -7.46754], [112.81736, -7.46747], [112.81734, -7.46741], [112.81732000000011, -7.46735], [112.81731, -7.46727], [112.81729, -7.46717], [112.81727, -7.46708], [112.81726, -7.46698], [112.81724, -7.46689], [112.81723000000011, -7.46682], [112.81722, -7.46674], [112.81721, -7.46667], [112.8172, -7.46659], [112.81719, -7.4665], [112.81719, -7.46641], [112.81718, -7.46632], [112.81719, -7.46623], [112.8172, -7.46616], [112.81722, -7.46608], [112.81723000000011, -7.466], [112.81724, -7.46594], [112.81726, -7.46588], [112.81728, -7.46582], [112.8173, -7.46576], [112.81732000000011, -7.46569], [112.81734, -7.46563], [112.81736, -7.46556], [112.81738, -7.4655], [112.81741000000011, -7.46544], [112.81743, -7.46538], [112.81745, -7.46532], [112.81748, -7.46527], [112.81750000000011, -7.46521], [112.81754, -7.46512], [112.81758, -7.46504], [112.81761, -7.46498], [112.81764, -7.46493], [112.81768000000011, -7.46487], [112.81771, -7.46481], [112.81774, -7.46476], [112.81778, -7.4647], [112.81782, -7.46464], [112.81785, -7.46459], [112.81789, -7.46453], [112.81793, -7.46447], [112.81797, -7.46441], [112.81801, -7.46435], [112.81805, -7.4643], [112.81809, -7.46424], [112.81813000000011, -7.46418], [112.81817, -7.46413], [112.8182, -7.46407], [112.81824, -7.46402], [112.81827, -7.46397], [112.8183, -7.46391], [112.81834, -7.46386], [112.81838, -7.46378], [112.81842, -7.46371], [112.81845, -7.46366], [112.81849000000011, -7.46359], [112.81853, -7.46349], [112.81857, -7.4634], [112.8186, -7.46331], [112.81862, -7.46324], [112.81864, -7.46317], [112.81867000000011, -7.46307], [112.81869, -7.46296], [112.8187, -7.46288], [112.81871, -7.46282], [112.81871, -7.46276], [112.81872, -7.4627], [112.81873, -7.46264], [112.81874, -7.46258], [112.81875, -7.46249], [112.81875, -7.46238], [112.81875, -7.46228], [112.81875, -7.46221], [112.81875, -7.46214], [112.81874, -7.46205], [112.81872, -7.46196], [112.8187, -7.46186], [112.81868, -7.46176], [112.81865, -7.46167], [112.81864, -7.46161], [112.81862, -7.46154], [112.8186, -7.46147], [112.81858000000011, -7.46139], [112.81857, -7.46131], [112.81855, -7.46123], [112.81853, -7.46114], [112.81851, -7.46106], [112.81849000000011, -7.46097], [112.81847, -7.46088], [112.81845, -7.46079], [112.81843, -7.4607], [112.81841, -7.46062], [112.81839, -7.46054], [112.81837, -7.46046], [112.81835, -7.46038], [112.81834, -7.46031], [112.81832, -7.46024], [112.81831000000011, -7.46017], [112.81829, -7.46011], [112.81828, -7.46005], [112.81827, -7.45999], [112.81826, -7.45993], [112.81825, -7.45984], [112.81823, -7.45973], [112.81822000000011, -7.45965], [112.81821, -7.45959], [112.8182, -7.45952], [112.81819, -7.45945], [112.81819, -7.45938], [112.81818, -7.4593], [112.81817, -7.45921], [112.81816, -7.45912], [112.81816, -7.45903], [112.81815, -7.45894], [112.81814, -7.45885], [112.81813000000011, -7.45875], [112.81812, -7.45866], [112.81811, -7.45857], [112.8181, -7.45848], [112.8181, -7.4584], [112.81809, -7.45831], [112.81808, -7.45823], [112.81807, -7.45815], [112.81806, -7.45807], [112.81805, -7.458], [112.81804000000011, -7.45792], [112.81803, -7.45785], [112.81802, -7.45778], [112.81801, -7.45771], [112.81799, -7.45764], [112.81798, -7.45757], [112.81797, -7.4575], [112.81796, -7.45743], [112.81794, -7.45736], [112.81793, -7.45729], [112.81791, -7.45721], [112.8179, -7.45715], [112.81788, -7.45708], [112.81787, -7.45701], [112.81785, -7.45695], [112.81784, -7.45689], [112.81782, -7.45683], [112.81781, -7.45675], [112.81778, -7.45665], [112.81775, -7.45657], [112.81772, -7.45651], [112.8177, -7.45645], [112.81766, -7.45636], [112.81761, -7.45628], [112.81758, -7.45623], [112.81754, -7.45618], [112.81749, -7.45613], [112.81744, -7.45607], [112.81738, -7.45603], [112.81732000000011, -7.45598], [112.81726, -7.45593], [112.81721, -7.45589], [112.81716, -7.45586], [112.81711, -7.45582], [112.81705000000011, -7.45577], [112.81699, -7.45573], [112.81693, -7.45569], [112.81687000000011, -7.45564], [112.81681, -7.4556], [112.81674, -7.45555], [112.81668, -7.4555], [112.81661, -7.45546], [112.81655, -7.45542], [112.81648, -7.45537], [112.81642000000011, -7.45533], [112.81636, -7.45529], [112.8163, -7.45525], [112.8162400000001, -7.45521], [112.81618, -7.45517], [112.81613, -7.45513], [112.81607, -7.45509], [112.81602, -7.45506], [112.8159700000001, -7.45502], [112.8159, -7.45497], [112.81583, -7.45492], [112.81578, -7.45489], [112.81571, -7.45484], [112.81564, -7.45479], [112.81559, -7.45476], [112.81554, -7.45472], [112.81549, -7.45469], [112.8154300000001, -7.45466], [112.81538, -7.45463], [112.81533, -7.45459], [112.81527, -7.45456], [112.81522, -7.45453], [112.8151600000001, -7.45449], [112.8151, -7.45446], [112.81505, -7.45443], [112.81499, -7.45439], [112.81494, -7.45436], [112.81488, -7.45433], [112.81483, -7.4543], [112.81478, -7.45427], [112.81473, -7.45424], [112.81466000000012, -7.45419], [112.81459, -7.45414], [112.81454, -7.45411], [112.81449, -7.45408], [112.8144400000001, -7.45404], [112.81439000000012, -7.45401], [112.81434, -7.45397], [112.81429, -7.45393], [112.81424, -7.45389], [112.81419, -7.45385], [112.81414, -7.45381], [112.81409, -7.45377], [112.81403000000012, -7.45371], [112.81396, -7.45365], [112.8139000000001, -7.45359], [112.81384, -7.45354], [112.81378, -7.45347], [112.8137200000001, -7.4534], [112.81367000000012, -7.45335], [112.81362, -7.4533], [112.81357, -7.45325], [112.81352, -7.4532], [112.81347, -7.45314], [112.81342, -7.45309], [112.81337, -7.45303], [112.81332, -7.45298], [112.81326, -7.45291], [112.8132, -7.45284], [112.81316, -7.45278], [112.8131, -7.4527], [112.81304000000011, -7.45264], [112.81299, -7.45258], [112.81293, -7.4525], [112.81289, -7.45243], [112.81286000000011, -7.45235], [112.81283, -7.45227], [112.81281, -7.4522], [112.81278, -7.45211], [112.81276, -7.452], [112.8127300000001, -7.45192], [112.81272, -7.45186], [112.8127, -7.4518], [112.81268000000011, -7.45174], [112.81266, -7.45167], [112.81265, -7.45161], [112.81263, -7.45154], [112.81261, -7.45148], [112.81259000000011, -7.45142], [112.81257, -7.45135], [112.8125500000001, -7.45129], [112.81253, -7.45123], [112.81251, -7.45117], [112.81249, -7.45111], [112.81247, -7.45105], [112.81244, -7.451], [112.81242, -7.45094], [112.8124, -7.45088], [112.8123700000001, -7.45082], [112.81233, -7.45073], [112.81229, -7.45065], [112.81226, -7.45059], [112.81223000000011, -7.45053], [112.8122, -7.45047], [112.81217, -7.45041], [112.81214000000011, -7.45035], [112.81211, -7.45029], [112.81208, -7.45023], [112.81205000000011, -7.45016], [112.81202, -7.4501], [112.81198, -7.45004], [112.81195, -7.44997], [112.8119200000001, -7.44991], [112.81188, -7.44985], [112.81184, -7.44978], [112.81181, -7.44972], [112.81177, -7.44965], [112.8117400000001, -7.44959], [112.8117, -7.44953], [112.81167, -7.44947], [112.81164, -7.44942], [112.81161, -7.44936], [112.81158, -7.44931], [112.81155, -7.44925], [112.81152, -7.4492], [112.81149, -7.44914], [112.81146, -7.44907], [112.81142000000011, -7.44901], [112.81139, -7.44894], [112.81135, -7.44886], [112.81131, -7.44878], [112.81127, -7.44871], [112.81123, -7.44863], [112.81119, -7.44856], [112.81116, -7.44849], [112.81113, -7.44843], [112.8111, -7.44838], [112.81106000000011, -7.44831], [112.81102, -7.44822], [112.81097000000011, -7.44816], [112.81093, -7.4481], [112.81087, -7.44804], [112.81079000000011, -7.44798], [112.81071, -7.44794], [112.81063, -7.4479], [112.81057, -7.44786], [112.81049, -7.44783], [112.81042, -7.44779], [112.81036, -7.44777], [112.8103, -7.44774], [112.81022, -7.4477], [112.81015, -7.44767], [112.81008, -7.44763], [112.81, -7.44759], [112.80992, -7.44755], [112.80986, -7.44749], [112.80979, -7.44744], [112.80974, -7.44738], [112.80969, -7.44732], [112.80964, -7.44726], [112.80958, -7.44719], [112.80955, -7.44714], [112.80951, -7.44708], [112.80947, -7.447], [112.80942, -7.44691], [112.80939, -7.44684], [112.80937, -7.44676], [112.80934, -7.4467], [112.80932, -7.44663], [112.80929, -7.44655], [112.80926000000011, -7.44647], [112.80924, -7.44641], [112.80922, -7.44635], [112.8092, -7.44628], [112.80918, -7.4462], [112.80915, -7.44613], [112.80913, -7.44605], [112.80911, -7.44597], [112.80908000000011, -7.44589], [112.80906, -7.44582], [112.80904, -7.44575], [112.80902, -7.44568], [112.809, -7.44562], [112.80898, -7.44556], [112.80896, -7.44547], [112.80893, -7.44536], [112.80890000000011, -7.44529], [112.80889, -7.44523], [112.80887, -7.44515], [112.80884, -7.44507], [112.80883, -7.44499], [112.8088, -7.44491], [112.80879, -7.44483], [112.80877, -7.44472], [112.80874, -7.44465], [112.80873, -7.44459], [112.80872000000011, -7.44451], [112.8087, -7.44441], [112.80867, -7.44431], [112.80865, -7.44423], [112.80864, -7.44415], [112.80862, -7.44409], [112.80861, -7.44403], [112.80861, -7.44394], [112.80861, -7.44386], [112.80862, -7.44377], [112.80863000000011, -7.44371], [112.80864, -7.44363], [112.80866, -7.44352], [112.80868, -7.44342], [112.80869, -7.44333], [112.8087, -7.44324], [112.8087, -7.44315], [112.80869, -7.44307], [112.80867, -7.44301], [112.80865, -7.44295], [112.80861, -7.44289], [112.80855, -7.44284], [112.8085, -7.4428], [112.80846770000005, -7.442787899999928], [112.8081264000001, -7.44245], [112.80771720000007, -7.441902199999959], [112.80757290000008, -7.441711599999962], [112.80716410000002, -7.441259399999979], [112.807067, -7.440925299999947], [112.80675540000004, -7.440807199999938], [112.80637130000002, -7.440522099999953], [112.80596390000005, -7.440404299999955], [112.80541240000002, -7.440143699999965], [112.80507640000008, -7.43993009999997], [112.80488420000006, -7.439739799999927], [112.80447570000001, -7.439335299999925], [112.80411580000009, -7.439121799999953], [112.803875, -7.438764399999968], [112.80375440000012, -7.438549899999941], [112.80372960000011, -7.438335], [112.80358310000008, -7.437618899999961], [112.80353330000003, -7.437141299999951], [112.8030288000001, -7.436689399999977], [112.80240490000006, -7.436285799999951], [112.8020692, -7.436143899999934], [112.80171020000012, -7.436145299999964], [112.80096960000003, -7.436458899999934], [112.8003715000001, -7.436533], [112.7998927000001, -7.436487199999931], [112.79972470000007, -7.436368399999935], [112.79955640000003, -7.436201899999958], [112.79917280000006, -7.436036199999933], [112.7989093000001, -7.435965599999975], [112.79816730000005, -7.435968599999967], [112.79771280000011, -7.436018199999978], [112.79752220000012, -7.436234], [112.79704390000006, -7.436331499999937], [112.79678010000009, -7.436189199999944], [112.79651700000011, -7.436238099999969], [112.79632620000007, -7.436406099999942], [112.79615990000002, -7.436717299999941], [112.79618590000007, -7.437218899999948], [112.79616460000011, -7.437864], [112.79597560000002, -7.438462], [112.79552250000006, -7.43887], [112.795236, -7.439038399999959], [112.79454250000003, -7.439184499999953], [112.79420790000006, -7.439305299999944], [112.7937296, -7.439402799999925], [112.79317930000002, -7.43945279999997], [112.7927489000001, -7.439550099999963], [112.792079, -7.439624499999979], [112.79158660000007, -7.439589599999977], [112.79158, -7.43953], [112.7915, -7.43951], [112.7914300000001, -7.43949], [112.79137, -7.43946], [112.7913, -7.43944], [112.79124, -7.43942], [112.79118, -7.43939], [112.79111000000012, -7.43936], [112.79103, -7.43932], [112.79096, -7.43929], [112.7908900000001, -7.43926], [112.79083, -7.43923], [112.79076, -7.43919], [112.7907, -7.43916], [112.79065, -7.43913], [112.79059, -7.43909], [112.7905, -7.43905], [112.79042, -7.439], [112.79033, -7.43895], [112.79027, -7.43891], [112.79022, -7.43887], [112.79016, -7.4388], [112.7901, -7.43874], [112.79005, -7.43868], [112.7899900000001, -7.43862], [112.78994000000012, -7.43855], [112.78988, -7.4385], [112.78984, -7.43845], [112.78979, -7.4384], [112.78974, -7.43834], [112.78969, -7.43829], [112.7896300000001, -7.43823], [112.78955, -7.43815], [112.78948, -7.43809], [112.78939, -7.43801], [112.78931000000011, -7.43794], [112.78925, -7.43789], [112.7892, -7.43784], [112.78915, -7.43779], [112.7891, -7.43772], [112.78907, -7.43765], [112.78904000000011, -7.43757], [112.78901, -7.43749], [112.7890000000001, -7.43743], [112.78899, -7.43736], [112.78899, -7.43725], [112.7890000000001, -7.43717], [112.78902, -7.43707], [112.78904000000011, -7.43697], [112.78906, -7.4369], [112.78907, -7.43683], [112.78908, -7.43677], [112.7890900000001, -7.43671], [112.7890900000001, -7.43665], [112.7890900000001, -7.43659], [112.7890900000001, -7.43653], [112.7890900000001, -7.43645], [112.78908, -7.43637], [112.78906, -7.4363], [112.78905, -7.43624], [112.78902, -7.43617], [112.78899, -7.4361], [112.78896, -7.43604], [112.78893, -7.43597], [112.78886000000011, -7.43588], [112.7888, -7.43581], [112.78874, -7.43573], [112.78869, -7.43566], [112.78862, -7.43558], [112.78856, -7.43551], [112.78851, -7.43545], [112.7884600000001, -7.43538], [112.78841000000011, -7.43532], [112.7883700000001, -7.43527], [112.78834, -7.43522], [112.78829, -7.43516], [112.78824, -7.43509], [112.7882, -7.43503], [112.78817, -7.43497], [112.78812, -7.4349], [112.78809, -7.43482], [112.78805000000011, -7.43475], [112.78801, -7.43469], [112.78797, -7.43461], [112.78794, -7.43453], [112.7879, -7.43445], [112.78787000000011, -7.43437], [112.78784, -7.4343], [112.7878, -7.43421], [112.78775, -7.4341], [112.78772, -7.43401], [112.78771, -7.43392], [112.78771, -7.43384], [112.78772, -7.43377], [112.78772, -7.43369], [112.78773, -7.43363], [112.78773, -7.43357], [112.78773, -7.43349], [112.78774, -7.43342], [112.78773, -7.43333], [112.78773, -7.43323], [112.78773, -7.43315], [112.78773, -7.43309], [112.78772, -7.43303], [112.78772, -7.43294], [112.78771, -7.43283], [112.7877, -7.43274], [112.78769000000011, -7.43268], [112.78768, -7.43261], [112.78766, -7.43253], [112.78762, -7.43243], [112.78757, -7.43235], [112.78752, -7.43227], [112.78747, -7.4322], [112.78743, -7.43214], [112.7874, -7.43209], [112.78736, -7.43203], [112.78732, -7.43195], [112.78729, -7.43185], [112.78727, -7.43177], [112.78728, -7.43169], [112.7873, -7.43158], [112.78733000000011, -7.4315], [112.78736, -7.43145], [112.78739, -7.4314], [112.78742000000011, -7.43135], [112.78747, -7.43129], [112.78751000000011, -7.43123], [112.78755, -7.43115], [112.78759, -7.43109], [112.78761, -7.43102], [112.78762, -7.43093], [112.78761, -7.43086], [112.78760000000011, -7.4308], [112.78758, -7.43073], [112.78756, -7.43065], [112.78754, -7.43057], [112.78752, -7.43049], [112.7875, -7.43042], [112.78748, -7.43035], [112.78747, -7.43027], [112.78747, -7.43017], [112.78749, -7.43009], [112.78752, -7.43002], [112.78755, -7.42995], [112.78760000000011, -7.42986], [112.78764, -7.42979], [112.78767, -7.42973], [112.78771, -7.42968], [112.78774, -7.42963], [112.78777, -7.42957], [112.78782, -7.4295], [112.78787000000011, -7.42942], [112.78792, -7.42935], [112.78797, -7.42929], [112.78803, -7.42926], [112.78808170000002, -7.42924279999994], [112.78809, -7.42924], [112.78816, -7.42922], [112.78824, -7.4292], [112.78833, -7.42918], [112.78842, -7.42915], [112.78848, -7.42913], [112.78854, -7.42911], [112.78862, -7.42909], [112.78869, -7.42907], [112.78876, -7.42904], [112.78883, -7.42902], [112.7889100000001, -7.429], [112.78898, -7.42898], [112.78905, -7.42896], [112.78911, -7.42894], [112.7892, -7.42891], [112.78926, -7.42889], [112.78933, -7.42887], [112.78941, -7.42884], [112.78948, -7.42881], [112.78957, -7.42877], [112.78965, -7.42873], [112.78971, -7.42869], [112.78976000000011, -7.42866], [112.78983, -7.42861], [112.78991, -7.42854], [112.78997, -7.42847], [112.79001, -7.42842], [112.79007, -7.42835], [112.79011, -7.42828], [112.79015, -7.42822], [112.79019, -7.42815], [112.79022, -7.4281], [112.79025, -7.42804], [112.79027, -7.42798], [112.79030000000012, -7.42792], [112.79032, -7.42786], [112.79034, -7.4278], [112.79037, -7.42773], [112.79039000000012, -7.42766], [112.7904, -7.4276], [112.79042, -7.42754], [112.79042, -7.42748], [112.79043, -7.42742], [112.79043, -7.42735], [112.79043, -7.42728], [112.79043, -7.42718], [112.79043, -7.42711], [112.79042, -7.42704], [112.79041, -7.42695], [112.79038, -7.42686], [112.79036, -7.4268], [112.79034, -7.42674], [112.79031, -7.42668], [112.79029, -7.4266], [112.79027, -7.42654], [112.79025, -7.42647], [112.79023, -7.42638], [112.79021000000012, -7.42627], [112.7902, -7.4262], [112.7902, -7.4261], [112.79019, -7.426], [112.7902, -7.42593], [112.7902, -7.42585], [112.79021000000012, -7.42577], [112.79022, -7.42571], [112.79023, -7.42564], [112.7902600000001, -7.42554], [112.79029, -7.42547], [112.79031, -7.4254], [112.7903500000001, -7.42531], [112.7904, -7.42521], [112.79045, -7.42513], [112.7905, -7.42506], [112.79056, -7.42497], [112.7906, -7.4249], [112.79063, -7.42485], [112.79068, -7.42478], [112.79073, -7.42471], [112.79076, -7.42466], [112.79081, -7.4246], [112.79086, -7.42452], [112.7909, -7.42447], [112.79093000000012, -7.42442], [112.79097, -7.42436], [112.79101, -7.4243], [112.79105, -7.42424], [112.7911, -7.42416], [112.79114, -7.42409], [112.79117, -7.42404], [112.79120000000012, -7.42398], [112.79124, -7.4239], [112.79127, -7.42382], [112.7913, -7.42375], [112.79133, -7.42366], [112.79135, -7.42359], [112.79137, -7.42353], [112.79139, -7.42347], [112.79141, -7.42341], [112.7914300000001, -7.42335], [112.79145, -7.42328], [112.79147000000012, -7.42322], [112.79149, -7.42315], [112.79151, -7.42308], [112.79153, -7.42302], [112.79155, -7.42296], [112.79157, -7.42287], [112.79159, -7.42279], [112.79162, -7.42272], [112.79163, -7.42263], [112.79165000000012, -7.42256], [112.79165000000012, -7.4225], [112.79166, -7.42242], [112.79165000000012, -7.42231], [112.79163, -7.42223], [112.7916, -7.42216], [112.79155, -7.42208], [112.79149, -7.422], [112.7914300000001, -7.42193], [112.79136, -7.42186], [112.79128, -7.42179], [112.79120000000012, -7.4217], [112.79111000000012, -7.42162], [112.79105, -7.42156], [112.791, -7.4215], [112.79093000000012, -7.42143], [112.79087, -7.42139], [112.79083, -7.42134], [112.79077, -7.42129], [112.79072, -7.42123], [112.79066000000012, -7.42117], [112.7906, -7.42112], [112.79055, -7.42108], [112.79051, -7.42103], [112.79046, -7.42097], [112.79038, -7.42089], [112.79030000000012, -7.42081], [112.79024, -7.42074], [112.79019, -7.42069], [112.79012000000012, -7.42061], [112.79004, -7.42053], [112.78998, -7.42045], [112.78993, -7.42038], [112.78989, -7.42032], [112.78983, -7.42024], [112.78979, -7.42017], [112.78976000000011, -7.42012], [112.7897200000001, -7.42002], [112.78968, -7.41993], [112.78964, -7.41983], [112.78962, -7.41975], [112.78958000000011, -7.4197], [112.78941, -7.41965], [112.78934, -7.41963], [112.78905, -7.41959], [112.7889, -7.41964], [112.78869, -7.41978], [112.78815, -7.42032], [112.7878, -7.42064], [112.7875, -7.4208], [112.78722, -7.42096], [112.78684, -7.42118], [112.78653, -7.4213], [112.78594, -7.42138], [112.7855, -7.4214], [112.78513, -7.42143], [112.78483, -7.42146], [112.78381, -7.42127], [112.78326, -7.42112], [112.78303, -7.42102], [112.78275, -7.42085], [112.7824700000001, -7.42075], [112.7824, -7.42072], [112.78062000000011, -7.42044], [112.77994, -7.42028], [112.7794, -7.42012], [112.77876, -7.41997], [112.77846000000011, -7.41992], [112.7782, -7.41994], [112.77783000000011, -7.41995], [112.77707, -7.41978], [112.7765, -7.41959], [112.7760300000001, -7.41949], [112.77557, -7.41943], [112.77523, -7.41939], [112.7744100000001, -7.41926], [112.77379, -7.41931], [112.77345, -7.41936], [112.77329, -7.41939], [112.77316, -7.41939], [112.77303, -7.41928], [112.77259, -7.41897], [112.77235, -7.41879], [112.77226, -7.41867], [112.7721, -7.41815], [112.77203, -7.41773], [112.77202000000011, -7.41736], [112.77205, -7.4171], [112.77213, -7.41678], [112.77216, -7.4161], [112.77218, -7.41587], [112.77219470000011, -7.415841199999932], [112.77197840000008, -7.415595399999972], [112.77170650000005, -7.415364599999975], [112.7713371000001, -7.41497], [112.77116330000001, -7.415057699999977], [112.77070810000009, -7.41498219999994], [112.77025290000006, -7.414897099999962], [112.7699914000001, -7.414840099999935], [112.76945930000011, -7.414880899999957], [112.7690139, -7.41482469999994], [112.76884, -7.414902699999971], [112.76831730000004, -7.414875799999948], [112.7679008, -7.414800199999945], [112.76765870000008, -7.414743199999975], [112.76739710000004, -7.41467659999995], [112.76678030000005, -7.414593799999977], [112.76682860000005, -7.41470819999995], [112.7662557000001, -7.414625399999977], [112.76620090000006, -7.414505199999951], [112.76591570000005, -7.414489199999934], [112.76500810000005, -7.414348399999938], [112.76500540000006, -7.414348], [112.76506230000007, -7.414067599999953], [112.76508050000007, -7.413777699999969], [112.76509870000007, -7.413487799999928], [112.76502090000008, -7.413381899999933], [112.765106, -7.412879199999963], [112.76492170000006, -7.412764], [112.76490510000008, -7.412661799999967], [112.76479770000003, -7.41256379999993], [112.76475810000011, -7.411785699999939], [112.7646721000001, -7.411615799999936], [112.76458610000009, -7.411433699999975], [112.7644514000001, -7.411264], [112.76445050000007, -7.411032899999952], [112.76432820000002, -7.410911799999951], [112.76437020000003, -7.410654], [112.76437120000003, -7.410648099999946], [112.76419, -7.41061], [112.7639, -7.41062], [112.76358490000007, -7.410627], [112.76345, -7.41063], [112.76316, -7.41059], [112.7621, -7.41051], [112.76187, -7.41048], [112.76164, -7.41041], [112.7615, -7.4104], [112.76118, -7.41045], [112.76098, -7.41049], [112.76058, -7.41052], [112.76025, -7.41046], [112.76002, -7.41038], [112.760021, -7.410376299999939], [112.75995190000003, -7.410362299999974], [112.75993390000008, -7.410358699999961], [112.76046560000009, -7.408530699999972], [112.76041, -7.40854], [112.76033, -7.40854], [112.76023, -7.40854], [112.76016, -7.40854], [112.7601, -7.40854], [112.76004000000012, -7.40853], [112.75996, -7.40851], [112.75985, -7.40849], [112.75975, -7.40846], [112.7597300000001, -7.40838], [112.7597300000001, -7.4083], [112.75974, -7.40824], [112.75975, -7.40744], [112.75974190000011, -7.407438699999943], [112.75957, -7.40741], [112.75877, -7.40725], [112.75867, -7.40723], [112.75794, -7.40711], [112.75765, -7.40706], [112.75743000000011, -7.40705], [112.75682, -7.40702], [112.75592, -7.40691], [112.75539, -7.40685], [112.75502, -7.40681], [112.75489, -7.40679], [112.75439560000007, -7.406684799999937], [112.75376410000001, -7.406612299999949], [112.75370520000001, -7.406534599999929], [112.75367540000002, -7.406411299999945], [112.75368150000008, -7.406297599999959], [112.7536593000001, -7.406210599999952], [112.75364890000003, -7.406169499999976], [112.7535600000001, -7.40613], [112.7535458000001, -7.406125499999973], [112.75308940000002, -7.406038099999932], [112.75264940000011, -7.405948099999932], [112.75211940000008, -7.405838099999926], [112.75129940000011, -7.405648099999951], [112.7509394000001, -7.405628099999944], [112.75086940000006, -7.405768099999932], [112.75061070000004, -7.406464699999958], [112.75061, -7.40647], [112.75061, -7.40659], [112.75059670000007, -7.406699799999956], [112.75057, -7.40692], [112.75019, -7.40867], [112.75000000000011, -7.4095], [112.74979, -7.41041], [112.74956, -7.41105], [112.74943, -7.41142], [112.74898, -7.41277], [112.74895930000002, -7.412819199999944], [112.7489, -7.41296], [112.7488, -7.41296], [112.74822080000001, -7.412828], [112.74744, -7.41265], [112.74674040000002, -7.412537599999951], [112.74632, -7.41247], [112.74583, -7.41234], [112.7451, -7.4121], [112.74477, -7.41203], [112.74333, -7.41173], [112.74329990000001, -7.41172], [112.74294, -7.4116], [112.74268, -7.41151], [112.74240710000004, -7.411429699999928], [112.74240380000003, -7.411428799999953], [112.74234, -7.41141], [112.74222840000004, -7.411372399999948], [112.74142, -7.4111], [112.7412700000001, -7.41101], [112.74101, -7.41074], [112.74083560000008, -7.410535799999934], [112.74070820000009, -7.410386499999959], [112.74070260000008, -7.410379899999953], [112.74068390000002, -7.410358099999939], [112.74068420000003, -7.410357099999942], [112.74065940000003, -7.410328099999958], [112.74050940000006, -7.410178099999939], [112.74037940000005, -7.410058099999958], [112.74019870000006, -7.409911299999976], [112.7402614, -7.409694799999954], [112.74027850000004, -7.40958749999993], [112.74033570000006, -7.409525], [112.74036810000007, -7.409512399999926], [112.74040720000005, -7.409312899999975], [112.74046650000003, -7.409150699999941], [112.74048190000008, -7.409100299999977], [112.7402681000001, -7.409036699999945], [112.7400348000001, -7.408990299999971], [112.74000520000004, -7.408985899999948], [112.73975450000012, -7.408966499999963], [112.73915510000006, -7.408920099999932], [112.739134, -7.408970499999953], [112.73909370000001, -7.408969199999945], [112.73889760000009, -7.409438499999965], [112.73797150000007, -7.409101299999975], [112.73792430000003, -7.409084099999973], [112.73792290000006, -7.409083599999974], [112.73794170000008, -7.409149099999979], [112.73785210000005, -7.409114099999954], [112.7378771000001, -7.409192299999972], [112.73791480000011, -7.409319899999957], [112.73794590000011, -7.409386899999959], [112.73796060000006, -7.409418599999981], [112.73799480000002, -7.40953989999997], [112.73799420000012, -7.409563], [112.73785530000009, -7.409563499999933], [112.73728150000011, -7.409409699999969], [112.7372636, -7.409478499999977], [112.737253, -7.409477], [112.73696550000011, -7.410578599999951], [112.73576050000008, -7.41028579999994], [112.7357594, -7.410285499999929], [112.73574280000003, -7.410335699999962], [112.73573150000004, -7.410354199999972], [112.73543970000003, -7.411193699999956], [112.7350623000001, -7.412301299999967], [112.73469260000002, -7.413264699999957], [112.7341374, -7.414828199999931], [112.7340752, -7.415009099999963], [112.73407470000006, -7.41501059999996], [112.73382, -7.41492], [112.73338, -7.41475], [112.73251, -7.41443], [112.731794, -7.414131699999928], [112.73155, -7.41403], [112.73142, -7.414], [112.73098, -7.41382], [112.7309077000001, -7.413803599999937], [112.73076, -7.41377], [112.73063880000007, -7.413732699999969], [112.73062940000011, -7.413735699999961], [112.73060220000002, -7.413687599999946], [112.73048910000011, -7.413487699999962], [112.73079540000003, -7.411621599999933], [112.73046000000011, -7.41157], [112.72976, -7.41145], [112.7291100000001, -7.41133], [112.72911020000004, -7.41132829999998], [112.72912, -7.41124], [112.72921, -7.41057], [112.72924, -7.41033], [112.72923930000002, -7.410329599999955], [112.72923950000006, -7.410328099999958], [112.72833060000005, -7.409802699999943], [112.72795950000011, -7.409588099999951], [112.72750950000011, -7.409298099999944], [112.72695140000008, -7.408958499999926], [112.7269487000001, -7.408956799999942], [112.72681950000003, -7.408878099999981], [112.7267395, -7.408838099999969], [112.72654950000003, -7.408808099999931], [112.72641950000002, -7.40877809999995], [112.72631190000004, -7.408759299999929], [112.72487950000004, -7.408508099999949], [112.72487950000004, -7.408678099999975], [112.72488040000007, -7.408686899999964], [112.72469350000006, -7.408676299999968], [112.7246219000001, -7.40895839999996], [112.72455830000001, -7.409120899999948], [112.72442660000002, -7.409352099999978], [112.72427930000003, -7.409596399999941], [112.72419810000008, -7.409797899999944], [112.72419480000008, -7.409803799999963], [112.72388080000007, -7.410352099999955], [112.7238542, -7.410358099999939], [112.72380080000005, -7.410370199999932], [112.72370160000003, -7.410379399999954], [112.72345960000007, -7.410401699999966], [112.72339000000011, -7.41051], [112.72338700000012, -7.410514299999932], [112.72339910000005, -7.410528199999931], [112.72342030000004, -7.41055259999996], [112.723443, -7.410578699999974], [112.72355330000005, -7.410752799999955], [112.72367270000007, -7.410951499999953], [112.72368460000007, -7.410971199999949], [112.72368560000007, -7.410973699999943], [112.72378030000004, -7.41120159999997], [112.72384740000007, -7.411442], [112.7238506000001, -7.411453299999948], [112.7238645000001, -7.411503099999948], [112.72384150000005, -7.411692499999958], [112.7238387000001, -7.411699899999974], [112.72379790000002, -7.411806], [112.72379680000006, -7.411809099999971], [112.72379810000007, -7.411812299999951], [112.72358350000002, -7.412812299999928], [112.72358270000007, -7.412815899999941], [112.72358250000002, -7.412816899999939], [112.72334710000007, -7.412776599999972], [112.72242290000008, -7.412563399999954], [112.7222633, -7.41252019999996], [112.72011170000007, -7.412016899999969], [112.71992050000006, -7.412628899999959], [112.719733, -7.413229299999955], [112.71972760000006, -7.413228299999957], [112.71943140000008, -7.413099099999954], [112.71929620000003, -7.413057599999945], [112.719137, -7.413034299999936], [112.71903180000004, -7.412995699999954], [112.7188599000001, -7.412958299999957], [112.718626, -7.41287959999994], [112.7186713000001, -7.412737799999945], [112.71866880000005, -7.412737199999981], [112.71870270000011, -7.41263239999995], [112.71856950000006, -7.412601199999926], [112.71832030000007, -7.41254269999996], [112.7181905000001, -7.412512299999946], [112.71812670000008, -7.412497299999927], [112.717916, -7.412447899999961], [112.71770750000007, -7.412399], [112.71763090000002, -7.412660799999969], [112.717405, -7.412600599999962], [112.71739140000011, -7.412642499999947], [112.71718110000006, -7.413365499999941], [112.71716850000007, -7.413361099999975], [112.71716790000005, -7.413363], [112.71693460000006, -7.413302], [112.71692160000009, -7.413298599999962], [112.71663490000003, -7.413223599999981], [112.7166353, -7.413222499999961], [112.71656930000006, -7.413203499999952], [112.71653580000009, -7.413193899999953], [112.71651020000002, -7.413203599999974], [112.71650350000004, -7.413207799999952], [112.7164527000001, -7.413246899999933], [112.71645080000008, -7.413246299999969], [112.71556150000004, -7.412961199999927], [112.71555030000002, -7.412957699999936], [112.71538490000012, -7.412905199999955], [112.71463930000004, -7.41268249999996], [112.7142176000001, -7.412553699999933], [112.71421730000009, -7.412553599999967], [112.71400380000011, -7.412488399999972], [112.71400830000005, -7.412473], [112.71400310000001, -7.412471299999936], [112.71402100000012, -7.412423299999944], [112.71419730000002, -7.411833799999954], [112.71433650000006, -7.411353799999972], [112.71438970000008, -7.411192399999948], [112.71442700000011, -7.411079299999926], [112.71451, -7.410812299999975], [112.714573, -7.410599099999956], [112.714596, -7.410521299999971], [112.7146100000001, -7.410481], [112.71464690000005, -7.41036349999996], [112.71447690000002, -7.410310399999958], [112.71416110000007, -7.410249599999929], [112.7141491000001, -7.410248799999977], [112.71413360000008, -7.410244299999931], [112.714047, -7.410219299999937], [112.71367280000004, -7.410096299999964], [112.71348940000007, -7.410037099999954], [112.713267, -7.409966099999963], [112.71308070000009, -7.409903899999961], [112.71307090000005, -7.409902299999942], [112.71291230000008, -7.409876399999973], [112.71269450000011, -7.409857], [112.71259870000006, -7.409868299999971], [112.7124907000001, -7.409877699999981], [112.71238270000003, -7.409896099999969], [112.7122716, -7.409875499999941], [112.71223540000005, -7.409842699999956], [112.71218120000003, -7.409789], [112.7121151, -7.409720799999945], [112.71189210000011, -7.409545299999934], [112.71067170000003, -7.409171799999967], [112.710476, -7.40975659999998], [112.70997180000006, -7.411331699999948], [112.7099505000001, -7.411334499999953], [112.7098036000001, -7.411354499999959], [112.7097678, -7.411359399999981], [112.709706, -7.411388699999975], [112.70969830000001, -7.411391099999946], [112.70957020000003, -7.411449499999947], [112.70955650000008, -7.411475799999948], [112.70953410000004, -7.411492199999941], [112.70953350000002, -7.411494699999935], [112.70950750000009, -7.411603099999979], [112.7095078000001, -7.411675], [112.70950820000007, -7.411773899999957], [112.70951140000011, -7.411836799999946], [112.70949050000002, -7.411848899999939], [112.70938250000006, -7.411873299999968], [112.70927160000008, -7.411915699999952], [112.7092206000001, -7.411918899999932], [112.70915750000006, -7.411901099999966], [112.70911230000002, -7.411864299999934], [112.70910130000004, -7.411866099999941], [112.7089754000001, -7.411886799999934]]] 
      }
    },
    {
      "type": "Feature",
      "properties": {
        "district_id": "3515130",
        "province": "Jawa Timur",
        "regency": "Sidoarjo",
        "district": "Sedati",
        "pria": 48969,
        "wanita": 48709,
        "total_penduduk": 97678
      },
      "geometry": {
        "type": "Polygon",
        "coordinates": [[[112.83544940000002, -7.372236899999962], [112.83608, -7.371562499999925], [112.83752540000012, -7.371471699999972], [112.838029, -7.369856499999969], [112.83819070000004, -7.367818199999931], [112.83885350000003, -7.36357049999998], [112.84074020000003, -7.348803199999963], [112.841036, -7.346739299999967], [112.84161050000012, -7.34428239999994], [112.84251330000006, -7.33988949999997], [112.8427, -7.338545499999952], [112.84266250000007, -7.335291699999971], [112.84265610000011, -7.333724699999948], [112.84213710000006, -7.332143799999926], [112.8412843000001, -7.331171899999958], [112.84040980000009, -7.330783799999949], [112.83911060000003, -7.330309399999976], [112.8377829000001, -7.330698599999948], [112.83626470000002, -7.331504299999949], [112.83362280000006, -7.333633799999973], [112.83274480000011, -7.334324899999956], [112.83171040000002, -7.335944099999949], [112.83073720000004, -7.336859499999946], [112.82998210000005, -7.338261699999975], [112.82976050000002, -7.338886299999956], [112.82829530000004, -7.34288179999993], [112.8280185000001, -7.3434], [112.82759570000007, -7.343387099999973], [112.82710140000006, -7.34444], [112.826884, -7.345455], [112.82688580000001, -7.345897499999978], [112.82679570000005, -7.346048799999949], [112.82684, -7.34605], [112.82679, -7.3468], [112.82679, -7.346838799999944], [112.82679, -7.34687], [112.82679, -7.34694], [112.82678, -7.34701], [112.82678, -7.3471], [112.82678, -7.34717], [112.82678, -7.34724], [112.82678, -7.34732], [112.82678, -7.34743], [112.82678, -7.34751], [112.82678, -7.34757], [112.82679, -7.34765], [112.82679, -7.347727499999962], [112.82679040000005, -7.347732699999938], [112.8268, -7.3478], [112.82681, -7.34788], [112.82682000000011, -7.34796], [112.82683, -7.34803], [112.82684, -7.34809], [112.82685, -7.34816], [112.82687, -7.34824], [112.82689, -7.34834], [112.82691000000011, -7.34844], [112.82692, -7.34851], [112.82694, -7.34858], [112.82696, -7.34866], [112.82698, -7.34875], [112.82700000000011, -7.34883], [112.82701, -7.3489], [112.82704, -7.34897], [112.82706, -7.34905], [112.82708, -7.34913], [112.8271, -7.3492], [112.82712, -7.34926], [112.82714, -7.34935], [112.82717, -7.34946], [112.8272, -7.34955], [112.8272300000001, -7.34964], [112.82726, -7.34973], [112.82729, -7.34981], [112.82731, -7.34988], [112.8273200000001, -7.34996], [112.82733, -7.35002], [112.82736000000011, -7.35007], [112.82737470000006, -7.350128899999959], [112.82745280000006, -7.350312599999938], [112.82756780000011, -7.351015699999948], [112.82764970000005, -7.351479099999949], [112.82762, -7.351784299999963], [112.82762, -7.3518], [112.82761630000005, -7.351822199999958], [112.82761, -7.351886799999932], [112.82761, -7.35192], [112.82760220000011, -7.351966699999934], [112.8276, -7.351989399999979], [112.8276, -7.35206], [112.82758, -7.35213], [112.82756, -7.35222], [112.82754000000011, -7.35232], [112.82753, -7.35241], [112.82751, -7.35249], [112.82749120000005, -7.352565299999981], [112.8274391000001, -7.352831099999946], [112.82738610000001, -7.352957499999945], [112.82737, -7.35303], [112.82734, -7.35312], [112.8273, -7.3532], [112.82728, -7.35327], [112.82724, -7.35336], [112.82721, -7.35345], [112.82718000000011, -7.35353], [112.82715, -7.3536], [112.82712, -7.35368], [112.82707, -7.35379], [112.82704, -7.35385], [112.82700000000011, -7.35394], [112.82696, -7.35404], [112.82692, -7.35411], [112.82689, -7.35417], [112.82686, -7.35423], [112.82682000000011, -7.35431], [112.82679, -7.35437], [112.82676, -7.35443], [112.82673000000011, -7.35448], [112.82669, -7.35456], [112.82665, -7.35463], [112.82661, -7.3547], [112.82656, -7.35478], [112.82652, -7.35486], [112.82647, -7.35494], [112.82641, -7.35503], [112.82637000000011, -7.35511], [112.82633, -7.35517], [112.82628000000011, -7.35526], [112.82623, -7.35534], [112.82619000000011, -7.3554], [112.82616, -7.35545], [112.82613, -7.35551], [112.82610000000011, -7.35556], [112.82607, -7.35562], [112.82602, -7.35571], [112.82598, -7.35578], [112.82595, -7.35583], [112.82592000000011, -7.35588], [112.82589, -7.35594], [112.82586, -7.356], [112.82583000000011, -7.35606], [112.8257923000001, -7.356127799999967], [112.82573980000006, -7.356230399999959], [112.82573, -7.35625], [112.82569, -7.35633], [112.82566, -7.35641], [112.82563, -7.35647], [112.8256, -7.35654], [112.82556000000011, -7.35662], [112.82554, -7.35669], [112.82552, -7.35675], [112.82548, -7.35683], [112.82544, -7.35695], [112.82542, -7.35702], [112.8254, -7.35709], [112.82538000000011, -7.35716], [112.82536, -7.35722], [112.82533, -7.35731], [112.8253, -7.35742], [112.82528, -7.35752], [112.82525, -7.35759], [112.82523, -7.35766], [112.82520000000011, -7.35776], [112.82518, -7.35786], [112.82515, -7.35795], [112.82512, -7.35804], [112.82511000000011, -7.35812], [112.82509, -7.3582], [112.82507, -7.35827], [112.82504, -7.35837], [112.82502000000011, -7.35847], [112.825, -7.35854], [112.82498, -7.35862], [112.82496, -7.3587], [112.82495, -7.35877], [112.82493000000011, -7.35885], [112.82491, -7.35891], [112.8249, -7.35898], [112.82488, -7.35906], [112.82487, -7.35912], [112.82485, -7.35919], [112.82483, -7.35927], [112.8248, -7.35935], [112.82479, -7.35941], [112.82477, -7.35947], [112.82474, -7.35956], [112.82472, -7.35966], [112.82469, -7.35974], [112.82466000000011, -7.35982], [112.82462, -7.35992], [112.82458, -7.36002], [112.82454, -7.3601], [112.82451, -7.36016], [112.82448000000011, -7.36021], [112.82445, -7.36026], [112.82442, -7.36031], [112.82438, -7.36037], [112.82433, -7.36043], [112.82430000000011, -7.36048], [112.82424, -7.36055], [112.82418, -7.36062], [112.82413, -7.36068], [112.82405, -7.36075], [112.82398, -7.36082], [112.82391, -7.36088], [112.82384, -7.36094], [112.82382970000003, -7.360948199999939], [112.82374870000001, -7.361041099999966], [112.82330130000003, -7.361298799999929], [112.82303250000007, -7.36128], [112.82297, -7.36128], [112.82289, -7.36128], [112.82279, -7.36127], [112.82269, -7.36127], [112.8226, -7.36124], [112.82251, -7.36122], [112.82244, -7.36121], [112.82238, -7.36118], [112.82231, -7.36115], [112.82224, -7.36112], [112.82219, -7.36109], [112.82212, -7.36106], [112.82209210000008, -7.361044099999958], [112.8217701000001, -7.360897299999976], [112.82124270000008, -7.360350099999948], [112.82122, -7.36033], [112.8211500000001, -7.36026], [112.82108, -7.36021], [112.82103, -7.36016], [112.8209700000001, -7.3601], [112.82091, -7.36005], [112.82085, -7.35999], [112.82077, -7.35992], [112.8207000000001, -7.35986], [112.82063490000007, -7.35979489999994], [112.82059260000005, -7.359757899999977], [112.82056000000011, -7.35973], [112.82055570000011, -7.359725699999956], [112.818727, -7.358128], [112.8187, -7.35811], [112.81865, -7.35807], [112.81858000000011, -7.35803], [112.81851, -7.358], [112.81845, -7.35797], [112.81839, -7.35794], [112.81836380000004, -7.357926899999939], [112.81822000000011, -7.35786289999993], [112.81821, -7.35786], [112.81818080000005, -7.357845399999974], [112.81807270000002, -7.357797299999959], [112.818, -7.35777], [112.81793, -7.35775], [112.81786000000011, -7.35773], [112.8178, -7.35771], [112.81773, -7.35771], [112.81766, -7.35769], [112.81759000000011, -7.35769], [112.81751, -7.35769], [112.81743, -7.35769], [112.81735, -7.3577], [112.81727, -7.3577], [112.81719, -7.35772], [112.81711, -7.35774], [112.81703, -7.35777], [112.81692, -7.3578], [112.81686, -7.35782], [112.816806, -7.357844], [112.81628100000012, -7.358121299999937], [112.815779, -7.358354], [112.81577, -7.35836], [112.81572, -7.35839], [112.81567, -7.35843], [112.81562, -7.35846], [112.81557840000005, -7.358485], [112.81535570000005, -7.35866429999993], [112.81535, -7.35867], [112.81529, -7.35872], [112.81524, -7.35876], [112.8151964000001, -7.358803599999931], [112.81494070000008, -7.359208299999977], [112.81494, -7.35921], [112.8149, -7.35928], [112.81487, -7.35934], [112.814864, -7.359353899999974], [112.81471840000006, -7.359870499999943], [112.81472020000001, -7.360296], [112.8147222, -7.360307], [112.81483340000011, -7.360573599999952], [112.81548040000007, -7.361562899999967], [112.81551, -7.3616], [112.81554, -7.36165], [112.81559, -7.36172], [112.81564, -7.3618], [112.81568, -7.36186], [112.81568780000009, -7.361873599999967], [112.81574400000011, -7.361953099999937], [112.8157791000001, -7.362078199999928], [112.81578, -7.36208], [112.8158, -7.36215], [112.81583, -7.36222], [112.81585, -7.36229], [112.81587, -7.36237], [112.81587380000008, -7.36241549999994], [112.815874, -7.36241629999995], [112.81587390000004, -7.362417], [112.8158800000001, -7.36249], [112.8158800000001, -7.36257], [112.81587, -7.36266], [112.81586, -7.36273], [112.81585, -7.3628], [112.81584, -7.36286], [112.81581, -7.36295], [112.81580430000008, -7.362967], [112.81578090000005, -7.363152199999945], [112.81560480000007, -7.363352799999973], [112.8156, -7.36336], [112.81555, -7.36343], [112.8155, -7.36349], [112.8154300000001, -7.36356], [112.81536, -7.36364], [112.81529970000008, -7.363700299999948], [112.81517510000003, -7.363842299999931], [112.8150644000001, -7.363906399999962], [112.81506, -7.36391], [112.8149800000001, -7.36396], [112.81495780000012, -7.363968299999954], [112.8146478000001, -7.364148199999931], [112.8134318000001, -7.364488899999969], [112.812748, -7.364680799999974], [112.81267, -7.36471], [112.81259450000005, -7.364757199999929], [112.81196110000008, -7.365182499999946], [112.81160050000005, -7.365386299999955], [112.81155, -7.36542], [112.81149, -7.36546], [112.81144, -7.3655], [112.81139, -7.36553], [112.81132, -7.36557], [112.81128850000005, -7.365593599999954], [112.81125380000003, -7.365619699999968], [112.81123080000009, -7.365649099999928], [112.811228, -7.365638], [112.81118, -7.36567], [112.81111, -7.36572], [112.81104, -7.36576], [112.81099, -7.36579], [112.81094, -7.36582], [112.81087, -7.36586], [112.81079000000011, -7.3659], [112.81073, -7.36593], [112.81066, -7.36596], [112.81058, -7.366], [112.81049, -7.36604], [112.81042, -7.36607], [112.81033, -7.3661], [112.81027, -7.36612], [112.81021, -7.36615], [112.81015, -7.36616], [112.81009, -7.36619], [112.81, -7.36621], [112.80992, -7.36624], [112.80985, -7.36626], [112.80977, -7.36628], [112.80968610000002, -7.366289299999949], [112.80968, -7.36629], [112.80958, -7.36631], [112.80949, -7.36632], [112.80942, -7.36633], [112.80936, -7.36634], [112.8093, -7.36635], [112.80922, -7.36635], [112.80915, -7.36635], [112.80907, -7.36635], [112.80899000000011, -7.36634], [112.80891, -7.36634], [112.80882, -7.36631], [112.80872000000011, -7.36628], [112.80865, -7.36625], [112.80858, -7.36621], [112.80849, -7.36617], [112.8084, -7.36612], [112.80832, -7.36608], [112.80826, -7.36604], [112.80821, -7.36601], [112.80815, -7.36598], [112.8080900000001, -7.36594], [112.80801, -7.36589], [112.80794, -7.36585], [112.80788, -7.3658], [112.8078200000001, -7.36577], [112.80776, -7.36573], [112.80769, -7.36569], [112.80763580000007, -7.365644799999927], [112.80763, -7.36564], [112.80757, -7.36561], [112.80752, -7.36558], [112.80747, -7.36554], [112.80741, -7.36551], [112.80736, -7.36548], [112.80731, -7.36544], [112.80724, -7.36541], [112.80718, -7.36537], [112.80712, -7.36534], [112.80704, -7.36529], [112.80699, -7.36526], [112.8069200000001, -7.36523], [112.80685, -7.36519], [112.80677, -7.36515], [112.8067, -7.36512], [112.80662, -7.36508], [112.80655, -7.36505], [112.80648, -7.36501], [112.80642000000012, -7.36499], [112.80634, -7.36495], [112.80624000000012, -7.36491], [112.80616, -7.36488], [112.80608, -7.36485], [112.80598, -7.36484], [112.805957, -7.364837099999932], [112.80593370000008, -7.364834199999962], [112.8059, -7.36483], [112.80582, -7.36482], [112.80572, -7.36481], [112.80562, -7.3648], [112.80555, -7.3648], [112.80549, -7.36479], [112.80542, -7.36478], [112.80536, -7.36477], [112.80528, -7.36476], [112.80522, -7.36476], [112.80515, -7.36475], [112.80508, -7.36474], [112.805, -7.36473], [112.8049, -7.36472], [112.80483, -7.36471], [112.80477, -7.3647], [112.8047, -7.36468], [112.8046, -7.36467], [112.8045, -7.36466], [112.80442, -7.36464], [112.80432, -7.36463], [112.80423, -7.36461], [112.80412, -7.3646], [112.80406, -7.36459], [112.80398, -7.36457], [112.80387, -7.36455], [112.80376, -7.36454], [112.80367, -7.36453], [112.8036, -7.36452], [112.80352, -7.36451], [112.80346, -7.3645], [112.8034, -7.36449], [112.80332, -7.36448], [112.80326, -7.36447], [112.8032, -7.36446], [112.80313, -7.36445], [112.80307, -7.36444], [112.80300000000011, -7.36443], [112.80293, -7.36442], [112.80286, -7.36441], [112.8028, -7.3644], [112.80271, -7.36439], [112.80264000000011, -7.36438], [112.80257, -7.36437], [112.8025, -7.36436], [112.80241, -7.36436], [112.80233, -7.36435], [112.80223, -7.36434], [112.80215, -7.36433], [112.80208, -7.36433], [112.80201000000011, -7.36433], [112.80195, -7.36432], [112.80193760000009, -7.36432], [112.8015610000001, -7.364346599999976], [112.8013946000001, -7.36439839999997], [112.80111390000002, -7.364586899999949], [112.80111000000011, -7.36459], [112.80106, -7.36463], [112.80101, -7.36467], [112.80095, -7.36472], [112.80088, -7.36477], [112.80083280000008, -7.364803699999925], [112.80075330000011, -7.364869599999963], [112.80073, -7.36489], [112.80072470000005, -7.364893299999949], [112.800577, -7.365015699999958], [112.80047180000008, -7.36506879999996], [112.80047, -7.36507], [112.80039870000007, -7.365105699999958], [112.80032570000003, -7.365142399999968], [112.80026, -7.36518], [112.80020160000004, -7.365205], [112.8001422000001, -7.365235], [112.80006860000003, -7.365244699999948], [112.80005, -7.36525], [112.79997, -7.36527], [112.79988, -7.36528], [112.79980130000001, -7.36528], [112.79964280000002, -7.365300899999966], [112.79949370000008, -7.365296], [112.79945, -7.3653], [112.79937, -7.3653], [112.79929, -7.3653], [112.79923, -7.3653], [112.79917000000012, -7.36531], [112.7991, -7.36531], [112.79902, -7.36531], [112.79896, -7.36531], [112.79889, -7.36532], [112.79883, -7.36532], [112.79876, -7.36533], [112.7987, -7.36534], [112.79864, -7.36534], [112.79863910000006, -7.36533929999996], [112.7986178000001, -7.365343399999972], [112.79846430000009, -7.365408], [112.79818300000011, -7.365562599999976], [112.79803230000005, -7.365663899999959], [112.79802, -7.36567], [112.79794, -7.36572], [112.7978700000001, -7.36577], [112.7978, -7.36581], [112.79774, -7.36585], [112.7976900000001, -7.36588], [112.79763, -7.36592], [112.79757, -7.36596], [112.7975100000001, -7.366], [112.79745, -7.36604], [112.79738, -7.36608], [112.7973, -7.36614], [112.79723, -7.36619], [112.7971500000001, -7.36624], [112.79709, -7.36628], [112.79704, -7.36631], [112.79698, -7.36635], [112.79693, -7.36638], [112.79686, -7.36642], [112.7967900000001, -7.36647], [112.79673, -7.36651], [112.79666, -7.36655], [112.7966100000001, -7.36658], [112.79654, -7.36662], [112.79647000000011, -7.36667], [112.79641, -7.36671], [112.79633, -7.36676], [112.7962500000001, -7.36682], [112.79618, -7.36687], [112.79612, -7.3669], [112.79605, -7.36695], [112.7959800000001, -7.36701], [112.79591, -7.36706], [112.79585, -7.3671], [112.79579, -7.36715], [112.79572, -7.36719], [112.79571830000009, -7.367191699999978], [112.79563980000012, -7.367235899999969], [112.7955601000001, -7.367319899999927], [112.79556, -7.36732], [112.79548000000011, -7.36739], [112.79541, -7.36745], [112.79535, -7.3675], [112.79530000000011, -7.36754], [112.79524, -7.36759], [112.79518, -7.36764], [112.7951, -7.36771], [112.79501, -7.36778], [112.79494000000011, -7.36783], [112.79485000000011, -7.36788], [112.79476000000011, -7.36794], [112.79467000000011, -7.36798], [112.79462110000009, -7.368007099999943], [112.79459220000001, -7.368020399999978], [112.79450530000008, -7.368058], [112.7945, -7.36806], [112.79443, -7.36809], [112.79442130000007, -7.368094299999939], [112.79434650000007, -7.368126699999948], [112.7943, -7.36814], [112.79422000000011, -7.36817], [112.79415, -7.36819], [112.79409, -7.36821], [112.79349, -7.36835], [112.79326, -7.36825], [112.7915200000001, -7.36772], [112.79122, -7.36761], [112.79108, -7.36753], [112.79092, -7.36744], [112.79054, -7.36725], [112.78992, -7.36702], [112.78982, -7.36706], [112.78957, -7.36719], [112.78948, -7.36716], [112.78944, -7.36709], [112.78932, -7.3669], [112.78907, -7.36669], [112.78881, -7.36656], [112.78852, -7.36648], [112.78812, -7.36646], [112.788, -7.36651], [112.7879, -7.3666], [112.78778000000011, -7.3667], [112.78771, -7.36666], [112.78756, -7.36649], [112.7874, -7.36639], [112.7871, -7.36627], [112.78695, -7.36624], [112.78682, -7.36629], [112.78673, -7.36638], [112.78661000000011, -7.3665], [112.78629, -7.36632], [112.78612, -7.36622], [112.78601, -7.36621], [112.7859, -7.36624], [112.78573, -7.3663], [112.78557, -7.36627], [112.78534420000005, -7.366201], [112.78521, -7.36616], [112.78492, -7.36617], [112.78474, -7.36614], [112.78462, -7.36611], [112.7843600000001, -7.36613], [112.78419, -7.36609], [112.7841347000001, -7.366069399999958], [112.78376, -7.36593], [112.78359000000012, -7.36595], [112.78354590000004, -7.365957399999957], [112.78329, -7.366], [112.78291, -7.36602], [112.78276, -7.366], [112.782638, -7.365957299999934], [112.7825600000001, -7.36593], [112.78237, -7.36587], [112.78212, -7.36578], [112.78198, -7.36573], [112.7817500000001, -7.36572], [112.78142, -7.36575], [112.7811200000001, -7.36583], [112.78097, -7.36587], [112.78095990000008, -7.36587], [112.78047, -7.36587], [112.78032, -7.3659], [112.78014, -7.36594], [112.77985, -7.36595], [112.77946, -7.366], [112.77938, -7.36593], [112.77917, -7.36566], [112.77902, -7.36549], [112.77896, -7.36542], [112.77883, -7.36536], [112.77858, -7.36531], [112.77841, -7.36526], [112.77816, -7.36509], [112.77764, -7.36473], [112.77739, -7.3646], [112.777, -7.36441], [112.77672, -7.36432], [112.77651, -7.36431], [112.77611, -7.36433], [112.77605170000004, -7.364333], [112.77572, -7.36435], [112.77499000000012, -7.36446], [112.77471710000009, -7.364519499999972], [112.77444, -7.36458], [112.77416, -7.36463], [112.77356, -7.36472], [112.77275, -7.36489], [112.77235, -7.36496], [112.7719949000001, -7.365044499999954], [112.77172, -7.36511], [112.77163, -7.36512], [112.771063, -7.365221799999972], [112.77105520000009, -7.365223199999946], [112.77087160000008, -7.36573], [112.77070010000011, -7.366202199999975], [112.7705552000001, -7.366607899999963], [112.77053770000009, -7.366656199999966], [112.77045520000001, -7.366877199999976], [112.77043270000001, -7.366939199999933], [112.7703596, -7.367140399999926], [112.77031420000003, -7.367285899999956], [112.77031250000005, -7.367291299999977], [112.77031250000005, -7.367291499999965], [112.76973170000008, -7.367199199999959], [112.76929370000005, -7.367125699999974], [112.76920730000006, -7.367112499999962], [112.76901920000012, -7.367069299999969], [112.76881460000004, -7.367021499999964], [112.76870870000005, -7.366996799999981], [112.76811570000007, -7.366831399999967], [112.7673774000001, -7.366625599999963], [112.76726170000006, -7.366593299999977], [112.767135, -7.366809], [112.76712690000011, -7.366847], [112.76699840000003, -7.367449399999941], [112.7669959000001, -7.367460899999969], [112.76556120000009, -7.367463599999951], [112.764523, -7.367465599999946], [112.76461330000006, -7.366860599999939], [112.76468120000004, -7.366406], [112.76467090000006, -7.36640129999995], [112.76466360000006, -7.366398], [112.76436, -7.36626], [112.76414000000011, -7.36614], [112.76391, -7.36606], [112.76382920000003, -7.366032299999972], [112.76381790000005, -7.366028399999948], [112.76356, -7.36594], [112.76316, -7.3658], [112.76286, -7.36567], [112.76267, -7.36559], [112.7626398000001, -7.365584499999954], [112.76256, -7.36557], [112.76223, -7.36544], [112.76186, -7.36532], [112.7617537000001, -7.365286], [112.76161, -7.36524], [112.761552, -7.365223599999979], [112.76149830000008, -7.365208399999972], [112.76167010000006, -7.364368399999933], [112.76167420000002, -7.364348199999938], [112.76153920000002, -7.364313799999934], [112.7609503000001, -7.364248299999929], [112.76011240000003, -7.364161199999955], [112.75943290000009, -7.364066], [112.75888180000004, -7.363992799999949], [112.75855720000004, -7.363969199999929], [112.758479, -7.364237299999957], [112.75819130000002, -7.364183799999978], [112.75818, -7.364235299999962], [112.7581116, -7.364548399999933], [112.75765, -7.36448], [112.75714, -7.36441], [112.75684, -7.36437], [112.75669, -7.36435], [112.7563, -7.36429], [112.75619470000004, -7.364276299999972], [112.75597720000007, -7.364247899999953], [112.75584, -7.36423], [112.75481, -7.36407], [112.75479, -7.364066199999968], [112.75439, -7.36399], [112.7543343000001, -7.363982199999953], [112.75381920000007, -7.363909699999965], [112.75375, -7.3639], [112.75325, -7.36383], [112.752513, -7.36371859999997], [112.7523900000001, -7.3637], [112.75151, -7.3636], [112.75115, -7.36352], [112.75108190000003, -7.363505699999962], [112.75105860000008, -7.36350079999994], [112.75105340000005, -7.363499699999977], [112.75098190000006, -7.363901699999928], [112.74973020000004, -7.363814799999943], [112.74937330000012, -7.363776299999927], [112.74767910000003, -7.363533099999927], [112.7476521000001, -7.363590199999976], [112.74731180000003, -7.364310899999964], [112.747304, -7.364310099999955], [112.74616630000003, -7.364204699999959], [112.74616050000009, -7.36421219999994], [112.74615160000008, -7.36422349999998], [112.74605950000011, -7.364341399999944], [112.74550710000005, -7.365048099999967], [112.74551550000001, -7.365060699999958], [112.74551660000009, -7.365065899999934], [112.74552390000008, -7.36510149999998], [112.74557930000003, -7.365163299999949], [112.74556830000006, -7.365272499999946], [112.7455169000001, -7.365782799999977], [112.74553630000003, -7.366004499999974], [112.7456575000001, -7.366216599999973], [112.74574170000005, -7.366438099999925], [112.74611320000008, -7.366741699999977], [112.74611120000009, -7.366756099999975], [112.74600520000001, -7.367536899999948], [112.74596930000007, -7.367597299999943], [112.74598560000004, -7.367601], [112.74591, -7.36797], [112.74571, -7.36879], [112.74558, -7.36928], [112.74542, -7.36998], [112.74537, -7.37019], [112.74524, -7.37075], [112.74505070000009, -7.371577], [112.74504510000008, -7.371578399999976], [112.74504210000009, -7.371585099999947], [112.74501070000008, -7.371654299999932], [112.74498050000011, -7.371720799999935], [112.74453750000009, -7.373706099999936], [112.74506610000003, -7.373893499999951], [112.74507030000007, -7.373891199999946], [112.74531, -7.37392], [112.74546, -7.37392], [112.74609, -7.3736], [112.74643, -7.37344], [112.74677, -7.37337], [112.7468129, -7.373365499999977], [112.74725, -7.37332], [112.74748000000011, -7.37334], [112.7478, -7.37343], [112.74812920000011, -7.37355969999993], [112.74813, -7.37356], [112.74806450000005, -7.373965099999964], [112.74797, -7.37455], [112.74794, -7.37466], [112.74787, -7.375], [112.74782, -7.37523], [112.74772, -7.37576], [112.74749, -7.37668], [112.74732, -7.3774], [112.7472676000001, -7.377655599999969], [112.7472494000001, -7.377744399999926], [112.74744090000002, -7.377787499999954], [112.74802510000006, -7.377919099999929], [112.75039090000007, -7.378451899999959], [112.75039240000001, -7.378461099999981], [112.75058640000009, -7.379609499999958], [112.75065280000001, -7.379768299999967], [112.75085510000008, -7.38025179999994], [112.75095270000008, -7.380324], [112.75091080000004, -7.381029299999966], [112.75089030000004, -7.381070699999952], [112.75069790000009, -7.381458599999974], [112.75058620000004, -7.382610599999964], [112.7507025000001, -7.382636899999966], [112.75080980000007, -7.382636499999933], [112.75116750000007, -7.382635099999959], [112.7514268000001, -7.382634], [112.7516591000001, -7.382597399999952], [112.751838, -7.382614599999954], [112.75192270000002, -7.382648], [112.75198980000005, -7.382645399999944], [112.75221340000007, -7.382604799999967], [112.75237250000009, -7.382584299999962], [112.75249180000003, -7.382583799999964], [112.75261610000007, -7.382568399999968], [112.75277520000009, -7.382567799999947], [112.75574090000009, -7.383003], [112.75566820000006, -7.383484799999962], [112.75556430000006, -7.383604399999967], [112.75553370000011, -7.384031599999958], [112.75553130000003, -7.38406619999995], [112.75551930000006, -7.384182899999928], [112.75551470000005, -7.38428719999996], [112.75547540000002, -7.384391599999958], [112.75548090000007, -7.384530599999948], [112.75545160000001, -7.384674699999948], [112.75545960000011, -7.384811199999945], [112.7554649000001, -7.384895499999971], [112.7554454000001, -7.38498], [112.75542120000011, -7.385158799999942], [112.75541420000002, -7.385197499999947], [112.75540160000003, -7.385267499999941], [112.75537740000004, -7.385402299999953], [112.75537280000003, -7.385506499999963], [112.75536390000002, -7.38562], [112.75532150000004, -7.386159499999962], [112.75531840000008, -7.38619929999993], [112.75527390000002, -7.386269], [112.75519970000005, -7.386358599999937], [112.75511040000004, -7.386438399999975], [112.75501130000009, -7.386513299999933], [112.7549553, -7.38653979999998], [112.7548614000001, -7.386599], [112.75475410000001, -7.386663], [112.75472850000006, -7.386683199999936], [112.75471010000001, -7.386691799999937], [112.7546585, -7.386860899999931], [112.75461730000006, -7.386995599999977], [112.75450160000003, -7.387380499999949], [112.75444760000005, -7.387837699999977], [112.75442120000002, -7.388017399999967], [112.75435830000004, -7.388017599999955], [112.75425510000002, -7.388019499999928], [112.75413790000005, -7.388003899999944], [112.7540189, -7.387988], [112.75396790000002, -7.388000099999942], [112.75389490000009, -7.388440799999955], [112.753892, -7.388457899999935], [112.75383150000005, -7.388747], [112.75379980000002, -7.388841399999933], [112.7537526000001, -7.388981599999966], [112.7537479, -7.38899559999993], [112.75351240000009, -7.388918199999978], [112.753357, -7.389421699999957], [112.7530412000001, -7.390724099999943], [112.7529750000001, -7.390936099999976], [112.75274470000011, -7.391868899999963], [112.75274420000005, -7.391870599999947], [112.75294, -7.3919], [112.75333, -7.39209], [112.75387, -7.39228], [112.75411, -7.39235], [112.75478580000004, -7.39235], [112.75497, -7.39235], [112.75514, -7.39235], [112.7553, -7.39236], [112.75543, -7.39243], [112.75547640000002, -7.392457499999978], [112.7557, -7.39259], [112.75586, -7.39266], [112.75628, -7.39262], [112.75651, -7.39262], [112.75674350000008, -7.392668599999979], [112.75675, -7.39267], [112.75714, -7.39281], [112.7571938000001, -7.392833099999962], [112.75719360000005, -7.392834799999946], [112.75721850000002, -7.392842], [112.75730370000008, -7.392866699999956], [112.75758010000004, -7.392916199999945], [112.7575931, -7.392918599999973], [112.75747920000003, -7.393646799999942], [112.75745190000009, -7.393858099999932], [112.7574495, -7.393874099999948], [112.75745110000003, -7.393874399999959], [112.75744, -7.39393], [112.75743000000011, -7.39403], [112.75742, -7.39411], [112.7574, -7.39421], [112.7573900000001, -7.3943], [112.75738, -7.39436], [112.75737, -7.39444], [112.75736, -7.39453], [112.75735, -7.39459], [112.75735, -7.39466], [112.75734000000011, -7.39475], [112.75732, -7.39487], [112.75731, -7.39497], [112.7573000000001, -7.39505], [112.75729, -7.39513], [112.75727, -7.39522], [112.75725000000011, -7.39529], [112.757234, -7.395362], [112.75723, -7.39538], [112.7572100000001, -7.39549], [112.75718, -7.39561], [112.75715, -7.39575], [112.7571200000001, -7.39589], [112.75709, -7.39604], [112.75706, -7.3962], [112.75702, -7.39636], [112.75699, -7.39652], [112.75695, -7.39668], [112.75692, -7.39684], [112.75689000000011, -7.39699], [112.75686, -7.39714], [112.75673, -7.39775], [112.75668, -7.39797], [112.75661, -7.39828], [112.75649, -7.39878], [112.75641, -7.39909], [112.75629, -7.39962], [112.75620170000002, -7.399992899999972], [112.7562, -7.4], [112.75604, -7.40072], [112.75590000000011, -7.40092], [112.75578, -7.4011], [112.75561, -7.40134], [112.75543360000006, -7.401581699999952], [112.75534, -7.40171], [112.75522, -7.40194], [112.7551, -7.40216], [112.75500000000011, -7.40227], [112.75464000000011, -7.40264], [112.75456, -7.40278], [112.75435, -7.40374], [112.75425, -7.40428], [112.75412, -7.40484], [112.75406, -7.40512], [112.7539, -7.40596], [112.75387, -7.40608], [112.7537400000001, -7.40621], [112.7536593000001, -7.406210599999952], [112.75368150000008, -7.406297599999959], [112.75367540000002, -7.406411299999945], [112.75370520000001, -7.406534599999929], [112.75376410000001, -7.406612299999949], [112.75439560000007, -7.406684799999937], [112.75489, -7.40679], [112.75502, -7.40681], [112.75539, -7.40685], [112.75592, -7.40691], [112.75682, -7.40702], [112.75743000000011, -7.40705], [112.75765, -7.40706], [112.75794, -7.40711], [112.75867, -7.40723], [112.75877, -7.40725], [112.75957, -7.40741], [112.75974190000011, -7.407438699999943], [112.75975, -7.40744], [112.75974, -7.40824], [112.7597300000001, -7.4083], [112.7597300000001, -7.40838], [112.75975, -7.40846], [112.75985, -7.40849], [112.75996, -7.40851], [112.76004000000012, -7.40853], [112.7601, -7.40854], [112.76016, -7.40854], [112.76023, -7.40854], [112.76033, -7.40854], [112.76041, -7.40854], [112.76046560000009, -7.408530699999972], [112.75993390000008, -7.410358699999961], [112.75995190000003, -7.410362299999974], [112.760021, -7.410376299999939], [112.76002, -7.41038], [112.76025, -7.41046], [112.76058, -7.41052], [112.76098, -7.41049], [112.76118, -7.41045], [112.7615, -7.4104], [112.76164, -7.41041], [112.76187, -7.41048], [112.7621, -7.41051], [112.76316, -7.41059], [112.76345, -7.41063], [112.76358490000007, -7.410627], [112.7639, -7.41062], [112.76419, -7.41061], [112.76437120000003, -7.410648099999946], [112.76437020000003, -7.410654], [112.76432820000002, -7.410911799999951], [112.76445050000007, -7.411032899999952], [112.7644514000001, -7.411264], [112.76458610000009, -7.411433699999975], [112.7646721000001, -7.411615799999936], [112.76475810000011, -7.411785699999939], [112.76479770000003, -7.41256379999993], [112.76490510000008, -7.412661799999967], [112.76492170000006, -7.412764], [112.765106, -7.412879199999963], [112.76502090000008, -7.413381899999933], [112.76509870000007, -7.413487799999928], [112.76508050000007, -7.413777699999969], [112.76506230000007, -7.414067599999953], [112.76500540000006, -7.414348], [112.76500810000005, -7.414348399999938], [112.76591570000005, -7.414489199999934], [112.76620090000006, -7.414505199999951], [112.7662557000001, -7.414625399999977], [112.76682860000005, -7.41470819999995], [112.76678030000005, -7.414593799999977], [112.76739710000004, -7.41467659999995], [112.76765870000008, -7.414743199999975], [112.7679008, -7.414800199999945], [112.76831730000004, -7.414875799999948], [112.76884, -7.414902699999971], [112.7690139, -7.41482469999994], [112.76945930000011, -7.414880899999957], [112.7699914000001, -7.414840099999935], [112.77025290000006, -7.414897099999962], [112.77070810000009, -7.41498219999994], [112.77116330000001, -7.415057699999977], [112.7713371000001, -7.41497], [112.77170650000005, -7.415364599999975], [112.77197840000008, -7.415595399999972], [112.77219470000011, -7.415841199999932], [112.77218, -7.41587], [112.77216, -7.4161], [112.77213, -7.41678], [112.77205, -7.4171], [112.77202000000011, -7.41736], [112.77203, -7.41773], [112.7721, -7.41815], [112.77226, -7.41867], [112.77235, -7.41879], [112.77259, -7.41897], [112.77303, -7.41928], [112.77316, -7.41939], [112.77329, -7.41939], [112.77345, -7.41936], [112.77379, -7.41931], [112.7744100000001, -7.41926], [112.77523, -7.41939], [112.77557, -7.41943], [112.7760300000001, -7.41949], [112.7765, -7.41959], [112.77707, -7.41978], [112.77783000000011, -7.41995], [112.7782, -7.41994], [112.77846000000011, -7.41992], [112.77876, -7.41997], [112.7794, -7.42012], [112.77994, -7.42028], [112.78062000000011, -7.42044], [112.7824, -7.42072], [112.7824700000001, -7.42075], [112.78275, -7.42085], [112.78303, -7.42102], [112.78326, -7.42112], [112.78381, -7.42127], [112.78483, -7.42146], [112.78513, -7.42143], [112.7855, -7.4214], [112.78594, -7.42138], [112.78653, -7.4213], [112.78684, -7.42118], [112.78722, -7.42096], [112.7875, -7.4208], [112.7878, -7.42064], [112.78815, -7.42032], [112.78869, -7.41978], [112.7889, -7.41964], [112.78905, -7.41959], [112.78934, -7.41963], [112.78941, -7.41965], [112.78958000000011, -7.4197], [112.78962, -7.41975], [112.78964, -7.41983], [112.78968, -7.41993], [112.7897200000001, -7.42002], [112.78976000000011, -7.42012], [112.78979, -7.42017], [112.78983, -7.42024], [112.78989, -7.42032], [112.78993, -7.42038], [112.78998, -7.42045], [112.79004, -7.42053], [112.79012000000012, -7.42061], [112.79019, -7.42069], [112.79024, -7.42074], [112.79030000000012, -7.42081], [112.79038, -7.42089], [112.79046, -7.42097], [112.79051, -7.42103], [112.79055, -7.42108], [112.7906, -7.42112], [112.79066000000012, -7.42117], [112.79072, -7.42123], [112.79077, -7.42129], [112.79083, -7.42134], [112.79087, -7.42139], [112.79093000000012, -7.42143], [112.791, -7.4215], [112.79105, -7.42156], [112.79111000000012, -7.42162], [112.79120000000012, -7.4217], [112.79128, -7.42179], [112.79136, -7.42186], [112.7914300000001, -7.42193], [112.79149, -7.422], [112.79155, -7.42208], [112.7916, -7.42216], [112.79163, -7.42223], [112.79165000000012, -7.42231], [112.79166, -7.42242], [112.79165000000012, -7.4225], [112.79165000000012, -7.42256], [112.79163, -7.42263], [112.79162, -7.42272], [112.79159, -7.42279], [112.79157, -7.42287], [112.79155, -7.42296], [112.79153, -7.42302], [112.79151, -7.42308], [112.79149, -7.42315], [112.79147000000012, -7.42322], [112.79145, -7.42328], [112.7914300000001, -7.42335], [112.79141, -7.42341], [112.79139, -7.42347], [112.79137, -7.42353], [112.79135, -7.42359], [112.79133, -7.42366], [112.7913, -7.42375], [112.79127, -7.42382], [112.79124, -7.4239], [112.79120000000012, -7.42398], [112.79117, -7.42404], [112.79114, -7.42409], [112.7911, -7.42416], [112.79105, -7.42424], [112.79101, -7.4243], [112.79097, -7.42436], [112.79093000000012, -7.42442], [112.7909, -7.42447], [112.79086, -7.42452], [112.79081, -7.4246], [112.79076, -7.42466], [112.79073, -7.42471], [112.79068, -7.42478], [112.79063, -7.42485], [112.7906, -7.4249], [112.79056, -7.42497], [112.7905, -7.42506], [112.79045, -7.42513], [112.7904, -7.42521], [112.7903500000001, -7.42531], [112.79031, -7.4254], [112.79029, -7.42547], [112.7902600000001, -7.42554], [112.79023, -7.42564], [112.79022, -7.42571], [112.79021000000012, -7.42577], [112.7902, -7.42585], [112.7902, -7.42593], [112.79019, -7.426], [112.7902, -7.4261], [112.7902, -7.4262], [112.79021000000012, -7.42627], [112.79023, -7.42638], [112.79025, -7.42647], [112.79027, -7.42654], [112.79029, -7.4266], [112.79031, -7.42668], [112.79034, -7.42674], [112.79036, -7.4268], [112.79038, -7.42686], [112.79041, -7.42695], [112.79042, -7.42704], [112.79043, -7.42711], [112.79043, -7.42718], [112.79043, -7.42728], [112.79043, -7.42735], [112.79043, -7.42742], [112.79042, -7.42748], [112.79042, -7.42754], [112.7904, -7.4276], [112.79039000000012, -7.42766], [112.79037, -7.42773], [112.79034, -7.4278], [112.79032, -7.42786], [112.79030000000012, -7.42792], [112.79027, -7.42798], [112.79025, -7.42804], [112.79022, -7.4281], [112.79019, -7.42815], [112.79015, -7.42822], [112.79011, -7.42828], [112.79007, -7.42835], [112.79001, -7.42842], [112.78997, -7.42847], [112.78991, -7.42854], [112.78983, -7.42861], [112.78976000000011, -7.42866], [112.78971, -7.42869], [112.78965, -7.42873], [112.78957, -7.42877], [112.78948, -7.42881], [112.78941, -7.42884], [112.78933, -7.42887], [112.78926, -7.42889], [112.7892, -7.42891], [112.78911, -7.42894], [112.78905, -7.42896], [112.78898, -7.42898], [112.7889100000001, -7.429], [112.78883, -7.42902], [112.78876, -7.42904], [112.78869, -7.42907], [112.78862, -7.42909], [112.78854, -7.42911], [112.78848, -7.42913], [112.78842, -7.42915], [112.78833, -7.42918], [112.78824, -7.4292], [112.78816, -7.42922], [112.78809, -7.42924], [112.78808170000002, -7.42924279999994], [112.78803, -7.42926], [112.78797, -7.42929], [112.78792, -7.42935], [112.78787000000011, -7.42942], [112.78782, -7.4295], [112.78777, -7.42957], [112.78774, -7.42963], [112.78771, -7.42968], [112.78767, -7.42973], [112.78764, -7.42979], [112.78760000000011, -7.42986], [112.78755, -7.42995], [112.78752, -7.43002], [112.78749, -7.43009], [112.78747, -7.43017], [112.78747, -7.43027], [112.78748, -7.43035], [112.7875, -7.43042], [112.78752, -7.43049], [112.78754, -7.43057], [112.78756, -7.43065], [112.78758, -7.43073], [112.78760000000011, -7.4308], [112.78761, -7.43086], [112.78762, -7.43093], [112.78761, -7.43102], [112.78759, -7.43109], [112.78755, -7.43115], [112.78751000000011, -7.43123], [112.78747, -7.43129], [112.78742000000011, -7.43135], [112.78739, -7.4314], [112.78736, -7.43145], [112.78733000000011, -7.4315], [112.7873, -7.43158], [112.78728, -7.43169], [112.78727, -7.43177], [112.78729, -7.43185], [112.78732, -7.43195], [112.78736, -7.43203], [112.7874, -7.43209], [112.78743, -7.43214], [112.78747, -7.4322], [112.78752, -7.43227], [112.78757, -7.43235], [112.78762, -7.43243], [112.78766, -7.43253], [112.78768, -7.43261], [112.78769000000011, -7.43268], [112.7877, -7.43274], [112.78771, -7.43283], [112.78772, -7.43294], [112.78772, -7.43303], [112.78773, -7.43309], [112.78773, -7.43315], [112.78773, -7.43323], [112.78773, -7.43333], [112.78774, -7.43342], [112.78773, -7.43349], [112.78773, -7.43357], [112.78773, -7.43363], [112.78772, -7.43369], [112.78772, -7.43377], [112.78771, -7.43384], [112.78771, -7.43392], [112.78772, -7.43401], [112.78775, -7.4341], [112.7878, -7.43421], [112.78784, -7.4343], [112.78787000000011, -7.43437], [112.7879, -7.43445], [112.78794, -7.43453], [112.78797, -7.43461], [112.78801, -7.43469], [112.78805000000011, -7.43475], [112.78809, -7.43482], [112.78812, -7.4349], [112.78817, -7.43497], [112.7882, -7.43503], [112.78824, -7.43509], [112.78829, -7.43516], [112.78834, -7.43522], [112.7883700000001, -7.43527], [112.78841000000011, -7.43532], [112.7884600000001, -7.43538], [112.78851, -7.43545], [112.78856, -7.43551], [112.78862, -7.43558], [112.78869, -7.43566], [112.78874, -7.43573], [112.7888, -7.43581], [112.78886000000011, -7.43588], [112.78893, -7.43597], [112.78896, -7.43604], [112.78899, -7.4361], [112.78902, -7.43617], [112.78905, -7.43624], [112.78906, -7.4363], [112.78908, -7.43637], [112.7890900000001, -7.43645], [112.7890900000001, -7.43653], [112.7890900000001, -7.43659], [112.7890900000001, -7.43665], [112.7890900000001, -7.43671], [112.78908, -7.43677], [112.78907, -7.43683], [112.78906, -7.4369], [112.78904000000011, -7.43697], [112.78902, -7.43707], [112.7890000000001, -7.43717], [112.78899, -7.43725], [112.78899, -7.43736], [112.7890000000001, -7.43743], [112.78901, -7.43749], [112.78904000000011, -7.43757], [112.78907, -7.43765], [112.7891, -7.43772], [112.78915, -7.43779], [112.7892, -7.43784], [112.78925, -7.43789], [112.78931000000011, -7.43794], [112.78939, -7.43801], [112.78948, -7.43809], [112.78955, -7.43815], [112.7896300000001, -7.43823], [112.78969, -7.43829], [112.78974, -7.43834], [112.78979, -7.4384], [112.78984, -7.43845], [112.78988, -7.4385], [112.78994000000012, -7.43855], [112.7899900000001, -7.43862], [112.79005, -7.43868], [112.7901, -7.43874], [112.79016, -7.4388], [112.79022, -7.43887], [112.79027, -7.43891], [112.79033, -7.43895], [112.79042, -7.439], [112.7905, -7.43905], [112.79059, -7.43909], [112.79065, -7.43913], [112.7907, -7.43916], [112.79076, -7.43919], [112.79083, -7.43923], [112.7908900000001, -7.43926], [112.79096, -7.43929], [112.79103, -7.43932], [112.79111000000012, -7.43936], [112.79118, -7.43939], [112.79124, -7.43942], [112.7913, -7.43944], [112.79137, -7.43946], [112.7914300000001, -7.43949], [112.7915, -7.43951], [112.79158, -7.43953], [112.79158660000007, -7.439589599999977], [112.792079, -7.439624499999979], [112.7927489000001, -7.439550099999963], [112.79317930000002, -7.43945279999997], [112.7937296, -7.439402799999925], [112.79420790000006, -7.439305299999944], [112.79454250000003, -7.439184499999953], [112.795236, -7.439038399999959], [112.79552250000006, -7.43887], [112.79597560000002, -7.438462], [112.79616460000011, -7.437864], [112.79618590000007, -7.437218899999948], [112.79615990000002, -7.436717299999941], [112.79632620000007, -7.436406099999942], [112.79651700000011, -7.436238099999969], [112.79678010000009, -7.436189199999944], [112.79704390000006, -7.436331499999937], [112.79752220000012, -7.436234], [112.79771280000011, -7.436018199999978], [112.79816730000005, -7.435968599999967], [112.7989093000001, -7.435965599999975], [112.79917280000006, -7.436036199999933], [112.79955640000003, -7.436201899999958], [112.79972470000007, -7.436368399999935], [112.7998927000001, -7.436487199999931], [112.8003715000001, -7.436533], [112.80096960000003, -7.436458899999934], [112.80171020000012, -7.436145299999964], [112.8020692, -7.436143899999934], [112.80240490000006, -7.436285799999951], [112.8030288000001, -7.436689399999977], [112.80353330000003, -7.437141299999951], [112.80358310000008, -7.437618899999961], [112.80372960000011, -7.438335], [112.80375440000012, -7.438549899999941], [112.803875, -7.438764399999968], [112.80411580000009, -7.439121799999953], [112.80447570000001, -7.439335299999925], [112.80488420000006, -7.439739799999927], [112.80507640000008, -7.43993009999997], [112.80541240000002, -7.440143699999965], [112.80596390000005, -7.440404299999955], [112.80637130000002, -7.440522099999953], [112.80675540000004, -7.440807199999938], [112.807067, -7.440925299999947], [112.80716410000002, -7.441259399999979], [112.80757290000008, -7.441711599999962], [112.80771720000007, -7.441902199999959], [112.8081264000001, -7.44245], [112.80846770000005, -7.442787899999928], [112.8085, -7.4428], [112.80855, -7.44284], [112.80861, -7.44289], [112.80865, -7.44295], [112.80867, -7.44301], [112.80869, -7.44307], [112.8087, -7.44315], [112.8087, -7.44324], [112.80869, -7.44333], [112.80868, -7.44342], [112.80866, -7.44352], [112.80864, -7.44363], [112.80863000000011, -7.44371], [112.80862, -7.44377], [112.80861, -7.44386], [112.80861, -7.44394], [112.80861, -7.44403], [112.80862, -7.44409], [112.80864, -7.44415], [112.80865, -7.44423], [112.80867, -7.44431], [112.8087, -7.44441], [112.80872000000011, -7.44451], [112.80873, -7.44459], [112.80874, -7.44465], [112.80877, -7.44472], [112.80879, -7.44483], [112.8088, -7.44491], [112.80883, -7.44499], [112.80884, -7.44507], [112.80887, -7.44515], [112.80889, -7.44523], [112.80890000000011, -7.44529], [112.80893, -7.44536], [112.80896, -7.44547], [112.80898, -7.44556], [112.809, -7.44562], [112.80902, -7.44568], [112.80904, -7.44575], [112.80906, -7.44582], [112.80908000000011, -7.44589], [112.80911, -7.44597], [112.80913, -7.44605], [112.80915, -7.44613], [112.80918, -7.4462], [112.8092, -7.44628], [112.80922, -7.44635], [112.80924, -7.44641], [112.80926000000011, -7.44647], [112.80929, -7.44655], [112.80932, -7.44663], [112.80934, -7.4467], [112.80937, -7.44676], [112.80939, -7.44684], [112.80942, -7.44691], [112.80947, -7.447], [112.80951, -7.44708], [112.80955, -7.44714], [112.80958, -7.44719], [112.80964, -7.44726], [112.80969, -7.44732], [112.80974, -7.44738], [112.80979, -7.44744], [112.80986, -7.44749], [112.80992, -7.44755], [112.81, -7.44759], [112.81008, -7.44763], [112.81015, -7.44767], [112.81022, -7.4477], [112.8103, -7.44774], [112.81036, -7.44777], [112.81042, -7.44779], [112.81049, -7.44783], [112.81057, -7.44786], [112.81063, -7.4479], [112.81071, -7.44794], [112.81079000000011, -7.44798], [112.81087, -7.44804], [112.81093, -7.4481], [112.81097000000011, -7.44816], [112.81102, -7.44822], [112.81106000000011, -7.44831], [112.8111, -7.44838], [112.81113, -7.44843], [112.81116, -7.44849], [112.81119, -7.44856], [112.81123, -7.44863], [112.81127, -7.44871], [112.81131, -7.44878], [112.81135, -7.44886], [112.81139, -7.44894], [112.81142000000011, -7.44901], [112.81146, -7.44907], [112.81149, -7.44914], [112.81152, -7.4492], [112.81155, -7.44925], [112.81158, -7.44931], [112.81161, -7.44936], [112.81164, -7.44942], [112.81167, -7.44947], [112.8117, -7.44953], [112.8117400000001, -7.44959], [112.81177, -7.44965], [112.81181, -7.44972], [112.81184, -7.44978], [112.81188, -7.44985], [112.8119200000001, -7.44991], [112.81195, -7.44997], [112.81198, -7.45004], [112.81202, -7.4501], [112.81205000000011, -7.45016], [112.81208, -7.45023], [112.81211, -7.45029], [112.81214000000011, -7.45035], [112.81217, -7.45041], [112.8122, -7.45047], [112.81223000000011, -7.45053], [112.81226, -7.45059], [112.81229, -7.45065], [112.81233, -7.45073], [112.8123700000001, -7.45082], [112.8124, -7.45088], [112.81242, -7.45094], [112.81244, -7.451], [112.81247, -7.45105], [112.81249, -7.45111], [112.81251, -7.45117], [112.81253, -7.45123], [112.8125500000001, -7.45129], [112.81257, -7.45135], [112.81259000000011, -7.45142], [112.81261, -7.45148], [112.81263, -7.45154], [112.81265, -7.45161], [112.81266, -7.45167], [112.81268000000011, -7.45174], [112.8127, -7.4518], [112.81272, -7.45186], [112.8127300000001, -7.45192], [112.81276, -7.452], [112.81278, -7.45211], [112.81281, -7.4522], [112.81283, -7.45227], [112.81286000000011, -7.45235], [112.81289, -7.45243], [112.81293, -7.4525], [112.81299, -7.45258], [112.81304000000011, -7.45264], [112.8131, -7.4527], [112.81316, -7.45278], [112.8132, -7.45284], [112.81326, -7.45291], [112.81332, -7.45298], [112.81337, -7.45303], [112.81342, -7.45309], [112.81347, -7.45314], [112.81352, -7.4532], [112.81357, -7.45325], [112.81362, -7.4533], [112.81367000000012, -7.45335], [112.8137200000001, -7.4534], [112.81378, -7.45347], [112.81384, -7.45354], [112.8139000000001, -7.45359], [112.81396, -7.45365], [112.81403000000012, -7.45371], [112.81409, -7.45377], [112.81414, -7.45381], [112.81419, -7.45385], [112.81424, -7.45389], [112.81429, -7.45393], [112.81434, -7.45397], [112.81439000000012, -7.45401], [112.8144400000001, -7.45404], [112.81449, -7.45408], [112.81454, -7.45411], [112.81459, -7.45414], [112.81466000000012, -7.45419], [112.81473, -7.45424], [112.81478, -7.45427], [112.81483, -7.4543], [112.81488, -7.45433], [112.81494, -7.45436], [112.81499, -7.45439], [112.81505, -7.45443], [112.8151, -7.45446], [112.8151600000001, -7.45449], [112.81522, -7.45453], [112.81527, -7.45456], [112.81533, -7.45459], [112.81538, -7.45463], [112.8154300000001, -7.45466], [112.81549, -7.45469], [112.81554, -7.45472], [112.81559, -7.45476], [112.81564, -7.45479], [112.81571, -7.45484], [112.81578, -7.45489], [112.81583, -7.45492], [112.8159, -7.45497], [112.8159700000001, -7.45502], [112.81602, -7.45506], [112.81607, -7.45509], [112.81613, -7.45513], [112.81618, -7.45517], [112.8162400000001, -7.45521], [112.8163, -7.45525], [112.81636, -7.45529], [112.81642000000011, -7.45533], [112.81648, -7.45537], [112.81655, -7.45542], [112.81661, -7.45546], [112.81668, -7.4555], [112.81674, -7.45555], [112.81681, -7.4556], [112.81687000000011, -7.45564], [112.81693, -7.45569], [112.81699, -7.45573], [112.81705000000011, -7.45577], [112.81711, -7.45582], [112.81716, -7.45586], [112.81721, -7.45589], [112.81726, -7.45593], [112.81732000000011, -7.45598], [112.81738, -7.45603], [112.81744, -7.45607], [112.81749, -7.45613], [112.81754, -7.45618], [112.81758, -7.45623], [112.81761, -7.45628], [112.81766, -7.45636], [112.8177, -7.45645], [112.81772, -7.45651], [112.81775, -7.45657], [112.81778, -7.45665], [112.81781, -7.45675], [112.81782, -7.45683], [112.81784, -7.45689], [112.81785, -7.45695], [112.81787, -7.45701], [112.81788, -7.45708], [112.8179, -7.45715], [112.81791, -7.45721], [112.81793, -7.45729], [112.81794, -7.45736], [112.81796, -7.45743], [112.81797, -7.4575], [112.81798, -7.45757], [112.81799, -7.45764], [112.81801, -7.45771], [112.81802, -7.45778], [112.81803, -7.45785], [112.81804000000011, -7.45792], [112.81805, -7.458], [112.81806, -7.45807], [112.81807, -7.45815], [112.81808, -7.45823], [112.81809, -7.45831], [112.8181, -7.4584], [112.8181, -7.45848], [112.81811, -7.45857], [112.81812, -7.45866], [112.81813000000011, -7.45875], [112.81814, -7.45885], [112.81815, -7.45894], [112.81816, -7.45903], [112.81816, -7.45912], [112.81817, -7.45921], [112.81818, -7.4593], [112.81819, -7.45938], [112.81819, -7.45945], [112.8182, -7.45952], [112.81821, -7.45959], [112.81822000000011, -7.45965], [112.81823, -7.45973], [112.81825, -7.45984], [112.81826, -7.45993], [112.81827, -7.45999], [112.81828, -7.46005], [112.81829, -7.46011], [112.81831000000011, -7.46017], [112.81832, -7.46024], [112.81834, -7.46031], [112.81835, -7.46038], [112.81837, -7.46046], [112.81839, -7.46054], [112.81841, -7.46062], [112.81843, -7.4607], [112.81845, -7.46079], [112.81847, -7.46088], [112.81849000000011, -7.46097], [112.81851, -7.46106], [112.81853, -7.46114], [112.81855, -7.46123], [112.81857, -7.46131], [112.81858000000011, -7.46139], [112.8186, -7.46147], [112.81862, -7.46154], [112.81864, -7.46161], [112.81865, -7.46167], [112.81868, -7.46176], [112.8187, -7.46186], [112.81872, -7.46196], [112.81874, -7.46205], [112.81875, -7.46214], [112.81875, -7.46221], [112.81875, -7.46228], [112.81875, -7.46238], [112.81875, -7.46249], [112.81874, -7.46258], [112.81873, -7.46264], [112.81872, -7.4627], [112.81871, -7.46276], [112.81871, -7.46282], [112.8187, -7.46288], [112.81869, -7.46296], [112.81867000000011, -7.46307], [112.81864, -7.46317], [112.81862, -7.46324], [112.8186, -7.46331], [112.81857, -7.4634], [112.81853, -7.46349], [112.81849000000011, -7.46359], [112.81845, -7.46366], [112.81842, -7.46371], [112.81838, -7.46378], [112.81834, -7.46386], [112.8183, -7.46391], [112.81827, -7.46397], [112.81824, -7.46402], [112.8182, -7.46407], [112.81817, -7.46413], [112.81813000000011, -7.46418], [112.81809, -7.46424], [112.81805, -7.4643], [112.81801, -7.46435], [112.81797, -7.46441], [112.81793, -7.46447], [112.81789, -7.46453], [112.81785, -7.46459], [112.81782, -7.46464], [112.81778, -7.4647], [112.81774, -7.46476], [112.81771, -7.46481], [112.81768000000011, -7.46487], [112.81764, -7.46493], [112.81761, -7.46498], [112.81758, -7.46504], [112.81754, -7.46512], [112.81750000000011, -7.46521], [112.81748, -7.46527], [112.81745, -7.46532], [112.81743, -7.46538], [112.81741000000011, -7.46544], [112.81738, -7.4655], [112.81736, -7.46556], [112.81734, -7.46563], [112.81732000000011, -7.46569], [112.8173, -7.46576], [112.81728, -7.46582], [112.81726, -7.46588], [112.81724, -7.46594], [112.81723000000011, -7.466], [112.81722, -7.46608], [112.8172, -7.46616], [112.81719, -7.46623], [112.81718, -7.46632], [112.81719, -7.46641], [112.81719, -7.4665], [112.8172, -7.46659], [112.81721, -7.46667], [112.81722, -7.46674], [112.81723000000011, -7.46682], [112.81724, -7.46689], [112.81726, -7.46698], [112.81727, -7.46708], [112.81729, -7.46717], [112.81731, -7.46727], [112.81732000000011, -7.46735], [112.81734, -7.46741], [112.81736, -7.46747], [112.81738, -7.46754], [112.81741000000011, -7.46761], [112.81744, -7.46769], [112.81747, -7.46778], [112.81751, -7.46788], [112.81755, -7.46798], [112.81759000000011, -7.46808], [112.81764, -7.46819], [112.81769, -7.4683], [112.81773, -7.46841], [112.81778, -7.46852], [112.81782, -7.46863], [112.81787, -7.46873], [112.81791, -7.46883], [112.81795000000011, -7.46892], [112.81799, -7.46901], [112.81802, -7.4691], [112.81806, -7.46919], [112.81808, -7.46927], [112.81811, -7.46935], [112.81813000000011, -7.46942], [112.81815, -7.46949], [112.81816, -7.46957], [112.81818, -7.46964], [112.81819, -7.4697], [112.81819, -7.46977], [112.8182, -7.46984], [112.8182, -7.46991], [112.81821, -7.46998], [112.81821, -7.47005], [112.81821, -7.47013], [112.81821, -7.4702], [112.81822000000011, -7.47028], [112.81822000000011, -7.47036], [112.81823, -7.47045], [112.81824, -7.47054], [112.81825, -7.47064], [112.81826, -7.47073], [112.81827, -7.47083], [112.81829, -7.47093], [112.81831000000011, -7.47103], [112.81833, -7.47113], [112.81835, -7.47123], [112.81837, -7.47132], [112.81839, -7.47141], [112.81841, -7.47151], [112.81844, -7.4716], [112.81846, -7.4717], [112.81849000000011, -7.47181], [112.81852, -7.47192], [112.81856, -7.47204], [112.81859, -7.47217], [112.81863, -7.47232], [112.81867000000011, -7.4725], [112.81871, -7.47272], [112.81877, -7.47327], [112.81949, -7.47319], [112.81976, -7.47318], [112.81993000000011, -7.47322], [112.82008, -7.47329], [112.82027, -7.47343], [112.82053, -7.47347], [112.82093, -7.47356], [112.82112, -7.47357], [112.82177, -7.47342], [112.82201, -7.47336], [112.8222300000001, -7.47335], [112.82247, -7.47341], [112.82269, -7.47346], [112.8233, -7.47347], [112.82384, -7.47345], [112.82413, -7.47341], [112.82491, -7.47327], [112.82514, -7.47325], [112.82547000000011, -7.47331], [112.82605, -7.47354], [112.8263, -7.47362], [112.82742, -7.47396], [112.8276, -7.47399], [112.82781000000011, -7.474], [112.82805, -7.47408], [112.82895280000002, -7.474523], [112.83035390000009, -7.476029899999958], [112.83121050000011, -7.478385499999945], [112.83206710000002, -7.480884], [112.83399450000002, -7.483382399999925], [112.83535070000005, -7.48431039999997], [112.8369212, -7.484239], [112.83913410000002, -7.483311], [112.84006210000007, -7.482383], [112.84065690000011, -7.479837], [112.840538, -7.477814399999943], [112.83887240000001, -7.467820699999947], [112.83827750000012, -7.458778799999948], [112.83776000000012, -7.444513899999947], [112.837522, -7.442705499999931], [112.83761720000007, -7.440564], [112.8373792000001, -7.43937429999994], [112.83728410000003, -7.438422499999945], [112.836475, -7.437232699999981], [112.8365702000001, -7.434900899999946], [112.83609430000001, -7.43133169999993], [112.835666, -7.429237799999953], [112.83571360000008, -7.428143199999965], [112.83528530000001, -7.427239], [112.83480940000004, -7.426525199999958], [112.83461910000005, -7.425811299999964], [112.8350474, -7.42547819999993], [112.83561840000004, -7.424383699999964], [112.83599920000006, -7.423241499999961], [112.83618950000005, -7.421718699999929], [112.83614190000003, -7.420814499999949], [112.83585640000001, -7.419862699999953], [112.83642750000001, -7.414532699999938], [112.83666540000002, -7.410202099999935], [112.83628470000008, -7.408869599999946], [112.83623710000006, -7.408060499999976], [112.83595160000004, -7.406490099999928], [112.83561840000004, -7.405585899999949], [112.83476180000002, -7.405728699999941], [112.83322790000011, -7.404698199999928], [112.83374090000007, -7.403949699999941], [112.83393220000005, -7.403534799999932], [112.83435390000011, -7.402858899999956], [112.83468980000009, -7.401263599999936], [112.83506000000011, -7.398647399999959], [112.8353624, -7.395944699999973], [112.83567490000007, -7.393367199999943], [112.83578790000001, -7.392673299999956], [112.8362763, -7.390644099999975], [112.83666710000011, -7.388335899999959], [112.83651380000003, -7.386246699999958], [112.8363763000001, -7.385650099999964], [112.8362105000001, -7.385227099999952], [112.835803, -7.384660499999939], [112.83471070000007, -7.38412569999997], [112.83327310000004, -7.383518799999933], [112.83396460000006, -7.383270699999969], [112.8349214000001, -7.382445099999927], [112.83601110000006, -7.380557599999975], [112.83668890000001, -7.378603399999974], [112.83715640000003, -7.375554399999942], [112.83731870000008, -7.373328399999934], [112.83704150000005, -7.372509399999956], [112.83577250000008, -7.372278899999969], [112.83544940000002, -7.372236899999962]]] 
      }
    },
    {
      "type": "Feature",
      "properties": {
        "district_id": "3515140",
        "province": "Jawa Timur",
        "regency": "Sidoarjo",
        "district": "Waru",
        "pria": 96869,
        "wanita": 98892,
        "total_penduduk": 195761
      },
      "geometry": {
        "type": "Polygon",
        "coordinates": [[[112.75356820000002, -7.34213909999994], [112.75346370000011, -7.34223019999996], [112.75332630000003, -7.342267299999946], [112.7526855000001, -7.342348399999935], [112.75249410000004, -7.342359399999964], [112.7524108, -7.342364199999963], [112.751831, -7.342346499999962], [112.75171650000004, -7.342343199999959], [112.75160420000009, -7.342342499999972], [112.75132750000012, -7.342340799999931], [112.75049580000007, -7.342322599999932], [112.7501373, -7.342271199999971], [112.74999990000003, -7.34226689999997], [112.7499084000001, -7.342264], [112.74945060000005, -7.34223019999996], [112.7491073000001, -7.342202], [112.74905390000004, -7.342199799999946], [112.74891650000006, -7.342193899999927], [112.74857320000001, -7.342296399999952], [112.74806210000008, -7.342395099999976], [112.74782560000006, -7.342369899999937], [112.74748980000004, -7.342242599999963], [112.7471872000001, -7.34214309999993], [112.7470168000001, -7.342087099999958], [112.74646980000011, -7.341931099999954], [112.7464599000001, -7.34192829999995], [112.74568250000004, -7.341733699999963], [112.74529260000008, -7.341636], [112.74477380000008, -7.341477699999928], [112.7446718000001, -7.341446599999927], [112.74432370000011, -7.341340399999979], [112.74425530000008, -7.341322099999957], [112.74410240000009, -7.341281199999969], [112.7438049000001, -7.341202099999975], [112.7434310000001, -7.341065199999946], [112.74313110000003, -7.340879199999961], [112.74312580000003, -7.340875899999958], [112.74302670000009, -7.340814899999941], [112.74296760000004, -7.34084809999996], [112.742958, -7.34085349999998], [112.74288170000011, -7.340953699999943], [112.74285670000006, -7.341035], [112.74282830000004, -7.34112719999996], [112.7427666000001, -7.341410499999938], [112.74273690000007, -7.34154719999998], [112.74273670000002, -7.341547799999944], [112.74264490000007, -7.342000699999971], [112.74256340000011, -7.342402599999957], [112.74256130000003, -7.342413299999976], [112.7424962, -7.34276559999995], [112.74242390000006, -7.343157499999961], [112.74239340000008, -7.343322599999965], [112.7423248, -7.343713599999944], [112.74229420000006, -7.343860399999926], [112.7421035000001, -7.344669199999942], [112.74204250000003, -7.34497529999993], [112.7419814000001, -7.345201799999927], [112.74188970000012, -7.345220899999958], [112.741867, -7.345225599999935], [112.74161520000007, -7.345219399999962], [112.74112690000004, -7.345178], [112.7408683000001, -7.345162], [112.74060810000003, -7.345146], [112.74042870000005, -7.345135399999947], [112.74017330000004, -7.345120299999962], [112.7397155000001, -7.345090199999959], [112.73893730000009, -7.345042499999977], [112.73786210000003, -7.344956299999978], [112.73777760000007, -7.34494959999995], [112.73776950000001, -7.344948899999963], [112.7377517000001, -7.344947499999932], [112.73771660000011, -7.344944599999963], [112.737564, -7.344932399999948], [112.73718250000002, -7.344800299999974], [112.73696890000008, -7.344782699999939], [112.73677060000011, -7.344796499999973], [112.7366561, -7.344856599999957], [112.73652640000012, -7.344977699999959], [112.73644250000007, -7.345166499999948], [112.736408, -7.345347], [112.7363815000001, -7.345486], [112.73637540000004, -7.345571299999961], [112.73634140000001, -7.346048799999949], [112.73633570000004, -7.346129699999949], [112.73632040000007, -7.346185], [112.73631960000012, -7.34618949999998], [112.73631280000006, -7.346227499999941], [112.73623650000002, -7.346255099999951], [112.73607630000004, -7.346259399999951], [112.73583910000002, -7.346268], [112.73526760000004, -7.346288499999957], [112.73472010000012, -7.346376], [112.73387140000011, -7.346511699999951], [112.73342890000004, -7.346590299999946], [112.73339070000009, -7.346821099999943], [112.73329920000003, -7.347316599999942], [112.7331924, -7.347996599999931], [112.73315420000006, -7.348126699999966], [112.7330703, -7.348140099999966], [112.73292890000005, -7.348141099999964], [112.7312621000001, -7.348153], [112.72959890000004, -7.348231599999963], [112.72955320000005, -7.348233499999935], [112.72943110000006, -7.348233499999935], [112.72935880000011, -7.348234], [112.7293472, -7.348234], [112.72907250000003, -7.34827219999994], [112.7290316000001, -7.348278], [112.72893570000008, -7.348291599999925], [112.72879020000005, -7.348312199999953], [112.72829430000002, -7.348362299999962], [112.72771450000005, -7.348426599999925], [112.72745510000004, -7.34845619999993], [112.7271899000001, -7.34844389999995], [112.72718930000008, -7.34844389999995], [112.72717680000005, -7.348378699999955], [112.72584690000008, -7.348293399999932], [112.72581120000007, -7.348281399999962], [112.72559760000001, -7.348209599999961], [112.72551070000009, -7.348145099999954], [112.72536530000002, -7.348037099999942], [112.72530260000008, -7.34799049999998], [112.72525690000009, -7.347894599999961], [112.724891, -7.347599099999968], [112.72489070000006, -7.347598799999957], [112.724891, -7.347598399999981], [112.72489280000002, -7.347589599999935], [112.72487740000008, -7.347587799999928], [112.72479460000011, -7.347532499999943], [112.7246556, -7.347439599999973], [112.72448870000005, -7.347191799999962], [112.72446990000003, -7.346990099999971], [112.72446560000003, -7.34694339999993], [112.72441020000008, -7.346927], [112.72423870000011, -7.346911099999943], [112.724215, -7.346508099999937], [112.72420710000006, -7.345895199999973], [112.72395570000003, -7.345734399999969], [112.72350250000011, -7.345560399999954], [112.7234578, -7.345543299999974], [112.72345760000007, -7.345543], [112.72343440000009, -7.345534099999952], [112.72317120000002, -7.345456599999977], [112.723091, -7.34543309999998], [112.7226257000001, -7.345295699999951], [112.72174830000006, -7.345033], [112.72121420000008, -7.344885599999941], [112.72000880000007, -7.344554699999946], [112.71979520000002, -7.344510899999932], [112.71972650000009, -7.34449989999996], [112.71970360000012, -7.344425499999943], [112.71974950000003, -7.344182299999943], [112.719818, -7.343819399999973], [112.71995540000012, -7.343329799999935], [112.71996090000005, -7.343301799999949], [112.71996180000008, -7.343299899999977], [112.720026, -7.343075399999975], [112.7198423000001, -7.342963899999972], [112.719499, -7.342864899999938], [112.71791270000006, -7.342416399999934], [112.7172144000001, -7.34223609999998], [112.7170824000001, -7.342198], [112.71690440000009, -7.342146599999978], [112.716075, -7.341907], [112.7156963000001, -7.341831699999943], [112.7156801000001, -7.341827499999965], [112.71547950000001, -7.341775799999937], [112.71546490000003, -7.341772], [112.71542250000005, -7.341761099999928], [112.71536480000009, -7.341746199999932], [112.71533560000012, -7.341738699999951], [112.7153353000001, -7.341738599999928], [112.71530490000009, -7.341746799999953], [112.7151828000001, -7.341779599999938], [112.71514380000008, -7.34179], [112.71513450000009, -7.34179249999994], [112.71513340000001, -7.341800399999954], [112.715123, -7.341881099999966], [112.715248, -7.342104899999981], [112.71524870000007, -7.342112199999974], [112.71526580000011, -7.342289099999959], [112.715259, -7.342511699999932], [112.71524320000003, -7.342582], [112.715072, -7.342780699999935], [112.71481570000003, -7.343153399999949], [112.71471470000006, -7.343347599999959], [112.71465930000011, -7.34345419999994], [112.71450220000008, -7.343554799999936], [112.71445940000001, -7.343612199999939], [112.71463150000011, -7.343668699999967], [112.71463160000008, -7.34368749999993], [112.7146318, -7.343754499999932], [112.71454620000009, -7.343840599999965], [112.714547, -7.343846099999951], [112.71464910000009, -7.344540699999925], [112.71463620000009, -7.344559], [112.71456990000001, -7.34465229999995], [112.7144846000001, -7.344772499999976], [112.71436430000006, -7.344942099999969], [112.71425310000006, -7.345213299999955], [112.71425370000009, -7.345213299999955], [112.71428340000011, -7.34521449999994], [112.71430930000008, -7.345949299999972], [112.71426010000005, -7.345998699999939], [112.71423780000009, -7.346034], [112.71416890000012, -7.346140099999957], [112.714169, -7.346166], [112.71413210000003, -7.346197599999925], [112.71416140000008, -7.346389199999976], [112.71416990000012, -7.34638949999993], [112.71417010000005, -7.346442699999955], [112.71417010000005, -7.346452899999974], [112.71417980000001, -7.346461599999941], [112.714196, -7.346637699999974], [112.71417080000003, -7.346811399999979], [112.71406490000004, -7.346920299999965], [112.7140700000001, -7.346925799999951], [112.71406790000003, -7.346932099999947], [112.71392380000009, -7.347364099999936], [112.71386740000003, -7.347545599999933], [112.713778, -7.347924199999966], [112.71371340000007, -7.347971099999938], [112.71371010000007, -7.347971099999938], [112.71370950000005, -7.347971199999961], [112.71370590000004, -7.347993299999928], [112.71353990000011, -7.34810479999993], [112.7135363000001, -7.348118599999964], [112.71344150000004, -7.348199799999975], [112.71342630000004, -7.348212799999942], [112.71341280000001, -7.348224399999935], [112.71321730000011, -7.348838799999953], [112.71320420000006, -7.348854499999959], [112.71312010000008, -7.348955], [112.71291150000002, -7.348943299999974], [112.71278490000009, -7.348936199999969], [112.71277420000001, -7.348935599999947], [112.712756, -7.34893569999997], [112.71275550000007, -7.34893569999997], [112.71257770000011, -7.349480399999948], [112.71255520000011, -7.349557799999957], [112.71254930000009, -7.349578], [112.71277870000006, -7.349742099999958], [112.71277670000006, -7.349761299999955], [112.712746, -7.350059399999964], [112.71273370000006, -7.350152499999979], [112.71251810000001, -7.350275899999929], [112.71242770000003, -7.350334099999941], [112.7124133000001, -7.350369299999954], [112.71226850000005, -7.350446199999965], [112.71220910000011, -7.350484399999971], [112.7120407000001, -7.350573599999962], [112.71201630000007, -7.350586499999963], [112.71200250000004, -7.350593799999956], [112.71197060000009, -7.350610699999947], [112.71196710000004, -7.350612499999954], [112.71198650000008, -7.35065069999996], [112.7119871000001, -7.350651899999946], [112.71200570000008, -7.350688699999978], [112.712007, -7.350691199999972], [112.71200460000011, -7.350692399999957], [112.71199630000001, -7.350696599999935], [112.71190960000001, -7.350739899999951], [112.71175, -7.3507], [112.71141510000007, -7.350616299999956], [112.71135, -7.3506], [112.71057, -7.35044], [112.710431, -7.350399299999935], [112.70999, -7.35027], [112.70989770000006, -7.350237099999958], [112.70988860000011, -7.350233899999978], [112.70986570000002, -7.350350399999968], [112.70986690000007, -7.350660799999957], [112.70986770000002, -7.350889], [112.7098380000001, -7.351134], [112.70982, -7.35117], [112.70979000000011, -7.35133], [112.7095945000001, -7.352293799999927], [112.7095, -7.35276], [112.709397, -7.353215899999952], [112.70920490000003, -7.353921299999968], [112.70923320000009, -7.353940399999942], [112.70927830000005, -7.353970899999979], [112.70930030000011, -7.353985699999953], [112.709786, -7.354313599999955], [112.70994870000004, -7.354423399999973], [112.70982730000003, -7.356001499999934], [112.70978810000008, -7.356511199999943], [112.70980650000001, -7.356671399999925], [112.70981050000012, -7.356706], [112.70999610000001, -7.357039799999939], [112.71006630000011, -7.358033599999942], [112.709828, -7.358055199999967], [112.70957350000003, -7.358078199999966], [112.7095723000001, -7.358084], [112.70954890000007, -7.358195199999955], [112.70949440000004, -7.358919299999968], [112.709395, -7.358925899999974], [112.70939270000008, -7.35893649999997], [112.70936870000003, -7.358927599999959], [112.7091405000001, -7.358942699999943], [112.70895790000009, -7.359795399999939], [112.70875120000005, -7.360760499999969], [112.70874170000002, -7.360804799999926], [112.70873680000011, -7.360827499999971], [112.70967, -7.36074], [112.7100766000001, -7.360720299999969], [112.71091, -7.36068], [112.71094130000006, -7.36067479999997], [112.711069, -7.360653699999943], [112.71126560000005, -7.361787499999934], [112.71127310000008, -7.361832499999934], [112.71161340000003, -7.363888699999961], [112.71223880000002, -7.36345289999997], [112.7124172, -7.363567], [112.71245190000002, -7.363545099999953], [112.712464, -7.363554699999952], [112.71274690000007, -7.36377779999998], [112.71335880000004, -7.364169], [112.7133659000001, -7.364266], [112.7134218000001, -7.364310099999955], [112.71346070000004, -7.364422099999956], [112.713564, -7.364719599999944], [112.71371440000007, -7.365152599999931], [112.71385870000006, -7.365567899999974], [112.71396040000002, -7.365860899999973], [112.7142242000001, -7.36595269999998], [112.71432320000008, -7.365987099999927], [112.71549410000011, -7.365727299999946], [112.71582450000005, -7.365726099999961], [112.71585870000001, -7.365728799999943], [112.71587320000003, -7.365746399999978], [112.7159104000001, -7.365791499999943], [112.71591150000006, -7.366087599999958], [112.71594190000008, -7.366490599999963], [112.71591220000005, -7.36679879999997], [112.71585870000001, -7.367354599999942], [112.715899, -7.367382499999962], [112.71601410000005, -7.367462099999955], [112.71613180000008, -7.367543499999954], [112.71614790000001, -7.367555099999947], [112.71614810000005, -7.367608699999948], [112.71634030000007, -7.367632699999945], [112.71643130000007, -7.36764409999995], [112.71746340000004, -7.367773], [112.7186987, -7.367927299999963], [112.71871050000004, -7.36801509999998], [112.71876450000002, -7.368416299999978], [112.71956180000006, -7.368556], [112.719596, -7.368562], [112.71979950000002, -7.36853949999994], [112.71989150000002, -7.368529299999977], [112.72019240000009, -7.368495899999971], [112.72130140000002, -7.368746899999962], [112.72136710000007, -7.36878059999998], [112.7224543000001, -7.369338099999936], [112.72309830000006, -7.369569099999978], [112.7231584000001, -7.369590599999981], [112.7237249000001, -7.370028899999966], [112.72382870000001, -7.370109299999967], [112.72386170000004, -7.370123699999965], [112.72391920000007, -7.370135499999947], [112.72460810000007, -7.370276499999932], [112.72515890000011, -7.370389099999954], [112.725271, -7.370412099999953], [112.72548290000009, -7.370113499999945], [112.72586650000005, -7.370112], [112.7260242000001, -7.369515799999931], [112.72609000000011, -7.36945], [112.7261400000001, -7.36935], [112.7262300000001, -7.36916], [112.7264100000001, -7.36876], [112.72657, -7.36846], [112.7268600000001, -7.36799], [112.72708000000011, -7.36767], [112.72715, -7.36755], [112.7272, -7.36745], [112.72727, -7.36738], [112.72766, -7.36743], [112.72918, -7.36765], [112.729279, -7.367664099999956], [112.72932, -7.36767], [112.72944, -7.36769], [112.7299200000001, -7.36774], [112.73089, -7.36788], [112.73124710000002, -7.367926], [112.73190000000011, -7.36801], [112.73267, -7.36811], [112.73349, -7.36819], [112.73362880000002, -7.368212199999959], [112.73374, -7.36823], [112.7341100000001, -7.36726], [112.73443, -7.36731], [112.73469000000011, -7.36735], [112.7350100000001, -7.36739], [112.73518970000009, -7.36741], [112.73518990000002, -7.367447199999958], [112.73520970000004, -7.367457], [112.73523460000001, -7.367481599999962], [112.73524450000002, -7.367486499999927], [112.73527940000008, -7.367495099999928], [112.73527940000008, -7.367495699999949], [112.7352800000001, -7.367495599999927], [112.73572350000006, -7.367484899999965], [112.73573490000001, -7.367484599999955], [112.73585380000009, -7.367479199999934], [112.73594790000004, -7.367478799999958], [112.7360222000001, -7.36747859999997], [112.7362204000001, -7.367507499999931], [112.73634920000006, -7.367516799999976], [112.73635640000009, -7.367516399999943], [112.73650270000007, -7.367506399999968], [112.73656690000007, -7.367456699999934], [112.73659940000005, -7.367438799999945], [112.73659940000005, -7.367438099999958], [112.73722640000005, -7.367416299999945], [112.73745940000003, -7.367408099999977], [112.73748540000008, -7.367406], [112.7375770000001, -7.367348899999968], [112.7376114000001, -7.367294399999935], [112.73773930000004, -7.367066399999942], [112.73782480000011, -7.366925299999934], [112.7379165000001, -7.366774], [112.73794580000003, -7.366665099999977], [112.73800480000011, -7.366546199999959], [112.73805890000006, -7.366461899999933], [112.73815760000002, -7.366367499999967], [112.73825130000012, -7.366243599999962], [112.73834510000006, -7.366159099999948], [112.73843170000009, -7.366076799999973], [112.73843390000002, -7.366074699999956], [112.73849310000003, -7.366020099999957], [112.73856740000008, -7.365940799999976], [112.73858990000008, -7.365921199999946], [112.73863870000002, -7.365878599999974], [112.73865840000008, -7.365863699999977], [112.73868310000012, -7.365848799999981], [112.73870780000004, -7.365833799999962], [112.73873130000004, -7.365830399999936], [112.73874250000006, -7.365828799999974], [112.73874660000001, -7.365827399999944], [112.7390094000001, -7.365808099999981], [112.73908940000001, -7.36573809999993], [112.73912130000008, -7.365642599999944], [112.73912560000008, -7.365633199999934], [112.73913, -7.36562], [112.73913, -7.36554], [112.73915000000011, -7.3652], [112.73916, -7.36497], [112.73916, -7.36481], [112.73921, -7.36477], [112.73921640000003, -7.36472219999996], [112.73923, -7.36462], [112.73921, -7.36442], [112.73921810000002, -7.364347299999963], [112.73923230000003, -7.364218899999969], [112.73927750000007, -7.363812099999961], [112.73929, -7.3637], [112.73961, -7.3638], [112.74011, -7.36382], [112.74048, -7.3639], [112.74066, -7.36398], [112.74096, -7.36429], [112.7411, -7.36444], [112.74119, -7.36451], [112.74149000000011, -7.36453], [112.74177, -7.36449], [112.74195, -7.36445], [112.74209, -7.36446], [112.74239000000011, -7.36462], [112.74264, -7.36475], [112.74292, -7.36481], [112.74332, -7.36483], [112.74354, -7.36482], [112.74355690000004, -7.364818], [112.74371, -7.3648], [112.74416, -7.36494], [112.74427, -7.36496], [112.74443, -7.36499], [112.74471, -7.36498], [112.74493, -7.36496], [112.74522, -7.36495], [112.74529, -7.36497], [112.74535, -7.36498], [112.74549, -7.36507], [112.74550710000005, -7.365048099999967], [112.74605950000011, -7.364341399999944], [112.74615160000008, -7.36422349999998], [112.74616050000009, -7.36421219999994], [112.74616630000003, -7.364204699999959], [112.747304, -7.364310099999955], [112.74731180000003, -7.364310899999964], [112.7476521000001, -7.363590199999976], [112.74767910000003, -7.363533099999927], [112.74937330000012, -7.363776299999927], [112.74973020000004, -7.363814799999943], [112.75098190000006, -7.363901699999928], [112.75105340000005, -7.363499699999977], [112.75105860000008, -7.36350079999994], [112.75108190000003, -7.363505699999962], [112.75115, -7.36352], [112.75151, -7.3636], [112.7523900000001, -7.3637], [112.752513, -7.36371859999997], [112.75325, -7.36383], [112.75375, -7.3639], [112.75381920000007, -7.363909699999965], [112.7543343000001, -7.363982199999953], [112.75439, -7.36399], [112.75479, -7.364066199999968], [112.75481, -7.36407], [112.75584, -7.36423], [112.75597720000007, -7.364247899999953], [112.75619470000004, -7.364276299999972], [112.7563, -7.36429], [112.75669, -7.36435], [112.75684, -7.36437], [112.75714, -7.36441], [112.75765, -7.36448], [112.7581116, -7.364548399999933], [112.75818, -7.364235299999962], [112.75819130000002, -7.364183799999978], [112.758479, -7.364237299999957], [112.75855720000004, -7.363969199999929], [112.75888180000004, -7.363992799999949], [112.75943290000009, -7.364066], [112.76011240000003, -7.364161199999955], [112.7609503000001, -7.364248299999929], [112.76153920000002, -7.364313799999934], [112.76167420000002, -7.364348199999938], [112.76167010000006, -7.364368399999933], [112.76149830000008, -7.365208399999972], [112.761552, -7.365223599999979], [112.76161, -7.36524], [112.7617537000001, -7.365286], [112.76186, -7.36532], [112.76223, -7.36544], [112.76256, -7.36557], [112.7626398000001, -7.365584499999954], [112.76267, -7.36559], [112.76286, -7.36567], [112.76316, -7.3658], [112.76356, -7.36594], [112.76381790000005, -7.366028399999948], [112.76382920000003, -7.366032299999972], [112.76391, -7.36606], [112.76414000000011, -7.36614], [112.76436, -7.36626], [112.76466360000006, -7.366398], [112.76467090000006, -7.36640129999995], [112.76468120000004, -7.366406], [112.76461330000006, -7.366860599999939], [112.764523, -7.367465599999946], [112.76556120000009, -7.367463599999951], [112.7669959000001, -7.367460899999969], [112.76699840000003, -7.367449399999941], [112.76712690000011, -7.366847], [112.767135, -7.366809], [112.76726170000006, -7.366593299999977], [112.7673774000001, -7.366625599999963], [112.76811570000007, -7.366831399999967], [112.76870870000005, -7.366996799999981], [112.76881460000004, -7.367021499999964], [112.76901920000012, -7.367069299999969], [112.76920730000006, -7.367112499999962], [112.76929370000005, -7.367125699999974], [112.76973170000008, -7.367199199999959], [112.77031250000005, -7.367291499999965], [112.77031250000005, -7.367291299999977], [112.77031420000003, -7.367285899999956], [112.7703596, -7.367140399999926], [112.77043270000001, -7.366939199999933], [112.77045520000001, -7.366877199999976], [112.77053770000009, -7.366656199999966], [112.7705552000001, -7.366607899999963], [112.77070010000011, -7.366202199999975], [112.77087160000008, -7.36573], [112.77105520000009, -7.365223199999946], [112.771063, -7.365221799999972], [112.77163, -7.36512], [112.77172, -7.36511], [112.7719949000001, -7.365044499999954], [112.77235, -7.36496], [112.77275, -7.36489], [112.77356, -7.36472], [112.77416, -7.36463], [112.77444, -7.36458], [112.77471710000009, -7.364519499999972], [112.77499000000012, -7.36446], [112.77572, -7.36435], [112.77605170000004, -7.364333], [112.77611, -7.36433], [112.77651, -7.36431], [112.77672, -7.36432], [112.777, -7.36441], [112.77739, -7.3646], [112.77764, -7.36473], [112.77816, -7.36509], [112.77841, -7.36526], [112.77858, -7.36531], [112.77883, -7.36536], [112.77896, -7.36542], [112.77902, -7.36549], [112.77917, -7.36566], [112.77938, -7.36593], [112.77946, -7.366], [112.77985, -7.36595], [112.78014, -7.36594], [112.78032, -7.3659], [112.78047, -7.36587], [112.78095990000008, -7.36587], [112.78097, -7.36587], [112.7811200000001, -7.36583], [112.78142, -7.36575], [112.7817500000001, -7.36572], [112.78198, -7.36573], [112.78212, -7.36578], [112.78237, -7.36587], [112.7825600000001, -7.36593], [112.782638, -7.365957299999934], [112.78276, -7.366], [112.78291, -7.36602], [112.78329, -7.366], [112.78354590000004, -7.365957399999957], [112.78359000000012, -7.36595], [112.78376, -7.36593], [112.7841347000001, -7.366069399999958], [112.78419, -7.36609], [112.7843600000001, -7.36613], [112.78462, -7.36611], [112.78474, -7.36614], [112.78492, -7.36617], [112.78521, -7.36616], [112.78534420000005, -7.366201], [112.78557, -7.36627], [112.78573, -7.3663], [112.7859, -7.36624], [112.78601, -7.36621], [112.78612, -7.36622], [112.78629, -7.36632], [112.78661000000011, -7.3665], [112.78673, -7.36638], [112.78682, -7.36629], [112.78695, -7.36624], [112.7871, -7.36627], [112.7874, -7.36639], [112.78756, -7.36649], [112.78771, -7.36666], [112.78778000000011, -7.3667], [112.7879, -7.3666], [112.788, -7.36651], [112.78812, -7.36646], [112.78852, -7.36648], [112.78881, -7.36656], [112.78907, -7.36669], [112.78932, -7.3669], [112.78944, -7.36709], [112.78948, -7.36716], [112.78957, -7.36719], [112.78982, -7.36706], [112.78992, -7.36702], [112.79054, -7.36725], [112.79092, -7.36744], [112.79108, -7.36753], [112.79122, -7.36761], [112.7915200000001, -7.36772], [112.79326, -7.36825], [112.79349, -7.36835], [112.79409, -7.36821], [112.79415, -7.36819], [112.79422000000011, -7.36817], [112.7943, -7.36814], [112.79434650000007, -7.368126699999948], [112.79442130000007, -7.368094299999939], [112.79443, -7.36809], [112.7945, -7.36806], [112.79450530000008, -7.368058], [112.79459220000001, -7.368020399999978], [112.79462110000009, -7.368007099999943], [112.79467000000011, -7.36798], [112.79476000000011, -7.36794], [112.79485000000011, -7.36788], [112.79494000000011, -7.36783], [112.79501, -7.36778], [112.7951, -7.36771], [112.79518, -7.36764], [112.79524, -7.36759], [112.79530000000011, -7.36754], [112.79535, -7.3675], [112.79541, -7.36745], [112.79548000000011, -7.36739], [112.79556, -7.36732], [112.7955601000001, -7.367319899999927], [112.79563980000012, -7.367235899999969], [112.79571830000009, -7.367191699999978], [112.79572, -7.36719], [112.79579, -7.36715], [112.79585, -7.3671], [112.79591, -7.36706], [112.7959800000001, -7.36701], [112.79605, -7.36695], [112.79612, -7.3669], [112.79618, -7.36687], [112.7962500000001, -7.36682], [112.79633, -7.36676], [112.79641, -7.36671], [112.79647000000011, -7.36667], [112.79654, -7.36662], [112.7966100000001, -7.36658], [112.79666, -7.36655], [112.79673, -7.36651], [112.7967900000001, -7.36647], [112.79686, -7.36642], [112.79693, -7.36638], [112.79698, -7.36635], [112.79704, -7.36631], [112.79709, -7.36628], [112.7971500000001, -7.36624], [112.79723, -7.36619], [112.7973, -7.36614], [112.79738, -7.36608], [112.79745, -7.36604], [112.7975100000001, -7.366], [112.79757, -7.36596], [112.79763, -7.36592], [112.7976900000001, -7.36588], [112.79774, -7.36585], [112.7978, -7.36581], [112.7978700000001, -7.36577], [112.79794, -7.36572], [112.79802, -7.36567], [112.79803230000005, -7.365663899999959], [112.79818300000011, -7.365562599999976], [112.79846430000009, -7.365408], [112.7986178000001, -7.365343399999972], [112.79863910000006, -7.36533929999996], [112.79864, -7.36534], [112.7987, -7.36534], [112.79876, -7.36533], [112.79883, -7.36532], [112.79889, -7.36532], [112.79896, -7.36531], [112.79902, -7.36531], [112.7991, -7.36531], [112.79917000000012, -7.36531], [112.79923, -7.3653], [112.79929, -7.3653], [112.79937, -7.3653], [112.79945, -7.3653], [112.79949370000008, -7.365296], [112.79964280000002, -7.365300899999966], [112.79980130000001, -7.36528], [112.79988, -7.36528], [112.79997, -7.36527], [112.80005, -7.36525], [112.80006860000003, -7.365244699999948], [112.8001422000001, -7.365235], [112.80020160000004, -7.365205], [112.80026, -7.36518], [112.80032570000003, -7.365142399999968], [112.80039870000007, -7.365105699999958], [112.80047, -7.36507], [112.80047180000008, -7.36506879999996], [112.800577, -7.365015699999958], [112.80072470000005, -7.364893299999949], [112.80073, -7.36489], [112.80075330000011, -7.364869599999963], [112.80083280000008, -7.364803699999925], [112.80088, -7.36477], [112.80095, -7.36472], [112.80101, -7.36467], [112.80106, -7.36463], [112.80111000000011, -7.36459], [112.80111390000002, -7.364586899999949], [112.8013946000001, -7.36439839999997], [112.8015610000001, -7.364346599999976], [112.80193760000009, -7.36432], [112.80195, -7.36432], [112.80201000000011, -7.36433], [112.80208, -7.36433], [112.80215, -7.36433], [112.80223, -7.36434], [112.80233, -7.36435], [112.80241, -7.36436], [112.8025, -7.36436], [112.80257, -7.36437], [112.80264000000011, -7.36438], [112.80271, -7.36439], [112.8028, -7.3644], [112.80286, -7.36441], [112.80293, -7.36442], [112.80300000000011, -7.36443], [112.80307, -7.36444], [112.80313, -7.36445], [112.8032, -7.36446], [112.80326, -7.36447], [112.80332, -7.36448], [112.8034, -7.36449], [112.80346, -7.3645], [112.80352, -7.36451], [112.8036, -7.36452], [112.80367, -7.36453], [112.80376, -7.36454], [112.80387, -7.36455], [112.80398, -7.36457], [112.80406, -7.36459], [112.80412, -7.3646], [112.80423, -7.36461], [112.80432, -7.36463], [112.80442, -7.36464], [112.8045, -7.36466], [112.8046, -7.36467], [112.8047, -7.36468], [112.80477, -7.3647], [112.80483, -7.36471], [112.8049, -7.36472], [112.805, -7.36473], [112.80508, -7.36474], [112.80515, -7.36475], [112.80522, -7.36476], [112.80528, -7.36476], [112.80536, -7.36477], [112.80542, -7.36478], [112.80549, -7.36479], [112.80555, -7.3648], [112.80562, -7.3648], [112.80572, -7.36481], [112.80582, -7.36482], [112.8059, -7.36483], [112.80593370000008, -7.364834199999962], [112.805957, -7.364837099999932], [112.80598, -7.36484], [112.80608, -7.36485], [112.80616, -7.36488], [112.80624000000012, -7.36491], [112.80634, -7.36495], [112.80642000000012, -7.36499], [112.80648, -7.36501], [112.80655, -7.36505], [112.80662, -7.36508], [112.8067, -7.36512], [112.80677, -7.36515], [112.80685, -7.36519], [112.8069200000001, -7.36523], [112.80699, -7.36526], [112.80704, -7.36529], [112.80712, -7.36534], [112.80718, -7.36537], [112.80724, -7.36541], [112.80731, -7.36544], [112.80736, -7.36548], [112.80741, -7.36551], [112.80747, -7.36554], [112.80752, -7.36558], [112.80757, -7.36561], [112.80763, -7.36564], [112.80763580000007, -7.365644799999927], [112.80769, -7.36569], [112.80776, -7.36573], [112.8078200000001, -7.36577], [112.80788, -7.3658], [112.80794, -7.36585], [112.80801, -7.36589], [112.8080900000001, -7.36594], [112.80815, -7.36598], [112.80821, -7.36601], [112.80826, -7.36604], [112.80832, -7.36608], [112.8084, -7.36612], [112.80849, -7.36617], [112.80858, -7.36621], [112.80865, -7.36625], [112.80872000000011, -7.36628], [112.80882, -7.36631], [112.80891, -7.36634], [112.80899000000011, -7.36634], [112.80907, -7.36635], [112.80915, -7.36635], [112.80922, -7.36635], [112.8093, -7.36635], [112.80936, -7.36634], [112.80942, -7.36633], [112.80949, -7.36632], [112.80958, -7.36631], [112.80968, -7.36629], [112.80968610000002, -7.366289299999949], [112.80977, -7.36628], [112.80985, -7.36626], [112.80992, -7.36624], [112.81, -7.36621], [112.81009, -7.36619], [112.81015, -7.36616], [112.81021, -7.36615], [112.81027, -7.36612], [112.81033, -7.3661], [112.81042, -7.36607], [112.81049, -7.36604], [112.81058, -7.366], [112.81066, -7.36596], [112.81073, -7.36593], [112.81079000000011, -7.3659], [112.81087, -7.36586], [112.81094, -7.36582], [112.81099, -7.36579], [112.81104, -7.36576], [112.81111, -7.36572], [112.81118, -7.36567], [112.811228, -7.365638], [112.81123080000009, -7.365649099999928], [112.81125380000003, -7.365619699999968], [112.81128850000005, -7.365593599999954], [112.81132, -7.36557], [112.81139, -7.36553], [112.81144, -7.3655], [112.81149, -7.36546], [112.81155, -7.36542], [112.81160050000005, -7.365386299999955], [112.81196110000008, -7.365182499999946], [112.81259450000005, -7.364757199999929], [112.81267, -7.36471], [112.812748, -7.364680799999974], [112.8134318000001, -7.364488899999969], [112.8146478000001, -7.364148199999931], [112.81495780000012, -7.363968299999954], [112.8149800000001, -7.36396], [112.81506, -7.36391], [112.8150644000001, -7.363906399999962], [112.81517510000003, -7.363842299999931], [112.81529970000008, -7.363700299999948], [112.81536, -7.36364], [112.8154300000001, -7.36356], [112.8155, -7.36349], [112.81555, -7.36343], [112.8156, -7.36336], [112.81560480000007, -7.363352799999973], [112.81578090000005, -7.363152199999945], [112.81580430000008, -7.362967], [112.81581, -7.36295], [112.81584, -7.36286], [112.81585, -7.3628], [112.81586, -7.36273], [112.81587, -7.36266], [112.8158800000001, -7.36257], [112.8158800000001, -7.36249], [112.81587390000004, -7.362417], [112.815874, -7.36241629999995], [112.81587380000008, -7.36241549999994], [112.81587, -7.36237], [112.81585, -7.36229], [112.81583, -7.36222], [112.8158, -7.36215], [112.81578, -7.36208], [112.8157791000001, -7.362078199999928], [112.81574400000011, -7.361953099999937], [112.81568780000009, -7.361873599999967], [112.81568, -7.36186], [112.81564, -7.3618], [112.81559, -7.36172], [112.81554, -7.36165], [112.81551, -7.3616], [112.81548040000007, -7.361562899999967], [112.81483340000011, -7.360573599999952], [112.8147222, -7.360307], [112.81472020000001, -7.360296], [112.81471840000006, -7.359870499999943], [112.814864, -7.359353899999974], [112.81487, -7.35934], [112.8149, -7.35928], [112.81494, -7.35921], [112.81494070000008, -7.359208299999977], [112.8151964000001, -7.358803599999931], [112.81524, -7.35876], [112.81529, -7.35872], [112.81535, -7.35867], [112.81535570000005, -7.35866429999993], [112.81557840000005, -7.358485], [112.81562, -7.35846], [112.81567, -7.35843], [112.81572, -7.35839], [112.81577, -7.35836], [112.815779, -7.358354], [112.81628100000012, -7.358121299999937], [112.816806, -7.357844], [112.81686, -7.35782], [112.81692, -7.3578], [112.81703, -7.35777], [112.81711, -7.35774], [112.81719, -7.35772], [112.81727, -7.3577], [112.81735, -7.3577], [112.81743, -7.35769], [112.81751, -7.35769], [112.81759000000011, -7.35769], [112.81766, -7.35769], [112.81773, -7.35771], [112.8178, -7.35771], [112.81786000000011, -7.35773], [112.81793, -7.35775], [112.818, -7.35777], [112.81807270000002, -7.357797299999959], [112.81818080000005, -7.357845399999974], [112.81821, -7.35786], [112.81822000000011, -7.35786289999993], [112.81836380000004, -7.357926899999939], [112.81839, -7.35794], [112.81845, -7.35797], [112.81851, -7.358], [112.81858000000011, -7.35803], [112.81865, -7.35807], [112.8187, -7.35811], [112.818727, -7.358128], [112.82055570000011, -7.359725699999956], [112.82056000000011, -7.35973], [112.82059260000005, -7.359757899999977], [112.82063490000007, -7.35979489999994], [112.8207000000001, -7.35986], [112.82077, -7.35992], [112.82085, -7.35999], [112.82091, -7.36005], [112.8209700000001, -7.3601], [112.82103, -7.36016], [112.82108, -7.36021], [112.8211500000001, -7.36026], [112.82122, -7.36033], [112.82124270000008, -7.360350099999948], [112.8217701000001, -7.360897299999976], [112.82209210000008, -7.361044099999958], [112.82212, -7.36106], [112.82219, -7.36109], [112.82224, -7.36112], [112.82231, -7.36115], [112.82238, -7.36118], [112.82244, -7.36121], [112.82251, -7.36122], [112.8226, -7.36124], [112.82269, -7.36127], [112.82279, -7.36127], [112.82289, -7.36128], [112.82297, -7.36128], [112.82303250000007, -7.36128], [112.82330130000003, -7.361298799999929], [112.82374870000001, -7.361041099999966], [112.82382970000003, -7.360948199999939], [112.82384, -7.36094], [112.82391, -7.36088], [112.82398, -7.36082], [112.82405, -7.36075], [112.82413, -7.36068], [112.82418, -7.36062], [112.82424, -7.36055], [112.82430000000011, -7.36048], [112.82433, -7.36043], [112.82438, -7.36037], [112.82442, -7.36031], [112.82445, -7.36026], [112.82448000000011, -7.36021], [112.82451, -7.36016], [112.82454, -7.3601], [112.82458, -7.36002], [112.82462, -7.35992], [112.82466000000011, -7.35982], [112.82469, -7.35974], [112.82472, -7.35966], [112.82474, -7.35956], [112.82477, -7.35947], [112.82479, -7.35941], [112.8248, -7.35935], [112.82483, -7.35927], [112.82485, -7.35919], [112.82487, -7.35912], [112.82488, -7.35906], [112.8249, -7.35898], [112.82491, -7.35891], [112.82493000000011, -7.35885], [112.82495, -7.35877], [112.82496, -7.3587], [112.82498, -7.35862], [112.825, -7.35854], [112.82502000000011, -7.35847], [112.82504, -7.35837], [112.82507, -7.35827], [112.82509, -7.3582], [112.82511000000011, -7.35812], [112.82512, -7.35804], [112.82515, -7.35795], [112.82518, -7.35786], [112.82520000000011, -7.35776], [112.82523, -7.35766], [112.82525, -7.35759], [112.82528, -7.35752], [112.8253, -7.35742], [112.82533, -7.35731], [112.82536, -7.35722], [112.82538000000011, -7.35716], [112.8254, -7.35709], [112.82542, -7.35702], [112.82544, -7.35695], [112.82548, -7.35683], [112.82552, -7.35675], [112.82554, -7.35669], [112.82556000000011, -7.35662], [112.8256, -7.35654], [112.82563, -7.35647], [112.82566, -7.35641], [112.82569, -7.35633], [112.82573, -7.35625], [112.82573980000006, -7.356230399999959], [112.8257923000001, -7.356127799999967], [112.82583000000011, -7.35606], [112.82586, -7.356], [112.82589, -7.35594], [112.82592000000011, -7.35588], [112.82595, -7.35583], [112.82598, -7.35578], [112.82602, -7.35571], [112.82607, -7.35562], [112.82610000000011, -7.35556], [112.82613, -7.35551], [112.82616, -7.35545], [112.82619000000011, -7.3554], [112.82623, -7.35534], [112.82628000000011, -7.35526], [112.82633, -7.35517], [112.82637000000011, -7.35511], [112.82641, -7.35503], [112.82647, -7.35494], [112.82652, -7.35486], [112.82656, -7.35478], [112.82661, -7.3547], [112.82665, -7.35463], [112.82669, -7.35456], [112.82673000000011, -7.35448], [112.82676, -7.35443], [112.82679, -7.35437], [112.82682000000011, -7.35431], [112.82686, -7.35423], [112.82689, -7.35417], [112.82692, -7.35411], [112.82696, -7.35404], [112.82700000000011, -7.35394], [112.82704, -7.35385], [112.82707, -7.35379], [112.82712, -7.35368], [112.82715, -7.3536], [112.82718000000011, -7.35353], [112.82721, -7.35345], [112.82724, -7.35336], [112.82728, -7.35327], [112.8273, -7.3532], [112.82734, -7.35312], [112.82737, -7.35303], [112.82738610000001, -7.352957499999945], [112.8274391000001, -7.352831099999946], [112.82749120000005, -7.352565299999981], [112.82751, -7.35249], [112.82753, -7.35241], [112.82754000000011, -7.35232], [112.82756, -7.35222], [112.82758, -7.35213], [112.8276, -7.35206], [112.8276, -7.351989399999979], [112.82760220000011, -7.351966699999934], [112.82761, -7.35192], [112.82761, -7.351886799999932], [112.82761630000005, -7.351822199999958], [112.82762, -7.3518], [112.82762, -7.351784299999963], [112.82764970000005, -7.351479099999949], [112.82756780000011, -7.351015699999948], [112.82745280000006, -7.350312599999938], [112.82737470000006, -7.350128899999959], [112.82736000000011, -7.35007], [112.82733, -7.35002], [112.8273200000001, -7.34996], [112.82731, -7.34988], [112.82729, -7.34981], [112.82726, -7.34973], [112.8272300000001, -7.34964], [112.8272, -7.34955], [112.82717, -7.34946], [112.82714, -7.34935], [112.82712, -7.34926], [112.8271, -7.3492], [112.82708, -7.34913], [112.82706, -7.34905], [112.82704, -7.34897], [112.82701, -7.3489], [112.82700000000011, -7.34883], [112.82698, -7.34875], [112.82696, -7.34866], [112.82694, -7.34858], [112.82692, -7.34851], [112.82691000000011, -7.34844], [112.82689, -7.34834], [112.82687, -7.34824], [112.82685, -7.34816], [112.82684, -7.34809], [112.82683, -7.34803], [112.82682000000011, -7.34796], [112.82681, -7.34788], [112.8268, -7.3478], [112.82679040000005, -7.347732699999938], [112.82679, -7.347727499999962], [112.82679, -7.34765], [112.82678, -7.34757], [112.82678, -7.34751], [112.82678, -7.34743], [112.82678, -7.34732], [112.82678, -7.34724], [112.82678, -7.34717], [112.82678, -7.3471], [112.82678, -7.34701], [112.82679, -7.34694], [112.82679, -7.34687], [112.82679, -7.346838799999944], [112.82679, -7.3468], [112.82684, -7.34605], [112.82679570000005, -7.346048799999949], [112.82688580000001, -7.345897499999978], [112.826884, -7.345455], [112.82710140000006, -7.34444], [112.82759570000007, -7.343387099999973], [112.82687560000011, -7.343408499999953], [112.82663120000007, -7.343308599999943], [112.8263392, -7.343189399999972], [112.82604390000006, -7.343245899999943], [112.82592000000011, -7.343285499999979], [112.82592000000011, -7.343214299999943], [112.82568350000008, -7.343300199999931], [112.825592, -7.343328299999939], [112.825508, -7.343353599999944], [112.82542410000008, -7.343376], [112.82534780000003, -7.343396], [112.82528680000007, -7.343413199999929], [112.82522570000003, -7.343427], [112.82518, -7.343438399999968], [112.82512660000009, -7.343447499999968], [112.82508080000002, -7.343454599999973], [112.825035, -7.343460399999969], [112.82497400000011, -7.343465099999946], [112.824913, -7.343469], [112.824829, -7.343472799999972], [112.82473750000008, -7.343476099999975], [112.82463070000006, -7.343479399999978], [112.82450860000006, -7.343482799999947], [112.82438650000006, -7.343485199999975], [112.82424920000005, -7.343486599999949], [112.82410420000008, -7.343487499999981], [112.82395930000007, -7.343487099999948], [112.8238143000001, -7.343485199999975], [112.82366170000012, -7.34348179999995], [112.8235168000001, -7.343477099999973], [112.82337940000002, -7.343471299999976], [112.82323450000001, -7.343464199999971], [112.8230972, -7.343457], [112.8229675, -7.343448899999942], [112.82283780000012, -7.343440399999963], [112.822708, -7.343432299999961], [112.8225936, -7.34342369999996], [112.82247920000009, -7.343415599999958], [112.8223723000001, -7.343407499999955], [112.82226550000007, -7.343399399999953], [112.82216640000001, -7.343391199999928], [112.82207480000011, -7.343382599999927], [112.82198320000009, -7.343374099999949], [112.82189170000004, -7.343365], [112.8218078000001, -7.343355499999973], [112.82172380000009, -7.343345899999974], [112.82163990000004, -7.343336399999941], [112.82157130000007, -7.343326899999965], [112.82150260000003, -7.343317799999966], [112.8214339000001, -7.343309699999963], [112.82138050000003, -7.343302499999936], [112.82132710000008, -7.343296299999963], [112.821289, -7.34329159999993], [112.82125080000003, -7.343288199999961], [112.82122030000005, -7.343286299999932], [112.82118980000007, -7.343284899999958], [112.82115930000009, -7.343285399999957], [112.82112110000003, -7.343286299999932], [112.821083, -7.343288199999961], [112.82103720000009, -7.343291099999931], [112.82098380000002, -7.343294899999933], [112.82092280000006, -7.343299699999932], [112.82086170000002, -7.343304899999964], [112.82078540000009, -7.343310599999938], [112.82071680000001, -7.343316399999935], [112.82064050000008, -7.343323099999964], [112.82056420000004, -7.34332969999997], [112.8204879000001, -7.343336399999941], [112.82041920000006, -7.34334309999997], [112.8203506000001, -7.343349699999976], [112.82028190000005, -7.343355899999949], [112.8202209000001, -7.343361699999946], [112.82015980000006, -7.343366899999978], [112.8201064000001, -7.343371699999977], [112.82006060000003, -7.343376], [112.82001490000005, -7.343378799999925], [112.8199767000001, -7.343380699999955], [112.81993860000011, -7.343382199999951], [112.819908, -7.343382199999951], [112.81987750000008, -7.343381199999953], [112.8198241, -7.343376899999953], [112.81977830000005, -7.343369299999949], [112.81975550000004, -7.343364], [112.819725, -7.343357899999944], [112.81970210000009, -7.343351199999972], [112.81967150000003, -7.34334309999997], [112.81964870000002, -7.343334], [112.8196249, -7.343326199999979], [112.8191395, -7.34348069999993], [112.8190045, -7.343523599999969], [112.81875790000004, -7.343519799999967], [112.818756, -7.34353619999996], [112.818756, -7.343544099999974], [112.81868530000008, -7.343537899999944], [112.81849590000002, -7.34360479999998], [112.81837770000004, -7.343653299999971], [112.8180771000001, -7.343779], [112.817801, -7.343907899999977], [112.81752190000009, -7.344018299999959], [112.8174361, -7.344061699999941], [112.817398, -7.344066], [112.81736750000005, -7.344073599999945], [112.8173293000001, -7.344084099999975], [112.81729120000011, -7.344098799999927], [112.817253, -7.344118899999955], [112.81723010000007, -7.344131299999958], [112.8172072000001, -7.344146099999932], [112.81719690000011, -7.344152099999974], [112.8171767, -7.344163699999967], [112.81714620000002, -7.344183699999974], [112.81710810000004, -7.344207099999949], [112.81706230000009, -7.344233799999927], [112.81701650000002, -7.344262899999933], [112.81696310000007, -7.344294399999967], [112.81690970000011, -7.344326799999976], [112.81685630000004, -7.344359699999927], [112.81680290000008, -7.344392599999935], [112.81674950000001, -7.344424499999946], [112.81670370000006, -7.344454599999949], [112.8166503000001, -7.344482699999958], [112.81660450000004, -7.344508499999961], [112.81655870000009, -7.344532299999969], [112.8165130000001, -7.344554199999948], [112.81647480000004, -7.344575199999952], [112.816429, -7.344594799999925], [112.8163909000001, -7.344613399999957], [112.81635280000012, -7.344631499999934], [112.816307, -7.34464909999997], [112.81626890000007, -7.344666299999972], [112.81622310000012, -7.344683], [112.81618490000005, -7.344698699999981], [112.81614680000007, -7.34471439999993], [112.81610100000012, -7.344729199999961], [112.81606280000005, -7.344743499999936], [112.81602470000007, -7.344756899999936], [112.8159865, -7.344769299999939], [112.81594080000002, -7.344781199999943], [112.81590260000007, -7.344792199999972], [112.81587210000009, -7.344803199999944], [112.81583400000011, -7.344813199999976], [112.81580340000005, -7.344822699999952], [112.81577290000007, -7.344832199999928], [112.81574240000009, -7.344841299999928], [112.81571950000011, -7.344849899999929], [112.81569660000002, -7.344859399999962], [112.81567370000005, -7.344868899999938], [112.81565090000004, -7.344880399999965], [112.81562040000006, -7.344893299999967], [112.81559750000008, -7.344908], [112.81556690000002, -7.344925699999976], [112.81552880000004, -7.34494669999998], [112.81549070000005, -7.344971], [112.8154449000001, -7.344998699999962], [112.81539150000003, -7.345028199999945], [112.81533800000011, -7.345059699999979], [112.81528460000004, -7.345092099999931], [112.81523120000008, -7.345125], [112.81517780000001, -7.345157899999947], [112.81512440000006, -7.34518989999998], [112.8150710000001, -7.345220899999958], [112.81502520000004, -7.345250399999941], [112.81497950000005, -7.345278599999972], [112.8149337000001, -7.345305799999949], [112.81489550000003, -7.345332], [112.81485740000005, -7.345357199999967], [112.81481930000007, -7.345381599999939], [112.8147811, -7.345404899999949], [112.81475060000002, -7.34542829999998], [112.81472010000005, -7.345451199999957], [112.81468960000007, -7.345474599999932], [112.814659, -7.345497899999941], [112.81462850000003, -7.345522699999947], [112.814598, -7.345548899999926], [112.81455990000006, -7.345577099999957], [112.81452930000012, -7.345607099999938], [112.81449120000002, -7.345639499999947], [112.81444540000007, -7.345674299999928], [112.81440730000008, -7.345710599999961], [112.81436150000002, -7.34574779999997], [112.81431570000007, -7.345785399999954], [112.81427760000008, -7.345822599999963], [112.81423180000002, -7.345859299999972], [112.81421910000006, -7.345869299999947], [112.81411060000005, -7.34587769999996], [112.81336350000004, -7.346138499999938], [112.8133544000001, -7.346136899999976], [112.8133269000001, -7.346130799999969], [112.81330470000012, -7.346156], [112.81293570000003, -7.346280399999955], [112.81282610000005, -7.346280899999954], [112.81281270000011, -7.346289], [112.81280980000008, -7.346290899999929], [112.81278980000002, -7.346281], [112.81268610000006, -7.346287899999936], [112.81237570000008, -7.346306399999946], [112.812355, -7.346301899999958], [112.81234210000002, -7.346298199999978], [112.81231680000008, -7.346290899999929], [112.81227870000009, -7.346282799999926], [112.81225580000012, -7.346277499999928], [112.81221760000005, -7.346274199999925], [112.81218710000007, -7.346277499999928], [112.8121642000001, -7.346283699999958], [112.81213370000012, -7.346294199999932], [112.81210320000002, -7.346310399999936], [112.81209790000003, -7.346314499999949], [112.8120848000001, -7.34632449999998], [112.81204630000002, -7.346316], [112.81202660000008, -7.346311599999979], [112.81092590000003, -7.346242], [112.81090540000002, -7.346231799999941], [112.81087490000004, -7.346221799999967], [112.81084440000006, -7.346213099999943], [112.81082150000009, -7.346206], [112.81079090000003, -7.346201699999938], [112.81075280000005, -7.346198899999933], [112.81071470000006, -7.346201699999938], [112.81069180000009, -7.346207], [112.81066120000003, -7.346216], [112.81062310000004, -7.346233199999972], [112.81062120000001, -7.346234], [112.810503, -7.34619669999995], [112.80983540000011, -7.346043699999939], [112.8087723000001, -7.345799899999975], [112.80864110000005, -7.34580509999995], [112.80863950000003, -7.345804], [112.80861660000005, -7.345791599999927], [112.8085784000001, -7.345774499999948], [112.80855550000001, -7.345768699999951], [112.808525, -7.345760599999949], [112.80849450000005, -7.345754499999941], [112.808464, -7.345748199999946], [112.8084258, -7.345743], [112.80838, -7.345738199999971], [112.80833430000007, -7.345735399999967], [112.80830370000001, -7.345734399999969], [112.80827320000003, -7.345733899999971], [112.80823510000005, -7.345733399999972], [112.8081969000001, -7.345733399999972], [112.80815120000011, -7.345733399999972], [112.80810540000004, -7.345733399999972], [112.808052, -7.345733899999971], [112.80799860000002, -7.345733899999971], [112.8079375000001, -7.345733899999971], [112.80787650000002, -7.345734399999969], [112.80781550000006, -7.345733899999971], [112.80774680000002, -7.345733899999971], [112.80767810000009, -7.345733399999972], [112.80760950000001, -7.34573249999994], [112.80753320000008, -7.345731599999965], [112.80746450000004, -7.345730099999969], [112.80739590000007, -7.34572819999994], [112.80732720000003, -7.345726299999967], [112.8072585000001, -7.345724399999938], [112.80719750000003, -7.345723], [112.8071804000001, -7.345722599999931], [112.8071364000001, -7.345721499999968], [112.807083, -7.345721099999935], [112.80703730000005, -7.345720599999936], [112.8069915000001, -7.345721099999935], [112.80695340000011, -7.345722499999965], [112.80692280000005, -7.345724399999938], [112.80689230000007, -7.345726799999966], [112.80686180000009, -7.34572959999997], [112.80682370000011, -7.345736799999941], [112.80679310000005, -7.345744899999943], [112.80676260000007, -7.345754], [112.8067397000001, -7.345764899999949], [112.80671690000008, -7.345784], [112.8066940000001, -7.34579969999993], [112.80667870000002, -7.345819799999958], [112.80665580000004, -7.345844599999964], [112.80664050000007, -7.345876], [112.80662810000001, -7.345908399999928], [112.80656770000007, -7.345920899999953], [112.80626270000005, -7.345983899999965], [112.80617440000003, -7.34600219999993], [112.8058205000001, -7.34600359999996], [112.8048387, -7.345755199999928], [112.80443460000004, -7.345717499999978], [112.80440940000005, -7.345711199999926], [112.804367, -7.34570059999993], [112.80411520000007, -7.345639], [112.8039169000001, -7.345591799999966], [112.80380240000011, -7.345566099999928], [112.80369560000008, -7.345546099999979], [112.80360410000003, -7.34553029999995], [112.80352770000002, -7.345518399999946], [112.80345910000005, -7.345510299999944], [112.803398, -7.345505099999968], [112.80335230000003, -7.345501699999943], [112.80330650000008, -7.34549979999997], [112.80326070000001, -7.34549839999994], [112.80323020000003, -7.34549839999994], [112.80319210000005, -7.34549839999994], [112.8031615000001, -7.345499299999972], [112.803131, -7.345500299999969], [112.80310050000003, -7.345501699999943], [112.80304710000007, -7.345505099999968], [112.8030013, -7.345508399999972], [112.80297080000003, -7.345510799999943], [112.80291740000007, -7.345516], [112.80288690000009, -7.345519799999977], [112.80284870000003, -7.345524099999977], [112.80281820000005, -7.345529399999975], [112.80278010000006, -7.345535599999948], [112.80274340000005, -7.345541299999979], [112.80273430000011, -7.345542699999953], [112.80269620000001, -7.345550399999979], [112.80265040000006, -7.345558499999981], [112.80260460000011, -7.345567], [112.80256650000001, -7.345575199999928], [112.80252070000006, -7.34558329999993], [112.8024971000001, -7.345588], [112.80248250000011, -7.345590899999934], [112.80244440000001, -7.345598], [112.80241390000003, -7.345604199999968], [112.80238330000009, -7.34561], [112.80235280000011, -7.345615199999941], [112.8023071, -7.345622399999968], [112.80226890000006, -7.34562619999997], [112.80223070000011, -7.345625699999971], [112.80220020000002, -7.345620899999972], [112.80216970000004, -7.345610399999941], [112.80214680000006, -7.345603299999937], [112.80212390000008, -7.345594699999936], [112.8020934000001, -7.345584199999962], [112.80206290000001, -7.345572299999958], [112.80202480000003, -7.345559399999956], [112.80198660000008, -7.345545099999981], [112.8019485000001, -7.345529399999975], [112.80190270000003, -7.345513199999971], [112.80185690000008, -7.34549549999997], [112.8018535000001, -7.345494199999962], [112.8018111, -7.345477899999935], [112.80176540000002, -7.345459299999959], [112.80171960000007, -7.345440199999928], [112.80167380000012, -7.345421599999952], [112.801628, -7.345403499999975], [112.80158990000007, -7.345386299999973], [112.8015517, -7.345370599999967], [112.80151360000002, -7.345356299999935], [112.80148310000004, -7.345343899999932], [112.8014525000001, -7.345333899999957], [112.80141440000011, -7.345319599999925], [112.80136860000005, -7.345310499999925], [112.80132290000006, -7.345303399999978], [112.80129240000008, -7.345299499999953], [112.80125420000002, -7.345295199999953], [112.80121610000003, -7.345291], [112.80117030000008, -7.345286199999975], [112.80112450000001, -7.345281899999975], [112.80107110000006, -7.345277599999974], [112.8010253000001, -7.345273799999973], [112.80097190000004, -7.345270899999946], [112.80092610000008, -7.345269], [112.80087270000001, -7.345268099999942], [112.80082690000006, -7.345268099999942], [112.80078880000008, -7.345269499999972], [112.800743, -7.345271399999945], [112.80070490000003, -7.345274299999971], [112.80066670000008, -7.345277599999974], [112.8006286000001, -7.345280899999977], [112.80059040000003, -7.345285199999978], [112.80055990000005, -7.345289499999978], [112.80052180000007, -7.345294299999978], [112.80049130000009, -7.3453], [112.80045310000003, -7.345306199999925], [112.800415, -7.345314299999927], [112.8003768000001, -7.34532379999996], [112.80033870000011, -7.345335299999931], [112.80030050000005, -7.345348599999966], [112.8002547000001, -7.345364399999937], [112.80020900000011, -7.345382], [112.80015550000007, -7.345400599999948], [112.80010980000009, -7.345419699999979], [112.80005640000002, -7.345438799999954], [112.80001060000006, -7.345456399999932], [112.79996480000011, -7.345473099999936], [112.79992670000001, -7.345487399999968], [112.79988090000006, -7.345499299999972], [112.79985040000008, -7.345508399999972], [112.79981220000002, -7.345515099999943], [112.79975880000006, -7.345523199999946], [112.7996902000001, -7.345525099999975], [112.799652, -7.345522199999948], [112.79961390000005, -7.345517399999949], [112.79958340000007, -7.345510299999944], [112.79955280000001, -7.345501699999943], [112.79952990000004, -7.345491199999969], [112.79949940000006, -7.345478799999967], [112.79947660000005, -7.345464], [112.79945370000007, -7.345446399999958], [112.7994308000001, -7.345425399999954], [112.7994079, -7.345400199999972], [112.799385, -7.34536959999997], [112.79936210000005, -7.34533289999996], [112.79934690000005, -7.345312399999955], [112.79933160000007, -7.34529], [112.7993163000001, -7.345267099999944], [112.7993011000001, -7.345243799999935], [112.7992858, -7.345220899999958], [112.79927060000011, -7.345198499999981], [112.79925530000003, -7.345177], [112.79924010000002, -7.345157399999948], [112.79920950000007, -7.34512449999994], [112.799179, -7.345097899999928], [112.79914850000011, -7.345074], [112.7991297000001, -7.345064599999944], [112.79912560000002, -7.345062599999949], [112.79910270000005, -7.345050599999979], [112.79907980000007, -7.345038699999975], [112.7990569000001, -7.345025899999939], [112.79902640000012, -7.345013399999971], [112.79900350000003, -7.345000599999935], [112.798973, -7.344988199999932], [112.79894250000007, -7.344976199999962], [112.79891960000009, -7.344965299999956], [112.79888910000011, -7.344955199999958], [112.79886620000002, -7.344946199999981], [112.79884330000004, -7.344938599999978], [112.79882040000007, -7.34493139999995], [112.79878230000008, -7.344920899999977], [112.79874410000002, -7.344913299999973], [112.79871360000004, -7.344908499999974], [112.79868310000006, -7.344906199999969], [112.79865260000008, -7.344908499999974], [112.79861440000002, -7.344917099999975], [112.79857630000004, -7.344927599999949], [112.79853810000009, -7.344942899999978], [112.7985000000001, -7.344964799999957], [112.79847710000001, -7.344978099999935], [112.79845420000004, -7.344993899999963], [112.79843130000006, -7.345011099999965], [112.79840840000008, -7.345029199999942], [112.79838550000011, -7.345048199999951], [112.79836260000002, -7.345067299999926], [112.7983398, -7.345086399999957], [112.79831690000003, -7.345105], [112.79827870000008, -7.345138799999972], [112.7982482000001, -7.345167499999945], [112.79822530000001, -7.34518989999998], [112.79820240000004, -7.345207], [112.79817960000003, -7.34521849999993], [112.79815670000005, -7.345225099999936], [112.7981185000001, -7.345229899999936], [112.798088, -7.345232299999964], [112.79805750000003, -7.345234699999935], [112.79801930000008, -7.345237599999962], [112.7979659, -7.345241399999964], [112.79790490000005, -7.34524609999994], [112.79784390000009, -7.34525089999994], [112.79777520000005, -7.345256599999971], [112.79770650000012, -7.345262799999944], [112.79763790000004, -7.345269499999972], [112.79756150000003, -7.345275699999945], [112.79755220000004, -7.345276599999977], [112.79749290000007, -7.345282399999974], [112.7974319000001, -7.345289499999978], [112.79737080000007, -7.345295699999951], [112.79730980000011, -7.34530239999998], [112.79730210000002, -7.345303399999978], [112.79725640000004, -7.345309099999952], [112.79721060000008, -7.345315299999982], [112.7971649000001, -7.345321499999955], [112.79712670000004, -7.345327699999928], [112.79708850000009, -7.345333399999959], [112.7970580000001, -7.345339099999933], [112.79703510000002, -7.34534489999993], [112.79701220000004, -7.345351], [112.79698940000003, -7.345357199999967], [112.79696650000005, -7.345363899999938], [112.7969283000001, -7.345380099999943], [112.7968902, -7.345401099999947], [112.796852, -7.345427799999925], [112.79682910000008, -7.345443099999954], [112.7968062000001, -7.345459299999959], [112.7967834000001, -7.345476899999937], [112.7967605, -7.34549549999997], [112.79673760000003, -7.345515099999943], [112.79671470000005, -7.345536], [112.79669940000008, -7.345557], [112.79667660000007, -7.345578499999931], [112.7966613000001, -7.3456], [112.7966384, -7.345620499999939], [112.79662320000011, -7.34564], [112.79660790000003, -7.34565809999998], [112.79657740000005, -7.345689099999959], [112.79654690000007, -7.345711499999936], [112.796524, -7.345727699999941], [112.79650110000011, -7.345739199999969], [112.79647820000002, -7.345747299999971], [112.79645970000001, -7.345752699999935], [112.79645530000005, -7.345754], [112.79642480000007, -7.345762599999944], [112.79639430000009, -7.345769699999948], [112.79635610000003, -7.345779199999981], [112.796318, -7.345789699999955], [112.7962874000001, -7.345800699999927], [112.79626460000009, -7.345805899999959], [112.7962341000001, -7.345816], [112.79621120000002, -7.345825], [112.79618830000004, -7.345834099999934], [112.79616540000006, -7.345852199999968], [112.79614250000009, -7.345881799999972], [112.79611960000011, -7.345916099999954], [112.79611200000011, -7.345939499999929], [112.79609670000002, -7.345968099999936], [112.79608150000001, -7.346002899999974], [112.79605860000004, -7.346043899999927], [112.79604330000006, -7.346089699999936], [112.79602040000009, -7.34613829999995], [112.79599760000008, -7.346188799999936], [112.7959823000001, -7.346238399999947], [112.79595940000002, -7.346286599999928], [112.79594410000004, -7.34633], [112.79592120000007, -7.34636809999995], [112.795906, -7.346399099999928], [112.79589840000006, -7.346423899999934], [112.79588660000002, -7.346438699999965], [112.79588310000008, -7.346443], [112.79586790000008, -7.346467299999972], [112.795845, -7.346484499999974], [112.7958221, -7.346495899999979], [112.79579920000003, -7.346505], [112.79577630000006, -7.346512599999926], [112.79574580000008, -7.346517399999925], [112.79568470000004, -7.346516899999926], [112.79565420000006, -7.346515], [112.79562370000008, -7.346512599999926], [112.7955856000001, -7.346508799999981], [112.79553980000003, -7.346504], [112.795494, -7.346498799999949], [112.7954406, -7.346493099999975], [112.79538720000005, -7.346486399999947], [112.7953338000001, -7.346479199999976], [112.79527270000006, -7.346471599999973], [112.7952117000001, -7.34646349999997], [112.79515070000002, -7.346455399999968], [112.79508970000006, -7.346447299999966], [112.79502860000002, -7.346439199999963], [112.79496760000006, -7.346431099999961], [112.79491420000011, -7.346423899999934], [112.79486070000007, -7.346417199999962], [112.79480740000008, -7.346411499999931], [112.79476160000002, -7.346406299999956], [112.79471580000006, -7.346402499999954], [112.79467770000008, -7.346399099999928], [112.79463190000001, -7.346396299999981], [112.79459370000006, -7.346393899999953], [112.79456320000008, -7.346392], [112.7945251000001, -7.34639059999995], [112.79447930000003, -7.346389099999953], [112.79444120000005, -7.34638769999998], [112.7943954000001, -7.346386299999949], [112.79434960000003, -7.346384799999953], [112.79430380000008, -7.346383899999978], [112.794258, -7.346383399999979], [112.79420460000006, -7.346383399999979], [112.79415890000007, -7.346383399999979], [112.79410540000003, -7.346384299999954], [112.79405210000004, -7.346385299999952], [112.7939986, -7.346387199999981], [112.79394520000005, -7.346389099999953], [112.7938918000001, -7.346391], [112.79383840000003, -7.346392499999979], [112.79379270000004, -7.346393899999953], [112.79374690000009, -7.346394399999951], [112.79370870000002, -7.346394399999951], [112.79367820000004, -7.346392899999955], [112.79364770000007, -7.346391], [112.79361720000009, -7.34638769999998], [112.793579, -7.346378199999947], [112.79355610000005, -7.346372], [112.79353320000007, -7.346364799999947], [112.79351040000006, -7.346356199999946], [112.79348750000008, -7.346347199999968], [112.79345690000002, -7.346336699999938], [112.79342640000004, -7.346324799999934], [112.79338830000006, -7.346310899999935], [112.79335010000011, -7.346295599999962], [112.79330440000001, -7.346278], [112.79325910000011, -7.346261099999936], [112.793251, -7.346258], [112.7931976000001, -7.346235599999943], [112.79312890000006, -7.346210299999939], [112.7930679000001, -7.346182599999963], [112.79299160000005, -7.346153099999981], [112.7929229, -7.346122599999944], [112.79284660000008, -7.346090599999968], [112.79277790000003, -7.346058699999958], [112.79271690000007, -7.346026699999925], [112.79264820000003, -7.345995199999948], [112.79259480000007, -7.345964199999969], [112.79254910000009, -7.345934199999931], [112.79250330000002, -7.345905099999925], [112.79246510000007, -7.345875599999943], [112.79241940000009, -7.345846499999936], [112.79238880000003, -7.345816899999932], [112.79235070000004, -7.34578689999995], [112.7923125000001, -7.345756299999948], [112.7922668000001, -7.345724399999938], [112.79222860000004, -7.345692], [112.79218280000009, -7.345659099999978], [112.7921371000001, -7.34562619999997], [112.79209130000004, -7.345593299999962], [112.79205310000009, -7.345560899999953], [112.7920074000001, -7.345528899999977], [112.79196920000004, -7.345497899999941], [112.79193110000006, -7.34546789999996], [112.79189290000011, -7.345439299999953], [112.79185480000001, -7.345411599999977], [112.79182430000003, -7.345385399999941], [112.79179370000008, -7.345359599999938], [112.79177090000007, -7.345335299999931], [112.7917404000001, -7.34531149999998], [112.7917175, -7.345288599999947], [112.79169460000003, -7.345266699999968], [112.79167170000005, -7.345244699999967], [112.79164880000008, -7.345223699999963], [112.7916259000001, -7.345202299999926], [112.791603, -7.34518079999998], [112.79158770000004, -7.345158399999946], [112.79156490000003, -7.345135499999969], [112.791542, -7.345111199999963], [112.79151910000007, -7.345085399999959], [112.7914886000001, -7.34505919999998], [112.79146570000012, -7.34503159999997], [112.79143520000002, -7.345003899999938], [112.79140460000008, -7.344975799999929], [112.7913741000001, -7.344947599999955], [112.7913436, -7.34492], [112.79131310000002, -7.344893299999967], [112.79128260000005, -7.344867099999931], [112.7912444000001, -7.344842299999925], [112.79121390000012, -7.344817899999953], [112.79117580000002, -7.344794599999943], [112.79113760000007, -7.344772199999966], [112.79109950000009, -7.344750199999964], [112.79106130000002, -7.344728799999928], [112.79101560000004, -7.344707799999981], [112.79097740000009, -7.344687299999975], [112.79093160000002, -7.34466679999997], [112.79087820000007, -7.344646299999965], [112.79083240000011, -7.344626299999959], [112.790779, -7.344605299999955], [112.79072560000009, -7.344584299999951], [112.79067220000002, -7.344562399999973], [112.79061880000006, -7.344539899999972], [112.7905654000001, -7.344516099999964], [112.79050440000003, -7.344491299999959], [112.79044340000007, -7.344466], [112.79038230000003, -7.344439299999976], [112.7903136000001, -7.344411699999966], [112.790245, -7.344383099999959], [112.7901763000001, -7.344353499999954], [112.79010760000006, -7.344323], [112.790039, -7.34429149999994], [112.78996270000005, -7.344259499999964], [112.78988640000011, -7.344227599999954], [112.78981780000004, -7.344197099999974], [112.78974910000011, -7.344167499999969], [112.78968040000007, -7.344139899999959], [112.7896194000001, -7.344115099999954], [112.789566, -7.344093099999952], [112.78951260000008, -7.344075], [112.78947440000002, -7.344060199999944], [112.78943620000007, -7.34404829999994], [112.78940570000009, -7.344038799999964], [112.78937520000011, -7.344030699999962], [112.78934470000002, -7.344024], [112.78931420000004, -7.344018299999959], [112.78929130000006, -7.344013], [112.78926080000008, -7.34400729999993], [112.7892303000001, -7.344001599999956], [112.78919970000004, -7.343995899999925], [112.78916930000003, -7.343990099999928], [112.78913110000008, -7.343984899999953], [112.7891006000001, -7.343979699999977], [112.78907010000012, -7.343975399999977], [112.78903190000005, -7.343971099999976], [112.78900140000007, -7.343967299999974], [112.78896320000001, -7.343964399999948], [112.78893270000003, -7.343962499999975], [112.78889460000005, -7.343962], [112.7888564000001, -7.343962499999975], [112.78881830000012, -7.343963899999949], [112.78878010000005, -7.343967299999974], [112.78873440000007, -7.343972], [112.78868860000011, -7.34397869999998], [112.78864280000005, -7.343987799999979], [112.78858940000009, -7.34399819999993], [112.788536, -7.344011099999932], [112.788475, -7.344025899999963], [112.78840630000002, -7.344043599999964], [112.78833760000009, -7.344063099999971], [112.78829380000002, -7.344076], [112.78826130000004, -7.344085499999949], [112.78817740000011, -7.344110799999953], [112.78809350000006, -7.344137499999931], [112.78800190000004, -7.344166599999937], [112.7879104000001, -7.344197099999974], [112.78781120000008, -7.344228599999951], [112.787712, -7.344260499999962], [112.78761280000003, -7.344292499999938], [112.78751360000001, -7.344324899999947], [112.78741450000007, -7.344356399999981], [112.78730770000004, -7.344386899999961], [112.78721610000002, -7.344416], [112.78711690000011, -7.344444099999976], [112.787033, -7.344470299999955], [112.78694910000002, -7.344494199999929], [112.78687280000008, -7.344516099999964], [112.78680410000004, -7.344535699999938], [112.78675070000008, -7.344552299999975], [112.78670490000002, -7.344566199999974], [112.78666680000003, -7.344578599999977], [112.78662860000009, -7.344589099999951], [112.78660570000011, -7.344598599999927], [112.7865829000001, -7.344607599999961], [112.78656, -7.344615799999929], [112.78652950000003, -7.344633899999963], [112.78649890000008, -7.344655799999941], [112.7864684000001, -7.344685399999946], [112.7864532000001, -7.34470349999998], [112.7864303, -7.344725], [112.78640740000003, -7.344749699999966], [112.78638450000005, -7.34477789999994], [112.78636160000008, -7.344809299999952], [112.7863311000001, -7.344842299999925], [112.78630060000012, -7.344875599999966], [112.78627010000002, -7.344908499999974], [112.78624720000005, -7.34494049999995], [112.78621670000007, -7.344969599999956], [112.78619380000009, -7.344995299999937], [112.78617090000012, -7.345016299999941], [112.78614040000002, -7.345046799999977], [112.78610980000008, -7.345065899999952], [112.7860869000001, -7.345077299999957], [112.7860564, -7.345085399999959], [112.78601830000002, -7.34509259999993], [112.78597250000007, -7.345099299999958], [112.785942, -7.345102599999962], [112.78589620000002, -7.345105499999931], [112.78585040000007, -7.345107799999937], [112.78579710000008, -7.345110699999964], [112.785736, -7.345113099999935], [112.785675, -7.345115499999963], [112.78560630000004, -7.345118299999967], [112.78553760000011, -7.345121199999937], [112.78547660000004, -7.345124], [112.78541560000008, -7.345127399999967], [112.7853622, -7.345131699999968], [112.78531640000006, -7.345136], [112.78527830000007, -7.345141699999942], [112.78524010000001, -7.345148399999971], [112.78520960000003, -7.345157], [112.78518670000005, -7.345167899999979], [112.78515620000007, -7.34518079999998], [112.7851333000001, -7.345197], [112.78510280000012, -7.345216099999959], [112.78507220000006, -7.345239], [112.78503410000008, -7.34526429999994], [112.784996, -7.345291399999951], [112.78495780000003, -7.345319599999925], [112.78491970000005, -7.345347199999935], [112.7848815000001, -7.345374399999969], [112.78484340000011, -7.345399199999974], [112.78481280000005, -7.345421099999953], [112.78478230000007, -7.345439699999929], [112.7847518000001, -7.34545449999996], [112.78472130000011, -7.345466899999963], [112.78469080000002, -7.345476499999961], [112.78466020000008, -7.345484099999965], [112.78462980000006, -7.345490299999938], [112.78459160000011, -7.345495], [112.78455340000005, -7.345499299999972], [112.78450770000006, -7.345503599999972], [112.78446190000011, -7.34550749999994], [112.78440090000004, -7.345510299999944], [112.78433980000011, -7.345512199999973], [112.78427120000003, -7.34551369999997], [112.7841949000001, -7.345513199999971], [112.78411860000006, -7.345511699999975], [112.784027, -7.345507899999973], [112.7839355000001, -7.34550269999994], [112.78383630000008, -7.345495], [112.78373710000005, -7.345486], [112.78362270000002, -7.345474599999932], [112.78350820000003, -7.34546169999993], [112.78339380000011, -7.345447399999955], [112.78327170000011, -7.345430699999952], [112.78314200000011, -7.345413], [112.78301230000011, -7.345393499999943], [112.78288260000011, -7.345372499999939], [112.7827453000001, -7.345350599999961], [112.78273700000011, -7.34534919999993], [112.78260790000002, -7.345327699999928], [112.78247060000001, -7.345304799999951], [112.78244590000008, -7.345300299999963], [112.7823409, -7.345280899999977], [112.78220360000012, -7.345257599999968], [112.78207390000011, -7.345234699999935], [112.78194420000011, -7.345212299999957], [112.78181450000011, -7.345190299999956], [112.78169240000011, -7.345168899999976], [112.78157040000008, -7.345147399999973], [112.78144830000008, -7.345126899999968], [112.78133380000008, -7.345106399999963], [112.781227, -7.345086399999957], [112.78112020000003, -7.345066899999949], [112.7810134, -7.345047299999976], [112.7809142000001, -7.345027799999968], [112.780815, -7.345008699999937], [112.78072350000002, -7.344990099999961], [112.78063190000012, -7.344971499999929], [112.780548, -7.344953799999928], [112.78045650000001, -7.34493619999995], [112.78037260000008, -7.344919499999946], [112.78035360000001, -7.344916099999978], [112.780281, -7.344903299999942], [112.7801971, -7.34488749999997], [112.78012080000008, -7.344872299999963], [112.78003680000006, -7.344858], [112.7799606000001, -7.344843699999956], [112.77989190000005, -7.344829899999979], [112.77982320000001, -7.344817], [112.77978120000012, -7.34480689999998], [112.77976980000005, -7.344804099999976], [112.7797164000001, -7.344791199999975], [112.77967060000003, -7.344779299999971], [112.77963250000005, -7.344767899999965], [112.77959440000006, -7.344756399999937], [112.77957740000011, -7.34475029999993], [112.7795638, -7.344745399999965], [112.77954090000003, -7.344735], [112.77950280000005, -7.344714899999929], [112.77947230000007, -7.344696399999975], [112.77944940000009, -7.344677299999944], [112.77943410000012, -7.34465629999994], [112.77941890000011, -7.344631499999934], [112.77941120000003, -7.344601], [112.779396, -7.344562399999973], [112.77938830000005, -7.344539], [112.77938830000005, -7.344512299999963], [112.77938070000005, -7.344482699999958], [112.77937310000004, -7.344449399999974], [112.77937310000004, -7.344411699999966], [112.77937310000004, -7.344368699999961], [112.77937310000004, -7.344318699999974], [112.77937310000004, -7.344260499999962], [112.77937310000004, -7.344192799999973], [112.77937310000004, -7.34411369999998], [112.77937310000004, -7.34402259999996], [112.77938070000005, -7.343917199999964], [112.77938830000005, -7.343797499999937], [112.779396, -7.343667299999936], [112.77940360000002, -7.343530499999929], [112.77941120000003, -7.343392199999926], [112.77941470000007, -7.343330299999934], [112.77941890000011, -7.34325629999995], [112.77942650000011, -7.343128], [112.77943410000012, -7.343011199999978], [112.77943410000012, -7.342910599999925], [112.77944180000009, -7.342829499999937], [112.77944180000009, -7.342766599999948], [112.77944940000009, -7.342719399999964], [112.77944940000009, -7.342685], [112.77944940000009, -7.342661199999952], [112.77944180000009, -7.342635], [112.77943410000012, -7.342612599999939], [112.77940360000002, -7.342595899999935], [112.77938070000005, -7.342585399999962], [112.77934260000006, -7.342573499999958], [112.77929680000011, -7.342559199999926], [112.77924340000004, -7.342542], [112.77916710000011, -7.34252239999995], [112.77908320000006, -7.342500499999971], [112.77899160000004, -7.342476199999965], [112.77888480000001, -7.342450399999962], [112.7787780000001, -7.342423699999927], [112.77866360000007, -7.342396099999974], [112.77855850000003, -7.342372699999942], [112.77854150000007, -7.34236889999994], [112.77842710000004, -7.342341699999963], [112.77831260000005, -7.342315], [112.77820580000002, -7.342289799999946], [112.77809900000011, -7.342265499999939], [112.77799980000009, -7.342242599999963], [112.77790060000007, -7.342221099999961], [112.77781670000002, -7.342201499999931], [112.777748, -7.342183899999952], [112.77767940000001, -7.34216859999998], [112.777626, -7.342155299999945], [112.7775878000001, -7.342144299999973], [112.77755730000001, -7.342135299999939], [112.77751150000006, -7.342120499999965], [112.777481, -7.342105199999935], [112.7774581000001, -7.34209], [112.77743520000001, -7.342070899999953], [112.77742760000001, -7.342043199999978], [112.77742760000001, -7.342016], [112.77742, -7.341974599999958], [112.77742760000001, -7.341946899999925], [112.77742760000001, -7.341913499999976], [112.77742760000001, -7.341873499999963], [112.77742760000001, -7.341826699999956], [112.77742760000001, -7.341773299999943], [112.77743520000001, -7.341714699999955], [112.77743520000001, -7.341652199999942], [112.77743520000001, -7.341586], [112.7774429000001, -7.341517799999963], [112.7774505000001, -7.341447699999947], [112.7774505000001, -7.34137759999993], [112.7774581000001, -7.341308], [112.77746580000007, -7.341238799999928], [112.77747340000008, -7.341170199999965], [112.77747810000005, -7.341127799999981], [112.77711490000002, -7.341097399999967], [112.77586560000009, -7.341115599999966], [112.77564240000004, -7.341118799999947], [112.77389530000005, -7.340827499999932], [112.771286, -7.339573399999949], [112.77092760000005, -7.339361799999949], [112.77091970000004, -7.339375799999971], [112.77089680000006, -7.339399599999979], [112.77086630000008, -7.339405799999952], [112.7708358000001, -7.339401099999975], [112.77079770000012, -7.339392499999974], [112.77077480000003, -7.339386799999943], [112.77074430000005, -7.33938059999997], [112.77072140000007, -7.339373399999943], [112.77069090000009, -7.339365799999939], [112.77066030000003, -7.339357199999938], [112.77062220000005, -7.339348099999938], [112.77059170000007, -7.339339099999961], [112.7705535, -7.339329099999929], [112.77051540000002, -7.339319099999955], [112.77048480000008, -7.339309499999956], [112.7704467000001, -7.339299499999981], [112.77041620000011, -7.339290399999925], [112.770378, -7.339281399999948], [112.77034750000007, -7.339272799999947], [112.770317, -7.339265199999943], [112.77029410000011, -7.339258], [112.7702842000001, -7.339256], [112.77026360000002, -7.339251799999943], [112.77024070000004, -7.339246099999968], [112.77020260000006, -7.339237499999967], [112.77014150000002, -7.339232299999935], [112.770111, -7.33923939999994], [112.77008810000007, -7.339250399999969], [112.77006520000009, -7.339265599999976], [112.77005, -7.339285199999949], [112.7700195000001, -7.339309], [112.76999660000001, -7.339336199999934], [112.76997370000004, -7.339366699999971], [112.76994320000006, -7.339397299999973], [112.76992030000008, -7.339426299999957], [112.7698898000001, -7.339450699999929], [112.76986690000001, -7.339468299999965], [112.769844, -7.339479299999937], [112.76981340000009, -7.339485499999967], [112.7697753000001, -7.339487399999939], [112.76972190000004, -7.339486399999942], [112.76969140000006, -7.339485], [112.76966090000008, -7.339483099999939], [112.7696304000001, -7.339481199999966], [112.76959980000004, -7.339479299999937], [112.76955830000009, -7.339476299999944], [112.76954650000005, -7.339475499999935], [112.7695083000001, -7.339473099999964], [112.76946250000003, -7.339472099999966], [112.76942440000005, -7.339474], [112.76940910000008, -7.339496899999972], [112.76941480000005, -7.339513599999975], [112.76941680000004, -7.339519299999949], [112.76942440000005, -7.339544099999955], [112.769425, -7.339546499999926], [112.76939360000006, -7.339578199999949], [112.76908540000011, -7.33993369999996], [112.769057, -7.340041], [112.76903670000002, -7.340131699999972], [112.76893310000003, -7.340558599999952], [112.76880630000005, -7.340532], [112.76875970000003, -7.340522199999953], [112.76868630000001, -7.340562], [112.76868630000001, -7.340599699999927], [112.76863780000008, -7.340670799999941], [112.76862520000009, -7.340689399999974], [112.76861960000008, -7.340703299999973], [112.76860070000009, -7.340750599999978], [112.76857220000011, -7.340864699999941], [112.76855180000007, -7.340999299999964], [112.76851510000006, -7.34123169999998], [112.76847840000005, -7.341358099999979], [112.76844170000004, -7.341403], [112.768405, -7.341464099999939], [112.76837640000008, -7.341509], [112.7683234000001, -7.341553799999929], [112.76827450000008, -7.341582399999936], [112.76819290000003, -7.341582399999936], [112.76813590000006, -7.341582399999936], [112.76803390000009, -7.341578299999981], [112.76803740000003, -7.341743399999928], [112.7679061, -7.34173949999996], [112.76787130000002, -7.341734699999961], [112.76779930000009, -7.341724699999929], [112.76768490000006, -7.341708499999982], [112.76757810000004, -7.341691799999978], [112.76747130000001, -7.341674099999977], [112.7673721000001, -7.341657], [112.76728050000008, -7.34163929999994], [112.76720420000004, -7.341622699999959], [112.76713550000011, -7.34160739999993], [112.76707450000004, -7.341592599999956], [112.76702870000008, -7.341579299999978], [112.7669982000001, -7.341566399999977], [112.76695250000012, -7.341540599999973], [112.76692190000006, -7.341512499999965], [112.76690670000005, -7.341478199999926], [112.76689140000008, -7.341454799999951], [112.76688380000007, -7.341423299999974], [112.7668761000001, -7.341380399999935], [112.7668609000001, -7.341322699999978], [112.7668533000001, -7.341246899999931], [112.76684560000001, -7.341150099999936], [112.76683040000012, -7.341029], [112.76682280000011, -7.340882099999931], [112.76681510000003, -7.340713799999946], [112.76679990000002, -7.340531599999963], [112.76679220000005, -7.340341399999943], [112.76678460000005, -7.340149699999927], [112.766777, -7.339963299999965], [112.76676170000007, -7.339788699999929], [112.76675410000007, -7.339632299999948], [112.76675200000011, -7.339596], [112.7667464000001, -7.339499799999942], [112.76674570000011, -7.339489399999934], [112.7667388000001, -7.339388699999972], [112.7667312000001, -7.339297599999952], [112.76672360000009, -7.339222199999938], [112.766716, -7.339160799999945], [112.7667083, -7.339110199999936], [112.76670070000011, -7.339067299999954], [112.76669310000011, -7.339029599999947], [112.76667780000002, -7.338994299999968], [112.76667020000002, -7.338961], [112.76666250000005, -7.338927599999977], [112.76664730000005, -7.338894699999969], [112.766632, -7.338860799999964], [112.76662440000007, -7.338825499999928], [112.7666091000001, -7.338787399999944], [112.7665862, -7.338746899999933], [112.76657100000011, -7.338702499999954], [112.76654810000002, -7.33865579999997], [112.76653280000005, -7.338608099999931], [112.76652520000005, -7.33837589999996], [112.766514, -7.338346699999931], [112.76650990000007, -7.33833629999998], [112.7664138, -7.338358599999935], [112.76641330000007, -7.338358699999958], [112.76640310000005, -7.338361099999929], [112.76599880000003, -7.338498399999935], [112.7658080000001, -7.338567099999977], [112.7657656, -7.338569499999949], [112.7656555000001, -7.338575699999978], [112.765335, -7.338422599999944], [112.76517120000005, -7.338359499999967], [112.76509850000002, -7.338331499999981], [112.7649841000001, -7.338320099999976], [112.76495610000006, -7.338332899999955], [112.76483910000002, -7.338386799999967], [112.76450050000005, -7.338415399999974], [112.76445260000003, -7.338419399999964], [112.764438, -7.338420599999949], [112.7643127, -7.338431199999945], [112.7634048000001, -7.338507499999935], [112.76334380000003, -7.338507499999935], [112.7632129000001, -7.338507799999945], [112.7631507000001, -7.338508], [112.7631454000001, -7.338508], [112.7627639000001, -7.338478899999927], [112.7624892, -7.338466899999958], [112.7617110000001, -7.33812839999996], [112.76094050000006, -7.33791], [112.76068110000006, -7.337834199999975], [112.7606277000001, -7.337829899999974], [112.76053610000008, -7.337817499999971], [112.76018520000002, -7.337771199999963], [112.76005830000008, -7.337738], [112.75985710000009, -7.337685399999941], [112.75932310000007, -7.337545699999964], [112.7576064000001, -7.337150399999928], [112.75714870000002, -7.337032099999931], [112.75683590000006, -7.336954899999967], [112.75638570000001, -7.336899099999926], [112.75594320000005, -7.336877199999947], [112.7557220000001, -7.336817099999962], [112.75540920000003, -7.336743199999944], [112.75523370000008, -7.336756099999945], [112.7550903, -7.336820199999977], [112.7550887000001, -7.336820899999964], [112.75487510000005, -7.337010699999951], [112.75479120000011, -7.337157099999956], [112.75477590000003, -7.337187599999936], [112.75469360000011, -7.337358699999982], [112.75460810000004, -7.337536199999931], [112.7545857, -7.337584099999958], [112.75450890000002, -7.337748799999929], [112.754158, -7.338497899999936], [112.7541572, -7.33850149999995], [112.75410450000004, -7.33876349999997], [112.75408930000003, -7.338827], [112.754089, -7.338853599999936], [112.7540864, -7.339066199999934], [112.75407450000012, -7.340057199999933], [112.754074, -7.340098699999942], [112.75399770000001, -7.340388599999926], [112.753925, -7.340485699999931], [112.75391380000008, -7.34050069999995], [112.7538565000001, -7.340572299999963], [112.7537536000001, -7.340700899999945], [112.75369260000002, -7.340872099999956], [112.7536636000001, -7.341161199999931], [112.753662, -7.34117729999997], [112.753662, -7.341180399999928], [112.753662, -7.341666699999962], [112.753662, -7.341671299999973], [112.753662, -7.341676799999959], [112.753662, -7.34173549999997], [112.753662, -7.341753299999937], [112.7536391000001, -7.342018399999972], [112.75360910000006, -7.342070299999932], [112.75360680000006, -7.342074299999979], [112.75357050000002, -7.342137199999968], [112.75356820000002, -7.34213909999994]]] 
      }
    },
    {
      "type": "Feature",
      "properties": {
        "district_id": "3515150",
        "province": "Jawa Timur",
        "regency": "Sidoarjo",
        "district": "Gedangan",
        "pria": 60118,
        "wanita": 59948,
        "total_penduduk": 120066
      },
      "geometry": {
        "type": "Polygon",
        "coordinates": [[[112.7199773000001, -7.37931459999993], [112.71984, -7.379632199999946], [112.71972910000011, -7.380155599999966], [112.71945810000011, -7.38049], [112.719347, -7.380982599999925], [112.71933690000003, -7.381013399999972], [112.71930710000004, -7.381280099999969], [112.7192056, -7.381598399999973], [112.7191041000001, -7.381916699999977], [112.7191150000001, -7.382070499999941], [112.71918740000001, -7.382213799999931], [112.71922860000006, -7.382244399999934], [112.7193813, -7.382333599999981], [112.71928950000006, -7.382348099999945], [112.7192195, -7.382358099999976], [112.7191295, -7.382418099999938], [112.7190266, -7.382426099999975], [112.71899950000011, -7.38242809999997], [112.7186795, -7.382388099999957], [112.71859080000002, -7.382380499999954], [112.71809950000011, -7.38233809999997], [112.7177395000001, -7.382348099999945], [112.71744950000004, -7.382328099999938], [112.71664950000002, -7.382208099999957], [112.71663210000008, -7.382222599999977], [112.71661370000004, -7.38221539999995], [112.71634580000011, -7.382109599999978], [112.71625460000007, -7.38266909999993], [112.71616410000001, -7.383414899999934], [112.71625890000007, -7.383787299999938], [112.7161172000001, -7.383787899999959], [112.7160411000001, -7.383788099999947], [112.715728, -7.383711299999959], [112.71566730000006, -7.383696399999963], [112.71383030000004, -7.383392799999967], [112.71277150000003, -7.38317939999996], [112.71271580000007, -7.383179699999971], [112.71234220000008, -7.383181099999945], [112.712109, -7.383220799999947], [112.71131030000004, -7.383526699999948], [112.71063060000006, -7.383600799999954], [112.71041820000005, -7.383623899999975], [112.71037410000008, -7.383639899999935], [112.71032280000009, -7.383676], [112.7102665000001, -7.383727499999964], [112.70941190000008, -7.384566599999971], [112.70937730000003, -7.384562399999936], [112.70935410000004, -7.384590399999979], [112.7079754, -7.384402199999954], [112.70591470000011, -7.384121], [112.70570010000006, -7.384091699999942], [112.7055428000001, -7.38407019999994], [112.7054346000001, -7.384055399999966], [112.705369, -7.384046499999954], [112.70527760000004, -7.38454379999996], [112.70484950000002, -7.386502499999949], [112.70455040000002, -7.386476499999958], [112.7046481000001, -7.386500699999942], [112.70479740000007, -7.386543599999925], [112.70471040000007, -7.387341], [112.70460930000002, -7.387704199999973], [112.7044681000001, -7.388146699999936], [112.70444690000011, -7.388311099999953], [112.70441030000006, -7.388481799999965], [112.7043734, -7.388581199999976], [112.70434570000009, -7.388632499999972], [112.704285, -7.389023499999951], [112.70427920000009, -7.389125899999954], [112.704156, -7.389396099999942], [112.70415630000002, -7.389476799999954], [112.70413750000012, -7.390128499999946], [112.70413510000003, -7.390213499999959], [112.7041316000001, -7.390334399999972], [112.7041210000001, -7.390581599999962], [112.70411160000003, -7.390801199999942], [112.704107, -7.390826699999934], [112.7040386000001, -7.391201499999966], [112.70396230000006, -7.391563099999928], [112.7039473000001, -7.391705899999977], [112.70391410000002, -7.391944799999976], [112.70387730000004, -7.392065899999977], [112.70367740000006, -7.392601599999978], [112.7036227000001, -7.39292439999997], [112.70355560000007, -7.393245599999943], [112.70344840000007, -7.39364919999997], [112.70341480000002, -7.393788899999947], [112.70331380000005, -7.394181599999968], [112.70308120000004, -7.394185199999981], [112.7030466000001, -7.39418569999998], [112.70287580000002, -7.394201899999928], [112.70276700000011, -7.394189899999958], [112.7024034000001, -7.394147799999928], [112.70176930000002, -7.394072699999981], [112.70114230000001, -7.394000399999925], [112.70107930000006, -7.393993199999954], [112.700974, -7.39398239999997], [112.70081510000011, -7.393966299999931], [112.70077520000007, -7.393959099999961], [112.70077360000005, -7.39396], [112.70066370000006, -7.393946399999948], [112.70055800000011, -7.394012799999928], [112.70044970000004, -7.394043699999941], [112.70037, -7.394106399999941], [112.700306, -7.394203], [112.70017550000011, -7.394378199999949], [112.70014760000004, -7.394406199999935], [112.70013790000007, -7.394420099999934], [112.7000660000001, -7.39448989999994], [112.69995490000008, -7.39459869999996], [112.69977590000008, -7.394634799999949], [112.69977440000002, -7.394634599999961], [112.6997328000001, -7.394642699999963], [112.69973270000003, -7.394643499999972], [112.6997278, -7.39464449999997], [112.69970750000005, -7.394648699999948], [112.69963660000008, -7.394819599999948], [112.69964490000007, -7.395001899999954], [112.69964570000002, -7.395031299999971], [112.69967720000011, -7.395134499999926], [112.699667, -7.395192899999927], [112.69969860000003, -7.395243], [112.69972070000006, -7.395317499999976], [112.69974920000004, -7.395460199999945], [112.699734, -7.395550299999968], [112.69968770000003, -7.395625], [112.69964450000009, -7.395715199999927], [112.69961350000005, -7.39574639999995], [112.69957940000006, -7.395773799999972], [112.69956, -7.3959], [112.69949, -7.39626], [112.69939000000011, -7.39654], [112.69929, -7.39669], [112.69917, -7.39678], [112.69898, -7.39686], [112.69893370000011, -7.396869], [112.69901730000004, -7.396873], [112.6997328000001, -7.397402], [112.70072460000006, -7.397909599999934], [112.70073, -7.39791], [112.70104, -7.39797], [112.7015, -7.39819], [112.70166920000008, -7.398270199999956], [112.70158530000003, -7.398833899999943], [112.70145030000003, -7.399322199999972], [112.7014266000001, -7.399514899999929], [112.70131320000007, -7.39994269999994], [112.70130620000009, -7.399969], [112.70177080000008, -7.400094699999954], [112.70175, -7.40016], [112.70164000000011, -7.40049], [112.70145020000007, -7.400964599999952], [112.70134, -7.40124], [112.70115, -7.40173], [112.70095, -7.40221], [112.70078, -7.40264], [112.70066, -7.40297], [112.7006, -7.40313], [112.70055, -7.40328], [112.70053330000007, -7.403316199999949], [112.70053210000003, -7.403315899999939], [112.70053320000011, -7.403313299999979], [112.7005, -7.403310699999963], [112.70045950000008, -7.403278499999942], [112.70046050000008, -7.40327069999995], [112.70042230000001, -7.403292099999931], [112.70034940000005, -7.403383799999972], [112.70032260000005, -7.403566799999965], [112.70020490000002, -7.403914699999973], [112.70014170000002, -7.404161899999963], [112.70006970000009, -7.404500499999926], [112.7000435000001, -7.404848099999981], [112.70000790000006, -7.405113399999948], [112.70000830000004, -7.405214], [112.7000177000001, -7.405268899999953], [112.70014470000001, -7.405268399999954], [112.70014930000002, -7.405295899999942], [112.70015720000004, -7.405343399999936], [112.70026170000006, -7.405270299999927], [112.70063590000007, -7.405284699999982], [112.7007324000001, -7.405311799999936], [112.7010302000001, -7.405371899999977], [112.70104870000011, -7.405376099999955], [112.70116660000008, -7.405412099999978], [112.7013406000001, -7.405481499999951], [112.70140370000001, -7.405534299999943], [112.70144870000001, -7.405571899999927], [112.70141300000012, -7.40580609999995], [112.701341, -7.406142899999963], [112.70131220000007, -7.406282], [112.70151750000002, -7.406317799999954], [112.70167160000005, -7.406353799999977], [112.70186220000005, -7.406382299999962], [112.70217030000003, -7.406461599999943], [112.70235370000012, -7.406497499999944], [112.70258110000009, -7.406547799999942], [112.70277180000005, -7.406598299999928], [112.7030287, -7.406699799999956], [112.70327070000008, -7.406742699999938], [112.70346880000011, -7.406800499999974], [112.70357860000001, -7.406763499999954], [112.70358220000003, -7.406763499999954], [112.70364, -7.406763299999966], [112.7037491000001, -7.406827599999929], [112.7037762000001, -7.406835699999931], [112.70478280000009, -7.407137], [112.70556640000007, -7.407347699999946], [112.705615, -7.407454299999927], [112.70559430000003, -7.407798299999968], [112.70552960000009, -7.408127699999966], [112.70545670000001, -7.409177799999952], [112.70540110000002, -7.409975399999951], [112.705384, -7.410279099999968], [112.7053843000001, -7.41035949999997], [112.7054432000001, -7.410439799999949], [112.70547330000011, -7.410452499999963], [112.705546, -7.410483299999953], [112.70586870000011, -7.410547899999926], [112.70612330000006, -7.410664699999927], [112.70634730000006, -7.41065889999993], [112.70648030000007, -7.410746699999947], [112.70666360000007, -7.410818099999972], [112.70688860000007, -7.410865899999976], [112.70693810000012, -7.410881699999948], [112.70695, -7.41086], [112.70722, -7.41096], [112.70749, -7.41103], [112.70761, -7.41108], [112.707658, -7.411137599999961], [112.70767220000005, -7.411143699999968], [112.70792560000007, -7.411221199999943], [112.70802, -7.41125], [112.70858, -7.41141], [112.7087, -7.41145], [112.70876840000005, -7.411491799999965], [112.70888, -7.41156], [112.70889320000003, -7.411572299999932], [112.70894220000002, -7.411731799999927], [112.70897290000005, -7.41184869999995], [112.7089754000001, -7.411886799999934], [112.70910130000004, -7.411866099999941], [112.70911230000002, -7.411864299999934], [112.70915750000006, -7.411901099999966], [112.7092206000001, -7.411918899999932], [112.70927160000008, -7.411915699999952], [112.70938250000006, -7.411873299999968], [112.70949050000002, -7.411848899999939], [112.70951140000011, -7.411836799999946], [112.70950820000007, -7.411773899999957], [112.7095078000001, -7.411675], [112.70950750000009, -7.411603099999979], [112.70953350000002, -7.411494699999935], [112.70953410000004, -7.411492199999941], [112.70955650000008, -7.411475799999948], [112.70957020000003, -7.411449499999947], [112.70969830000001, -7.411391099999946], [112.709706, -7.411388699999975], [112.7097678, -7.411359399999981], [112.7098036000001, -7.411354499999959], [112.7099505000001, -7.411334499999953], [112.70997180000006, -7.411331699999948], [112.710476, -7.40975659999998], [112.71067170000003, -7.409171799999967], [112.71189210000011, -7.409545299999934], [112.7121151, -7.409720799999945], [112.71218120000003, -7.409789], [112.71223540000005, -7.409842699999956], [112.7122716, -7.409875499999941], [112.71238270000003, -7.409896099999969], [112.7124907000001, -7.409877699999981], [112.71259870000006, -7.409868299999971], [112.71269450000011, -7.409857], [112.71291230000008, -7.409876399999973], [112.71307090000005, -7.409902299999942], [112.71308070000009, -7.409903899999961], [112.713267, -7.409966099999963], [112.71348940000007, -7.410037099999954], [112.71367280000004, -7.410096299999964], [112.714047, -7.410219299999937], [112.71413360000008, -7.410244299999931], [112.7141491000001, -7.410248799999977], [112.71416110000007, -7.410249599999929], [112.71447690000002, -7.410310399999958], [112.71464690000005, -7.41036349999996], [112.7146100000001, -7.410481], [112.714596, -7.410521299999971], [112.714573, -7.410599099999956], [112.71451, -7.410812299999975], [112.71442700000011, -7.411079299999926], [112.71438970000008, -7.411192399999948], [112.71433650000006, -7.411353799999972], [112.71419730000002, -7.411833799999954], [112.71402100000012, -7.412423299999944], [112.71400310000001, -7.412471299999936], [112.71400830000005, -7.412473], [112.71400380000011, -7.412488399999972], [112.71421730000009, -7.412553599999967], [112.7142176000001, -7.412553699999933], [112.71463930000004, -7.41268249999996], [112.71538490000012, -7.412905199999955], [112.71555030000002, -7.412957699999936], [112.71556150000004, -7.412961199999927], [112.71645080000008, -7.413246299999969], [112.7164527000001, -7.413246899999933], [112.71650350000004, -7.413207799999952], [112.71651020000002, -7.413203599999974], [112.71653580000009, -7.413193899999953], [112.71656930000006, -7.413203499999952], [112.7166353, -7.413222499999961], [112.71663490000003, -7.413223599999981], [112.71692160000009, -7.413298599999962], [112.71693460000006, -7.413302], [112.71716790000005, -7.413363], [112.71716850000007, -7.413361099999975], [112.71718110000006, -7.413365499999941], [112.71739140000011, -7.412642499999947], [112.717405, -7.412600599999962], [112.71763090000002, -7.412660799999969], [112.71770750000007, -7.412399], [112.717916, -7.412447899999961], [112.71812670000008, -7.412497299999927], [112.7181905000001, -7.412512299999946], [112.71832030000007, -7.41254269999996], [112.71856950000006, -7.412601199999926], [112.71870270000011, -7.41263239999995], [112.71866880000005, -7.412737199999981], [112.7186713000001, -7.412737799999945], [112.718626, -7.41287959999994], [112.7188599000001, -7.412958299999957], [112.71903180000004, -7.412995699999954], [112.719137, -7.413034299999936], [112.71929620000003, -7.413057599999945], [112.71943140000008, -7.413099099999954], [112.71972760000006, -7.413228299999957], [112.719733, -7.413229299999955], [112.71992050000006, -7.412628899999959], [112.72011170000007, -7.412016899999969], [112.7222633, -7.41252019999996], [112.72242290000008, -7.412563399999954], [112.72334710000007, -7.412776599999972], [112.72358250000002, -7.412816899999939], [112.72358270000007, -7.412815899999941], [112.72358350000002, -7.412812299999928], [112.72379810000007, -7.411812299999951], [112.72379680000006, -7.411809099999971], [112.72379790000002, -7.411806], [112.7238387000001, -7.411699899999974], [112.72384150000005, -7.411692499999958], [112.7238645000001, -7.411503099999948], [112.7238506000001, -7.411453299999948], [112.72384740000007, -7.411442], [112.72378030000004, -7.41120159999997], [112.72368560000007, -7.410973699999943], [112.72368460000007, -7.410971199999949], [112.72367270000007, -7.410951499999953], [112.72355330000005, -7.410752799999955], [112.723443, -7.410578699999974], [112.72342030000004, -7.41055259999996], [112.72339910000005, -7.410528199999931], [112.72338700000012, -7.410514299999932], [112.72339000000011, -7.41051], [112.72345960000007, -7.410401699999966], [112.72370160000003, -7.410379399999954], [112.72380080000005, -7.410370199999932], [112.7238542, -7.410358099999939], [112.72388080000007, -7.410352099999955], [112.72419480000008, -7.409803799999963], [112.72419810000008, -7.409797899999944], [112.72427930000003, -7.409596399999941], [112.72442660000002, -7.409352099999978], [112.72455830000001, -7.409120899999948], [112.7246219000001, -7.40895839999996], [112.72469350000006, -7.408676299999968], [112.72488040000007, -7.408686899999964], [112.72487950000004, -7.408678099999975], [112.72487950000004, -7.408508099999949], [112.72631190000004, -7.408759299999929], [112.72641950000002, -7.40877809999995], [112.72654950000003, -7.408808099999931], [112.7267395, -7.408838099999969], [112.72681950000003, -7.408878099999981], [112.7269487000001, -7.408956799999942], [112.72695140000008, -7.408958499999926], [112.72750950000011, -7.409298099999944], [112.72795950000011, -7.409588099999951], [112.72833060000005, -7.409802699999943], [112.72923950000006, -7.410328099999958], [112.72923930000002, -7.410329599999955], [112.72924, -7.41033], [112.72921, -7.41057], [112.72912, -7.41124], [112.72911020000004, -7.41132829999998], [112.7291100000001, -7.41133], [112.72976, -7.41145], [112.73046000000011, -7.41157], [112.73079540000003, -7.411621599999933], [112.73048910000011, -7.413487699999962], [112.73060220000002, -7.413687599999946], [112.73062940000011, -7.413735699999961], [112.73063880000007, -7.413732699999969], [112.73076, -7.41377], [112.7309077000001, -7.413803599999937], [112.73098, -7.41382], [112.73142, -7.414], [112.73155, -7.41403], [112.731794, -7.414131699999928], [112.73251, -7.41443], [112.73338, -7.41475], [112.73382, -7.41492], [112.73407470000006, -7.41501059999996], [112.7340752, -7.415009099999963], [112.7341374, -7.414828199999931], [112.73469260000002, -7.413264699999957], [112.7350623000001, -7.412301299999967], [112.73543970000003, -7.411193699999956], [112.73573150000004, -7.410354199999972], [112.73574280000003, -7.410335699999962], [112.7357594, -7.410285499999929], [112.73576050000008, -7.41028579999994], [112.73696550000011, -7.410578599999951], [112.737253, -7.409477], [112.7372636, -7.409478499999977], [112.73728150000011, -7.409409699999969], [112.73785530000009, -7.409563499999933], [112.73799420000012, -7.409563], [112.73799480000002, -7.40953989999997], [112.73796060000006, -7.409418599999981], [112.73794590000011, -7.409386899999959], [112.73791480000011, -7.409319899999957], [112.7378771000001, -7.409192299999972], [112.73785210000005, -7.409114099999954], [112.73794170000008, -7.409149099999979], [112.73792290000006, -7.409083599999974], [112.73792430000003, -7.409084099999973], [112.73797150000007, -7.409101299999975], [112.73889760000009, -7.409438499999965], [112.73909370000001, -7.408969199999945], [112.739134, -7.408970499999953], [112.73915510000006, -7.408920099999932], [112.73975450000012, -7.408966499999963], [112.74000520000004, -7.408985899999948], [112.7400348000001, -7.408990299999971], [112.7402681000001, -7.409036699999945], [112.74048190000008, -7.409100299999977], [112.74046650000003, -7.409150699999941], [112.74040720000005, -7.409312899999975], [112.74036810000007, -7.409512399999926], [112.74033570000006, -7.409525], [112.74027850000004, -7.40958749999993], [112.7402614, -7.409694799999954], [112.74019870000006, -7.409911299999976], [112.74037940000005, -7.410058099999958], [112.74050940000006, -7.410178099999939], [112.74065940000003, -7.410328099999958], [112.74068420000003, -7.410357099999942], [112.74068390000002, -7.410358099999939], [112.74070260000008, -7.410379899999953], [112.74070820000009, -7.410386499999959], [112.74083560000008, -7.410535799999934], [112.74101, -7.41074], [112.7412700000001, -7.41101], [112.74142, -7.4111], [112.74222840000004, -7.411372399999948], [112.74234, -7.41141], [112.74240380000003, -7.411428799999953], [112.74240710000004, -7.411429699999928], [112.74268, -7.41151], [112.74294, -7.4116], [112.74329990000001, -7.41172], [112.74333, -7.41173], [112.74477, -7.41203], [112.7451, -7.4121], [112.74583, -7.41234], [112.74632, -7.41247], [112.74674040000002, -7.412537599999951], [112.74744, -7.41265], [112.74822080000001, -7.412828], [112.7488, -7.41296], [112.7489, -7.41296], [112.74895930000002, -7.412819199999944], [112.74898, -7.41277], [112.74943, -7.41142], [112.74956, -7.41105], [112.74979, -7.41041], [112.75000000000011, -7.4095], [112.75019, -7.40867], [112.75057, -7.40692], [112.75059670000007, -7.406699799999956], [112.75061, -7.40659], [112.75061, -7.40647], [112.75061070000004, -7.406464699999958], [112.75086940000006, -7.405768099999932], [112.7509394000001, -7.405628099999944], [112.75129940000011, -7.405648099999951], [112.75211940000008, -7.405838099999926], [112.75264940000011, -7.405948099999932], [112.75308940000002, -7.406038099999932], [112.7535458000001, -7.406125499999973], [112.7535600000001, -7.40613], [112.75364890000003, -7.406169499999976], [112.7536593000001, -7.406210599999952], [112.7537400000001, -7.40621], [112.75387, -7.40608], [112.7539, -7.40596], [112.75406, -7.40512], [112.75412, -7.40484], [112.75425, -7.40428], [112.75435, -7.40374], [112.75456, -7.40278], [112.75464000000011, -7.40264], [112.75500000000011, -7.40227], [112.7551, -7.40216], [112.75522, -7.40194], [112.75534, -7.40171], [112.75543360000006, -7.401581699999952], [112.75561, -7.40134], [112.75578, -7.4011], [112.75590000000011, -7.40092], [112.75604, -7.40072], [112.7562, -7.4], [112.75620170000002, -7.399992899999972], [112.75629, -7.39962], [112.75641, -7.39909], [112.75649, -7.39878], [112.75661, -7.39828], [112.75668, -7.39797], [112.75673, -7.39775], [112.75686, -7.39714], [112.75689000000011, -7.39699], [112.75692, -7.39684], [112.75695, -7.39668], [112.75699, -7.39652], [112.75702, -7.39636], [112.75706, -7.3962], [112.75709, -7.39604], [112.7571200000001, -7.39589], [112.75715, -7.39575], [112.75718, -7.39561], [112.7572100000001, -7.39549], [112.75723, -7.39538], [112.757234, -7.395362], [112.75725000000011, -7.39529], [112.75727, -7.39522], [112.75729, -7.39513], [112.7573000000001, -7.39505], [112.75731, -7.39497], [112.75732, -7.39487], [112.75734000000011, -7.39475], [112.75735, -7.39466], [112.75735, -7.39459], [112.75736, -7.39453], [112.75737, -7.39444], [112.75738, -7.39436], [112.7573900000001, -7.3943], [112.7574, -7.39421], [112.75742, -7.39411], [112.75743000000011, -7.39403], [112.75744, -7.39393], [112.75745110000003, -7.393874399999959], [112.7574495, -7.393874099999948], [112.75745190000009, -7.393858099999932], [112.75747920000003, -7.393646799999942], [112.7575931, -7.392918599999973], [112.75758010000004, -7.392916199999945], [112.75730370000008, -7.392866699999956], [112.75721850000002, -7.392842], [112.75719360000005, -7.392834799999946], [112.7571938000001, -7.392833099999962], [112.75714, -7.39281], [112.75675, -7.39267], [112.75674350000008, -7.392668599999979], [112.75651, -7.39262], [112.75628, -7.39262], [112.75586, -7.39266], [112.7557, -7.39259], [112.75547640000002, -7.392457499999978], [112.75543, -7.39243], [112.7553, -7.39236], [112.75514, -7.39235], [112.75497, -7.39235], [112.75478580000004, -7.39235], [112.75411, -7.39235], [112.75387, -7.39228], [112.75333, -7.39209], [112.75294, -7.3919], [112.75274420000005, -7.391870599999947], [112.75274470000011, -7.391868899999963], [112.7529750000001, -7.390936099999976], [112.7530412000001, -7.390724099999943], [112.753357, -7.389421699999957], [112.75351240000009, -7.388918199999978], [112.7537479, -7.38899559999993], [112.7537526000001, -7.388981599999966], [112.75379980000002, -7.388841399999933], [112.75383150000005, -7.388747], [112.753892, -7.388457899999935], [112.75389490000009, -7.388440799999955], [112.75396790000002, -7.388000099999942], [112.7540189, -7.387988], [112.75413790000005, -7.388003899999944], [112.75425510000002, -7.388019499999928], [112.75435830000004, -7.388017599999955], [112.75442120000002, -7.388017399999967], [112.75444760000005, -7.387837699999977], [112.75450160000003, -7.387380499999949], [112.75461730000006, -7.386995599999977], [112.7546585, -7.386860899999931], [112.75471010000001, -7.386691799999937], [112.75472850000006, -7.386683199999936], [112.75475410000001, -7.386663], [112.7548614000001, -7.386599], [112.7549553, -7.38653979999998], [112.75501130000009, -7.386513299999933], [112.75511040000004, -7.386438399999975], [112.75519970000005, -7.386358599999937], [112.75527390000002, -7.386269], [112.75531840000008, -7.38619929999993], [112.75532150000004, -7.386159499999962], [112.75536390000002, -7.38562], [112.75537280000003, -7.385506499999963], [112.75537740000004, -7.385402299999953], [112.75540160000003, -7.385267499999941], [112.75541420000002, -7.385197499999947], [112.75542120000011, -7.385158799999942], [112.7554454000001, -7.38498], [112.7554649000001, -7.384895499999971], [112.75545960000011, -7.384811199999945], [112.75545160000001, -7.384674699999948], [112.75548090000007, -7.384530599999948], [112.75547540000002, -7.384391599999958], [112.75551470000005, -7.38428719999996], [112.75551930000006, -7.384182899999928], [112.75553130000003, -7.38406619999995], [112.75553370000011, -7.384031599999958], [112.75556430000006, -7.383604399999967], [112.75566820000006, -7.383484799999962], [112.75574090000009, -7.383003], [112.75277520000009, -7.382567799999947], [112.75261610000007, -7.382568399999968], [112.75249180000003, -7.382583799999964], [112.75237250000009, -7.382584299999962], [112.75221340000007, -7.382604799999967], [112.75198980000005, -7.382645399999944], [112.75192270000002, -7.382648], [112.751838, -7.382614599999954], [112.7516591000001, -7.382597399999952], [112.7514268000001, -7.382634], [112.75116750000007, -7.382635099999959], [112.75080980000007, -7.382636499999933], [112.7507025000001, -7.382636899999966], [112.75058620000004, -7.382610599999964], [112.75069790000009, -7.381458599999974], [112.75089030000004, -7.381070699999952], [112.75091080000004, -7.381029299999966], [112.75095270000008, -7.380324], [112.75085510000008, -7.38025179999994], [112.75065280000001, -7.379768299999967], [112.75058640000009, -7.379609499999958], [112.75039240000001, -7.378461099999981], [112.75039090000007, -7.378451899999959], [112.74802510000006, -7.377919099999929], [112.74744090000002, -7.377787499999954], [112.7472494000001, -7.377744399999926], [112.7472676000001, -7.377655599999969], [112.74732, -7.3774], [112.74749, -7.37668], [112.74772, -7.37576], [112.74782, -7.37523], [112.74787, -7.375], [112.74794, -7.37466], [112.74797, -7.37455], [112.74806450000005, -7.373965099999964], [112.74813, -7.37356], [112.74812920000011, -7.37355969999993], [112.7478, -7.37343], [112.74748000000011, -7.37334], [112.74725, -7.37332], [112.7468129, -7.373365499999977], [112.74677, -7.37337], [112.74643, -7.37344], [112.74609, -7.3736], [112.74546, -7.37392], [112.74531, -7.37392], [112.74507030000007, -7.373891199999946], [112.74506610000003, -7.373893499999951], [112.74453750000009, -7.373706099999936], [112.74498050000011, -7.371720799999935], [112.74501070000008, -7.371654299999932], [112.74504210000009, -7.371585099999947], [112.74504510000008, -7.371578399999976], [112.74505070000009, -7.371577], [112.74524, -7.37075], [112.74537, -7.37019], [112.74542, -7.36998], [112.74558, -7.36928], [112.74571, -7.36879], [112.74591, -7.36797], [112.74598560000004, -7.367601], [112.74596930000007, -7.367597299999943], [112.74600520000001, -7.367536899999948], [112.74611120000009, -7.366756099999975], [112.74611320000008, -7.366741699999977], [112.74574170000005, -7.366438099999925], [112.7456575000001, -7.366216599999973], [112.74553630000003, -7.366004499999974], [112.7455169000001, -7.365782799999977], [112.74556830000006, -7.365272499999946], [112.74557930000003, -7.365163299999949], [112.74552390000008, -7.36510149999998], [112.74551660000009, -7.365065899999934], [112.74551550000001, -7.365060699999958], [112.74550710000005, -7.365048099999967], [112.74549, -7.36507], [112.74535, -7.36498], [112.74529, -7.36497], [112.74522, -7.36495], [112.74493, -7.36496], [112.74471, -7.36498], [112.74443, -7.36499], [112.74427, -7.36496], [112.74416, -7.36494], [112.74371, -7.3648], [112.74355690000004, -7.364818], [112.74354, -7.36482], [112.74332, -7.36483], [112.74292, -7.36481], [112.74264, -7.36475], [112.74239000000011, -7.36462], [112.74209, -7.36446], [112.74195, -7.36445], [112.74177, -7.36449], [112.74149000000011, -7.36453], [112.74119, -7.36451], [112.7411, -7.36444], [112.74096, -7.36429], [112.74066, -7.36398], [112.74048, -7.3639], [112.74011, -7.36382], [112.73961, -7.3638], [112.73929, -7.3637], [112.73927750000007, -7.363812099999961], [112.73923230000003, -7.364218899999969], [112.73921810000002, -7.364347299999963], [112.73921, -7.36442], [112.73923, -7.36462], [112.73921640000003, -7.36472219999996], [112.73921, -7.36477], [112.73916, -7.36481], [112.73916, -7.36497], [112.73915000000011, -7.3652], [112.73913, -7.36554], [112.73913, -7.36562], [112.73912560000008, -7.365633199999934], [112.73912130000008, -7.365642599999944], [112.73908940000001, -7.36573809999993], [112.7390094000001, -7.365808099999981], [112.73874660000001, -7.365827399999944], [112.73874250000006, -7.365828799999974], [112.73873130000004, -7.365830399999936], [112.73870780000004, -7.365833799999962], [112.73868310000012, -7.365848799999981], [112.73865840000008, -7.365863699999977], [112.73863870000002, -7.365878599999974], [112.73858990000008, -7.365921199999946], [112.73856740000008, -7.365940799999976], [112.73849310000003, -7.366020099999957], [112.73843390000002, -7.366074699999956], [112.73843170000009, -7.366076799999973], [112.73834510000006, -7.366159099999948], [112.73825130000012, -7.366243599999962], [112.73815760000002, -7.366367499999967], [112.73805890000006, -7.366461899999933], [112.73800480000011, -7.366546199999959], [112.73794580000003, -7.366665099999977], [112.7379165000001, -7.366774], [112.73782480000011, -7.366925299999934], [112.73773930000004, -7.367066399999942], [112.7376114000001, -7.367294399999935], [112.7375770000001, -7.367348899999968], [112.73748540000008, -7.367406], [112.73745940000003, -7.367408099999977], [112.73722640000005, -7.367416299999945], [112.73659940000005, -7.367438099999958], [112.73659940000005, -7.367438799999945], [112.73656690000007, -7.367456699999934], [112.73650270000007, -7.367506399999968], [112.73635640000009, -7.367516399999943], [112.73634920000006, -7.367516799999976], [112.7362204000001, -7.367507499999931], [112.7360222000001, -7.36747859999997], [112.73594790000004, -7.367478799999958], [112.73585380000009, -7.367479199999934], [112.73573490000001, -7.367484599999955], [112.73572350000006, -7.367484899999965], [112.7352800000001, -7.367495599999927], [112.73527940000008, -7.367495699999949], [112.73527940000008, -7.367495099999928], [112.73524450000002, -7.367486499999927], [112.73523460000001, -7.367481599999962], [112.73520970000004, -7.367457], [112.73518990000002, -7.367447199999958], [112.73518970000009, -7.36741], [112.7350100000001, -7.36739], [112.73469000000011, -7.36735], [112.73443, -7.36731], [112.7341100000001, -7.36726], [112.73374, -7.36823], [112.73362880000002, -7.368212199999959], [112.73349, -7.36819], [112.73267, -7.36811], [112.73190000000011, -7.36801], [112.73124710000002, -7.367926], [112.73089, -7.36788], [112.7299200000001, -7.36774], [112.72944, -7.36769], [112.72932, -7.36767], [112.729279, -7.367664099999956], [112.72918, -7.36765], [112.72766, -7.36743], [112.72727, -7.36738], [112.7272, -7.36745], [112.72715, -7.36755], [112.72708000000011, -7.36767], [112.7268600000001, -7.36799], [112.72657, -7.36846], [112.7264100000001, -7.36876], [112.7262300000001, -7.36916], [112.7261400000001, -7.36935], [112.72609000000011, -7.36945], [112.7260242000001, -7.369515799999931], [112.72586650000005, -7.370112], [112.72548290000009, -7.370113499999945], [112.725271, -7.370412099999953], [112.72515890000011, -7.370389099999954], [112.72460810000007, -7.370276499999932], [112.72391920000007, -7.370135499999947], [112.72386170000004, -7.370123699999965], [112.72382870000001, -7.370109299999967], [112.7237249000001, -7.370028899999966], [112.7231584000001, -7.369590599999981], [112.72309830000006, -7.369569099999978], [112.7224543000001, -7.369338099999936], [112.72136710000007, -7.36878059999998], [112.72130140000002, -7.368746899999962], [112.72019240000009, -7.368495899999971], [112.71989150000002, -7.368529299999977], [112.71979950000002, -7.36853949999994], [112.719596, -7.368562], [112.71956180000006, -7.368556], [112.71876450000002, -7.368416299999978], [112.71871050000004, -7.36801509999998], [112.7186987, -7.367927299999963], [112.71746340000004, -7.367773], [112.71643130000007, -7.36764409999995], [112.71634030000007, -7.367632699999945], [112.71614810000005, -7.367608699999948], [112.71614980000004, -7.368044499999939], [112.71591910000006, -7.368045399999971], [112.71525710000003, -7.368393399999945], [112.71508580000011, -7.368854699999929], [112.71508670000003, -7.36908509999995], [112.71482760000004, -7.369201199999964], [112.714783, -7.369351799999947], [112.71474260000002, -7.369488199999978], [112.71469680000007, -7.369642699999929], [112.71465680000006, -7.369777699999929], [112.71467130000008, -7.369799299999954], [112.71471480000002, -7.369863899999928], [112.7147278000001, -7.370001399999978], [112.71472930000004, -7.370016799999974], [112.71474, -7.370129799999972], [112.7147218, -7.370222699999943], [112.71464960000003, -7.370483], [112.7145772, -7.370710799999927], [112.714537, -7.37084909999993], [112.71449490000009, -7.370918], [112.71449470000005, -7.37092309999997], [112.71447280000007, -7.370982899999944], [112.71440240000004, -7.371165599999927], [112.7143933000001, -7.371198699999979], [112.71421070000008, -7.371492799999942], [112.71420200000011, -7.371506899999929], [112.71418810000011, -7.37156], [112.71383250000008, -7.372919099999933], [112.71381280000003, -7.373005699999965], [112.71349220000002, -7.374417499999936], [112.71293120000007, -7.377683299999944], [112.7129996000001, -7.377773599999955], [112.7130360000001, -7.377805099999932], [112.71324940000011, -7.377990099999977], [112.7133093000001, -7.377929799999947], [112.71346640000002, -7.377771799999948], [112.71402640000008, -7.377769599999965], [112.71576940000011, -7.377887199999975], [112.71695230000012, -7.378006899999946], [112.71709790000011, -7.378087], [112.71727620000001, -7.378085299999952], [112.717322, -7.378089299999942], [112.71736, -7.378092599999945], [112.71736780000003, -7.37814579999997], [112.7173553, -7.378201599999954], [112.717348, -7.378220499999941], [112.71728840000003, -7.378304399999934], [112.71714190000012, -7.378467299999954], [112.71705020000002, -7.378784699999926], [112.71703280000008, -7.378845199999944], [112.71702790000006, -7.379039899999952], [112.71702870000001, -7.379256399999974], [112.7171459000001, -7.379518899999937], [112.71724570000003, -7.379564399999936], [112.71727, -7.379557099999943], [112.71731480000005, -7.379571799999951], [112.71736310000006, -7.379587599999979], [112.71741920000011, -7.379583099999934], [112.71756440000001, -7.379571399999975], [112.71774220000009, -7.379477899999927], [112.71797420000007, -7.379376499999978], [112.71824470000001, -7.379236299999945], [112.71827420000011, -7.379229199999941], [112.71843420000005, -7.379191], [112.71850780000011, -7.379173399999956], [112.7189029000001, -7.379195099999947], [112.71935240000005, -7.379247499999963], [112.71971660000008, -7.379308], [112.71991710000009, -7.379313099999933], [112.7199773000001, -7.37931459999993]]] 
      }
    },
    {
      "type": "Feature",
      "properties": {
        "district_id": "3515160",
        "province": "Jawa Timur",
        "regency": "Sidoarjo",
        "district": "Taman",
        "pria": 101722,
        "wanita": 101412,
        "total_penduduk": 203134
      },
      "geometry": {
        "type": "Polygon",
        "coordinates": [[[112.69522620000009, -7.343413899999973], [112.69522450000011, -7.343414899999971], [112.69521040000006, -7.34342289999995], [112.6952073000001, -7.343424599999935], [112.6952056, -7.343425599999932], [112.69469440000012, -7.343579599999941], [112.69406150000009, -7.343825799999934], [112.69405870000003, -7.343826899999954], [112.69402130000003, -7.343841399999974], [112.69349060000002, -7.344047799999942], [112.69341520000012, -7.344077099999936], [112.69338980000009, -7.344087], [112.69270630000005, -7.344411199999968], [112.69268190000003, -7.344422799999961], [112.692414, -7.344549799999982], [112.6916801000001, -7.344898], [112.6916427000001, -7.344915699999945], [112.69163910000009, -7.344917099999975], [112.69152050000002, -7.34496409999997], [112.69147210000006, -7.344983299999967], [112.69101200000011, -7.34516549999995], [112.69023890000005, -7.345471699999962], [112.689921, -7.345565299999976], [112.68987780000009, -7.345578], [112.6894936000001, -7.345691], [112.68872150000004, -7.345918299999937], [112.68850320000001, -7.345982499999934], [112.68795770000008, -7.346143099999949], [112.68712430000005, -7.346323499999926], [112.68638990000011, -7.346482599999945], [112.68633380000006, -7.346494799999959], [112.68633260000001, -7.346495], [112.68563840000002, -7.346695699999941], [112.68535940000004, -7.346781599999929], [112.68524920000004, -7.346815499999934], [112.683792, -7.347264099999961], [112.6828339000001, -7.347633199999962], [112.68231360000004, -7.347833599999944], [112.6821337, -7.347919299999944], [112.68177180000009, -7.34814149999994], [112.68177020000007, -7.348142499999938], [112.68175930000007, -7.348149099999944], [112.6815583, -7.348270699999944], [112.681076, -7.34856259999998], [112.68030040000008, -7.349217199999941], [112.68001550000008, -7.349457599999937], [112.67954710000004, -7.349732599999925], [112.67928310000002, -7.349887699999954], [112.67927980000002, -7.349889599999926], [112.6792243000001, -7.34992219999998], [112.67859350000003, -7.350293399999941], [112.67835990000003, -7.35043079999997], [112.6783028000001, -7.350450099999932], [112.67773430000011, -7.350642], [112.67714880000005, -7.350813599999981], [112.6769306000001, -7.350877499999967], [112.67646780000007, -7.351013], [112.676357, -7.35103259999994], [112.67592760000002, -7.35110839999993], [112.67534840000008, -7.351210699999967], [112.67480460000002, -7.351306799999975], [112.67449840000006, -7.351326099999937], [112.6738289000001, -7.351368299999933], [112.6736896000001, -7.351377099999979], [112.67327110000008, -7.351403499999947], [112.6725507000001, -7.351383799999951], [112.67182930000001, -7.351364], [112.67182920000005, -7.351364], [112.67154850000009, -7.351356399999929], [112.67147310000007, -7.351354399999934], [112.671173, -7.351346399999954], [112.670667, -7.351301699999965], [112.6705985000001, -7.35129569999998], [112.66989130000002, -7.351233299999933], [112.66980280000007, -7.351213399999949], [112.66903680000007, -7.351040699999942], [112.66881560000002, -7.351039399999934], [112.66854640000008, -7.351037699999949], [112.66770170000007, -7.35103259999994], [112.6676503000001, -7.351041899999927], [112.66731750000008, -7.351102099999935], [112.66619870000011, -7.351304399999947], [112.66597740000009, -7.351337099999967], [112.66553490000001, -7.351402599999972], [112.66480680000006, -7.351431199999979], [112.66456920000007, -7.351440499999967], [112.66446680000001, -7.351444599999979], [112.66376490000005, -7.351404], [112.66363170000011, -7.351381799999956], [112.66314690000002, -7.351301], [112.66309120000005, -7.351322699999969], [112.66309050000007, -7.351316199999928], [112.66242490000002, -7.351342899999963], [112.66195440000001, -7.351779599999929], [112.66148010000006, -7.352334], [112.66097920000004, -7.352919399999962], [112.66091520000009, -7.352994199999955], [112.66078180000011, -7.353083], [112.65979760000005, -7.353587], [112.65962060000004, -7.353641399999958], [112.65953030000003, -7.353641699999969], [112.65899980000006, -7.353643699999964], [112.65836020000006, -7.354026], [112.65693660000011, -7.356088799999952], [112.65686590000007, -7.356191399999943], [112.65634340000008, -7.356820099999936], [112.6557491000001, -7.357535299999938], [112.6551578000001, -7.357951899999932], [112.65435060000004, -7.358520399999975], [112.65397180000002, -7.35900179999993], [112.6537743, -7.359762399999966], [112.65396030000011, -7.360387499999945], [112.65395790000002, -7.360454399999981], [112.65399550000006, -7.360478799999953], [112.65403160000005, -7.360502299999951], [112.65387580000004, -7.361472299999946], [112.65366140000003, -7.361860899999954], [112.65353280000011, -7.362098299999957], [112.65318760000002, -7.362099599999965], [112.65292650000004, -7.362077599999964], [112.65273590000004, -7.362061499999982], [112.65245360000006, -7.362037699999973], [112.6506161000001, -7.361139699999967], [112.64975290000007, -7.361121299999979], [112.64901960000009, -7.36121019999996], [112.64841600000011, -7.361384699999974], [112.64717360000009, -7.36185009999997], [112.64708, -7.361885099999938], [112.6460767000001, -7.361921199999927], [112.64547170000003, -7.361707899999942], [112.6447227000001, -7.361366199999964], [112.64378570000008, -7.36093859999994], [112.64264160000005, -7.360835099999974], [112.64240780000011, -7.360931199999925], [112.64205990000005, -7.361074199999962], [112.64110370000003, -7.362065399999949], [112.64072130000011, -7.362461799999949], [112.64066260000004, -7.362522699999943], [112.64027220000003, -7.36283], [112.6401677, -7.362912299999948], [112.63884910000002, -7.36346089999995], [112.638444, -7.363629499999945], [112.63779160000001, -7.363658799999939], [112.63583340000002, -7.363746799999944], [112.63552320000008, -7.363903], [112.63514410000005, -7.364094], [112.6337883000001, -7.36508989999993], [112.63247650000005, -7.366322599999933], [112.6323589000001, -7.366546299999925], [112.63232370000003, -7.366511399999979], [112.63232, -7.36651459999996], [112.632019, -7.366767299999935], [112.63156120000008, -7.367036699999971], [112.63117970000008, -7.367287], [112.63024130000008, -7.36778819999995], [112.6292304000001, -7.36801429999997], [112.62893670000005, -7.36808], [112.62847130000011, -7.368062799999961], [112.62816610000004, -7.36798749999997], [112.627304, -7.367760499999974], [112.6266399000001, -7.367479], [112.62631980000003, -7.367343299999959], [112.626225, -7.36728329999994], [112.62574760000007, -7.366981299999964], [112.62536010000008, -7.366830299999947], [112.62535850000006, -7.366829699999926], [112.62499990000003, -7.366806399999973], [112.62467950000007, -7.366904599999941], [112.62405390000004, -7.367179699999951], [112.62368, -7.367376199999967], [112.62339140000006, -7.36758], [112.62329090000003, -7.367650799999979], [112.62307730000009, -7.367846799999938], [112.62272640000003, -7.367965099999935], [112.62233730000003, -7.368005599999947], [112.62197870000011, -7.368007], [112.6215896000001, -7.368008499999974], [112.6212005000001, -7.367892599999948], [112.62062830000002, -7.367582699999957], [112.61996450000004, -7.367097199999932], [112.61935420000009, -7.36668949999995], [112.61871330000008, -7.366457799999978], [112.61824030000002, -7.366362], [112.61785120000002, -7.366422], [112.61741630000006, -7.366521199999966], [112.61675260000004, -7.366757699999937], [112.61638610000011, -7.366966499999933], [112.61582180000005, -7.367288], [112.6152724000001, -7.367719], [112.61495220000006, -7.367904399999929], [112.61529130000008, -7.368602099999976], [112.6153, -7.36862], [112.6153068000001, -7.368643899999938], [112.61532000000011, -7.36869], [112.61533, -7.36876], [112.61533470000006, -7.368810499999938], [112.61536, -7.36908], [112.61539, -7.36934], [112.61547, -7.37019], [112.61547590000009, -7.370271], [112.61550640000007, -7.370690899999943], [112.61551, -7.37074], [112.6155159000001, -7.370834], [112.61552, -7.3709], [112.61564, -7.3722], [112.61570230000007, -7.372191599999951], [112.6157333000001, -7.372187399999973], [112.61562820000006, -7.372765699999945], [112.615645, -7.372847599999943], [112.615704, -7.372849599999938], [112.6156803, -7.373179199999981], [112.61762870000007, -7.373401399999977], [112.617711, -7.374137399999938], [112.61773790000007, -7.374473499999965], [112.61774, -7.3745], [112.61775730000011, -7.374552], [112.61776060000011, -7.374581099999943], [112.61846530000003, -7.374247399999945], [112.61904890000005, -7.374340199999949], [112.61910000000012, -7.37435], [112.61925280000003, -7.374378599999943], [112.6192962, -7.374442099999953], [112.6193300000001, -7.3745], [112.619397, -7.374589299999968], [112.61959020000006, -7.374871599999949], [112.6198386000001, -7.375363199999981], [112.61978810000005, -7.37546489999994], [112.61962760000006, -7.375788499999942], [112.61956950000001, -7.376187699999946], [112.61964670000009, -7.37637419999993], [112.62089680000008, -7.376591399999938], [112.62089720000006, -7.376650599999948], [112.62182740000003, -7.376797799999963], [112.623644, -7.377129099999934], [112.62475690000008, -7.377204399999925], [112.6247763, -7.377216], [112.6249252, -7.377305199999967], [112.62500000000011, -7.37735], [112.62500000000011, -7.37746], [112.62503, -7.3792], [112.62504, -7.37936], [112.62504, -7.37949], [112.62523360000012, -7.379630799999973], [112.62553610000009, -7.379850799999929], [112.62556940000002, -7.379875], [112.6255900000001, -7.37989], [112.62583, -7.38002], [112.62686, -7.38059], [112.62731, -7.38084], [112.6274, -7.38091], [112.6274800000001, -7.38097], [112.628, -7.38135], [112.62807740000005, -7.381413099999975], [112.6280743000001, -7.381491199999971], [112.628042, -7.381516199999965], [112.62797260000002, -7.381578499999932], [112.627943, -7.381650599999944], [112.627901, -7.381717799999933], [112.62789040000007, -7.381724799999972], [112.62789120000002, -7.381731799999955], [112.62789170000008, -7.381736399999966], [112.62792720000004, -7.38205419999997], [112.6278565, -7.383317199999965], [112.62783910000007, -7.383627499999932], [112.62791530000004, -7.383926799999927], [112.6278526000001, -7.387316299999952], [112.63113540000006, -7.388147099999969], [112.6311932000001, -7.388166699999942], [112.63162650000004, -7.388313599999947], [112.63129190000006, -7.38912], [112.63118120000001, -7.389626], [112.63137270000004, -7.389684599999953], [112.63163140000006, -7.389763699999946], [112.6316663, -7.389774399999965], [112.63169170000003, -7.389800399999956], [112.63175590000003, -7.389822399999957], [112.63211120000005, -7.389944299999968], [112.632263, -7.389996399999973], [112.6323900000001, -7.39004], [112.63245, -7.39008], [112.63251, -7.38994], [112.63269, -7.38968], [112.63297000000011, -7.38927], [112.63308, -7.38912], [112.63312, -7.38905], [112.63325, -7.38882], [112.63377, -7.38791], [112.63405000000012, -7.38743], [112.63416140000004, -7.387235], [112.63421, -7.38715], [112.63421220000009, -7.387151499999959], [112.63439180000012, -7.387126299999977], [112.634668, -7.387018199999943], [112.63501010000004, -7.386881], [112.635146, -7.386818699999935], [112.63526120000006, -7.386702899999932], [112.63543420000008, -7.386623899999961], [112.6356277000001, -7.386474899999939], [112.63561510000011, -7.38641309999997], [112.635784, -7.386321899999928], [112.63622480000004, -7.386085399999956], [112.6364516000001, -7.386031], [112.636569, -7.386003599999981], [112.63658940000005, -7.386179499999969], [112.6367447, -7.386247799999978], [112.63674540000011, -7.386252399999933], [112.63675890000002, -7.386255299999959], [112.636952, -7.386297], [112.63701950000006, -7.386692299999936], [112.637155, -7.386709399999972], [112.63760480000008, -7.386766099999932], [112.63764220000007, -7.386812299999974], [112.63764270000001, -7.38694339999995], [112.637643, -7.387037], [112.63766240000007, -7.387205499999936], [112.63777590000007, -7.387467199999946], [112.63798330000009, -7.387766099999965], [112.63815260000001, -7.387729199999967], [112.63819, -7.38781], [112.63822, -7.38787], [112.63799570000003, -7.387860699999976], [112.63809480000009, -7.387986299999966], [112.63834230000009, -7.387960599999928], [112.63929380000002, -7.38786209999995], [112.64061230000004, -7.38759779999998], [112.6412716000001, -7.387495599999966], [112.64171870000007, -7.387406799999951], [112.64290970000002, -7.38717029999998], [112.64370880000001, -7.387027699999976], [112.64358790000006, -7.386768699999948], [112.64394620000007, -7.386348299999952], [112.64406350000002, -7.385418], [112.6440821000001, -7.385270099999957], [112.64439650000008, -7.385366899999951], [112.6444034000001, -7.385368099999937], [112.6444077000001, -7.385368899999946], [112.64454350000005, -7.385368399999948], [112.64464520000001, -7.385329199999944], [112.6447227000001, -7.385280499999965], [112.6447902000001, -7.38516409999994], [112.6451244000001, -7.385036899999932], [112.64571090000004, -7.384899099999927], [112.64575560000003, -7.385165299999926], [112.646381, -7.385071], [112.64639520000003, -7.384959599999945], [112.64643390000003, -7.384940099999938], [112.6464529000001, -7.384833499999957], [112.64701530000002, -7.384734499999979], [112.64710920000005, -7.384732], [112.6473999000001, -7.38458959999997], [112.64744, -7.38457], [112.64757, -7.38443], [112.64826, -7.38369], [112.64876, -7.38313], [112.64907, -7.38281], [112.64922, -7.38267], [112.64956, -7.3823], [112.64961, -7.38198], [112.64962390000005, -7.381875899999955], [112.64965, -7.38168], [112.64971, -7.38135], [112.64973670000006, -7.381300499999952], [112.64978, -7.38122], [112.6498, -7.381222899999955], [112.64992, -7.38124], [112.65006, -7.38125], [112.6501022000001, -7.381251199999951], [112.65031770000007, -7.380874499999948], [112.65037130000007, -7.380748299999937], [112.6505515, -7.38074759999995], [112.65060560000006, -7.380747399999962], [112.65103710000005, -7.380439899999942], [112.65125300000011, -7.380349199999955], [112.65150520000009, -7.38029419999998], [112.65256860000011, -7.380272299999945], [112.65310940000006, -7.380288299999961], [112.65375510000001, -7.380322399999955], [112.6541, -7.38032], [112.65432, -7.38035], [112.65433, -7.38045], [112.65432, -7.38083], [112.6542687000001, -7.381377199999974], [112.65426, -7.38147], [112.65424, -7.38213], [112.65422, -7.38351], [112.65421, -7.38366], [112.65419, -7.38385], [112.65418790000001, -7.383896399999969], [112.65414250000003, -7.384146199999975], [112.65409530000011, -7.384392899999966], [112.65842450000002, -7.384479299999953], [112.65862770000001, -7.384493199999952], [112.65862750000008, -7.384487599999943], [112.65862140000002, -7.384487499999977], [112.6585986, -7.384231099999965], [112.658559, -7.383813399999951], [112.65853790000006, -7.383253199999956], [112.65852830000006, -7.38322949999997], [112.65883380000002, -7.382255], [112.6588809000001, -7.382131399999935], [112.6589699000001, -7.381767899999943], [112.65917280000008, -7.381335099999944], [112.65919130000009, -7.381173599999954], [112.65919910000002, -7.380713], [112.65916670000001, -7.37967569999995], [112.65950410000005, -7.379617399999972], [112.6596389, -7.379616899999974], [112.65980850000005, -7.379616299999952], [112.66014160000009, -7.379648299999928], [112.6608556000001, -7.379807099999937], [112.66113130000008, -7.379834099999925], [112.661555, -7.379875699999957], [112.66211640000006, -7.379937699999971], [112.66266790000009, -7.37987389999995], [112.6627026000001, -7.379891099999952], [112.66276610000011, -7.379877299999976], [112.66312320000009, -7.380099899999948], [112.66371070000002, -7.380391499999973], [112.66396870000005, -7.380519599999957], [112.6644394000001, -7.38048219999996], [112.66446250000001, -7.380488699999944], [112.6646856000001, -7.380452699999978], [112.66499120000003, -7.380638899999951], [112.66518220000012, -7.380693099999974], [112.66545320000012, -7.380682599999943], [112.6659601, -7.380795199999966], [112.666256, -7.380834], [112.66632880000009, -7.380807499999946], [112.6666983, -7.380892], [112.667397, -7.380983499999957], [112.66812890000006, -7.381216199999926], [112.66830410000011, -7.381215599999962], [112.66848510000011, -7.38129559999993], [112.66857060000007, -7.381266799999935], [112.6686611, -7.381304499999942], [112.6687419000001, -7.381270899999947], [112.66882180000005, -7.381306799999948], [112.66884670000002, -7.381318], [112.66894180000008, -7.381310499999927], [112.66903230000003, -7.381362399999944], [112.669156, -7.381362], [112.66915620000009, -7.381367399999931], [112.66921560000003, -7.381324599999971], [112.66935940000008, -7.38135479999994], [112.66960060000008, -7.381389799999965], [112.66986770000005, -7.381486099999961], [112.67008830000009, -7.381490399999961], [112.6702375000001, -7.381587099999933], [112.67036940000003, -7.381553599999961], [112.67061230000002, -7.381609099999935], [112.67074560000003, -7.381667099999959], [112.6709763, -7.381615099999976], [112.6711001000001, -7.381569], [112.67119220000006, -7.381551899999977], [112.67119670000011, -7.381533099999956], [112.67143840000006, -7.380510699999945], [112.67168740000011, -7.380218499999955], [112.67164460000004, -7.379927399999929], [112.67181590000007, -7.378607399999964], [112.67204160000006, -7.378775099999928], [112.672049, -7.378779499999951], [112.67207360000009, -7.378745699999968], [112.672171, -7.378724799999929], [112.67223780000006, -7.378770699999961], [112.67229970000005, -7.378862599999934], [112.67238170000007, -7.378831599999955], [112.67249310000011, -7.378901799999937], [112.67264220000004, -7.378901199999973], [112.67266020000011, -7.378914899999927], [112.67276170000002, -7.378922299999942], [112.6729209, -7.378973], [112.67297380000002, -7.379008799999951], [112.67298540000002, -7.378985499999942], [112.67305670000007, -7.379065], [112.67311630000006, -7.379105399999958], [112.67317770000011, -7.379069299999969], [112.67324440000004, -7.379074199999934], [112.673296, -7.379150799999934], [112.67336790000002, -7.379176099999938], [112.67395320000003, -7.379296799999963], [112.6740148, -7.379301699999928], [112.67414320000012, -7.379357599999935], [112.67435410000007, -7.379411599999969], [112.67438470000002, -7.379417599999954], [112.67448710000008, -7.379407499999957], [112.67474390000007, -7.379491], [112.67484660000002, -7.379511099999945], [112.6748543000001, -7.379514699999959], [112.67495450000001, -7.379561899999942], [112.67498580000006, -7.379641299999946], [112.67515250000008, -7.379640599999959], [112.6754082000001, -7.379254599999967], [112.67577270000004, -7.379296], [112.67660760000001, -7.379036099999951], [112.6766321, -7.379038], [112.67688610000005, -7.379058], [112.67696350000006, -7.379057699999976], [112.6770742000001, -7.379072699999938], [112.67780990000006, -7.379130399999951], [112.67832810000004, -7.379163699999935], [112.67843040000002, -7.379170199999976], [112.67844990000003, -7.378815199999963], [112.67849230000002, -7.378686699999946], [112.6787002000001, -7.378729399999941], [112.678732, -7.378710499999954], [112.679117, -7.378770499999973], [112.67959430000008, -7.378830099999959], [112.67986130000008, -7.37889569999993], [112.68018, -7.379066099999932], [112.68044720000012, -7.379188], [112.68068320000009, -7.379182], [112.681093, -7.379026799999963], [112.68128780000006, -7.378995299999929], [112.68164210000009, -7.37909639999998], [112.68184710000003, -7.379039299999931], [112.68202670000005, -7.379054], [112.682059, -7.379059799999936], [112.68206, -7.37906], [112.68209790000003, -7.379033299999946], [112.6825, -7.37875], [112.6828, -7.37863], [112.68294, -7.37857], [112.68312, -7.37813], [112.68324, -7.37765], [112.6833, -7.37737], [112.68347, -7.37715], [112.68352, -7.37708], [112.6838, -7.3768], [112.68457, -7.37624], [112.68558, -7.37583], [112.68565, -7.37578], [112.68573, -7.37574], [112.68586410000012, -7.375611299999946], [112.6859028, -7.375574099999938], [112.68598, -7.3755], [112.68611, -7.37539], [112.68614990000003, -7.375376399999936], [112.68620420000002, -7.375357799999961], [112.68652, -7.37525], [112.68653870000003, -7.375247299999955], [112.6865365000001, -7.375251599999956], [112.68654070000002, -7.375247], [112.68687000000011, -7.3752], [112.68708760000004, -7.375238099999933], [112.68727, -7.37527], [112.6873266, -7.375277099999948], [112.68751, -7.3753], [112.68801, -7.37537], [112.68805370000007, -7.375372399999947], [112.68827880000003, -7.375384499999939], [112.68838, -7.37539], [112.68872040000008, -7.375380299999961], [112.68873, -7.37538], [112.68892, -7.37547], [112.68905590000008, -7.375534], [112.68915640000012, -7.375581299999965], [112.6892600000001, -7.37563], [112.68963, -7.37573], [112.69036, -7.37589], [112.69036, -7.37573], [112.69036, -7.37565], [112.69053, -7.37538], [112.6905766000001, -7.375291399999981], [112.69069960000002, -7.375057699999957], [112.69073, -7.375], [112.69105, -7.37428], [112.6912473000001, -7.373958799999969], [112.69135040000003, -7.373790799999938], [112.6914, -7.37371], [112.69194, -7.3728], [112.69248, -7.3719], [112.69267, -7.37158], [112.69322000000011, -7.37065], [112.6933, -7.37051], [112.69341, -7.37036], [112.69343980000008, -7.370330199999955], [112.69346, -7.37031], [112.69377, -7.37017], [112.69407, -7.37012], [112.69465, -7.3701], [112.6951600000001, -7.37012], [112.69613, -7.37015], [112.69718000000012, -7.3702], [112.69786310000006, -7.370214099999941], [112.69817350000005, -7.370290299999965], [112.69882830000006, -7.36988219999995], [112.69887990000007, -7.36985], [112.6995204000001, -7.36978019999998], [112.7004826000001, -7.369272399999943], [112.70049, -7.36927], [112.70049910000012, -7.369263699999976], [112.70093380000003, -7.36903419999993], [112.70125330000008, -7.368737599999974], [112.70137000000011, -7.36867], [112.70146570000009, -7.368615299999931], [112.70150850000005, -7.368609299999946], [112.70211210000002, -7.368524799999932], [112.70271280000009, -7.367761299999927], [112.70338730000003, -7.366904099999942], [112.70331080000005, -7.366872799999953], [112.70351330000005, -7.366826], [112.70367180000005, -7.366923399999962], [112.70380000000011, -7.36696], [112.70398000000012, -7.36707], [112.70427, -7.36721], [112.70459, -7.36733], [112.70464940000011, -7.367339899999934], [112.70475540000007, -7.367339499999957], [112.7048668000001, -7.367339099999981], [112.70502650000003, -7.36733849999996], [112.705188, -7.367337899999939], [112.70522740000001, -7.367376899999954], [112.7054485000001, -7.367596], [112.70522420000009, -7.369266699999969], [112.70500330000004, -7.369921899999952], [112.70465940000008, -7.370941699999946], [112.70450160000007, -7.371409599999936], [112.70436870000003, -7.371803599999964], [112.70452870000008, -7.372029899999973], [112.70457170000009, -7.372090799999967], [112.70477480000011, -7.372406699999942], [112.70474780000006, -7.372896199999957], [112.7049214000001, -7.373039499999948], [112.70488840000007, -7.373177299999952], [112.7046659, -7.374105799999938], [112.70421120000003, -7.375863799999934], [112.70401250000009, -7.376699499999972], [112.70387040000003, -7.377247099999977], [112.70390070000008, -7.377621199999965], [112.703913, -7.377620599999943], [112.7040958, -7.377611599999966], [112.70411960000001, -7.377723199999934], [112.70410590000006, -7.377930499999934], [112.70360360000006, -7.377898699999946], [112.7035790000001, -7.37857189999994], [112.70369950000008, -7.378741], [112.70369990000006, -7.378835199999969], [112.70378610000012, -7.378893399999981], [112.70373870000003, -7.379139499999951], [112.70373020000011, -7.379428699999949], [112.70370220000007, -7.379436], [112.70370230000003, -7.379455499999949], [112.7036031, -7.379461699999979], [112.7033153000001, -7.379536299999927], [112.70326320000004, -7.379796899999974], [112.70317680000005, -7.379927299999963], [112.70304640000006, -7.379927799999962], [112.70273740000005, -7.379919399999949], [112.70262150000008, -7.379934299999945], [112.70235290000005, -7.380102799999975], [112.70234690000007, -7.380094399999962], [112.7021995, -7.380018399999926], [112.70204660000002, -7.379992], [112.70187820000001, -7.38001909999997], [112.70169450000003, -7.380096299999934], [112.7013942000001, -7.380083199999945], [112.70099020000009, -7.379980399999965], [112.70097970000006, -7.379977699999927], [112.70097030000011, -7.379980899999964], [112.7007387000001, -7.380531], [112.70047580000005, -7.381155599999943], [112.7003949000001, -7.381483799999955], [112.70035560000008, -7.381595299999958], [112.70033870000009, -7.381643299999951], [112.70012350000002, -7.38210209999994], [112.70009430000005, -7.382164399999965], [112.70000040000002, -7.382372799999928], [112.69977790000007, -7.382832399999927], [112.69975520000003, -7.382907], [112.6997235, -7.382969099999968], [112.69970290000003, -7.383009499999957], [112.69969650000007, -7.38301869999998], [112.69969640000011, -7.383022299999936], [112.69957000000011, -7.38327], [112.69945, -7.38349], [112.69931720000011, -7.383749299999977], [112.69924, -7.3839], [112.69891, -7.38468], [112.69874080000011, -7.384927299999958], [112.69915320000007, -7.385058099999981], [112.70036140000002, -7.385441499999956], [112.7010120000001, -7.385647899999981], [112.70173520000003, -7.385891299999969], [112.70176660000004, -7.385893], [112.70178980000003, -7.385909699999957], [112.70180180000011, -7.385913799999969], [112.70181320000006, -7.385926599999948], [112.70196440000007, -7.386035499999934], [112.70222, -7.38619], [112.70222380000007, -7.38619209999996], [112.70244350000007, -7.386173399999961], [112.70260750000011, -7.386107199999969], [112.70281860000011, -7.386141499999951], [112.70289150000008, -7.386135299999978], [112.70295670000007, -7.386128799999938], [112.70305040000005, -7.386142], [112.70355970000003, -7.386213399999974], [112.70386140000005, -7.386311499999977], [112.70417550000002, -7.386397099999954], [112.7043652000001, -7.38643049999996], [112.70455040000002, -7.386476499999958], [112.70484950000002, -7.386502499999949], [112.70527760000004, -7.38454379999996], [112.705369, -7.384046499999954], [112.7054346000001, -7.384055399999966], [112.7055428000001, -7.38407019999994], [112.70570010000006, -7.384091699999942], [112.70591470000011, -7.384121], [112.7079754, -7.384402199999954], [112.70935410000004, -7.384590399999979], [112.70937730000003, -7.384562399999936], [112.70941190000008, -7.384566599999971], [112.7102665000001, -7.383727499999964], [112.71032280000009, -7.383676], [112.71037410000008, -7.383639899999935], [112.71041820000005, -7.383623899999975], [112.71063060000006, -7.383600799999954], [112.71131030000004, -7.383526699999948], [112.712109, -7.383220799999947], [112.71234220000008, -7.383181099999945], [112.71271580000007, -7.383179699999971], [112.71277150000003, -7.38317939999996], [112.71383030000004, -7.383392799999967], [112.71566730000006, -7.383696399999963], [112.715728, -7.383711299999959], [112.7160411000001, -7.383788099999947], [112.7161172000001, -7.383787899999959], [112.71625890000007, -7.383787299999938], [112.71616410000001, -7.383414899999934], [112.71625460000007, -7.38266909999993], [112.71634580000011, -7.382109599999978], [112.71661370000004, -7.38221539999995], [112.71663210000008, -7.382222599999977], [112.71664950000002, -7.382208099999957], [112.71744950000004, -7.382328099999938], [112.7177395000001, -7.382348099999945], [112.71809950000011, -7.38233809999997], [112.71859080000002, -7.382380499999954], [112.7186795, -7.382388099999957], [112.71899950000011, -7.38242809999997], [112.7190266, -7.382426099999975], [112.7191295, -7.382418099999938], [112.7192195, -7.382358099999976], [112.71928950000006, -7.382348099999945], [112.7193813, -7.382333599999981], [112.71922860000006, -7.382244399999934], [112.71918740000001, -7.382213799999931], [112.7191150000001, -7.382070499999941], [112.7191041000001, -7.381916699999977], [112.7192056, -7.381598399999973], [112.71930710000004, -7.381280099999969], [112.71933690000003, -7.381013399999972], [112.719347, -7.380982599999925], [112.71945810000011, -7.38049], [112.71972910000011, -7.380155599999966], [112.71984, -7.379632199999946], [112.7199773000001, -7.37931459999993], [112.71991710000009, -7.379313099999933], [112.71971660000008, -7.379308], [112.71935240000005, -7.379247499999963], [112.7189029000001, -7.379195099999947], [112.71850780000011, -7.379173399999956], [112.71843420000005, -7.379191], [112.71827420000011, -7.379229199999941], [112.71824470000001, -7.379236299999945], [112.71797420000007, -7.379376499999978], [112.71774220000009, -7.379477899999927], [112.71756440000001, -7.379571399999975], [112.71741920000011, -7.379583099999934], [112.71736310000006, -7.379587599999979], [112.71731480000005, -7.379571799999951], [112.71727, -7.379557099999943], [112.71724570000003, -7.379564399999936], [112.7171459000001, -7.379518899999937], [112.71702870000001, -7.379256399999974], [112.71702790000006, -7.379039899999952], [112.71703280000008, -7.378845199999944], [112.71705020000002, -7.378784699999926], [112.71714190000012, -7.378467299999954], [112.71728840000003, -7.378304399999934], [112.717348, -7.378220499999941], [112.7173553, -7.378201599999954], [112.71736780000003, -7.37814579999997], [112.71736, -7.378092599999945], [112.717322, -7.378089299999942], [112.71727620000001, -7.378085299999952], [112.71709790000011, -7.378087], [112.71695230000012, -7.378006899999946], [112.71576940000011, -7.377887199999975], [112.71402640000008, -7.377769599999965], [112.71346640000002, -7.377771799999948], [112.7133093000001, -7.377929799999947], [112.71324940000011, -7.377990099999977], [112.7130360000001, -7.377805099999932], [112.7129996000001, -7.377773599999955], [112.71293120000007, -7.377683299999944], [112.71349220000002, -7.374417499999936], [112.71381280000003, -7.373005699999965], [112.71383250000008, -7.372919099999933], [112.71418810000011, -7.37156], [112.71420200000011, -7.371506899999929], [112.71421070000008, -7.371492799999942], [112.7143933000001, -7.371198699999979], [112.71440240000004, -7.371165599999927], [112.71447280000007, -7.370982899999944], [112.71449470000005, -7.37092309999997], [112.71449490000009, -7.370918], [112.714537, -7.37084909999993], [112.7145772, -7.370710799999927], [112.71464960000003, -7.370483], [112.7147218, -7.370222699999943], [112.71474, -7.370129799999972], [112.71472930000004, -7.370016799999974], [112.7147278000001, -7.370001399999978], [112.71471480000002, -7.369863899999928], [112.71467130000008, -7.369799299999954], [112.71465680000006, -7.369777699999929], [112.71469680000007, -7.369642699999929], [112.71474260000002, -7.369488199999978], [112.714783, -7.369351799999947], [112.71482760000004, -7.369201199999964], [112.71508670000003, -7.36908509999995], [112.71508580000011, -7.368854699999929], [112.71525710000003, -7.368393399999945], [112.71591910000006, -7.368045399999971], [112.71614980000004, -7.368044499999939], [112.71614810000005, -7.367608699999948], [112.71614790000001, -7.367555099999947], [112.71613180000008, -7.367543499999954], [112.71601410000005, -7.367462099999955], [112.715899, -7.367382499999962], [112.71585870000001, -7.367354599999942], [112.71591220000005, -7.36679879999997], [112.71594190000008, -7.366490599999963], [112.71591150000006, -7.366087599999958], [112.7159104000001, -7.365791499999943], [112.71587320000003, -7.365746399999978], [112.71585870000001, -7.365728799999943], [112.71582450000005, -7.365726099999961], [112.71549410000011, -7.365727299999946], [112.71432320000008, -7.365987099999927], [112.7142242000001, -7.36595269999998], [112.71396040000002, -7.365860899999973], [112.71385870000006, -7.365567899999974], [112.71371440000007, -7.365152599999931], [112.713564, -7.364719599999944], [112.71346070000004, -7.364422099999956], [112.7134218000001, -7.364310099999955], [112.7133659000001, -7.364266], [112.71335880000004, -7.364169], [112.71274690000007, -7.36377779999998], [112.712464, -7.363554699999952], [112.71245190000002, -7.363545099999953], [112.7124172, -7.363567], [112.71223880000002, -7.36345289999997], [112.71161340000003, -7.363888699999961], [112.71127310000008, -7.361832499999934], [112.71126560000005, -7.361787499999934], [112.711069, -7.360653699999943], [112.71094130000006, -7.36067479999997], [112.71091, -7.36068], [112.7100766000001, -7.360720299999969], [112.70967, -7.36074], [112.70873680000011, -7.360827499999971], [112.70874170000002, -7.360804799999926], [112.70875120000005, -7.360760499999969], [112.70895790000009, -7.359795399999939], [112.7091405000001, -7.358942699999943], [112.70936870000003, -7.358927599999959], [112.70939270000008, -7.35893649999997], [112.709395, -7.358925899999974], [112.70949440000004, -7.358919299999968], [112.70954890000007, -7.358195199999955], [112.7095723000001, -7.358084], [112.70957350000003, -7.358078199999966], [112.709828, -7.358055199999967], [112.71006630000011, -7.358033599999942], [112.70999610000001, -7.357039799999939], [112.70981050000012, -7.356706], [112.70980650000001, -7.356671399999925], [112.70978810000008, -7.356511199999943], [112.70982730000003, -7.356001499999934], [112.70994870000004, -7.354423399999973], [112.709786, -7.354313599999955], [112.70930030000011, -7.353985699999953], [112.70927830000005, -7.353970899999979], [112.70923320000009, -7.353940399999942], [112.70920490000003, -7.353921299999968], [112.709397, -7.353215899999952], [112.7095, -7.35276], [112.7095945000001, -7.352293799999927], [112.70979000000011, -7.35133], [112.70982, -7.35117], [112.7098380000001, -7.351134], [112.70986770000002, -7.350889], [112.70986690000007, -7.350660799999957], [112.70986570000002, -7.350350399999968], [112.70988860000011, -7.350233899999978], [112.70989770000006, -7.350237099999958], [112.70999, -7.35027], [112.710431, -7.350399299999935], [112.71057, -7.35044], [112.71135, -7.3506], [112.71141510000007, -7.350616299999956], [112.71175, -7.3507], [112.71190960000001, -7.350739899999951], [112.71199630000001, -7.350696599999935], [112.71200460000011, -7.350692399999957], [112.712007, -7.350691199999972], [112.71200570000008, -7.350688699999978], [112.7119871000001, -7.350651899999946], [112.71198650000008, -7.35065069999996], [112.71196710000004, -7.350612499999954], [112.71197060000009, -7.350610699999947], [112.71200250000004, -7.350593799999956], [112.71201630000007, -7.350586499999963], [112.7120407000001, -7.350573599999962], [112.71220910000011, -7.350484399999971], [112.71226850000005, -7.350446199999965], [112.7124133000001, -7.350369299999954], [112.71242770000003, -7.350334099999941], [112.71251810000001, -7.350275899999929], [112.71273370000006, -7.350152499999979], [112.712746, -7.350059399999964], [112.71277670000006, -7.349761299999955], [112.71277870000006, -7.349742099999958], [112.71254930000009, -7.349578], [112.71255520000011, -7.349557799999957], [112.71257770000011, -7.349480399999948], [112.71275550000007, -7.34893569999997], [112.712756, -7.34893569999997], [112.71277420000001, -7.348935599999947], [112.71278490000009, -7.348936199999969], [112.71291150000002, -7.348943299999974], [112.71312010000008, -7.348955], [112.71320420000006, -7.348854499999959], [112.71321730000011, -7.348838799999953], [112.71341280000001, -7.348224399999935], [112.71342630000004, -7.348212799999942], [112.71344150000004, -7.348199799999975], [112.7135363000001, -7.348118599999964], [112.71353990000011, -7.34810479999993], [112.71370590000004, -7.347993299999928], [112.71370950000005, -7.347971199999961], [112.71371010000007, -7.347971099999938], [112.71371340000007, -7.347971099999938], [112.713778, -7.347924199999966], [112.71386740000003, -7.347545599999933], [112.71392380000009, -7.347364099999936], [112.71406790000003, -7.346932099999947], [112.7140700000001, -7.346925799999951], [112.71406490000004, -7.346920299999965], [112.71417080000003, -7.346811399999979], [112.714196, -7.346637699999974], [112.71417980000001, -7.346461599999941], [112.71417010000005, -7.346452899999974], [112.71417010000005, -7.346442699999955], [112.71416990000012, -7.34638949999993], [112.71416140000008, -7.346389199999976], [112.71413210000003, -7.346197599999925], [112.714169, -7.346166], [112.71416890000012, -7.346140099999957], [112.71423780000009, -7.346034], [112.71426010000005, -7.345998699999939], [112.71430930000008, -7.345949299999972], [112.71428340000011, -7.34521449999994], [112.71425370000009, -7.345213299999955], [112.71425310000006, -7.345213299999955], [112.71436430000006, -7.344942099999969], [112.7144846000001, -7.344772499999976], [112.71456990000001, -7.34465229999995], [112.71463620000009, -7.344559], [112.71464910000009, -7.344540699999925], [112.714547, -7.343846099999951], [112.71454620000009, -7.343840599999965], [112.7146318, -7.343754499999932], [112.71463160000008, -7.34368749999993], [112.71463150000011, -7.343668699999967], [112.71445940000001, -7.343612199999939], [112.71450220000008, -7.343554799999936], [112.71465930000011, -7.34345419999994], [112.71471470000006, -7.343347599999959], [112.71481570000003, -7.343153399999949], [112.715072, -7.342780699999935], [112.71524320000003, -7.342582], [112.715259, -7.342511699999932], [112.71526580000011, -7.342289099999959], [112.71524870000007, -7.342112199999974], [112.715248, -7.342104899999981], [112.715123, -7.341881099999966], [112.71513340000001, -7.341800399999954], [112.71513450000009, -7.34179249999994], [112.71514380000008, -7.34179], [112.7151828000001, -7.341779599999938], [112.71530490000009, -7.341746799999953], [112.7153353000001, -7.341738599999928], [112.71533560000012, -7.341738699999951], [112.71536480000009, -7.341746199999932], [112.71542250000005, -7.341761099999928], [112.71546490000003, -7.341772], [112.71547950000001, -7.341775799999937], [112.7156801000001, -7.341827499999965], [112.71568290000005, -7.341811], [112.71568290000005, -7.34161649999993], [112.71568840000009, -7.341448799999966], [112.71569050000005, -7.34138379999996], [112.71570080000004, -7.341307], [112.71572450000008, -7.341130299999975], [112.71577920000004, -7.341091199999937], [112.71584270000005, -7.341045899999926], [112.71588910000003, -7.340729899999928], [112.71593560000008, -7.340460499999949], [112.7160378000001, -7.340200299999935], [112.7160378000001, -7.340088799999933], [112.71609350000006, -7.339968], [112.71610110000006, -7.339933], [112.71568, -7.3398], [112.7151, -7.33964], [112.71484, -7.33957], [112.71463, -7.33951], [112.71388, -7.33928], [112.71373, -7.33923], [112.7135300000001, -7.33919], [112.7134400000001, -7.33917], [112.7134397000001, -7.339169899999945], [112.71311950000006, -7.339057099999934], [112.71311180000009, -7.339054399999952], [112.71289820000004, -7.338997699999936], [112.7121734000001, -7.338788299999976], [112.711647, -7.338604299999929], [112.71121970000002, -7.338480799999957], [112.7109756000001, -7.338396399999965], [112.71049490000007, -7.338299599999971], [112.71035760000007, -7.338236699999925], [112.71033360000001, -7.338226], [112.71027370000002, -7.338199499999973], [112.70996850000006, -7.338117399999931], [112.70973960000003, -7.338055], [112.70951840000009, -7.338007299999958], [112.7092513, -7.337929599999939], [112.70858110000006, -7.33771], [112.70852650000006, -7.33769209999997], [112.70811450000008, -7.337582899999973], [112.70803820000003, -7.337534799999958], [112.708023, -7.337470399999972], [112.708084, -7.337380699999926], [112.70810690000008, -7.337338699999975], [112.70810070000005, -7.337337899999966], [112.70793910000009, -7.337315399999966], [112.70753470000011, -7.33729059999996], [112.70726380000008, -7.337236699999949], [112.7070007000001, -7.337184299999933], [112.70631690000005, -7.336982199999966], [112.70587910000006, -7.33685289999994], [112.70566, -7.336765399999933], [112.70564260000003, -7.336758399999951], [112.70542140000009, -7.336625899999945], [112.70513630000005, -7.336441699999966], [112.70505520000006, -7.336389399999973], [112.70484150000004, -7.336256299999945], [112.70477760000006, -7.336216499999978], [112.70467470000006, -7.336152799999979], [112.7046600000001, -7.33617], [112.70461000000012, -7.33623], [112.70459470000003, -7.336248399999931], [112.70404240000005, -7.336809699999947], [112.70375810000007, -7.337098699999956], [112.70372850000001, -7.337128799999959], [112.70371240000009, -7.337145199999952], [112.70312110000009, -7.33766739999993], [112.702932, -7.337834399999963], [112.70261370000003, -7.338115499999958], [112.701126, -7.338939499999981], [112.70112180000001, -7.338941899999952], [112.70063440000001, -7.33922119999994], [112.7005385000001, -7.339276199999972], [112.69947470000011, -7.340348], [112.69946830000004, -7.340354399999967], [112.6992034000001, -7.340621299999952], [112.69914680000011, -7.340676599999938], [112.69914240000003, -7.340680899999938], [112.6983044000001, -7.341496499999948], [112.69829360000006, -7.341507], [112.69809390000012, -7.341701299999954], [112.69807430000003, -7.341720399999929], [112.69775490000006, -7.341941799999972], [112.69763480000006, -7.342025099999944], [112.6970672000001, -7.342418499999951], [112.69702240000004, -7.342442299999959], [112.69700300000011, -7.342452699999967], [112.69612460000008, -7.342920799999945], [112.6961179000001, -7.342924399999958], [112.69563290000008, -7.343182899999931], [112.69522920000009, -7.343412199999932], [112.69522620000009, -7.343413899999973]]] 
      }
    },
    {
      "type": "Feature",
      "properties": {
        "district_id": "3515170",
        "province": "Jawa Timur",
        "regency": "Sidoarjo",
        "district": "Krian",
        "pria": 67041,
        "wanita": 65770,
        "total_penduduk": 132811
      },
      "geometry": {
        "type": "Polygon",
        "coordinates": [[[112.60336970000003, -7.371058699999935], [112.60269920000007, -7.371005399999945], [112.6013259, -7.370898599999975], [112.60048670000003, -7.370846099999937], [112.60020070000007, -7.370883799999945], [112.60019680000005, -7.370884299999943], [112.59984580000003, -7.370960099999934], [112.59956350000004, -7.371044499999925], [112.59925840000005, -7.371157499999981], [112.59889210000006, -7.371326299999964], [112.59841910000011, -7.371634799999981], [112.59747310000012, -7.372029199999929], [112.5968246000001, -7.372170799999935], [112.59638070000005, -7.372172499999976], [112.59637820000012, -7.372172499999976], [112.5963210000001, -7.372172699999965], [112.595848, -7.372062599999936], [112.59548180000002, -7.372035799999935], [112.59492490000002, -7.371982399999979], [112.59453580000002, -7.372011499999928], [112.59383390000005, -7.372181299999966], [112.59329980000007, -7.372267099999931], [112.59271230000002, -7.372297099999969], [112.59255370000005, -7.372258099999954], [112.59237670000005, -7.37221459999995], [112.59156790000009, -7.371854699999972], [112.59123220000004, -7.371604799999943], [112.59094990000006, -7.371382599999947], [112.59077030000003, -7.371155399999964], [112.59075160000009, -7.371131799999944], [112.59071730000005, -7.371063499999934], [112.59058370000002, -7.370797499999981], [112.59041590000004, -7.370490899999936], [112.5900497, -7.370269099999973], [112.58959950000008, -7.37010319999996], [112.58892820000005, -7.370105599999931], [112.58864140000003, -7.370240199999955], [112.58850860000007, -7.37030249999998], [112.58825680000007, -7.370694], [112.5881194000001, -7.371169], [112.58821100000011, -7.371866599999976], [112.58826440000007, -7.372424399999943], [112.58833940000011, -7.37290059999998], [112.5883636000001, -7.373054599999932], [112.58840940000005, -7.37334519999996], [112.58848210000008, -7.374277199999938], [112.5885009000001, -7.37451729999998], [112.58844750000003, -7.374999899999978], [112.588272, -7.375601099999926], [112.58802020000007, -7.376153299999942], [112.58778370000005, -7.376578199999926], [112.58750910000003, -7.376939599999957], [112.58730580000008, -7.377184199999931], [112.5871734000001, -7.377343499999938], [112.58676900000012, -7.37768449999993], [112.58641050000006, -7.377961499999969], [112.58594510000012, -7.378196099999968], [112.58545680000009, -7.378452599999946], [112.58494560000008, -7.378751099999931], [112.58456410000008, -7.378943299999946], [112.58437340000012, -7.379156], [112.58403770000007, -7.379687599999954], [112.58382540000002, -7.380278199999964], [112.58382410000002, -7.380281799999977], [112.58378590000007, -7.38077009999995], [112.58378590000007, -7.381215], [112.58386990000008, -7.381638899999928], [112.5840224000001, -7.382041299999969], [112.58404530000007, -7.382380299999966], [112.58404530000007, -7.382719899999927], [112.5840323000001, -7.382759499999963], [112.58396140000002, -7.382974499999932], [112.58374780000008, -7.383208599999932], [112.5835571, -7.383378799999946], [112.58324940000011, -7.38346329999996], [112.58324420000008, -7.383464699999934], [112.5829467000001, -7.383466099999964], [112.58236180000006, -7.383403399999963], [112.5819854, -7.38336309999994], [112.58122250000008, -7.38332349999996], [112.580841, -7.383303499999954], [112.58035270000005, -7.38336929999997], [112.57981870000003, -7.383540499999981], [112.5793761000001, -7.383669199999929], [112.57913960000008, -7.383882399999948], [112.57897180000009, -7.384073599999965], [112.57881920000011, -7.384328699999969], [112.57881550000002, -7.384407099999976], [112.5788040000001, -7.384646799999928], [112.57882690000008, -7.385134599999958], [112.57878110000001, -7.385770599999944], [112.57870480000008, -7.386449699999957], [112.5785522000001, -7.386810599999933], [112.57834620000006, -7.387087199999939], [112.57834490000005, -7.387088299999959], [112.57820890000005, -7.387205899999969], [112.57820760000004, -7.387207099999955], [112.57813260000012, -7.387278899999956], [112.578104, -7.387290599999972], [112.57809650000002, -7.38729369999993], [112.57776640000009, -7.387428599999964], [112.57738490000008, -7.387535899999932], [112.5771102000001, -7.387602799999968], [112.5769424, -7.387643699999956], [112.5764071000001, -7.387737], [112.57632440000009, -7.387751399999956], [112.576004, -7.387840099999949], [112.575859, -7.387880699999926], [112.57560730000012, -7.387987499999952], [112.57534780000003, -7.388158199999964], [112.57505030000004, -7.38837129999996], [112.57475280000006, -7.388584], [112.57452390000003, -7.388903], [112.57437130000005, -7.389243], [112.5742034000001, -7.389646399999947], [112.57405850000009, -7.390007399999945], [112.57397450000008, -7.390325899999937], [112.57380670000009, -7.390581], [112.57348630000001, -7.390921399999968], [112.57315280000012, -7.391184899999928], [112.57308190000003, -7.391240899999957], [112.5726165000001, -7.391560399999946], [112.57204430000002, -7.391880899999933], [112.5718154000001, -7.391987699999959], [112.57167730000003, -7.39196069999997], [112.57153990000006, -7.391933799999947], [112.571439, -7.391998199999932], [112.57139470000004, -7.392026399999963], [112.57122260000006, -7.392038499999956], [112.57105030000002, -7.392004699999973], [112.57077420000007, -7.391822399999967], [112.57059040000001, -7.391765699999951], [112.57041740000011, -7.391548599999965], [112.5703363, -7.391319799999962], [112.57033530000001, -7.391033299999947], [112.570323, -7.390815699999962], [112.57033330000002, -7.390471899999966], [112.5703684, -7.390070099999946], [112.5703658000001, -7.390062199999932], [112.57034290000001, -7.38985], [112.57030480000003, -7.389486599999941], [112.570259, -7.389088499999957], [112.57016750000003, -7.388372799999956], [112.57006830000012, -7.388047099999937], [112.57001490000005, -7.387979399999949], [112.56989280000005, -7.387868699999956], [112.5697173000001, -7.387771499999928], [112.56945790000009, -7.387666099999933], [112.56942740000011, -7.387654199999929], [112.56923670000003, -7.387612199999978], [112.569107, -7.387605], [112.56891630000007, -7.387626], [112.56845120000003, -7.38772419999998], [112.56838980000009, -7.387737099999981], [112.5683504000001, -7.38774959999995], [112.5680645000001, -7.388291399999957], [112.56776810000008, -7.388865399999929], [112.56746150000004, -7.389806], [112.56746250000003, -7.390081], [112.56757830000004, -7.390389899999946], [112.567579, -7.390584699999977], [112.56762650000007, -7.391019899999947], [112.5676042, -7.391214799999943], [112.56752440000002, -7.391364], [112.56730690000006, -7.391525199999933], [112.56728440000006, -7.391674199999954], [112.56730830000004, -7.391937699999971], [112.567356, -7.392441699999949], [112.56739630000004, -7.393057499999941], [112.56754300000011, -7.393401899999958], [112.56755950000002, -7.393487799999946], [112.56767060000004, -7.394065], [112.5677184000001, -7.394313199999942], [112.56776420000006, -7.394991699999935], [112.5678329000001, -7.395861], [112.56781, -7.396369799999945], [112.56776420000006, -7.396582], [112.56759640000007, -7.396922], [112.5673471, -7.397259], [112.56735, -7.39726], [112.56738260000009, -7.397271399999966], [112.5670804, -7.397483399999942], [112.56677380000008, -7.397738499999946], [112.56628680000006, -7.397930699999961], [112.56604190000007, -7.397967799999947], [112.56624140000008, -7.400711099999967], [112.56640650000008, -7.402981499999953], [112.56639140000004, -7.402980399999933], [112.56612, -7.40296], [112.56593, -7.40296], [112.56571, -7.40307], [112.56551, -7.40322], [112.56521, -7.40352], [112.56493000000012, -7.40385], [112.56469, -7.40412], [112.56438, -7.40428], [112.56401490000007, -7.404422499999953], [112.56397, -7.40444], [112.56314, -7.40459], [112.56179, -7.40466], [112.56034000000011, -7.40468], [112.55898, -7.40471], [112.5588179, -7.404688399999941], [112.55853, -7.40465], [112.55808, -7.40461], [112.55786, -7.40465], [112.55784340000002, -7.404654299999947], [112.55763, -7.40471], [112.5576311000001, -7.404714099999978], [112.55766, -7.40482], [112.55772, -7.40522], [112.55787, -7.40626], [112.55798, -7.40677], [112.557992, -7.406861399999968], [112.55799350000007, -7.40687319999995], [112.55822, -7.4086], [112.55831, -7.4093], [112.55838, -7.40971], [112.55840530000012, -7.409752099999935], [112.55841, -7.40976], [112.55852, -7.41002], [112.5586234000001, -7.410317199999952], [112.55868, -7.41048], [112.55875, -7.41073], [112.55878, -7.41078], [112.5588, -7.41086], [112.55904, -7.41078], [112.55925, -7.4106], [112.55944000000011, -7.41035], [112.5597, -7.41006], [112.55986, -7.40989], [112.55990440000005, -7.409872699999937], [112.56004, -7.40982], [112.5601, -7.40991], [112.56034000000011, -7.41047], [112.56034380000006, -7.410479099999975], [112.56070870000008, -7.410329199999978], [112.56090920000008, -7.410228299999972], [112.56098060000011, -7.410127799999941], [112.56132490000005, -7.410126599999955], [112.56172650000008, -7.410067899999945], [112.56198350000011, -7.41003029999996], [112.56202760000008, -7.410023799999976], [112.56215670000006, -7.410023399999943], [112.56251530000009, -7.409979199999952], [112.56274470000005, -7.409935399999938], [112.56310330000008, -7.409905499999979], [112.5636482000001, -7.409832], [112.56425, -7.409600699999942], [112.56434890000003, -7.409584299999949], [112.56478060000006, -7.409512899999982], [112.56489510000006, -7.409440899999936], [112.56512470000007, -7.409440099999927], [112.56542600000012, -7.409439], [112.565957, -7.409480099999939], [112.56601080000007, -7.409491099999968], [112.56657440000004, -7.409606799999949], [112.56690450000008, -7.40962], [112.5674355000001, -7.409675399999969], [112.56799510000008, -7.409687799999972], [112.56848250000007, -7.40957149999997], [112.56917050000004, -7.409368499999971], [112.5694132000001, -7.409296299999937], [112.56965780000007, -7.409223599999962], [112.57016520000002, -7.408968099999981], [112.57019150000008, -7.408954899999969], [112.570325, -7.408985199999961], [112.57039, -7.409], [112.5706100000001, -7.40897], [112.57093820000011, -7.408916799999929], [112.57098, -7.40891], [112.57117, -7.4089], [112.57143, -7.40893], [112.571533, -7.408962799999927], [112.57165, -7.409], [112.5719626, -7.409107199999937], [112.57200000000012, -7.40912], [112.57221, -7.40918], [112.57253, -7.40924], [112.57275, -7.40919], [112.57298, -7.40907], [112.5731300000001, -7.40894], [112.57327, -7.40885], [112.57344, -7.40877], [112.57345630000009, -7.408766899999932], [112.5736, -7.40874], [112.57375, -7.40876], [112.57387, -7.40883], [112.574, -7.40898], [112.57417, -7.40918], [112.57425560000001, -7.409201399999972], [112.57433, -7.40922], [112.57446, -7.4092], [112.57455, -7.40918], [112.57462, -7.40914], [112.57476, -7.40904], [112.57485, -7.40898], [112.57493000000011, -7.40892], [112.5750660000001, -7.408794099999966], [112.57515380000007, -7.409050399999956], [112.57529750000003, -7.409581899999978], [112.57541980000008, -7.410034199999927], [112.57508990000008, -7.410012499999937], [112.57473310000012, -7.409996599999943], [112.57459870000002, -7.41056059999994], [112.57454020000011, -7.410591699999941], [112.574501, -7.410814899999934], [112.5744932, -7.411095699999976], [112.5744112000001, -7.411240199999952], [112.5744853000001, -7.411361499999941], [112.57448480000005, -7.411366599999951], [112.57444910000004, -7.411738199999945], [112.57437230000005, -7.412916399999972], [112.57437610000011, -7.413420099999939], [112.57440710000003, -7.41755859999995], [112.57533310000008, -7.417899299999931], [112.57534580000004, -7.417903899999942], [112.57612940000001, -7.418184599999961], [112.57627470000011, -7.418236599999943], [112.57660520000002, -7.418417499999975], [112.576569, -7.418591699999979], [112.57685150000009, -7.418633799999952], [112.57676, -7.41898], [112.57669550000003, -7.419262299999957], [112.57669550000003, -7.419262499999945], [112.5766949, -7.419262299999957], [112.57667, -7.41937], [112.57663, -7.41946], [112.5766, -7.41958], [112.57653, -7.41977], [112.57638970000005, -7.420175399999948], [112.57626, -7.42055], [112.57618, -7.42085], [112.5761367, -7.421019799999954], [112.57606, -7.42132], [112.57603, -7.42143], [112.57581, -7.42215], [112.57572, -7.42244], [112.57571220000011, -7.422479199999941], [112.57569, -7.42259], [112.5754, -7.42257], [112.57504, -7.42254], [112.57461, -7.42251], [112.57444, -7.42249], [112.57372, -7.42245], [112.57265, -7.42235], [112.5725900000001, -7.42233], [112.57252, -7.42233], [112.57184, -7.42228], [112.57141560000002, -7.422167899999977], [112.57141550000006, -7.422167499999944], [112.57141560000002, -7.422212399999978], [112.57137080000007, -7.422193199999981], [112.57133320000003, -7.425641399999961], [112.57132810000007, -7.42651619999998], [112.57132780000006, -7.426569799999982], [112.57125610000003, -7.427664], [112.57121260000008, -7.428328599999929], [112.5707705000001, -7.429280099999971], [112.570392, -7.430002099999967], [112.57038840000007, -7.430009], [112.57038390000002, -7.430035499999974], [112.5703655000001, -7.430142599999954], [112.57015530000001, -7.431372299999964], [112.57016390000001, -7.431449699999973], [112.5702394000001, -7.431795399999942], [112.57021940000004, -7.431885399999942], [112.57019070000001, -7.432013899999959], [112.570166, -7.43232949999998], [112.57015520000004, -7.432467], [112.57022620000009, -7.432709799999941], [112.57029340000008, -7.433039], [112.57057760000009, -7.433161799999937], [112.57059680000009, -7.43316539999995], [112.57095720000007, -7.433231499999977], [112.5714319000001, -7.43331859999995], [112.5721254, -7.433424199999934], [112.572381, -7.433463199999949], [112.57332980000001, -7.433530799999971], [112.57373310000003, -7.433576699999946], [112.57385810000005, -7.433589799999936], [112.5739364000001, -7.433597899999938], [112.5739526000001, -7.43359959999998], [112.57445050000001, -7.433591899999954], [112.57484180000006, -7.43359049999998], [112.57515610000007, -7.433607199999926], [112.57538140000008, -7.433600499999955], [112.5755593, -7.433629399999973], [112.57563080000011, -7.433706099999938], [112.57566140000006, -7.433996], [112.57577490000006, -7.434214499999939], [112.57581770000002, -7.434587199999953], [112.57587120000005, -7.436297299999978], [112.57587810000007, -7.436301199999946], [112.57606730000009, -7.436409], [112.57608120000009, -7.436581099999955], [112.57714650000003, -7.436757099999966], [112.57904460000009, -7.437070499999948], [112.57912650000003, -7.436783899999966], [112.57914320000009, -7.436752699999943], [112.5792808000001, -7.436496099999943], [112.57935320000001, -7.436302], [112.5801881000001, -7.433729899999946], [112.58029720000002, -7.433702599999947], [112.580403, -7.433320599999945], [112.580549, -7.433275699999967], [112.58071390000009, -7.433225], [112.58091070000012, -7.433164499999975], [112.58101910000005, -7.433220399999925], [112.58103710000012, -7.433236], [112.5810662, -7.433247], [112.58111110000004, -7.433302599999934], [112.58112230000006, -7.433313699999928], [112.58114130000001, -7.433334399999978], [112.58120140000005, -7.43312149999997], [112.581427, -7.433277], [112.58176120000007, -7.433251899999959], [112.58211870000002, -7.43306], [112.58230990000004, -7.433107], [112.5825254, -7.433273], [112.5826770000001, -7.433423199999936], [112.58271710000008, -7.433463099999926], [112.58277870000006, -7.433546199999967], [112.5829811000001, -7.433819599999936], [112.58331550000003, -7.433842299999981], [112.58355430000006, -7.433841399999949], [112.5838887000001, -7.433864099999937], [112.58405630000004, -7.433982699999945], [112.5841051000001, -7.434292399999947], [112.58429740000008, -7.434625399999959], [112.58429810000007, -7.434816099999978], [112.58429840000008, -7.434911399999976], [112.58437050000009, -7.435030299999937], [112.58441870000001, -7.435149299999978], [112.584706, -7.43536279999995], [112.58511240000007, -7.435504399999957], [112.58537580000007, -7.435694099999978], [112.5853767000001, -7.43595629999993], [112.58530610000003, -7.436242599999957], [112.58515150000005, -7.436424], [112.58514650000006, -7.436446599999954], [112.58504240000002, -7.436702399999945], [112.5849316, -7.436855699999967], [112.58504690000007, -7.437197], [112.58523890000004, -7.437482299999942], [112.585573, -7.437409599999967], [112.58612190000008, -7.437312299999974], [112.58640960000002, -7.437621099999944], [112.58724640000003, -7.437904199999934], [112.58766, -7.437869699999965], [112.58773940000003, -7.437863], [112.58784320000007, -7.437854399999935], [112.5883344, -7.434992299999976], [112.58849910000004, -7.434314599999936], [112.58874030000004, -7.433524899999952], [112.58876880000003, -7.433431699999971], [112.58914780000009, -7.432106799999929], [112.58955150000008, -7.430355099999929], [112.58962310000004, -7.430044499999951], [112.58977120000009, -7.429196399999967], [112.58993220000002, -7.428811199999927], [112.58999050000011, -7.428729099999941], [112.59024870000007, -7.428246299999955], [112.59025510000004, -7.428234499999974], [112.59036640000011, -7.428191499999969], [112.59039480000001, -7.428215699999953], [112.59042770000008, -7.428243799999962], [112.5905021000001, -7.42807369999997], [112.59056410000005, -7.42793219999993], [112.59091300000011, -7.427542399999936], [112.59139920000007, -7.427443499999981], [112.59186620000003, -7.427403], [112.59212050000008, -7.426842399999941], [112.59243230000004, -7.426155], [112.59246320000011, -7.426086899999973], [112.59248420000006, -7.426040799999953], [112.59454830000004, -7.426324799999975], [112.59478780000006, -7.424924399999952], [112.59479440000007, -7.42488579999997], [112.59484210000005, -7.424894799999947], [112.59487, -7.4249], [112.59521, -7.42495], [112.59565, -7.42508], [112.59679270000004, -7.425432099999966], [112.59737, -7.42561], [112.59788170000002, -7.425746899999979], [112.59808, -7.4258], [112.59810290000007, -7.425662399999965], [112.5981038000001, -7.425657199999932], [112.59813, -7.4255], [112.59823, -7.4249], [112.59826, -7.42479], [112.59835, -7.42435], [112.59838, -7.42421], [112.59848000000011, -7.42383], [112.59851, -7.42371], [112.59863, -7.42322], [112.59866000000011, -7.42311], [112.5991, -7.42323], [112.6002, -7.42347], [112.60132740000006, -7.42370829999993], [112.60143, -7.42373], [112.60144, -7.42365], [112.60149, -7.42345], [112.6015900000001, -7.42286], [112.6018600000001, -7.42106], [112.60212, -7.42105], [112.60253000000012, -7.42108], [112.6028500000001, -7.42111], [112.60266, -7.4195], [112.60265, -7.41936], [112.60261, -7.41907], [112.60257, -7.41888], [112.60254, -7.41882], [112.60379000000012, -7.41886], [112.60514, -7.41889], [112.60575, -7.41891], [112.60651, -7.41893], [112.60754, -7.41893], [112.60870000000011, -7.41896], [112.60923, -7.41895], [112.60999, -7.41898], [112.61031, -7.41905], [112.6103700000001, -7.41905], [112.61039, -7.41857], [112.61042, -7.41826], [112.61051, -7.41786], [112.61052, -7.41734], [112.61059000000012, -7.41699], [112.61071, -7.41614], [112.61077000000012, -7.41596], [112.61095000000012, -7.41571], [112.61102, -7.41571], [112.61137, -7.41579], [112.61224, -7.41593], [112.6123500000001, -7.41595], [112.61318, -7.41611], [112.613193, -7.416112399999975], [112.6132129, -7.415991099999928], [112.6132960000001, -7.415486899999962], [112.6135938000001, -7.413679599999966], [112.61374460000002, -7.412556], [112.614002, -7.410873799999933], [112.61310090000006, -7.410486599999956], [112.612944, -7.41037], [112.6129807000001, -7.409725499999979], [112.61297580000007, -7.409693699999934], [112.61292060000005, -7.409335299999952], [112.61276270000008, -7.408925799999963], [112.6126637000001, -7.408594199999925], [112.612578, -7.408408], [112.61257090000004, -7.408368199999927], [112.61266220000005, -7.408184199999937], [112.6126885000001, -7.408038599999941], [112.61278850000008, -7.407948099999942], [112.6127868000001, -7.407494699999972], [112.61283770000011, -7.407213099999979], [112.61288, -7.40722], [112.61293680000006, -7.407217699999933], [112.6129429, -7.407125599999972], [112.61302540000008, -7.405879], [112.61317740000004, -7.404648299999963], [112.61348380000004, -7.402831399999968], [112.61354330000006, -7.40261449999997], [112.61382820000006, -7.402559199999928], [112.61630710000009, -7.402854299999944], [112.61634850000007, -7.402859299999932], [112.616366, -7.402861299999927], [112.61654070000009, -7.402882099999943], [112.61654940000005, -7.402892899999927], [112.6177609, -7.404393399999947], [112.618637, -7.404494299999953], [112.61988760000008, -7.404638299999931], [112.61989160000007, -7.40459], [112.62000880000005, -7.403172699999971], [112.6229528, -7.403491], [112.62295070000005, -7.403468299999929], [112.62295, -7.40346], [112.62311000000011, -7.40309], [112.62324, -7.40282], [112.62358, -7.40248], [112.6239, -7.40223], [112.62427, -7.40214], [112.62456, -7.40216], [112.62487130000011, -7.402097699999956], [112.62501, -7.40207], [112.62521, -7.40221], [112.62529, -7.40225], [112.6253, -7.40215], [112.62530420000007, -7.402122199999951], [112.6253345, -7.40192159999998], [112.62538, -7.40162], [112.6254, -7.40132], [112.62540700000011, -7.401226799999961], [112.62543, -7.40092], [112.62543, -7.40085], [112.62543, -7.40079], [112.62548, -7.39985], [112.62555, -7.39902], [112.62560130000008, -7.398411199999941], [112.62563000000011, -7.39807], [112.62567, -7.39744], [112.6256800000001, -7.39738], [112.625688, -7.397267899999974], [112.62569, -7.39724], [112.6257, -7.39704], [112.62569, -7.39692], [112.62566, -7.39685], [112.62557, -7.39671], [112.62551, -7.39647], [112.625501, -7.396420399999954], [112.62549780000006, -7.396402699999953], [112.62549, -7.39636], [112.62549, -7.39616], [112.62548790000005, -7.396157099999925], [112.6252300000001, -7.395917699999927], [112.625072, -7.39566009999993], [112.62514320000002, -7.395333899999969], [112.62525720000008, -7.395252], [112.62525810000011, -7.395249299999932], [112.62531720000004, -7.395206299999927], [112.62552640000001, -7.39511129999994], [112.62579290000008, -7.395024], [112.6260009, -7.394903099999965], [112.62621640000009, -7.394826299999977], [112.62640030000011, -7.394666399999949], [112.62640840000006, -7.394584699999939], [112.6264225000001, -7.394461899999953], [112.626419, -7.394346399999961], [112.6264235000001, -7.394156], [112.62646780000011, -7.394073099999957], [112.62673, -7.39409], [112.6269400000001, -7.39413], [112.62724, -7.39418], [112.62734750000004, -7.394167399999958], [112.6273943000001, -7.394161799999949], [112.62758, -7.39414], [112.62792, -7.3941], [112.62819, -7.39409], [112.62846, -7.39418], [112.62884, -7.39426], [112.62896, -7.39425], [112.62907, -7.39423], [112.62961, -7.39415], [112.63021, -7.39405], [112.63028610000003, -7.394037], [112.63068, -7.39397], [112.63069, -7.39389], [112.63068, -7.39382], [112.63062, -7.39363], [112.63063000000011, -7.39352], [112.63068, -7.39345], [112.63087, -7.39328], [112.63135000000011, -7.39294], [112.63204, -7.39233], [112.6322, -7.39201], [112.63233, -7.39169], [112.63234650000004, -7.391629399999943], [112.6323900000001, -7.39147], [112.63246, -7.39128], [112.6324800000001, -7.3911], [112.63248460000011, -7.391070299999967], [112.6325, -7.39097], [112.63247, -7.39063], [112.63243000000011, -7.39048], [112.6324, -7.39027], [112.63242, -7.39014], [112.63245, -7.39008], [112.6323900000001, -7.39004], [112.632263, -7.389996399999973], [112.63211120000005, -7.389944299999968], [112.63175590000003, -7.389822399999957], [112.63169170000003, -7.389800399999956], [112.6316663, -7.389774399999965], [112.63163140000006, -7.389763699999946], [112.63137270000004, -7.389684599999953], [112.63118120000001, -7.389626], [112.63129190000006, -7.38912], [112.63162650000004, -7.388313599999947], [112.6311932000001, -7.388166699999942], [112.63113540000006, -7.388147099999969], [112.6278526000001, -7.387316299999952], [112.62791530000004, -7.383926799999927], [112.62783910000007, -7.383627499999932], [112.6278565, -7.383317199999965], [112.62792720000004, -7.38205419999997], [112.62789170000008, -7.381736399999966], [112.62789120000002, -7.381731799999955], [112.62789040000007, -7.381724799999972], [112.627901, -7.381717799999933], [112.627943, -7.381650599999944], [112.62797260000002, -7.381578499999932], [112.628042, -7.381516199999965], [112.6280743000001, -7.381491199999971], [112.62807740000005, -7.381413099999975], [112.628, -7.38135], [112.6274800000001, -7.38097], [112.6274, -7.38091], [112.62731, -7.38084], [112.62686, -7.38059], [112.62583, -7.38002], [112.6255900000001, -7.37989], [112.62556940000002, -7.379875], [112.62553610000009, -7.379850799999929], [112.62523360000012, -7.379630799999973], [112.62504, -7.37949], [112.62504, -7.37936], [112.62503, -7.3792], [112.62500000000011, -7.37746], [112.62500000000011, -7.37735], [112.6249252, -7.377305199999967], [112.6247763, -7.377216], [112.62475690000008, -7.377204399999925], [112.623644, -7.377129099999934], [112.62182740000003, -7.376797799999963], [112.62089720000006, -7.376650599999948], [112.62089680000008, -7.376591399999938], [112.61964670000009, -7.37637419999993], [112.61956950000001, -7.376187699999946], [112.61962760000006, -7.375788499999942], [112.61978810000005, -7.37546489999994], [112.6198386000001, -7.375363199999981], [112.61959020000006, -7.374871599999949], [112.619397, -7.374589299999968], [112.6193300000001, -7.3745], [112.6192962, -7.374442099999953], [112.61925280000003, -7.374378599999943], [112.61910000000012, -7.37435], [112.61904890000005, -7.374340199999949], [112.61846530000003, -7.374247399999945], [112.61776060000011, -7.374581099999943], [112.61775730000011, -7.374552], [112.61774, -7.3745], [112.61773790000007, -7.374473499999965], [112.617711, -7.374137399999938], [112.61762870000007, -7.373401399999977], [112.6156803, -7.373179199999981], [112.615704, -7.372849599999938], [112.615645, -7.372847599999943], [112.61562820000006, -7.372765699999945], [112.6157333000001, -7.372187399999973], [112.61570230000007, -7.372191599999951], [112.61564, -7.3722], [112.61552, -7.3709], [112.6155159000001, -7.370834], [112.61551, -7.37074], [112.61550640000007, -7.370690899999943], [112.61547590000009, -7.370271], [112.61547, -7.37019], [112.61539, -7.36934], [112.61536, -7.36908], [112.61533470000006, -7.368810499999938], [112.61533, -7.36876], [112.61532000000011, -7.36869], [112.6153068000001, -7.368643899999938], [112.6153, -7.36862], [112.61529130000008, -7.368602099999976], [112.61495220000006, -7.367904399999929], [112.614952, -7.367904499999952], [112.61463920000006, -7.368087599999967], [112.61399830000005, -7.368397099999981], [112.6131286000001, -7.368735199999946], [112.61198420000005, -7.368851], [112.61111440000002, -7.368909699999961], [112.610527, -7.369023699999957], [112.60971820000009, -7.369193899999971], [112.608406, -7.369589599999927], [112.60739890000002, -7.369900099999938], [112.60721650000005, -7.369959699999981], [112.60627740000007, -7.370266799999968], [112.605606, -7.370576199999959], [112.60493460000009, -7.370829899999933], [112.6042404000001, -7.370972], [112.60337060000006, -7.371058799999958], [112.60336970000003, -7.371058699999935]]] 
      }
    },
    {
      "type": "Feature",
      "properties": {
        "district_id": "3515180",
        "province": "Jawa Timur",
        "regency": "Sidoarjo",
        "district": "Balong Bendo",
        "pria": 37691,
        "wanita": 36709,
        "total_penduduk": 74400
      },
      "geometry": {
        "type": "Polygon",
        "coordinates": [[[112.49180020000006, -7.410288499999979], [112.49179870000012, -7.410288599999944], [112.491798, -7.410289], [112.491211, -7.410128], [112.49085410000009, -7.409985099999972], [112.49018860000001, -7.409719299999949], [112.4898832, -7.40963789999995], [112.48941370000011, -7.409512899999982], [112.488914, -7.40938], [112.48871310000004, -7.409335], [112.48859960000004, -7.40930979999996], [112.48835520000011, -7.409255499999972], [112.487686, -7.409107], [112.48691510000003, -7.409053399999948], [112.48627470000008, -7.40900929999998], [112.48529380000002, -7.409183599999949], [112.48506160000011, -7.40922489999997], [112.4841689000001, -7.409756499999958], [112.48372270000004, -7.410143399999981], [112.48351280000009, -7.410325399999977], [112.4830932000001, -7.410874699999965], [112.483093, -7.410875], [112.483003, -7.41104], [112.4828298000001, -7.411283], [112.482943, -7.411557], [112.482999, -7.411743], [112.483041, -7.411874], [112.48312, -7.412164], [112.48315800000012, -7.412555], [112.483171, -7.412979], [112.48318, -7.4134], [112.483145, -7.41386], [112.483187, -7.414281], [112.483345, -7.414678], [112.48347080000008, -7.41497709999993], [112.483472, -7.41498], [112.4835326000001, -7.415188299999954], [112.4836044000001, -7.41543379999996], [112.483629, -7.415657], [112.48372640000002, -7.41654], [112.48354330000006, -7.417044499999975], [112.482996, -7.417664599999966], [112.4828338000001, -7.417848399999968], [112.482281, -7.418816699999979], [112.48228, -7.418819], [112.48221600000011, -7.418931], [112.481743, -7.419301], [112.480904, -7.419564], [112.48090360000003, -7.419564099999945], [112.48080070000003, -7.419578699999931], [112.480087, -7.41968], [112.479544, -7.419815], [112.47921620000011, -7.419947499999978], [112.4788665000001, -7.42019739999995], [112.4781799000001, -7.420982199999969], [112.4778649000001, -7.421270099999958], [112.4775542000001, -7.421554], [112.47728820000009, -7.421693499999947], [112.4769897000001, -7.421850099999972], [112.47626090000006, -7.422296599999981], [112.47625, -7.422304], [112.476214, -7.42233], [112.47483380000006, -7.423327799999981], [112.474824, -7.423335], [112.474166, -7.423806], [112.473816, -7.424147], [112.47359580000011, -7.424709899999925], [112.473595, -7.424712], [112.47359440000002, -7.424714399999971], [112.47354120000011, -7.425386299999957], [112.4736785, -7.426352399999928], [112.47375480000005, -7.426626099999964], [112.47375540000007, -7.426628199999925], [112.47389220000002, -7.427099099999964], [112.473957, -7.427380199999959], [112.47406760000001, -7.427860099999975], [112.47397610000007, -7.42844139999994], [112.47395510000001, -7.428469399999926], [112.47391930000003, -7.428517199999931], [112.47389580000004, -7.428548399999954], [112.47347250000007, -7.429113299999926], [112.47205350000002, -7.429886199999942], [112.47162010000011, -7.430030199999976], [112.47165, -7.43013], [112.471651, -7.430133499999954], [112.47167, -7.4302], [112.4717, -7.43029], [112.47171, -7.43037], [112.47175, -7.43079], [112.47179, -7.43102], [112.47176, -7.43119], [112.47187520000011, -7.431156099999953], [112.47187560000009, -7.431267199999979], [112.4721588000001, -7.431235699999945], [112.47324590000005, -7.431148], [112.47424150000006, -7.43116], [112.47535220000009, -7.431271], [112.47582680000005, -7.431215899999927], [112.47603360000005, -7.431222899999966], [112.476424, -7.431191], [112.47684490000006, -7.431097899999941], [112.477373, -7.431012], [112.47789130000001, -7.430967199999941], [112.4779175000001, -7.430964899999935], [112.47792410000011, -7.430964299999971], [112.47792360000005, -7.430965199999946], [112.47789300000011, -7.431012299999963], [112.4778583000001, -7.431065799999942], [112.483942, -7.431207599999937], [112.48395, -7.431123099999979], [112.48419560000002, -7.431127599999968], [112.4842298000001, -7.43113429999994], [112.48421420000011, -7.431241499999942], [112.48414620000005, -7.431708699999945], [112.4842599000001, -7.431737799999951], [112.48709970000004, -7.432558399999948], [112.48714840000002, -7.432596499999931], [112.48720880000008, -7.432589899999925], [112.48888430000011, -7.433074], [112.4890028000001, -7.433073599999943], [112.48914140000011, -7.433181599999955], [112.48926, -7.433191099999931], [112.48947740000006, -7.433219899999926], [112.489596, -7.433239299999968], [112.48976430000005, -7.433347099999935], [112.48994240000002, -7.433425399999976], [112.49028830000009, -7.433473599999957], [112.4904365000001, -7.433482899999944], [112.4905946, -7.433521799999937], [112.49083220000011, -7.43366889999993], [112.49103, -7.433747099999948], [112.49108940000008, -7.433776499999965], [112.4912045000001, -7.433880199999976], [112.49149580000005, -7.433691199999942], [112.49141, -7.43327], [112.4913600000001, -7.43293], [112.49144, -7.43274], [112.49152, -7.43247], [112.49149000000011, -7.43219], [112.49168050000003, -7.431930199999954], [112.49168860000009, -7.431501899999944], [112.49163080000005, -7.431330799999955], [112.49178250000011, -7.431082899999979], [112.49173, -7.43075], [112.49182850000011, -7.430597499999976], [112.49192340000002, -7.430444899999941], [112.49193, -7.43024], [112.4919033000001, -7.43015], [112.49185060000002, -7.430102599999941], [112.4938, -7.43038], [112.49404740000011, -7.430436199999974], [112.49406810000005, -7.430440899999951], [112.4940610000001, -7.43053459999993], [112.4941927000001, -7.430570499999931], [112.49412, -7.43087], [112.49407, -7.43097], [112.49394, -7.43114], [112.49366, -7.43155], [112.4936100000001, -7.43176], [112.49356000000012, -7.43245], [112.49356000000012, -7.43251], [112.49354, -7.43326], [112.49353680000002, -7.433587899999964], [112.49654, -7.43403], [112.49685000000011, -7.43406], [112.49711, -7.43405], [112.49727150000001, -7.434089699999959], [112.49748650000004, -7.434098], [112.49770690000003, -7.43410659999995], [112.49811740000007, -7.434028699999942], [112.49876940000001, -7.433745], [112.49890540000001, -7.434075], [112.4991533000001, -7.433951699999966], [112.49961370000005, -7.433771699999966], [112.50026570000011, -7.433516699999927], [112.5005139000001, -7.433419599999979], [112.50062, -7.43337809999997], [112.50062060000005, -7.433389899999952], [112.5006294000001, -7.433553099999926], [112.50076150000007, -7.43350769999995], [112.50077220000003, -7.434241899999961], [112.50222280000003, -7.434499399999936], [112.50220550000006, -7.434617299999957], [112.50235740000005, -7.43464419999998], [112.50229180000008, -7.434958499999937], [112.50223440000002, -7.435386699999981], [112.50306450000005, -7.435589], [112.50306060000003, -7.435617599999944], [112.50317120000011, -7.435640599999942], [112.50306060000003, -7.43676389999996], [112.50297360000002, -7.437681599999962], [112.50413490000005, -7.437941199999955], [112.50541720000001, -7.43816819999995], [112.50708880000002, -7.438549899999941], [112.5090758, -7.43904589999994], [112.509293, -7.439094499999953], [112.50964520000002, -7.436864], [112.50970560000007, -7.436481299999969], [112.5101883000001, -7.433424], [112.51044610000008, -7.431877499999928], [112.510454, -7.431821599999978], [112.5105105, -7.431426399999964], [112.51089710000008, -7.42875209999994], [112.51133, -7.42612], [112.51207000000011, -7.42588], [112.5123, -7.42574], [112.51263, -7.42559], [112.51271, -7.42564], [112.51302, -7.42588], [112.51313, -7.42592], [112.51326, -7.42597], [112.5135, -7.42603], [112.51364, -7.42602], [112.5138, -7.42594], [112.51406, -7.42583], [112.51429, -7.42579], [112.51445, -7.42579], [112.51466, -7.42587], [112.51477000000011, -7.42591], [112.5149100000001, -7.42595], [112.51507, -7.42597], [112.51534, -7.42593], [112.5156, -7.42583], [112.51586, -7.42576], [112.51592, -7.42576], [112.51604, -7.42577], [112.51652, -7.42585], [112.51679290000004, -7.425842499999931], [112.5169002, -7.425757699999963], [112.5171458000001, -7.425657199999932], [112.51738410000007, -7.42565639999998], [112.51761470000008, -7.425678599999969], [112.51767980000011, -7.424651499999925], [112.51768460000005, -7.424575499999946], [112.51768760000004, -7.424527599999976], [112.51831040000002, -7.424594499999955], [112.51850220000006, -7.424501799999973], [112.51870960000008, -7.424462699999935], [112.5189888000001, -7.424473599999942], [112.5190708, -7.424476799999979], [112.51923990000012, -7.424476299999981], [112.51938630000006, -7.424583199999972], [112.51967040000011, -7.424513099999956], [112.51984750000008, -7.424596899999926], [112.51997030000007, -7.424550499999953], [112.52032390000011, -7.42455689999997], [112.52060060000008, -7.424571299999968], [112.52087030000007, -7.424792899999943], [112.5213324, -7.425067499999955], [112.5215399000001, -7.425043799999969], [112.52199260000009, -7.425155099999927], [112.5220031, -7.425156499999957], [112.52246950000006, -7.424963799999944], [112.52268490000006, -7.42501679999998], [112.52285440000003, -7.425139], [112.52306980000003, -7.425184299999955], [112.52330570000004, -7.425242299999979], [112.52330560000007, -7.425242599999933], [112.52331190000007, -7.425244299999974], [112.523312, -7.425243799999976], [112.52331590000006, -7.425244799999973], [112.52331590000006, -7.425244699999951], [112.52359980000006, -7.425339899999926], [112.5239001000001, -7.425479799999948], [112.52399, -7.425619799999936], [112.52406030000009, -7.425860799999953], [112.5241046000001, -7.425997099999961], [112.5242, -7.42629], [112.52446960000009, -7.426619599999981], [112.52446970000005, -7.426619599999981], [112.52447, -7.42662], [112.52467, -7.42675], [112.52488260000007, -7.426888399999939], [112.52490000000012, -7.4269], [112.52518420000001, -7.42714239999998], [112.52524, -7.42719], [112.52526780000005, -7.427235099999962], [112.52532, -7.42732], [112.52544060000002, -7.427524099999971], [112.52543910000009, -7.42753], [112.52573510000002, -7.427790699999946], [112.526285, -7.427985199999966], [112.52661280000007, -7.427967699999954], [112.52685950000011, -7.428171499999962], [112.5270895000001, -7.428318], [112.52737690000004, -7.428447899999981], [112.5276639000001, -7.428487799999971], [112.52786, -7.42846], [112.5281917000001, -7.428678], [112.5283376000001, -7.428902799999946], [112.52869030000011, -7.428967099999966], [112.52889540000001, -7.428990899999974], [112.52914140000007, -7.42901459999996], [112.52956040000004, -7.429291399999954], [112.52987240000004, -7.429429399999947], [112.530209, -7.429567399999939], [112.53064410000002, -7.429737699999976], [112.5308821000001, -7.429826899999966], [112.5312024000001, -7.429989499999976], [112.53154720000009, -7.430135599999971], [112.53193310000006, -7.430306099999939], [112.53227420000007, -7.430280599999946], [112.53227730000003, -7.430280299999936], [112.53251480000006, -7.430214], [112.532728, -7.430221499999959], [112.5330891000001, -7.430326599999944], [112.53328150000004, -7.430342799999949], [112.53335650000008, -7.430349099999944], [112.53355650000003, -7.43036589999997], [112.53381900000011, -7.430422299999975], [112.53410620000011, -7.430494899999928], [112.53443410000011, -7.430502], [112.534828, -7.430615199999977], [112.53503300000011, -7.430614499999933], [112.53527070000007, -7.430613699999981], [112.535525, -7.430653699999937], [112.53607450000004, -7.43073359999994], [112.53655040000001, -7.430846499999973], [112.53679620000003, -7.430821099999946], [112.53733760000011, -7.430925599999966], [112.53773130000002, -7.430989699999941], [112.53806750000001, -7.431013099999973], [112.538371, -7.431061199999931], [112.53878920000011, -7.431092399999955], [112.53925690000005, -7.431197199999929], [112.5396012000001, -7.431220599999961], [112.53999520000002, -7.43134189999995], [112.54036410000003, -7.431357], [112.54070890000003, -7.431486699999937], [112.54111060000002, -7.431485299999963], [112.54138120000005, -7.431525299999976], [112.54153810000003, -7.431535199999928], [112.54175020000002, -7.431548599999928], [112.5419700000001, -7.43124], [112.54205740000009, -7.431211699999949], [112.54212570000004, -7.431106099999965], [112.54224150000005, -7.431031899999937], [112.54259380000008, -7.430677799999955], [112.54265150000003, -7.43057749999997], [112.54285, -7.43049], [112.54301, -7.43056], [112.5431, -7.4304], [112.54316, -7.43032], [112.54325, -7.43031], [112.54332000000011, -7.43053], [112.54338040000005, -7.430769899999973], [112.543372, -7.430928699999981], [112.54339, -7.43105], [112.54359000000011, -7.43096], [112.54389, -7.4308], [112.54401, -7.4308], [112.54486, -7.43099], [112.544933, -7.43108049999995], [112.54491750000011, -7.431175399999972], [112.5447, -7.43138], [112.54463, -7.43177], [112.54466, -7.4319], [112.54472, -7.43197], [112.54484, -7.432], [112.54521000000011, -7.43211], [112.54523, -7.43219], [112.54528, -7.43258], [112.54535, -7.43263], [112.54545, -7.43264], [112.54553, -7.43259], [112.5456, -7.43248], [112.54588, -7.43197], [112.54602000000011, -7.4319], [112.5461, -7.43198], [112.54614, -7.43212], [112.54624, -7.43243], [112.54633, -7.43254], [112.54639, -7.43253], [112.54651, -7.43248], [112.54677, -7.43227], [112.54692000000011, -7.43219], [112.54714, -7.43215], [112.54728000000011, -7.4322], [112.5476900000001, -7.4324], [112.54786, -7.43248], [112.54812, -7.43259], [112.54821, -7.43258], [112.54825, -7.43252], [112.54828, -7.43236], [112.54825, -7.43224], [112.54817, -7.43197], [112.5482300000001, -7.43191], [112.5483, -7.43189], [112.54837, -7.43194], [112.54848, -7.4321], [112.54871, -7.43237], [112.54901, -7.43217], [112.54938, -7.43188], [112.54946, -7.43192], [112.54993, -7.43222], [112.55013, -7.43227], [112.55061, -7.43231], [112.55078770000011, -7.432282799999939], [112.55079480000006, -7.432264499999974], [112.550807, -7.43216], [112.55081, -7.43192], [112.55081730000006, -7.431814199999963], [112.5508271000001, -7.431738099999961], [112.55086, -7.43171], [112.55088460000002, -7.431752199999949], [112.55089920000012, -7.431806699999981], [112.55092830000001, -7.431922799999938], [112.55097400000011, -7.432263099999943], [112.55099810000002, -7.432466799999929], [112.5510521000001, -7.432924599999978], [112.55107210000006, -7.433208199999967], [112.55113930000005, -7.43438029999993], [112.55118650000009, -7.435224699999935], [112.55126610000002, -7.436407699999961], [112.5512682000001, -7.436439], [112.55127510000011, -7.43654209999994], [112.55127560000005, -7.436548499999958], [112.55261510000003, -7.43674859999993], [112.55286790000002, -7.436784599999953], [112.55289130000006, -7.436787899999956], [112.55292530000008, -7.436782199999925], [112.55448020000006, -7.437066899999934], [112.55492150000009, -7.437125399999957], [112.55532260000007, -7.437154], [112.55571440000006, -7.437392799999941], [112.5565865000001, -7.437369699999977], [112.55708980000009, -7.437422599999934], [112.5576410000001, -7.437572], [112.55814080000005, -7.436436299999968], [112.55849790000002, -7.435764799999959], [112.55869990000008, -7.435427599999969], [112.559145, -7.435401399999932], [112.55961620000005, -7.435427599999969], [112.56015280000008, -7.436147499999947], [112.56049320000011, -7.436566399999947], [112.56057210000006, -7.436599399999977], [112.56065750000005, -7.436635199999955], [112.56092190000004, -7.436530399999981], [112.56116740000004, -7.436406799999929], [112.5614604000001, -7.436339699999962], [112.56177590000004, -7.436566399999947], [112.56201150000004, -7.436788899999954], [112.5622949000001, -7.436959899999977], [112.56279690000008, -7.436932799999965], [112.56301370000006, -7.436929], [112.56326950000005, -7.437050799999952], [112.56344060000004, -7.437295699999936], [112.56377860000009, -7.437495699999943], [112.56445320000012, -7.437433799999951], [112.56464410000001, -7.437451899999928], [112.56464470000003, -7.437450199999944], [112.56489590000001, -7.43672289999995], [112.56511920000003, -7.436057499999947], [112.5651332000001, -7.436015699999928], [112.56609340000011, -7.434272499999963], [112.56684750000011, -7.432896899999946], [112.56713030000003, -7.43240469999995], [112.56774170000006, -7.432525], [112.5677439000001, -7.43251609999993], [112.56804190000003, -7.431330199999934], [112.56839960000002, -7.430406], [112.56862060000003, -7.430377399999941], [112.56966920000002, -7.430405399999927], [112.56982240000002, -7.430536699999948], [112.56989750000002, -7.430775299999937], [112.57006330000002, -7.430997099999956], [112.57013410000002, -7.431182099999944], [112.57015530000001, -7.431372299999964], [112.5703655000001, -7.430142599999954], [112.57038390000002, -7.430035499999974], [112.57038840000007, -7.430009], [112.570392, -7.430002099999967], [112.5707705000001, -7.429280099999971], [112.57121260000008, -7.428328599999929], [112.57125610000003, -7.427664], [112.57132780000006, -7.426569799999982], [112.57132810000007, -7.42651619999998], [112.57133320000003, -7.425641399999961], [112.57137080000007, -7.422193199999981], [112.57141560000002, -7.422212399999978], [112.57141550000006, -7.422167499999944], [112.57141560000002, -7.422167899999977], [112.57184, -7.42228], [112.57252, -7.42233], [112.5725900000001, -7.42233], [112.57265, -7.42235], [112.57372, -7.42245], [112.57444, -7.42249], [112.57461, -7.42251], [112.57504, -7.42254], [112.5754, -7.42257], [112.57569, -7.42259], [112.57571220000011, -7.422479199999941], [112.57572, -7.42244], [112.57581, -7.42215], [112.57603, -7.42143], [112.57606, -7.42132], [112.5761367, -7.421019799999954], [112.57618, -7.42085], [112.57626, -7.42055], [112.57638970000005, -7.420175399999948], [112.57653, -7.41977], [112.5766, -7.41958], [112.57663, -7.41946], [112.57667, -7.41937], [112.5766949, -7.419262299999957], [112.57669550000003, -7.419262499999945], [112.57669550000003, -7.419262299999957], [112.57676, -7.41898], [112.57685150000009, -7.418633799999952], [112.576569, -7.418591699999979], [112.57660520000002, -7.418417499999975], [112.57627470000011, -7.418236599999943], [112.57612940000001, -7.418184599999961], [112.57534580000004, -7.417903899999942], [112.57533310000008, -7.417899299999931], [112.57440710000003, -7.41755859999995], [112.57437610000011, -7.413420099999939], [112.57437230000005, -7.412916399999972], [112.57444910000004, -7.411738199999945], [112.57448480000005, -7.411366599999951], [112.5744853000001, -7.411361499999941], [112.5744112000001, -7.411240199999952], [112.5744932, -7.411095699999976], [112.574501, -7.410814899999934], [112.57454020000011, -7.410591699999941], [112.57459870000002, -7.41056059999994], [112.57473310000012, -7.409996599999943], [112.57508990000008, -7.410012499999937], [112.57541980000008, -7.410034199999927], [112.57529750000003, -7.409581899999978], [112.57515380000007, -7.409050399999956], [112.5750660000001, -7.408794099999966], [112.57493000000011, -7.40892], [112.57485, -7.40898], [112.57476, -7.40904], [112.57462, -7.40914], [112.57455, -7.40918], [112.57446, -7.4092], [112.57433, -7.40922], [112.57425560000001, -7.409201399999972], [112.57417, -7.40918], [112.574, -7.40898], [112.57387, -7.40883], [112.57375, -7.40876], [112.5736, -7.40874], [112.57345630000009, -7.408766899999932], [112.57344, -7.40877], [112.57327, -7.40885], [112.5731300000001, -7.40894], [112.57298, -7.40907], [112.57275, -7.40919], [112.57253, -7.40924], [112.57221, -7.40918], [112.57200000000012, -7.40912], [112.5719626, -7.409107199999937], [112.57165, -7.409], [112.571533, -7.408962799999927], [112.57143, -7.40893], [112.57117, -7.4089], [112.57098, -7.40891], [112.57093820000011, -7.408916799999929], [112.5706100000001, -7.40897], [112.57039, -7.409], [112.570325, -7.408985199999961], [112.57019150000008, -7.408954899999969], [112.57016520000002, -7.408968099999981], [112.56965780000007, -7.409223599999962], [112.5694132000001, -7.409296299999937], [112.56917050000004, -7.409368499999971], [112.56848250000007, -7.40957149999997], [112.56799510000008, -7.409687799999972], [112.5674355000001, -7.409675399999969], [112.56690450000008, -7.40962], [112.56657440000004, -7.409606799999949], [112.56601080000007, -7.409491099999968], [112.565957, -7.409480099999939], [112.56542600000012, -7.409439], [112.56512470000007, -7.409440099999927], [112.56489510000006, -7.409440899999936], [112.56478060000006, -7.409512899999982], [112.56434890000003, -7.409584299999949], [112.56425, -7.409600699999942], [112.5636482000001, -7.409832], [112.56310330000008, -7.409905499999979], [112.56274470000005, -7.409935399999938], [112.56251530000009, -7.409979199999952], [112.56215670000006, -7.410023399999943], [112.56202760000008, -7.410023799999976], [112.56198350000011, -7.41003029999996], [112.56172650000008, -7.410067899999945], [112.56132490000005, -7.410126599999955], [112.56098060000011, -7.410127799999941], [112.56090920000008, -7.410228299999972], [112.56070870000008, -7.410329199999978], [112.56034380000006, -7.410479099999975], [112.56034000000011, -7.41047], [112.5601, -7.40991], [112.56004, -7.40982], [112.55990440000005, -7.409872699999937], [112.55986, -7.40989], [112.5597, -7.41006], [112.55944000000011, -7.41035], [112.55925, -7.4106], [112.55904, -7.41078], [112.5588, -7.41086], [112.55878, -7.41078], [112.55875, -7.41073], [112.55868, -7.41048], [112.5586234000001, -7.410317199999952], [112.55852, -7.41002], [112.55841, -7.40976], [112.55840530000012, -7.409752099999935], [112.55838, -7.40971], [112.55831, -7.4093], [112.55822, -7.4086], [112.55799350000007, -7.40687319999995], [112.557992, -7.406861399999968], [112.55798, -7.40677], [112.55787, -7.40626], [112.55772, -7.40522], [112.55766, -7.40482], [112.5576311000001, -7.404714099999978], [112.55763, -7.40471], [112.55784340000002, -7.404654299999947], [112.55786, -7.40465], [112.55808, -7.40461], [112.55853, -7.40465], [112.5588179, -7.404688399999941], [112.55898, -7.40471], [112.56034000000011, -7.40468], [112.56179, -7.40466], [112.56314, -7.40459], [112.56397, -7.40444], [112.56401490000007, -7.404422499999953], [112.56438, -7.40428], [112.56469, -7.40412], [112.56493000000012, -7.40385], [112.56521, -7.40352], [112.56551, -7.40322], [112.56571, -7.40307], [112.56593, -7.40296], [112.56612, -7.40296], [112.56639140000004, -7.402980399999933], [112.56640650000008, -7.402981499999953], [112.56624140000008, -7.400711099999967], [112.56604190000007, -7.397967799999947], [112.56600070000002, -7.397974099999942], [112.56581720000008, -7.398041499999977], [112.56460950000007, -7.398326099999963], [112.56398190000004, -7.39838629999997], [112.563253, -7.398456299999964], [112.56182150000006, -7.398687099999961], [112.56157360000009, -7.398834499999964], [112.5612698000001, -7.399015099999929], [112.55988960000002, -7.399546699999973], [112.55863390000002, -7.399751799999933], [112.5574769000001, -7.399454799999944], [112.55713220000007, -7.399441099999933], [112.55689880000011, -7.39943169999998], [112.55627070000003, -7.399459], [112.55531660000008, -7.399688099999935], [112.55516640000008, -7.399839099999951], [112.55481510000004, -7.399990899999978], [112.55480360000001, -7.399994399999969], [112.55431310000006, -7.40014309999998], [112.55355980000002, -7.400321399999939], [112.55290660000003, -7.400373799999954], [112.55232880000005, -7.400400899999966], [112.5520778, -7.400502099999926], [112.55162630000007, -7.400729499999954], [112.551401, -7.400990799999931], [112.551301, -7.401106899999945], [112.551126, -7.401383399999929], [112.5504519000001, -7.40264], [112.55020520000005, -7.40281], [112.54909820000012, -7.403572799999949], [112.5480692000001, -7.403952699999934], [112.54540720000011, -7.404438599999935], [112.54447820000007, -7.404642499999966], [112.543448, -7.404671099999973], [112.5428346000001, -7.40446129999998], [112.54282120000005, -7.404457299999933], [112.54260760000011, -7.405433699999946], [112.54257980000011, -7.405561099999943], [112.54257650000011, -7.405566299999975], [112.5425196000001, -7.405789699999957], [112.54248360000008, -7.405951799999968], [112.54074860000003, -7.405334], [112.5397339000001, -7.405232], [112.5381546000001, -7.405073199999947], [112.53545380000003, -7.40550369999994], [112.53345490000004, -7.405866099999969], [112.53068540000004, -7.406185599999958], [112.52882390000002, -7.405435599999976], [112.5266342000001, -7.404387499999928], [112.52491410000005, -7.403925299999969], [112.52375030000007, -7.403612599999974], [112.52046970000004, -7.404163799999935], [112.51834110000004, -7.404975899999954], [112.51674650000007, -7.405582399999957], [112.51651760000004, -7.405618699999934], [112.5164337000001, -7.405415099999971], [112.513298, -7.406135599999971], [112.511355, -7.406231299999945], [112.5088654000001, -7.406354], [112.508702, -7.406364399999973], [112.5075293000001, -7.40643979999993], [112.5066528000001, -7.406496], [112.50458450000008, -7.406799], [112.50274660000002, -7.407068299999935], [112.50012970000012, -7.407452099999944], [112.49748280000006, -7.407847299999958], [112.49725340000009, -7.408013199999971], [112.49703210000007, -7.408106199999963], [112.49639890000003, -7.408113799999967], [112.49589530000003, -7.408066599999927], [112.49585370000011, -7.408069099999977], [112.49533070000007, -7.4081], [112.49477380000008, -7.408370399999967], [112.49399560000006, -7.408981199999971], [112.49372660000006, -7.409214599999927], [112.493683, -7.409253], [112.49336790000007, -7.409540099999958], [112.4932275000001, -7.409668], [112.49297330000002, -7.409900099999959], [112.49267320000001, -7.410076899999979], [112.492424, -7.410224], [112.49227470000005, -7.410239299999944], [112.49180020000006, -7.410288499999979]]] 
      }
    }
  ]
}